request_id,department,seniority_level,employee_tenure_months,months_since_last_upgrade,travel_days_per_month,prior_replacements,requires_windows,is_urgent,laptop_brand,laptop_model,cpu,gpu,ram_gb,storage_gb,compute_tier,build_quality,portability,warranty_years,it_tickets_last_year,quantity,requested_unit_price,historical_avg_price,total_amount,vendor_risk_score,vendor_is_official,dept_budget_remaining,dept_policy_cap,target_uc1_is_match,target_uc2_months_to_failure,target_uc3_tco_idr,target_uc3_opex_idr,target_uc4_is_approved
REQ-2026-00000,HR,Staff,47,40,0.47,0,0,1,Lenovo,IdeaPad Slim 3,Core i3,Integrated,8,256,1,0.45,0.65,1,1,14,6796916,7944765,95156824,0.3,1,174765142,11250000,0,35.0,9793236.0,2996320.0,1
REQ-2026-00001,Medical Staff,Staff,38,50,1.57,1,1,0,Lenovo,ThinkPad P16,Core i9,RTX A2000,32,1024,4,0.9,0.25,1,2,25,42599559,35258537,1064988975,0.292,1,1052720594,16500000,0,45.0,46080009.0,3480450.0,0
REQ-2026-00002,Medical Staff,Staff,78,38,1.9,1,1,1,Asus,ExpertBook B9,Core i7,Iris Xe,16,1024,2,0.8,0.95,1,0,25,24459249,24802627,611481225,0.088,0,378512327,16500000,1,69.9,26105026.0,1645777.0,0
REQ-2026-00003,IT,Senior,36,33,0.98,0,0,0,HP,OmniBook 5,Ryzen 7,Radeon,32,512,2,0.65,0.8,1,0,18,21332041,21099898,383976738,0.126,1,479247086,32000000,1,32.9,23115834.0,1783793.0,0
REQ-2026-00004,Finance,Senior,45,35,1.01,1,1,0,Apple,MacBook Pro 14,M3 Pro,Apple GPU,18,512,4,0.95,0.85,2,1,24,35744659,32398323,857871816,0.758,1,730527349,20000000,0,43.3,42140761.0,6396102.0,0
REQ-2026-00005,Medical Staff,Manager,21,33,1.16,0,1,0,Asus,ROG Zephyrus,Core i9,RTX 4070,32,1536,4,0.55,0.3,1,1,11,37936393,36553571,417300323,0.364,0,714285338,29700000,1,42.3,42507621.0,4571228.0,1
REQ-2026-00006,Finance,Staff,67,18,0.69,0,0,0,Dell,Inspiron 15,Core i5,Integrated,8,1024,1,0.5,0.6,1,2,19,11712954,11245683,222546126,0.255,1,1119873324,15000000,1,58.6,15301746.0,3588792.0,1
REQ-2026-00007,HR,Staff,48,19,0.07,0,1,0,Dell,Inspiron 15,Core i5,Integrated,16,512,1,0.5,0.6,1,1,23,13925383,11026173,320283809,0.194,1,255740197,11250000,1,34.4,16788582.0,2863199.0,1
REQ-2026-00008,Design,Director,69,52,1.55,0,0,0,Lenovo,ThinkPad T14,Core i5,Integrated,16,1536,2,0.92,0.75,2,0,15,22851558,23024027,342773370,0.387,0,970561469,57000000,0,56.8,24898024.0,2046466.0,1
REQ-2026-00009,IT,Staff,19,51,0.33,0,0,0,HP,ProBook 445,Ryzen 5,Radeon,16,512,1,0.6,0.7,1,0,5,14166357,13563578,70831785,0.607,1,434711095,24000000,0,23.4,18051255.0,3884898.0,1
REQ-2026-00010,HR,Director,62,8,0.29,0,1,0,Asus,Vivobook 14,Core i5,Integrated,8,512,1,0.5,0.7,1,0,23,11455951,10335447,263486873,0.393,1,3658829122,28500000,1,35.0,13244243.0,1788292.0,1
REQ-2026-00011,Sales,Senior,86,70,1.97,0,1,0,Dell,Latitude 7450,Core i7,Integrated,16,512,2,0.85,0.85,1,0,10,21595322,22133782,215953220,0.649,0,241003247,18000000,0,47.2,23437518.0,1842196.0,1
REQ-2026-00012,Medical Staff,Staff,85,1,1.46,0,0,1,Dell,Precision 5690,Core i9,RTX 3500,32,2048,4,0.85,0.35,2,0,18,48954244,42447626,881176392,0.449,1,523929293,16500000,0,59.3,50824110.0,1869866.0,0
REQ-2026-00013,HR,Senior,63,33,0.48,0,1,0,Lenovo,ThinkPad X1,Core i7,Iris Xe,32,1024,3,0.9,0.95,1,0,1,34798436,32481948,34798436,0.225,0,14835496,15000000,1,66.4,36077636.0,1279200.0,0
REQ-2026-00014,IT,Manager,42,30,1.16,0,1,0,Asus,ExpertBook B9,Core i7,Iris Xe,16,2048,2,0.8,0.95,2,1,5,28995939,29845599,144979695,0.64,0,378443938,43200000,1,53.5,32171526.0,3175587.0,1
REQ-2026-00015,Finance,Senior,8,29,0.03,0,1,0,Apple,MacBook Air 13,M3,Apple GPU,16,768,2,0.95,1.0,2,0,17,22372169,23445914,380326873,0.727,0,391404878,20000000,0,37.5,26763236.0,4391067.0,1
REQ-2026-00016,IT,Director,44,20,0.28,0,1,0,Lenovo,IdeaPad Slim 3,Core i3,Integrated,8,256,1,0.45,0.65,1,0,10,7426812,8006619,74268120,0.237,1,1789277891,60800000,0,39.2,8826021.0,1399209.0,1
REQ-2026-00017,IT,Senior,12,17,0.37,0,0,0,Apple,MacBook Pro 14,M3 Pro,Apple GPU,18,512,4,0.95,0.85,1,1,14,29012890,29200066,406180460,0.507,1,981643079,32000000,1,32.3,35938465.0,6925575.0,1
REQ-2026-00018,IT,Staff,70,44,0.35,0,1,0,Dell,Precision 5690,Core i9,RTX 3500,32,2048,4,0.85,0.35,1,1,10,42831494,42475947,428314940,0.352,1,501585332,24000000,1,56.1,45352318.0,2520824.0,1
REQ-2026-00019,Finance,Director,8,58,0.49,0,1,0,Dell,Latitude 7450,Core i7,Integrated,16,512,2,0.85,0.85,2,0,17,24823341,23503451,421996797,0.462,1,2315868419,38000000,1,49.9,26107005.0,1283664.0,1
REQ-2026-00020,Medical Staff,Director,32,9,1.44,2,0,0,Dell,Latitude 7450,Core i7,Integrated,16,1024,2,0.85,0.85,2,1,24,24646082,24456052,591505968,0.674,0,4415213369,41800000,1,60.8,27721628.0,3075546.0,1
REQ-2026-00021,Sales,Staff,18,53,1.54,1,0,0,Asus,Vivobook 14,Core i5,Integrated,8,1024,1,0.5,0.7,2,2,7,13013521,13492811,91094647,0.372,0,247372936,13500000,1,40.3,17115753.0,4102232.0,1
REQ-2026-00022,Design,Staff,71,10,0.89,0,0,0,Lenovo,ThinkPad X1,Core i7,Iris Xe,16,1024,3,0.9,0.95,2,0,22,29267602,27454266,643887244,0.069,0,2408525707,22500000,1,56.7,31105870.0,1838268.0,1
REQ-2026-00023,Design,Senior,31,43,0.31,0,0,0,HP,ZBook Firefly,Core i7,RTX A500,48,1024,3,0.8,0.6,3,0,7,41083524,36553108,287584668,0.095,1,277747503,30000000,1,37.2,42578347.0,1494823.0,1
REQ-2026-00024,Finance,Senior,29,28,0.47,0,1,0,HP,ZBook Firefly,Core i7,RTX A500,40,1024,3,0.8,0.6,1,1,14,28525011,30706512,399350154,0.475,1,627578444,20000000,1,50.2,30943291.0,2418280.0,1
REQ-2026-00025,Sales,Staff,31,47,5.38,1,0,0,Asus,ROG Zephyrus,Core i9,RTX 4070,32,1536,4,0.55,0.3,3,0,13,40012154,37043211,520158002,0.35,1,284205586,13500000,1,36.1,41493462.0,1481308.0,0
REQ-2026-00026,HR,Staff,7,25,0.31,0,1,0,HP,OmniBook 5,Ryzen 7,Radeon,16,512,2,0.65,0.8,1,1,13,19881639,17067242,258461307,0.72,0,199477276,11250000,1,38.8,22579021.0,2697382.0,0
REQ-2026-00027,HR,Senior,30,35,0.87,1,0,0,Asus,Vivobook 14,Core i5,Integrated,8,512,1,0.5,0.7,1,3,9,11079963,10421176,99719667,0.516,0,414278243,15000000,1,43.3,16899787.0,5819824.0,1
REQ-2026-00028,HR,Manager,82,35,0.42,0,1,0,Dell,Latitude 7450,Core i7,Integrated,16,512,2,0.85,0.85,1,0,2,23432149,20903694,46864298,0.25,0,141077734,20250000,1,44.5,24867245.0,1435096.0,1
REQ-2026-00029,HR,Director,24,28,0.27,0,1,0,Dell,Precision 5690,Core i9,RTX 3500,32,2048,4,0.85,0.35,2,1,14,38713943,42264719,541995202,0.078,1,859283560,28500000,1,50.7,42761914.0,4047971.0,1
REQ-2026-00030,Finance,Senior,43,49,0.89,0,1,0,Apple,MacBook Pro 14,M3 Pro,Apple GPU,18,512,4,0.95,0.85,3,0,6,38791867,33606053,232751202,0.203,1,196802410,20000000,1,50.0,43323408.0,4531541.0,1
REQ-2026-00031,Design,Senior,106,42,0.07,0,0,0,Dell,Latitude 7450,Core i7,Integrated,16,512,2,0.85,0.85,2,1,15,24729169,21628861,370937535,0.215,0,491893754,30000000,1,60.6,28005822.0,3276653.0,1
REQ-2026-00032,Sales,Staff,24,47,3.98,0,1,0,Lenovo,ThinkPad X1,Core i7,Iris Xe,16,1024,3,0.9,0.95,1,2,13,26888802,26623889,349554426,0.154,1,323802486,13500000,1,50.4,32048226.0,5159424.0,0
REQ-2026-00033,Design,Staff,23,45,0.62,1,0,1,Apple,MacBook Air 13,M3,Apple GPU,8,256,2,0.95,1.0,1,1,2,17796981,17238511,35593962,0.331,1,28057950,22500000,0,64.5,23585290.0,5788309.0,1
REQ-2026-00034,HR,Senior,4,41,0.45,1,0,0,Lenovo,IdeaPad Slim 3,Core i3,Integrated,24,256,1,0.45,0.65,1,2,7,9522617,11533955,66658319,0.392,1,440403232,15000000,1,37.0,13764672.0,4242055.0,1
REQ-2026-00035,Sales,Staff,29,56,4.43,0,1,0,Lenovo,ThinkPad T14,Core i5,Integrated,32,512,2,0.92,0.75,2,3,23,20904991,22684464,480814793,0.312,1,270409873,13500000,1,64.1,26550435.0,5645444.0,1
REQ-2026-00036,Design,Staff,24,39,1.34,0,0,0,Apple,MacBook Pro 14,M3 Pro,Apple GPU,26,1024,4,0.95,0.85,2,0,6,36093156,37233749,216558936,0.343,1,146715004,22500000,1,41.6,40714861.0,4621705.0,1
REQ-2026-00037,Finance,Senior,30,41,1.08,0,1,0,Lenovo,ThinkPad X1,Core i7,Iris Xe,16,1024,3,0.9,0.95,1,1,18,29066142,26746512,523190556,0.176,0,497141960,20000000,1,61.8,32095243.0,3029101.0,1
REQ-2026-00038,HR,Director,92,33,0.07,0,0,0,Asus,ExpertBook B9,Core i7,Iris Xe,16,1536,2,0.8,0.95,2,1,5,30772322,26069148,153861610,0.218,0,399704002,28500000,1,62.6,35407132.0,4634810.0,1
REQ-2026-00039,Design,Senior,81,34,0.85,0,0,0,HP,ZBook Firefly,Core i7,RTX A500,40,2048,3,0.8,0.6,2,1,25,40664064,35592797,1016601600,0.118,0,1603965577,30000000,1,42.4,44123439.0,3459375.0,1
REQ-2026-00040,HR,Manager,42,26,0.15,1,0,0,Dell,Latitude 7450,Core i7,Integrated,32,1536,2,0.85,0.85,2,2,24,30035668,30984683,720856032,0.303,1,689060131,20250000,1,68.7,34975769.0,4940101.0,1
REQ-2026-00041,Design,Senior,64,38,0.23,0,0,0,Asus,Vivobook 14,Core i5,Integrated,8,512,1,0.5,0.7,1,1,3,11234282,10357200,33702846,0.104,0,258186180,30000000,0,39.6,14350179.0,3115897.0,1
REQ-2026-00042,IT,Senior,43,32,1.38,1,1,0,Lenovo,IdeaPad Slim 3,Core i3,Integrated,8,256,1,0.45,0.65,1,2,2,7568278,7418707,15136556,0.161,1,149015299,32000000,0,35.4,12813126.0,5244848.0,1
REQ-2026-00043,HR,Senior,6,25,0.19,2,0,0,Asus,ExpertBook B9,Core i7,Iris Xe,16,1024,2,0.8,0.95,3,0,19,23850728,26648175,453163832,0.059,0,383537495,15000000,1,60.0,25137555.0,1286827.0,1
REQ-2026-00044,Medical Staff,Senior,39,47,0.74,0,0,0,Dell,Precision 5690,Core i9,RTX 3500,40,2048,4,0.85,0.35,3,2,11,52127797,45266681,573405767,0.594,1,531145560,22000000,1,30.5,57074095.0,4946298.0,1
REQ-2026-00045,HR,Staff,68,52,0.22,0,1,0,HP,ZBook Firefly,Core i7,RTX A500,32,1024,3,0.8,0.6,1,0,3,35307779,28740251,105923337,0.61,1,45146737,11250000,0,50.4,36845664.0,1537885.0,0
REQ-2026-00046,Design,Staff,29,43,0.44,2,0,1,Lenovo,ThinkPad T14,Core i5,Integrated,24,1536,2,0.92,0.75,2,1,24,23504867,25071382,564116808,0.155,0,1073484396,22500000,1,55.4,26260251.0,2755384.0,1
REQ-2026-00047,Sales,Staff,31,57,6.51,1,0,0,Lenovo,ThinkPad P16,Core i9,RTX A2000,32,1024,4,0.9,0.25,1,1,17,33192095,35629988,564265615,0.453,0,677962696,13500000,0,32.8,35921369.0,2729274.0,0
REQ-2026-00048,Sales,Staff,33,13,2.3,0,0,0,HP,OmniBook 5,Ryzen 7,Radeon,16,1024,2,0.65,0.8,1,2,5,20158342,19139311,100791710,0.534,1,147650071,13500000,1,41.4,22977549.0,2819207.0,1
REQ-2026-00049,HR,Senior,54,24,0.86,0,0,0,Dell,Precision 5690,Core i9,RTX 3500,32,2048,4,0.85,0.35,1,1,12,40971394,38398614,491656728,0.465,1,316251595,15000000,1,43.0,44354539.0,3383145.0,0
REQ-2026-00050,Finance,Senior,58,45,0.44,0,1,0,Apple,MacBook Air 13,M3,Apple GPU,16,256,2,0.95,1.0,2,1,1,22877759,21293292,22877759,0.38,0,118258761,20000000,1,68.7,28830438.0,5952679.0,1
REQ-2026-00051,IT,Senior,34,35,0.17,0,0,0,Lenovo,IdeaPad Slim 3,Core i3,Integrated,16,256,1,0.45,0.65,2,3,5,10473294,10943404,52366470,0.256,0,505122376,32000000,0,43.2,16265235.0,5791941.0,1
REQ-2026-00052,Design,Manager,34,20,0.4,1,0,0,Asus,Vivobook 14,Core i5,Integrated,16,512,1,0.5,0.7,3,1,25,15318031,14571691,382950775,0.492,1,4028889265,40500000,0,56.9,18774533.0,3456502.0,1
REQ-2026-00053,Design,Director,39,43,0.27,0,0,0,Dell,Inspiron 15,Core i5,Integrated,16,1024,1,0.5,0.6,3,2,2,16907774,15323885,33815548,0.05,1,81432339,57000000,0,58.3,23997574.0,7089800.0,1
REQ-2026-00054,Finance,Senior,81,41,0.31,1,1,1,HP,ProBook 445,Ryzen 5,Radeon,24,1024,1,0.6,0.7,2,1,17,22414170,18295766,381040890,0.479,0,372756867,20000000,1,39.9,25385013.0,2970843.0,1
REQ-2026-00055,Sales,Staff,52,41,1.05,0,0,0,Dell,Precision 5690,Core i9,RTX 3500,32,2048,4,0.85,0.35,3,0,8,37703849,42257654,301630792,0.29,0,219607541,13500000,0,72.4,39109700.0,1405851.0,0
REQ-2026-00056,Medical Staff,Senior,43,10,2.62,1,1,0,Asus,ExpertBook B9,Core i7,Iris Xe,16,1024,2,0.8,0.95,1,1,11,28780884,23207857,316589724,0.234,0,143321115,22000000,1,43.2,32020984.0,3240100.0,0
REQ-2026-00057,Medical Staff,Manager,24,31,0.3,2,1,0,Lenovo,ThinkPad T14,Core i5,Integrated,24,1024,2,0.92,0.75,2,0,25,26204077,23057510,655101925,0.101,0,550829257,29700000,0,50.1,27917385.0,1713308.0,1
REQ-2026-00058,IT,Senior,29,31,0.14,0,1,0,Dell,Latitude 7450,Core i7,Integrated,16,1024,2,0.85,0.85,1,1,22,25399970,23337299,558799340,0.064,1,397427134,32000000,1,53.3,28687455.0,3287485.0,0
REQ-2026-00059,Finance,Senior,38,15,1.38,0,1,0,Dell,Inspiron 15,Core i5,Integrated,16,1024,1,0.5,0.6,2,3,25,15996437,14902929,399910925,0.436,1,576966159,20000000,1,37.5,22343190.0,6346753.0,1
REQ-2026-00060,IT,Staff,76,32,1.67,0,0,0,Lenovo,IdeaPad Slim 3,Core i3,Integrated,8,256,1,0.45,0.65,2,1,8,9960629,8936752,79685032,0.445,0,276001138,24000000,0,49.4,12069958.0,2109329.0,1
REQ-2026-00061,Finance,Staff,24,44,0.49,0,1,0,Dell,Inspiron 15,Core i5,Integrated,8,512,1,0.5,0.6,1,2,16,9448865,9585313,151181840,0.25,1,681336774,15000000,1,44.1,12633294.0,3184429.0,1
REQ-2026-00062,Medical Staff,Staff,53,20,2.45,1,1,0,Dell,Inspiron 15,Core i5,Integrated,24,512,1,0.5,0.6,2,2,17,12499137,14227615,212485329,0.373,0,403221846,16500000,0,38.8,16035036.0,3535899.0,1
REQ-2026-00063,Sales,Manager,49,26,3.08,1,1,0,Lenovo,ThinkPad X1,Core i7,Iris Xe,24,1024,3,0.9,0.95,1,1,14,31689115,29011023,443647610,0.178,1,1282424860,24300000,1,41.1,34490872.0,2801757.0,1
REQ-2026-00064,Design,Staff,36,32,0.62,0,0,0,Apple,MacBook Pro 14,M3 Pro,Apple GPU,18,512,4,0.95,0.85,3,0,24,34101388,33225535,818433312,0.012,1,1385781768,22500000,1,60.8,38603972.0,4502584.0,1
REQ-2026-00065,Finance,Director,114,41,0.59,0,1,1,Lenovo,ThinkPad T14,Core i5,Integrated,24,512,2,0.92,0.75,2,0,24,22420343,19869135,538088232,0.115,1,751696764,38000000,1,59.2,23934379.0,1514036.0,1
REQ-2026-00066,Finance,Staff,51,43,0.13,0,1,0,Lenovo,ThinkPad P16,Core i9,RTX A2000,32,1024,4,0.9,0.25,1,0,3,40906029,35655765,122718087,0.762,1,182364147,15000000,1,30.0,43339403.0,2433374.0,0
REQ-2026-00067,Design,Staff,11,23,0.19,2,0,0,Dell,Precision 5690,Core i9,RTX 3500,32,2048,4,0.85,0.35,1,0,24,45826485,41859330,1099835640,0.294,1,1041549028,22500000,1,46.8,47653464.0,1826979.0,0
REQ-2026-00068,Sales,Manager,22,25,1.82,1,1,0,HP,ProBook 445,Ryzen 5,Radeon,8,512,1,0.6,0.7,1,1,4,10076961,11649346,40307844,0.324,0,120750294,24300000,1,36.0,13549080.0,3472119.0,1
REQ-2026-00069,Medical Staff,Staff,15,50,0.45,1,1,0,Asus,Vivobook 14,Core i5,Integrated,8,512,1,0.5,0.7,2,2,5,11279026,11066122,56395130,0.268,0,100566855,16500000,1,38.6,14963920.0,3684894.0,1
REQ-2026-00070,Design,Staff,77,34,0.58,0,0,0,Dell,Inspiron 15,Core i5,Integrated,16,1024,1,0.5,0.6,3,4,23,18432455,15415476,423946465,0.154,0,841712659,22500000,0,50.4,25028566.0,6596111.0,1
REQ-2026-00071,IT,Manager,42,32,0.89,0,0,1,Asus,Vivobook 14,Core i5,Integrated,16,1024,1,0.5,0.7,1,1,13,14607192,13864452,189893496,0.415,1,1439164320,43200000,1,29.9,18989320.0,4382128.0,1
REQ-2026-00072,IT,Staff,1,28,0.44,2,1,1,Dell,Inspiron 15,Core i5,Integrated,8,512,1,0.5,0.6,2,3,7,10119888,9988728,70839216,0.574,0,475580809,24000000,0,26.4,17072329.0,6952441.0,1
REQ-2026-00073,Sales,Staff,41,41,2.18,1,0,0,Asus,ROG Zephyrus,Core i9,RTX 4070,32,1536,4,0.55,0.3,1,0,5,42686288,37355280,213431440,0.573,0,188575414,13500000,1,30.8,45089271.0,2402983.0,0
REQ-2026-00074,Medical Staff,Senior,17,31,0.73,0,1,0,Dell,Latitude 7450,Core i7,Integrated,16,1536,2,0.85,0.85,1,1,5,27091540,26395743,135457700,0.337,1,473891245,22000000,1,41.4,29849122.0,2757582.0,1
REQ-2026-00075,Medical Staff,Director,58,42,1.06,0,0,0,Dell,Latitude 7450,Core i7,Integrated,32,512,2,0.85,0.85,3,0,7,28727426,26675328,201091982,0.241,1,149403688,41800000,1,41.4,30323509.0,1596083.0,1
REQ-2026-00076,Medical Staff,Director,20,11,0.11,1,0,0,Dell,Latitude 7450,Core i7,Integrated,24,512,2,0.85,0.85,1,0,6,27239465,22557611,163436790,0.26,1,768980973,41800000,1,46.9,28709444.0,1469979.0,1
REQ-2026-00077,Sales,Manager,23,39,12.75,1,1,1,HP,ProBook 445,Ryzen 5,Radeon,8,1024,1,0.6,0.7,2,2,20,13916493,16286858,278329860,0.279,1,988910568,24300000,1,24.9,20885783.0,6969290.0,1
REQ-2026-00078,Sales,Manager,78,49,10.07,2,1,1,HP,ZBook Firefly,Core i7,RTX A500,32,1024,3,0.8,0.6,2,1,13,33178540,29858312,431321020,0.232,1,698406067,24300000,1,25.2,38328887.0,5150347.0,1
REQ-2026-00079,Sales,Staff,115,24,3.38,1,1,0,Dell,Precision 5690,Core i9,RTX 3500,32,2560,4,0.85,0.35,3,3,9,45661604,44408359,410954436,0.175,0,147230930,13500000,1,61.3,51736882.0,6075278.0,0
REQ-2026-00080,Design,Staff,62,20,2.82,0,0,0,Lenovo,ThinkPad T14,Core i5,Integrated,24,512,2,0.92,0.75,1,0,4,20305298,19382793,81221192,0.159,1,215035273,22500000,1,37.0,21949631.0,1644333.0,1
REQ-2026-00081,Design,Manager,26,21,0.04,1,0,0,Dell,Latitude 7450,Core i7,Integrated,32,512,2,0.85,0.85,2,0,8,26557208,26317816,212457664,0.275,0,967672422,40500000,0,52.7,27908115.0,1350907.0,1
REQ-2026-00082,IT,Staff,120,3,0.15,1,0,0,HP,OmniBook 5,Ryzen 7,Radeon,24,512,2,0.65,0.8,2,0,23,18997067,19712683,436932541,0.534,1,790823695,24000000,0,57.9,20228212.0,1231145.0,1
REQ-2026-00083,IT,Staff,23,32,1.56,0,1,0,Lenovo,IdeaPad Slim 3,Core i3,Integrated,8,256,1,0.45,0.65,2,4,20,8998494,8910618,179969880,0.187,1,550240543,24000000,0,39.3,16073258.0,7074764.0,1
REQ-2026-00084,HR,Senior,129,28,0.74,0,1,0,HP,ZBook Firefly,Core i7,RTX A500,32,1024,3,0.8,0.6,1,2,8,31620499,29575944,252963992,0.366,1,113141199,15000000,1,45.5,38161736.0,6541237.0,0
REQ-2026-00085,IT,Manager,78,33,0.52,1,0,0,HP,OmniBook 5,Ryzen 7,Radeon,16,1024,2,0.65,0.8,2,3,7,20010861,20801732,140076027,0.14,1,635336475,43200000,1,44.0,26577021.0,6566160.0,1
REQ-2026-00086,Finance,Director,28,37,0.39,1,1,0,Asus,ROG Zephyrus,Core i9,RTX 4070,32,1024,4,0.55,0.3,1,1,6,31374890,34289638,188249340,0.275,0,236721125,38000000,1,43.1,35389288.0,4014398.0,1
REQ-2026-00087,HR,Senior,80,30,0.48,0,1,1,Asus,Vivobook 14,Core i5,Integrated,16,512,1,0.5,0.7,1,1,3,12834292,12073294,38502876,0.274,1,100912250,15000000,0,39.7,15886433.0,3052141.0,1
REQ-2026-00088,Sales,Staff,23,58,10.72,0,1,0,Lenovo,ThinkPad P16,Core i9,RTX A2000,40,1536,4,0.9,0.25,1,2,4,40324931,42041636,161299724,0.36,1,84799541,13500000,1,36.0,45206052.0,4881121.0,0
REQ-2026-00089,Design,Staff,28,29,0.88,0,1,0,Asus,ExpertBook B9,Core i7,Iris Xe,16,1536,2,0.8,0.95,2,1,9,22613926,26639543,203525334,0.22,1,276851590,22500000,1,47.8,25493993.0,2880067.0,1
REQ-2026-00090,IT,Staff,47,52,0.23,0,0,0,Lenovo,IdeaPad Slim 3,Core i3,Integrated,8,256,1,0.45,0.65,1,1,5,8076715,7893775,40383575,0.675,1,39959650,24000000,0,26.8,13090686.0,5013971.0,1
REQ-2026-00091,HR,Staff,51,1,0.16,0,1,0,Dell,Precision 5690,Core i9,RTX 3500,32,2048,4,0.85,0.35,3,0,2,40581552,41873935,81163104,0.435,1,24534340,11250000,0,54.3,42188262.0,1606710.0,0
REQ-2026-00092,HR,Staff,60,69,0.77,2,1,0,HP,ProBook 445,Ryzen 5,Radeon,8,512,1,0.6,0.7,1,0,1,11852704,11055803,11852704,0.365,1,32704168,11250000,1,33.2,13697129.0,1844425.0,1
REQ-2026-00093,Medical Staff,Staff,37,44,0.93,0,1,0,HP,ZBook Firefly,Core i7,RTX A500,32,1024,3,0.8,0.6,2,2,19,29737317,30512337,565009023,0.686,0,796951978,16500000,1,55.9,34495106.0,4757789.0,0
REQ-2026-00094,Sales,Staff,48,29,1.44,1,1,0,Dell,Inspiron 15,Core i5,Integrated,8,512,1,0.5,0.6,1,2,21,9385097,9200508,197087037,0.585,1,319358179,13500000,1,29.1,15138087.0,5752990.0,1
REQ-2026-00095,HR,Staff,25,45,0.17,0,1,0,HP,OmniBook 5,Ryzen 7,Radeon,16,512,2,0.65,0.8,1,0,8,20661293,16224513,165290344,0.521,1,89485703,11250000,1,42.5,22076166.0,1414873.0,0
REQ-2026-00096,Sales,Senior,20,34,0.8,1,0,0,Asus,ExpertBook B9,Core i7,Iris Xe,16,1024,2,0.8,0.95,3,0,18,30974499,26291628,557540982,0.848,0,1156657619,18000000,1,57.5,32480815.0,1506316.0,0
REQ-2026-00097,HR,Staff,43,33,0.4,0,1,0,Dell,Latitude 7450,Core i7,Integrated,16,512,2,0.85,0.85,2,2,12,23526602,22108364,282319224,0.515,1,162336594,11250000,1,45.3,26166141.0,2639539.0,0
REQ-2026-00098,HR,Staff,46,12,0.15,0,1,0,HP,OmniBook 5,Ryzen 7,Radeon,24,512,2,0.65,0.8,1,3,6,20598297,19617245,123589782,0.545,1,107683934,11250000,1,51.7,26566811.0,5968514.0,0
REQ-2026-00099,Design,Senior,46,17,0.2,0,0,1,HP,ProBook 445,Ryzen 5,Radeon,8,1536,1,0.6,0.7,1,0,9,14697621,15659329,132278589,0.546,0,333357881,30000000,0,41.5,16492455.0,1794834.0,1
REQ-2026-00100,Medical Staff,Staff,29,34,1.02,0,1,1,HP,OmniBook 5,Ryzen 7,Radeon,16,512,2,0.65,0.8,2,0,19,19592658,18843143,372260502,0.623,1,354370065,16500000,1,56.3,21079822.0,1487164.0,1
REQ-2026-00101,Design,Staff,51,48,0.81,0,0,1,HP,OmniBook 5,Ryzen 7,Radeon,16,512,2,0.65,0.8,3,1,4,22440007,19973168,89760028,0.478,0,246509442,22500000,1,47.2,25641981.0,3201974.0,1
REQ-2026-00102,Finance,Staff,43,42,0.26,0,1,0,Asus,ExpertBook B9,Core i7,Iris Xe,16,1024,2,0.8,0.95,3,1,8,33040349,27501189,264322792,0.429,1,111022860,15000000,1,41.9,35685308.0,2644959.0,0
REQ-2026-00103,Medical Staff,Senior,55,37,0.66,0,1,1,HP,OmniBook 5,Ryzen 7,Radeon,16,512,2,0.65,0.8,2,1,22,16652541,19205203,366355902,0.378,0,709044376,22000000,1,42.8,19265969.0,2613428.0,1
REQ-2026-00104,Sales,Director,52,20,2.45,0,1,0,Dell,Latitude 7450,Core i7,Integrated,16,512,2,0.85,0.85,1,0,23,25755374,20408385,592373602,0.226,0,293244419,34200000,1,29.4,28770304.0,3014930.0,0
REQ-2026-00105,HR,Senior,53,4,1.04,0,1,0,Lenovo,ThinkPad T14,Core i5,Integrated,16,1536,2,0.92,0.75,3,0,15,23168636,23765184,347529540,0.104,1,781315873,15000000,1,56.6,24677238.0,1508602.0,1
REQ-2026-00106,IT,Staff,89,33,2.22,0,1,1,HP,ProBook 445,Ryzen 5,Radeon,8,1024,1,0.6,0.7,2,0,22,14623912,15198097,321726064,0.308,1,526606628,24000000,0,48.2,15940425.0,1316513.0,1
REQ-2026-00107,Sales,Staff,157,19,1.73,0,1,0,Asus,ROG Zephyrus,Core i9,RTX 4070,32,1024,4,0.55,0.3,1,0,23,39088472,33684604,899034856,0.384,0,478150072,13500000,0,35.1,40892044.0,1803572.0,0
REQ-2026-00108,Medical Staff,Staff,103,53,1.22,1,1,0,Lenovo,ThinkPad X1,Core i7,Iris Xe,16,1024,3,0.9,0.95,2,0,8,28442516,28251382,227540128,0.374,1,313374404,16500000,0,26.7,30749917.0,2307401.0,1
REQ-2026-00109,Finance,Manager,64,24,0.84,1,1,0,Lenovo,IdeaPad Slim 3,Core i3,Integrated,16,768,1,0.45,0.65,1,2,24,13757455,11703412,330178920,0.097,1,375417525,27000000,1,34.3,21319807.0,7562352.0,1
REQ-2026-00110,IT,Senior,48,33,0.73,0,1,0,Apple,MacBook Air 13,M3,Apple GPU,8,256,2,0.95,1.0,2,1,16,18184074,20879777,290945184,0.328,1,961878417,32000000,0,57.9,23790915.0,5606841.0,1
REQ-2026-00111,Design,Staff,59,23,1.12,0,0,0,Lenovo,ThinkPad P16,Core i9,RTX A2000,32,1536,4,0.9,0.25,2,1,7,40450574,39330677,283154018,0.312,1,357633668,22500000,1,49.3,43552738.0,3102164.0,0
REQ-2026-00112,IT,Staff,71,35,4.13,1,1,0,Lenovo,ThinkPad T14,Core i5,Integrated,32,1024,2,0.92,0.75,3,0,2,28854106,25100133,57708212,0.166,1,40674101,24000000,1,55.1,30478390.0,1624284.0,1
REQ-2026-00113,Finance,Director,25,24,0.08,0,1,0,Lenovo,IdeaPad Slim 3,Core i3,Integrated,8,256,1,0.45,0.65,1,1,10,8958010,7969399,89580100,0.429,1,1179581228,38000000,1,29.0,14088334.0,5130324.0,1
REQ-2026-00114,Medical Staff,Senior,21,50,2.69,1,0,1,Apple,MacBook Air 13,M3,Apple GPU,16,256,2,0.95,1.0,3,0,10,21778472,22485964,217784720,0.64,0,356042253,22000000,1,70.1,26452144.0,4673672.0,1
REQ-2026-00115,HR,Staff,53,38,1.23,0,1,0,Dell,Inspiron 15,Core i5,Integrated,8,1024,1,0.5,0.6,1,0,12,12359729,11383980,148316748,0.396,0,274058633,11250000,1,29.8,15123897.0,2764168.0,1
REQ-2026-00116,IT,Senior,39,32,0.44,1,1,0,Asus,ROG Zephyrus,Core i9,RTX 4070,48,1024,4,0.55,0.3,1,0,12,32984636,38845637,395815632,0.422,1,2013373501,32000000,1,29.6,35654572.0,2669936.0,1
REQ-2026-00117,Medical Staff,Senior,13,20,0.81,0,0,0,Lenovo,ThinkPad P16,Core i9,RTX A2000,32,1024,4,0.9,0.25,2,1,20,44027053,39820377,880541060,0.08,1,1603545884,22000000,0,61.1,46872607.0,2845554.0,1
REQ-2026-00118,IT,Senior,8,47,0.54,0,0,1,Dell,Inspiron 15,Core i5,Integrated,8,512,1,0.5,0.6,2,1,25,12224548,10676639,305613700,0.139,1,954939682,32000000,0,29.1,15776195.0,3551647.0,1
REQ-2026-00119,HR,Staff,86,11,0.41,0,0,0,Asus,ROG Zephyrus,Core i9,RTX 4070,32,1024,4,0.55,0.3,3,0,22,37969741,37094576,835334302,0.153,1,627170080,11250000,0,55.7,39203954.0,1234213.0,0
REQ-2026-00120,IT,Senior,57,37,0.26,1,0,0,Dell,Inspiron 15,Core i5,Integrated,8,512,1,0.5,0.6,1,2,11,9281073,9130313,102091803,0.205,1,1028554997,32000000,0,26.3,16153290.0,6872217.0,1
REQ-2026-00121,IT,Staff,22,20,0.44,0,0,1,Lenovo,ThinkPad T14,Core i5,Integrated,16,512,2,0.92,0.75,1,0,2,16593130,16258303,33186260,0.375,1,34272520,24000000,1,51.5,17846251.0,1253121.0,1
REQ-2026-00122,Sales,Manager,39,42,3.63,1,0,1,Apple,MacBook Pro 14,M3 Pro,Apple GPU,18,1024,4,0.95,0.85,1,1,23,34031282,33248173,782719486,0.141,1,1256832776,24300000,1,58.7,40584640.0,6553358.0,1
REQ-2026-00123,Sales,Staff,12,39,1.07,1,0,1,Lenovo,ThinkPad T14,Core i5,Integrated,24,1024,2,0.92,0.75,2,0,2,22501098,22894901,45002196,0.125,0,19017026,13500000,1,56.0,24257704.0,1756606.0,0
REQ-2026-00124,Design,Staff,17,36,0.96,0,0,0,Lenovo,IdeaPad Slim 3,Core i3,Integrated,8,768,1,0.45,0.65,1,4,25,10079491,9982628,251987275,0.449,1,2790765950,22500000,0,32.2,16405877.0,6326386.0,1
REQ-2026-00125,IT,Staff,47,10,0.45,2,0,0,HP,ProBook 445,Ryzen 5,Radeon,8,1024,1,0.6,0.7,2,0,25,19031781,15006784,475794525,0.035,1,204699477,24000000,0,41.4,20677988.0,1646207.0,0
REQ-2026-00126,Medical Staff,Director,42,13,1.73,1,1,0,Asus,ExpertBook B9,Core i7,Iris Xe,32,1024,2,0.8,0.95,3,0,3,27526251,29661098,82578753,0.06,0,261344729,41800000,1,50.4,28864561.0,1338310.0,1
REQ-2026-00127,Finance,Manager,48,26,1.93,1,1,0,HP,OmniBook 5,Ryzen 7,Radeon,16,512,2,0.65,0.8,2,2,2,19718412,17215705,39436824,0.045,1,288164448,27000000,1,45.8,24512413.0,4794001.0,1
REQ-2026-00128,IT,Staff,21,1,0.88,1,0,0,HP,ZBook Firefly,Core i7,RTX A500,32,1024,3,0.8,0.6,2,1,5,32292192,30667153,161460960,0.218,1,348501294,24000000,1,48.9,34135787.0,1843595.0,1
REQ-2026-00129,Design,Senior,85,49,0.76,0,1,0,Dell,Latitude 7450,Core i7,Integrated,16,512,2,0.85,0.85,1,1,5,18912169,21776441,94560845,0.65,1,340802834,30000000,0,38.7,20923969.0,2011800.0,1
REQ-2026-00130,Finance,Staff,37,50,0.89,1,1,0,Apple,MacBook Air 13,M3,Apple GPU,16,256,2,0.95,1.0,1,0,14,23957924,19585423,335410936,0.34,0,319866480,15000000,1,46.2,28229904.0,4271980.0,0
REQ-2026-00131,Sales,Manager,47,39,2.54,1,0,0,HP,ProBook 445,Ryzen 5,Radeon,8,1536,1,0.6,0.7,1,0,21,19710184,15802423,413913864,0.371,1,500779478,24300000,1,39.7,21278322.0,1568138.0,1
REQ-2026-00132,IT,Senior,77,28,0.43,1,0,0,Lenovo,IdeaPad Slim 3,Core i3,Integrated,8,256,1,0.45,0.65,1,1,2,8525516,7306310,17051032,0.257,1,81227802,32000000,0,40.0,11755556.0,3230040.0,1
REQ-2026-00133,Medical Staff,Staff,85,50,2.25,0,0,0,Lenovo,IdeaPad Slim 3,Core i3,Integrated,16,1280,1,0.45,0.65,3,1,13,16794228,16386938,218324964,0.299,0,854860743,16500000,1,64.6,19696295.0,2902067.0,1
REQ-2026-00134,HR,Director,107,61,0.78,0,1,0,Lenovo,IdeaPad Slim 3,Core i3,Integrated,24,768,1,0.45,0.65,1,3,19,15318313,13601334,291047947,0.591,0,855865963,28500000,1,36.1,26678325.0,11360012.0,1
REQ-2026-00135,Finance,Staff,36,38,0.61,0,1,0,Dell,Inspiron 15,Core i5,Integrated,8,1024,1,0.5,0.6,1,0,13,12375897,11272013,160886661,0.146,1,164861132,15000000,0,39.3,13702875.0,1326978.0,1
REQ-2026-00136,HR,Staff,10,1,0.95,1,1,0,Lenovo,ThinkPad T14,Core i5,Integrated,24,512,2,0.92,0.75,1,2,9,17088621,19766636,153797589,0.717,0,197008872,11250000,1,59.6,22245062.0,5156441.0,1
REQ-2026-00137,HR,Staff,94,28,0.26,0,0,0,Asus,Vivobook 14,Core i5,Integrated,24,512,1,0.5,0.7,2,1,10,15942562,15134856,159425620,0.213,1,284782767,11250000,1,36.1,18363206.0,2420644.0,1
REQ-2026-00138,Sales,Staff,62,41,1.53,0,0,0,Lenovo,ThinkPad X1,Core i7,Iris Xe,24,1024,3,0.9,0.95,2,0,4,34250234,30214070,137000936,0.301,1,57754226,13500000,1,65.8,35323212.0,1072978.0,0
REQ-2026-00139,HR,Staff,111,39,0.33,1,1,0,Asus,ROG Zephyrus,Core i9,RTX 4070,32,1024,4,0.55,0.3,1,2,25,36792044,31637630,919801100,0.086,1,225920636,11250000,1,30.3,42632205.0,5840161.0,0
REQ-2026-00140,Finance,Senior,27,36,0.84,0,1,0,Asus,ExpertBook B9,Core i7,Iris Xe,16,1024,2,0.8,0.95,2,0,13,29320611,25230169,381167943,0.565,1,210435847,20000000,1,28.6,32310363.0,2989752.0,0
REQ-2026-00141,Medical Staff,Manager,123,37,0.3,1,1,0,Asus,ExpertBook B9,Core i7,Iris Xe,16,1024,2,0.8,0.95,1,1,13,27100793,24833016,352310309,0.576,1,571991957,29700000,1,46.1,30615567.0,3514774.0,1
REQ-2026-00142,Finance,Staff,28,61,1.16,0,1,0,Dell,Latitude 7450,Core i7,Integrated,24,512,2,0.85,0.85,3,1,4,24247523,24567606,96990092,0.201,0,138121151,15000000,1,66.4,26180020.0,1932497.0,0
REQ-2026-00143,HR,Manager,27,5,0.99,0,1,0,Dell,Precision 5690,Core i9,RTX 3500,48,3072,4,0.85,0.35,1,2,18,49063482,50025820,883142676,0.338,0,2304411312,20250000,0,55.8,55429386.0,6365904.0,0
REQ-2026-00144,Medical Staff,Staff,116,23,1.03,1,1,0,Dell,Precision 5690,Core i9,RTX 3500,40,2048,4,0.85,0.35,2,2,6,41216218,43418994,247297308,0.488,0,204468967,16500000,1,46.1,44934906.0,3718688.0,0
REQ-2026-00145,Finance,Staff,20,31,0.56,0,1,0,Lenovo,IdeaPad Slim 3,Core i3,Integrated,8,256,1,0.45,0.65,3,1,11,12003053,10130650,132033583,0.248,0,204063117,15000000,1,50.1,14801848.0,2798795.0,1
REQ-2026-00146,Finance,Manager,24,34,1.07,0,1,0,Dell,Precision 5690,Core i9,RTX 3500,32,2560,4,0.85,0.35,1,1,17,48472341,42686885,824029797,0.303,0,600904933,27000000,0,58.2,52621817.0,4149476.0,1
REQ-2026-00147,Finance,Staff,41,20,0.36,1,1,0,Asus,Vivobook 14,Core i5,Integrated,24,512,1,0.5,0.7,1,1,19,13275825,14468053,252240675,0.275,1,454267598,15000000,1,55.9,16710399.0,3434574.0,1
REQ-2026-00148,Sales,Manager,18,21,2.38,0,0,0,Apple,MacBook Pro 14,M3 Pro,Apple GPU,26,512,4,0.95,0.85,1,1,23,38452379,31673699,884404717,0.463,1,1811476418,24300000,0,45.2,45442593.0,6990214.0,0
REQ-2026-00149,Sales,Senior,119,33,2.41,2,1,0,HP,ZBook Firefly,Core i7,RTX A500,48,1024,3,0.8,0.6,1,1,11,36363804,33059793,400001844,0.297,1,274461314,18000000,0,38.2,39135155.0,2771351.0,0
REQ-2026-00150,Design,Manager,88,30,0.79,0,1,0,Apple,MacBook Air 13,M3,Apple GPU,16,256,2,0.95,1.0,3,0,15,21327135,21660309,319907025,0.237,1,1774718520,40500000,1,73.9,25762462.0,4435327.0,1
REQ-2026-00151,Design,Director,28,24,0.56,1,0,0,Asus,Vivobook 14,Core i5,Integrated,16,512,1,0.5,0.7,1,2,7,15135416,12359205,105947912,0.408,0,976412976,57000000,0,28.2,24817874.0,9682458.0,1
REQ-2026-00152,Finance,Staff,11,45,0.41,0,1,0,HP,ZBook Firefly,Core i7,RTX A500,48,1024,3,0.8,0.6,2,0,9,35980277,33132993,323822493,0.15,0,201179646,15000000,0,49.4,37471282.0,1491005.0,0
REQ-2026-00153,Design,Staff,19,31,1.36,0,0,0,Dell,Precision 5690,Core i9,RTX 3500,40,2048,4,0.85,0.35,3,0,13,46232574,46737056,601023462,0.362,1,582216406,22500000,1,76.9,47619186.0,1386612.0,1
REQ-2026-00154,IT,Manager,30,52,1.3,0,0,0,HP,ZBook Firefly,Core i7,RTX A500,32,1024,3,0.8,0.6,1,0,7,31316644,29216138,219216508,0.257,1,1304923669,43200000,1,36.3,32804715.0,1488071.0,1
REQ-2026-00155,Design,Manager,39,23,0.26,0,0,0,Lenovo,IdeaPad Slim 3,Core i3,Integrated,8,768,1,0.45,0.65,3,1,1,12069243,12321831,12069243,0.143,1,122716473,40500000,0,57.5,15570453.0,3501210.0,1
REQ-2026-00156,Finance,Manager,11,21,0.79,0,1,0,Asus,Vivobook 14,Core i5,Integrated,8,512,1,0.5,0.7,2,1,11,9904320,11300663,108947520,0.359,0,928125052,27000000,1,37.0,13642784.0,3738464.0,1
REQ-2026-00157,Medical Staff,Staff,29,33,2.96,1,1,0,Lenovo,ThinkPad X1,Core i7,Iris Xe,16,1024,3,0.9,0.95,1,1,13,31216184,27730698,405810392,0.159,1,562834694,16500000,1,43.4,34451152.0,3234968.0,1
REQ-2026-00158,HR,Staff,28,42,0.07,0,1,0,Lenovo,ThinkPad P16,Core i9,RTX A2000,32,1536,4,0.9,0.25,1,0,25,36710720,40633690,917768000,0.056,0,406497015,11250000,0,49.3,38407301.0,1696581.0,0
REQ-2026-00159,Medical Staff,Staff,63,44,0.28,0,1,0,Lenovo,ThinkPad T14,Core i5,Integrated,24,1024,2,0.92,0.75,2,0,17,23073384,23166644,392247528,0.768,0,524628779,16500000,1,55.5,24538313.0,1464929.0,1
REQ-2026-00160,Sales,Senior,24,28,2.58,0,1,1,Dell,Precision 5690,Core i9,RTX 3500,32,2048,4,0.85,0.35,2,0,9,41985978,41579068,377873802,0.262,1,406270868,18000000,1,43.3,43509992.0,1524014.0,1
REQ-2026-00161,IT,Senior,34,8,2.29,0,0,0,HP,ProBook 445,Ryzen 5,Radeon,24,512,1,0.6,0.7,1,0,25,15739573,16179955,393489325,0.322,1,1345951461,32000000,0,28.8,18403090.0,2663517.0,1
REQ-2026-00162,HR,Director,8,18,1.11,0,0,1,HP,ProBook 445,Ryzen 5,Radeon,24,512,1,0.6,0.7,2,1,6,17128775,16478134,102772650,0.312,1,258746606,28500000,1,36.9,20768128.0,3639353.0,1
REQ-2026-00163,Medical Staff,Senior,17,27,1.21,0,1,0,Lenovo,ThinkPad X1,Core i7,Iris Xe,16,1024,3,0.9,0.95,2,0,9,27728699,28485407,249558291,0.609,1,88729884,22000000,1,37.3,29145936.0,1417237.0,0
REQ-2026-00164,HR,Senior,21,41,0.53,0,0,0,Apple,MacBook Air 13,M3,Apple GPU,16,1280,2,0.95,1.0,1,1,21,28349108,22848337,595331268,0.243,1,812613314,15000000,1,39.1,34249376.0,5900268.0,0
REQ-2026-00165,IT,Senior,140,30,0.23,1,0,0,Asus,ExpertBook B9,Core i7,Iris Xe,16,1024,2,0.8,0.95,2,0,23,27945879,24314863,642755217,0.083,0,3329445368,32000000,1,42.4,29631981.0,1686102.0,1
REQ-2026-00166,Medical Staff,Senior,105,48,0.91,0,1,0,Lenovo,ThinkPad X1,Core i7,Iris Xe,16,1024,3,0.9,0.95,2,0,15,25669794,28660760,385046910,0.319,1,732610430,22000000,1,57.1,27156037.0,1486243.0,1
REQ-2026-00167,Design,Manager,12,36,0.95,0,0,0,Asus,ExpertBook B9,Core i7,Iris Xe,24,1536,2,0.8,0.95,1,0,13,24454560,29197986,317909280,0.371,1,2747776534,40500000,1,42.7,25289069.0,834509.0,1
REQ-2026-00168,Medical Staff,Staff,41,57,3.93,0,1,1,Lenovo,ThinkPad X1,Core i7,Iris Xe,16,1024,3,0.9,0.95,1,0,13,27502648,26074186,357534424,0.121,1,271692112,16500000,0,56.0,28952364.0,1449716.0,0
REQ-2026-00169,Design,Staff,69,30,0.57,0,0,0,Apple,MacBook Air 13,M3,Apple GPU,8,256,2,0.95,1.0,1,0,6,18485708,16998116,110914248,0.434,1,427472779,22500000,0,46.6,22620675.0,4134967.0,1
REQ-2026-00170,Design,Manager,158,25,0.82,0,1,0,Lenovo,ThinkPad X1,Core i7,Iris Xe,24,1536,3,0.9,0.95,1,0,24,32841400,31124275,788193600,0.217,1,4062346744,40500000,1,49.2,34283900.0,1442500.0,1
REQ-2026-00171,Medical Staff,Staff,26,32,0.48,1,0,0,Apple,MacBook Pro 14,M3 Pro,Apple GPU,18,1536,4,0.95,0.85,2,0,15,35605614,35687279,534084210,0.177,0,705750532,16500000,1,59.5,40021155.0,4415541.0,0
REQ-2026-00172,HR,Staff,101,67,0.88,1,0,0,HP,ZBook Firefly,Core i7,RTX A500,40,1024,3,0.8,0.6,1,0,4,33504845,32439475,134019380,0.517,0,264009383,11250000,1,38.5,35105726.0,1600881.0,0
REQ-2026-00173,IT,Senior,82,19,0.71,2,1,0,Dell,Precision 5690,Core i9,RTX 3500,32,2048,4,0.85,0.35,1,0,11,45471664,40783104,500188304,0.216,1,518574942,32000000,1,37.0,46806269.0,1334605.0,1
REQ-2026-00174,Design,Staff,104,36,0.41,0,0,1,Lenovo,IdeaPad Slim 3,Core i3,Integrated,24,768,1,0.45,0.65,2,0,24,15610397,15141571,374649528,0.607,0,1357352352,22500000,0,39.4,17614963.0,2004566.0,1
REQ-2026-00175,HR,Staff,132,8,1.96,0,1,0,Lenovo,ThinkPad P16,Core i9,RTX A2000,32,1024,4,0.9,0.25,1,2,17,40546360,38867404,689288120,0.395,1,887820874,11250000,0,45.7,45216419.0,4670059.0,0
REQ-2026-00176,Sales,Staff,73,32,2.08,0,0,0,Dell,Latitude 7450,Core i7,Integrated,16,1536,2,0.85,0.85,2,3,14,27509995,27328054,385139930,0.533,0,414787496,13500000,1,47.9,32632069.0,5122074.0,0
REQ-2026-00177,Design,Manager,10,36,0.17,0,0,0,Apple,MacBook Air 13,M3,Apple GPU,8,256,2,0.95,1.0,1,0,23,19179828,18592564,441136044,0.634,0,2285708736,40500000,1,45.6,23632148.0,4452320.0,1
REQ-2026-00178,Sales,Staff,19,31,2.61,0,0,0,Lenovo,ThinkPad P16,Core i9,RTX A2000,32,1536,4,0.9,0.25,3,1,16,46516294,39417237,744260704,0.516,1,421537144,13500000,0,58.3,49219248.0,2702954.0,0
REQ-2026-00179,HR,Staff,38,27,1.14,0,0,0,Dell,Latitude 7450,Core i7,Integrated,16,512,2,0.85,0.85,1,0,22,22159055,22521877,487499210,0.285,0,341894632,11250000,1,40.4,23515913.0,1356858.0,0
REQ-2026-00180,Finance,Manager,71,44,0.86,1,1,0,Lenovo,ThinkPad P16,Core i9,RTX A2000,32,1536,4,0.9,0.25,2,1,8,38315984,39777744,306527872,0.593,1,197579028,27000000,1,36.3,41872743.0,3556759.0,1
REQ-2026-00181,Design,Senior,75,48,0.18,1,0,0,Dell,Precision 5690,Core i9,RTX 3500,32,2048,4,0.85,0.35,3,0,9,41543151,43786532,373888359,0.362,1,276137802,30000000,1,59.1,43269766.0,1726615.0,0
REQ-2026-00182,HR,Senior,98,35,0.93,0,1,0,Dell,Latitude 7450,Core i7,Integrated,16,512,2,0.85,0.85,1,2,17,21015580,22445077,357264860,0.464,1,664224485,15000000,1,52.7,26082779.0,5067199.0,1
REQ-2026-00183,Design,Staff,30,25,1.03,0,0,0,Lenovo,IdeaPad Slim 3,Core i3,Integrated,24,1280,1,0.45,0.65,1,1,15,17205965,14859056,258089475,0.379,1,524429828,22500000,0,33.8,20246153.0,3040188.0,1
REQ-2026-00184,Design,Director,41,27,0.49,0,1,0,Dell,Latitude 7450,Core i7,Integrated,24,512,2,0.85,0.85,3,2,24,30798974,24929956,739175376,0.098,1,5661955039,57000000,1,70.8,38418562.0,7619588.0,1
REQ-2026-00185,IT,Staff,60,52,0.5,0,0,0,Lenovo,ThinkPad T14,Core i5,Integrated,16,512,2,0.92,0.75,2,0,12,19674489,18510742,236093868,0.793,1,278715243,24000000,0,63.5,21058844.0,1384355.0,1
REQ-2026-00186,Design,Senior,11,31,0.27,0,0,0,Asus,ExpertBook B9,Core i7,Iris Xe,16,1024,2,0.8,0.95,2,0,23,28153490,25953877,647530270,0.123,1,957358642,30000000,0,53.7,29344584.0,1191094.0,1
REQ-2026-00187,Sales,Staff,41,55,0.88,0,1,0,Asus,ExpertBook B9,Core i7,Iris Xe,16,1536,2,0.8,0.95,1,0,1,25728731,26973019,25728731,0.33,0,39501838,13500000,1,31.5,27868848.0,2140117.0,0
REQ-2026-00188,Sales,Staff,31,48,2.02,1,0,0,Lenovo,IdeaPad Slim 3,Core i3,Integrated,8,768,1,0.45,0.65,2,3,20,11971620,10422518,239432400,0.108,1,982741416,13500000,1,26.2,16652351.0,4680731.0,1
REQ-2026-00189,HR,Staff,39,31,0.86,1,1,1,Apple,MacBook Pro 14,M3 Pro,Apple GPU,18,1536,4,0.95,0.85,1,1,15,34727460,34390442,520911900,0.293,0,341267784,11250000,0,58.7,39739052.0,5011592.0,0
REQ-2026-00190,Finance,Senior,35,15,0.5,2,1,0,Asus,ExpertBook B9,Core i7,Iris Xe,32,1024,2,0.8,0.95,3,0,16,34747617,30896303,555961872,0.322,0,156458183,20000000,1,52.2,36047344.0,1299727.0,0
REQ-2026-00191,Design,Senior,36,12,0.69,0,0,0,Lenovo,IdeaPad Slim 3,Core i3,Integrated,8,256,1,0.45,0.65,2,2,3,10039056,8887255,30117168,0.482,0,133938208,30000000,0,41.4,14021974.0,3982918.0,1
REQ-2026-00192,Sales,Staff,56,43,4.15,2,0,0,Dell,Precision 5690,Core i9,RTX 3500,32,2048,4,0.85,0.35,3,0,17,48315520,42767671,821363840,0.491,0,254422498,13500000,0,39.7,49954118.0,1638598.0,0
REQ-2026-00193,Medical Staff,Director,40,47,1.61,0,0,0,Lenovo,ThinkPad P16,Core i9,RTX A2000,32,1024,4,0.9,0.25,2,2,9,44727060,37997629,402543540,0.345,0,381350058,41800000,1,51.4,51507185.0,6780125.0,1
REQ-2026-00194,Finance,Senior,40,28,1.3,0,1,1,Dell,Precision 5690,Core i9,RTX 3500,32,2048,4,0.85,0.35,2,1,18,51248284,40393302,922469112,0.151,1,1015012324,20000000,0,42.6,54197236.0,2948952.0,0
REQ-2026-00195,Sales,Senior,29,29,6.84,1,0,0,Lenovo,ThinkPad T14,Core i5,Integrated,16,512,2,0.92,0.75,1,0,12,19432785,18429891,233193420,0.349,0,64201615,18000000,1,44.3,20829513.0,1396728.0,0
REQ-2026-00196,Finance,Senior,23,63,0.68,0,1,0,Dell,Inspiron 15,Core i5,Integrated,8,1024,1,0.5,0.6,2,1,6,12850599,12776621,77103594,0.359,1,169617657,20000000,1,38.9,16184402.0,3333803.0,1
REQ-2026-00197,HR,Staff,25,27,0.67,1,1,0,HP,OmniBook 5,Ryzen 7,Radeon,16,512,2,0.65,0.8,2,1,24,20670991,18597913,496103784,0.305,1,346561357,11250000,1,55.7,24060234.0,3389243.0,0
REQ-2026-00198,IT,Director,34,43,0.25,0,0,1,HP,OmniBook 5,Ryzen 7,Radeon,16,512,2,0.65,0.8,3,0,10,23196367,19111177,231963670,0.095,1,842244927,60800000,1,56.6,24079234.0,882867.0,1
REQ-2026-00199,Sales,Staff,5,38,2.99,1,1,0,Asus,Vivobook 14,Core i5,Integrated,16,512,1,0.5,0.7,1,2,6,12959492,12613550,77756952,0.099,1,341256996,13500000,1,29.6,18360782.0,5401290.0,1
REQ-2026-00200,Sales,Staff,34,64,3.15,0,0,0,Lenovo,IdeaPad Slim 3,Core i3,Integrated,16,256,1,0.45,0.65,2,0,3,11237761,10800246,33713283,0.45,1,147231082,13500000,1,39.3,12520409.0,1282648.0,1
REQ-2026-00201,Finance,Senior,53,20,0.24,1,1,0,Dell,Inspiron 15,Core i5,Integrated,8,1536,1,0.5,0.6,2,0,4,15244191,14526132,60976764,0.358,1,261719363,20000000,1,37.2,17032246.0,1788055.0,1
REQ-2026-00202,Sales,Staff,49,34,0.21,0,1,0,Asus,ROG Zephyrus,Core i9,RTX 4070,40,2048,4,0.55,0.3,2,1,13,47924654,39362349,623020502,0.385,0,450253859,13500000,0,29.3,51514733.0,3590079.0,0
REQ-2026-00203,Sales,Senior,21,33,7.76,0,0,0,Dell,Latitude 7450,Core i7,Integrated,16,512,2,0.85,0.85,2,3,24,23318456,22470194,559642944,0.171,1,477499960,18000000,1,42.5,29912762.0,6594306.0,1
REQ-2026-00204,HR,Director,34,26,0.75,0,1,0,HP,ZBook Firefly,Core i7,RTX A500,32,1024,3,0.8,0.6,1,1,21,32749336,27910079,687736056,0.158,0,235180942,28500000,1,31.7,37764553.0,5015217.0,0
REQ-2026-00205,Medical Staff,Director,21,58,0.64,0,1,0,Dell,Precision 5690,Core i9,RTX 3500,32,2048,4,0.85,0.35,1,1,4,42895464,38726870,171581856,0.267,0,429623392,41800000,1,53.8,46960893.0,4065429.0,1
REQ-2026-00206,Sales,Senior,37,43,3.2,2,0,0,HP,ProBook 445,Ryzen 5,Radeon,8,512,1,0.6,0.7,1,2,9,10439561,11497784,93956049,0.546,1,758021751,18000000,1,33.4,16143901.0,5704340.0,1
REQ-2026-00207,Medical Staff,Senior,38,35,0.58,0,1,0,Lenovo,IdeaPad Slim 3,Core i3,Integrated,8,256,1,0.45,0.65,1,0,23,8110624,7742579,186544352,0.141,1,1176003039,22000000,1,31.7,10443289.0,2332665.0,1
REQ-2026-00208,Sales,Staff,20,42,8.18,0,0,0,Lenovo,ThinkPad T14,Core i5,Integrated,16,512,2,0.92,0.75,1,0,15,16373060,17540073,245595900,0.447,1,527004175,13500000,1,41.5,18008399.0,1635339.0,1
REQ-2026-00209,HR,Manager,68,26,0.55,0,1,0,HP,ProBook 445,Ryzen 5,Radeon,16,1024,1,0.6,0.7,1,0,6,16552752,15338316,99316512,0.434,1,305191018,20250000,1,50.0,17950725.0,1397973.0,1
REQ-2026-00210,IT,Manager,112,14,0.77,1,0,0,Asus,Vivobook 14,Core i5,Integrated,24,1024,1,0.5,0.7,3,2,3,21678403,18739986,65035209,0.282,1,486246020,43200000,0,50.2,28770727.0,7092324.0,1
REQ-2026-00211,Finance,Staff,36,52,0.56,1,1,0,HP,OmniBook 5,Ryzen 7,Radeon,24,512,2,0.65,0.8,1,1,18,22078777,19955139,397417986,0.35,1,366946184,15000000,1,43.1,25007395.0,2928618.0,1
REQ-2026-00212,Medical Staff,Senior,18,43,0.39,0,1,0,Asus,ExpertBook B9,Core i7,Iris Xe,24,1024,2,0.8,0.95,1,3,18,24393053,26019854,439074954,0.416,1,329287286,22000000,1,50.7,29733238.0,5340185.0,1
REQ-2026-00213,Sales,Manager,66,49,3.66,0,0,0,HP,ProBook 445,Ryzen 5,Radeon,8,512,1,0.6,0.7,3,1,3,13189624,14652547,39568872,0.322,0,175563793,24300000,1,43.2,17024786.0,3835162.0,1
REQ-2026-00214,IT,Senior,60,49,0.39,2,0,0,HP,ProBook 445,Ryzen 5,Radeon,8,512,1,0.6,0.7,2,1,25,15491747,13041920,387293675,0.314,0,1165866347,32000000,0,48.6,17898659.0,2406912.0,1
REQ-2026-00215,Medical Staff,Staff,120,28,1.52,0,0,0,Asus,ExpertBook B9,Core i7,Iris Xe,16,1024,2,0.8,0.95,3,0,22,25719397,26069070,565826734,0.336,0,592317647,16500000,1,59.5,26969665.0,1250268.0,0
REQ-2026-00216,Sales,Staff,46,31,2.42,1,1,0,Dell,Latitude 7450,Core i7,Integrated,24,512,2,0.85,0.85,2,2,1,28672683,23584563,28672683,0.377,0,28278286,13500000,1,48.4,33060993.0,4388310.0,0
REQ-2026-00217,HR,Staff,54,28,0.36,1,0,1,Lenovo,IdeaPad Slim 3,Core i3,Integrated,8,768,1,0.45,0.65,1,1,20,10616862,9961173,212337240,0.375,0,315147974,11250000,1,30.0,14598283.0,3981421.0,1
REQ-2026-00218,Design,Staff,13,46,0.25,0,0,0,Dell,Latitude 7450,Core i7,Integrated,32,1024,2,0.85,0.85,1,0,15,28630081,26779788,429451215,0.21,1,557369228,22500000,1,52.5,29936332.0,1306251.0,1
REQ-2026-00219,HR,Staff,85,16,0.25,1,1,0,Asus,ROG Zephyrus,Core i9,RTX 4070,48,1024,4,0.55,0.3,1,1,6,39442420,39194859,236654520,0.549,1,200904109,11250000,0,46.9,42003168.0,2560748.0,0
REQ-2026-00220,Medical Staff,Senior,18,27,1.1,0,1,1,Asus,Vivobook 14,Core i5,Integrated,16,512,1,0.5,0.7,3,0,12,15591343,14217791,187096116,0.511,0,146608316,22000000,1,41.9,17482786.0,1891443.0,1
REQ-2026-00221,Design,Senior,57,44,0.34,1,0,0,HP,ZBook Firefly,Core i7,RTX A500,40,1024,3,0.8,0.6,1,2,20,30705247,30669557,614104940,0.328,1,1978298565,30000000,1,36.5,36062951.0,5357704.0,1
REQ-2026-00222,Medical Staff,Manager,44,50,1.06,0,1,0,Asus,Vivobook 14,Core i5,Integrated,8,1024,1,0.5,0.7,2,3,8,14080322,13554637,112642576,0.21,1,768595551,29700000,1,51.5,23819992.0,9739670.0,1
REQ-2026-00223,HR,Senior,15,26,0.47,1,0,0,Lenovo,ThinkPad T14,Core i5,Integrated,16,512,2,0.92,0.75,1,0,13,17442364,17861439,226750732,0.561,0,447596119,15000000,1,49.5,19453353.0,2010989.0,1
REQ-2026-00224,Finance,Staff,31,8,0.72,0,1,0,HP,ProBook 445,Ryzen 5,Radeon,8,1024,1,0.6,0.7,2,1,20,15391498,15374829,307829960,0.446,1,1318615894,15000000,1,37.6,17681751.0,2290253.0,1
REQ-2026-00225,Sales,Staff,5,35,5.05,0,1,0,Asus,Vivobook 14,Core i5,Integrated,8,512,1,0.5,0.7,1,1,1,8911758,10476901,8911758,0.185,1,107310578,13500000,1,33.0,12158014.0,3246256.0,1
REQ-2026-00226,Medical Staff,Staff,21,64,1.08,0,1,0,Dell,Precision 5690,Core i9,RTX 3500,40,2560,4,0.85,0.35,2,1,15,54516870,47174080,817753050,0.258,1,360584712,16500000,0,61.9,56732971.0,2216101.0,0
REQ-2026-00227,Finance,Senior,6,8,0.6,0,1,0,Asus,ExpertBook B9,Core i7,Iris Xe,16,1024,2,0.8,0.95,2,0,19,24338700,23867435,462435300,0.117,0,1429289307,20000000,1,31.3,26477958.0,2139258.0,1
REQ-2026-00228,Medical Staff,Staff,26,50,0.37,2,0,0,Asus,Vivobook 14,Core i5,Integrated,8,1024,1,0.5,0.7,2,1,8,15045139,13501257,120361112,0.676,1,195102199,16500000,0,33.6,18030623.0,2985484.0,1
REQ-2026-00229,HR,Senior,81,37,0.49,1,1,1,HP,OmniBook 5,Ryzen 7,Radeon,16,512,2,0.65,0.8,2,1,3,17813882,18978529,53441646,0.52,1,66402912,15000000,1,39.9,20195097.0,2381215.0,1
REQ-2026-00230,Medical Staff,Senior,61,1,0.83,0,1,1,Dell,Latitude 7450,Core i7,Integrated,16,512,2,0.85,0.85,1,1,22,22812480,21533815,501874560,0.307,0,811377223,22000000,1,43.4,26565562.0,3753082.0,1
REQ-2026-00231,Design,Staff,32,27,0.88,0,0,0,Asus,Vivobook 14,Core i5,Integrated,8,512,1,0.5,0.7,1,0,7,9814848,10371520,68703936,0.426,1,285071247,22500000,0,32.7,11785674.0,1970826.0,1
REQ-2026-00232,HR,Staff,42,66,0.55,3,0,0,Lenovo,ThinkPad T14,Core i5,Integrated,16,512,2,0.92,0.75,2,0,19,22009432,19441894,418179208,0.291,1,455410552,11250000,1,53.8,23647817.0,1638385.0,0
REQ-2026-00233,Finance,Director,4,33,2.0,0,1,0,Apple,MacBook Pro 14,M3 Pro,Apple GPU,18,512,4,0.95,0.85,2,0,9,33774476,32570232,303970284,0.152,1,1441500313,38000000,1,69.4,38307383.0,4532907.0,1
REQ-2026-00234,Sales,Senior,15,35,3.57,0,0,0,Apple,MacBook Air 13,M3,Apple GPU,16,768,2,0.95,1.0,2,0,14,25543761,21805376,357612654,0.014,1,200201717,18000000,1,62.5,30388919.0,4845158.0,0
REQ-2026-00235,Medical Staff,Staff,114,30,1.3,0,1,0,HP,OmniBook 5,Ryzen 7,Radeon,16,1024,2,0.65,0.8,3,2,18,24625616,21058283,443261088,0.52,0,506973978,16500000,1,57.0,28471918.0,3846302.0,0
REQ-2026-00236,Medical Staff,Staff,8,28,0.23,0,1,0,Lenovo,IdeaPad Slim 3,Core i3,Integrated,8,256,1,0.45,0.65,1,2,10,7326872,8103499,73268720,0.114,0,270904907,16500000,0,42.8,10372855.0,3045983.0,1
REQ-2026-00237,Sales,Staff,40,46,2.43,0,1,0,Lenovo,ThinkPad X1,Core i7,Iris Xe,16,1024,3,0.9,0.95,2,0,17,35164584,27320301,597797928,0.464,1,483348222,13500000,1,47.2,36410692.0,1246108.0,0
REQ-2026-00238,Sales,Staff,13,42,8.78,1,0,1,HP,ProBook 445,Ryzen 5,Radeon,8,1536,1,0.6,0.7,1,5,12,17461009,15527026,209532108,0.343,1,773073887,13500000,1,22.6,28575090.0,11114081.0,1
REQ-2026-00239,IT,Senior,41,29,0.37,0,1,1,HP,OmniBook 5,Ryzen 7,Radeon,16,512,2,0.65,0.8,1,2,3,18937285,16361537,56811855,0.088,1,388752583,32000000,1,40.0,22828293.0,3891008.0,1
REQ-2026-00240,IT,Manager,5,31,0.2,0,1,0,Lenovo,ThinkPad T14,Core i5,Integrated,24,512,2,0.92,0.75,2,1,9,18435284,20887750,165917556,0.158,0,586278506,43200000,1,42.3,22369160.0,3933876.0,1
REQ-2026-00241,HR,Staff,93,2,0.17,0,0,0,Asus,ROG Zephyrus,Core i9,RTX 4070,32,1024,4,0.55,0.3,2,0,12,38118248,35338951,457418976,0.01,1,90738563,11250000,0,43.0,39331764.0,1213516.0,0
REQ-2026-00242,IT,Staff,64,31,0.48,0,0,0,Asus,Vivobook 14,Core i5,Integrated,24,512,1,0.5,0.7,1,0,20,14306060,13617301,286121200,0.207,1,1723754599,24000000,0,37.5,15815033.0,1508973.0,1
REQ-2026-00243,Finance,Staff,60,17,0.38,0,1,0,Apple,MacBook Air 13,M3,Apple GPU,16,768,2,0.95,1.0,1,0,12,21853735,21201042,262244820,0.393,0,266557816,15000000,0,46.0,26323877.0,4470142.0,0
REQ-2026-00244,Sales,Staff,8,45,0.12,1,1,1,Lenovo,IdeaPad Slim 3,Core i3,Integrated,16,256,1,0.45,0.65,1,0,16,11561598,9971418,184985568,0.296,0,249749437,13500000,1,28.3,14312808.0,2751210.0,1
REQ-2026-00245,Medical Staff,Staff,82,33,2.6,2,1,0,HP,ZBook Firefly,Core i7,RTX A500,32,1536,3,0.8,0.6,3,1,15,34317616,32001960,514764240,0.562,1,617700483,16500000,1,55.8,37162095.0,2844479.0,0
REQ-2026-00246,Finance,Manager,40,47,0.63,0,1,0,HP,ZBook Firefly,Core i7,RTX A500,32,1024,3,0.8,0.6,2,1,17,30259880,30647064,514417960,0.43,1,450909817,27000000,1,34.4,33457969.0,3198089.0,1
REQ-2026-00247,HR,Manager,44,25,0.98,0,0,0,Dell,Latitude 7450,Core i7,Integrated,16,1024,2,0.85,0.85,3,1,13,27454980,26028154,356914740,0.324,1,378568433,20250000,1,54.4,30984043.0,3529063.0,1
REQ-2026-00248,Design,Staff,19,25,0.4,1,0,0,Asus,ROG Zephyrus,Core i9,RTX 4070,40,1536,4,0.55,0.3,2,3,14,38251835,40936479,535525690,0.297,1,1516746270,22500000,0,31.0,43363563.0,5111728.0,1
REQ-2026-00249,Design,Manager,141,52,0.56,0,0,0,Asus,ExpertBook B9,Core i7,Iris Xe,16,1024,2,0.8,0.95,2,0,16,23394410,26358793,374310560,0.416,0,562644305,40500000,1,55.7,24341797.0,947387.0,1
REQ-2026-00250,HR,Senior,69,27,0.35,1,1,1,Lenovo,ThinkPad T14,Core i5,Integrated,16,512,2,0.92,0.75,1,0,21,15316220,17791387,321640620,0.422,0,266102008,15000000,1,41.1,17170288.0,1854068.0,0
REQ-2026-00251,HR,Director,20,29,0.88,0,0,0,HP,ZBook Firefly,Core i7,RTX A500,40,1536,3,0.8,0.6,1,1,9,34129045,32951252,307161405,0.155,0,158906073,28500000,1,36.5,37209732.0,3080687.0,1
REQ-2026-00252,IT,Staff,18,33,0.39,0,0,0,Dell,Precision 5690,Core i9,RTX 3500,32,2560,4,0.85,0.35,1,1,15,44477540,43485949,667163100,0.45,1,351318554,24000000,1,42.0,46930897.0,2453357.0,0
REQ-2026-00253,Design,Director,26,36,0.34,0,0,0,HP,ZBook Firefly,Core i7,RTX A500,48,1024,3,0.8,0.6,2,1,3,36400609,32177435,109201827,0.368,1,339675077,57000000,1,49.4,40957377.0,4556768.0,1
REQ-2026-00254,Design,Senior,27,26,2.74,1,0,0,Lenovo,IdeaPad Slim 3,Core i3,Integrated,8,768,1,0.45,0.65,1,2,2,10599252,9370726,21198504,0.515,1,96393921,30000000,0,29.5,16791847.0,6192595.0,1
REQ-2026-00255,HR,Senior,39,71,0.09,1,1,0,Apple,MacBook Air 13,M3,Apple GPU,8,768,2,0.95,1.0,1,2,14,21671981,19503897,303407734,0.738,1,227366674,15000000,1,36.1,28278285.0,6606304.0,0
REQ-2026-00256,Medical Staff,Director,56,29,0.83,1,1,1,Asus,Vivobook 14,Core i5,Integrated,8,512,1,0.5,0.7,2,0,20,12681955,11275573,253639100,0.313,0,840587748,41800000,0,29.4,14836257.0,2154302.0,1
REQ-2026-00257,Finance,Staff,20,22,0.27,0,0,1,HP,OmniBook 5,Ryzen 7,Radeon,24,512,2,0.65,0.8,2,2,19,22102439,20890554,419946341,0.462,1,734324020,15000000,1,48.1,25316580.0,3214141.0,1
REQ-2026-00258,Finance,Staff,13,70,1.01,0,1,0,HP,OmniBook 5,Ryzen 7,Radeon,16,512,2,0.65,0.8,2,0,19,18622781,17761998,353832839,0.349,0,288658185,15000000,1,44.5,19701494.0,1078713.0,1
REQ-2026-00259,IT,Director,40,30,0.58,1,0,0,HP,ZBook Firefly,Core i7,RTX A500,32,1024,3,0.8,0.6,2,2,19,36950672,29120901,702062768,0.175,1,3042561954,60800000,1,42.2,43394879.0,6444207.0,1
REQ-2026-00260,Medical Staff,Staff,110,43,4.15,0,0,0,Dell,Inspiron 15,Core i5,Integrated,8,512,1,0.5,0.6,1,0,23,9540275,8639672,219426325,0.274,1,1264377304,16500000,1,34.1,11274894.0,1734619.0,1
REQ-2026-00261,Finance,Senior,41,30,0.06,0,1,0,Lenovo,ThinkPad T14,Core i5,Integrated,24,512,2,0.92,0.75,2,0,5,24049508,20448018,120247540,0.543,1,319406951,20000000,1,52.1,25279289.0,1229781.0,1
REQ-2026-00262,IT,Manager,23,33,0.48,2,0,0,Apple,MacBook Air 13,M3,Apple GPU,8,256,2,0.95,1.0,2,1,12,18919122,19409975,227029464,0.062,1,2357000824,43200000,1,60.9,25368496.0,6449374.0,1
REQ-2026-00263,HR,Senior,26,34,0.59,1,1,0,Lenovo,ThinkPad T14,Core i5,Integrated,16,512,2,0.92,0.75,2,0,25,20116390,17826249,502909750,0.187,1,747006800,15000000,1,44.5,21748484.0,1632094.0,1
REQ-2026-00264,Design,Manager,76,41,1.42,0,0,1,HP,OmniBook 5,Ryzen 7,Radeon,16,1024,2,0.65,0.8,2,3,5,18758440,19421882,93792200,0.278,0,275868732,40500000,1,43.7,27279871.0,8521431.0,1
REQ-2026-00265,IT,Staff,55,14,1.65,1,0,0,HP,ZBook Firefly,Core i7,RTX A500,40,1024,3,0.8,0.6,2,2,6,32207314,33465143,193243884,0.714,1,216358727,24000000,1,52.0,36433264.0,4225950.0,1
REQ-2026-00266,Sales,Senior,35,29,0.68,0,0,1,Dell,Inspiron 15,Core i5,Integrated,8,1024,1,0.5,0.6,1,2,18,12148910,11292072,218680380,0.206,1,768451153,18000000,1,22.4,18777263.0,6628353.0,1
REQ-2026-00267,Sales,Staff,27,47,1.23,0,0,0,Lenovo,IdeaPad Slim 3,Core i3,Integrated,24,256,1,0.45,0.65,1,2,12,15291893,11103782,183502716,0.554,1,249341196,13500000,1,25.0,22004093.0,6712200.0,1
REQ-2026-00268,Finance,Staff,6,50,0.39,0,1,1,Lenovo,ThinkPad T14,Core i5,Integrated,16,512,2,0.92,0.75,1,0,4,19029048,16090362,76116192,0.285,0,100381129,15000000,1,72.6,20578356.0,1549308.0,1
REQ-2026-00269,Medical Staff,Staff,41,16,0.99,0,1,0,Asus,ROG Zephyrus,Core i9,RTX 4070,48,1024,4,0.55,0.3,1,1,8,41815132,37598721,334521056,0.14,1,272330548,16500000,0,26.2,46636142.0,4821010.0,1
REQ-2026-00270,HR,Senior,37,28,0.31,1,1,0,Lenovo,ThinkPad X1,Core i7,Iris Xe,16,1536,3,0.9,0.95,1,0,1,30330374,29226722,30330374,0.31,0,37758296,15000000,1,52.3,32159484.0,1829110.0,1
REQ-2026-00271,HR,Director,8,23,0.49,1,0,0,Dell,Inspiron 15,Core i5,Integrated,16,1024,1,0.5,0.6,2,2,4,14583322,14525708,58333288,0.376,0,262591269,28500000,1,42.2,19434493.0,4851171.0,1
REQ-2026-00272,Finance,Staff,101,23,0.59,0,1,0,Asus,ROG Zephyrus,Core i9,RTX 4070,32,2048,4,0.55,0.3,2,1,22,39025671,37197663,858564762,0.171,0,1485268327,15000000,0,51.2,41407813.0,2382142.0,0
REQ-2026-00273,Sales,Staff,18,37,2.46,0,1,0,Apple,MacBook Pro 14,M3 Pro,Apple GPU,18,1536,4,0.95,0.85,1,3,9,38224018,35493166,344016162,0.529,0,176807604,13500000,0,34.2,47465227.0,9241209.0,0
REQ-2026-00274,Medical Staff,Staff,4,50,0.69,0,1,0,HP,OmniBook 5,Ryzen 7,Radeon,24,512,2,0.65,0.8,2,2,5,20934185,20254949,104670925,0.823,0,650324069,16500000,1,42.6,24946447.0,4012262.0,1
REQ-2026-00275,HR,Senior,37,33,0.16,0,0,0,Asus,Vivobook 14,Core i5,Integrated,8,512,1,0.5,0.7,1,0,13,9993708,10138315,129918204,0.114,0,420946662,15000000,1,23.7,13591589.0,3597881.0,1
REQ-2026-00276,Medical Staff,Staff,10,45,1.05,0,0,0,Lenovo,ThinkPad T14,Core i5,Integrated,16,1024,2,0.92,0.75,1,0,20,22071266,18835870,441425320,0.058,1,928902243,16500000,1,59.6,23510207.0,1438941.0,1
REQ-2026-00277,Sales,Manager,51,41,13.67,1,0,0,HP,OmniBook 5,Ryzen 7,Radeon,32,512,2,0.65,0.8,1,1,23,22928607,20394711,527357961,0.196,1,1361500027,24300000,1,24.2,28480581.0,5551974.0,1
REQ-2026-00278,HR,Staff,52,3,0.57,0,1,1,Lenovo,ThinkPad T14,Core i5,Integrated,24,1024,2,0.92,0.75,1,1,4,23267475,20851061,93069900,0.184,0,87898323,11250000,1,29.1,26908924.0,3641449.0,0
REQ-2026-00279,Medical Staff,Senior,19,32,1.17,0,0,0,Asus,ExpertBook B9,Core i7,Iris Xe,16,1024,2,0.8,0.95,1,0,21,21547348,24197437,452494308,0.362,0,483646158,22000000,0,48.1,22709535.0,1162187.0,1
REQ-2026-00280,HR,Manager,28,39,0.17,1,0,0,HP,ProBook 445,Ryzen 5,Radeon,8,512,1,0.6,0.7,2,0,9,14442990,12520870,129986910,0.372,0,494196944,20250000,1,40.8,15481826.0,1038836.0,1
REQ-2026-00281,Finance,Senior,44,31,2.75,0,1,1,Dell,Precision 5690,Core i9,RTX 3500,32,2560,4,0.85,0.35,2,0,7,44352932,44155260,310470524,0.152,1,468690738,20000000,0,57.9,45839607.0,1486675.0,1
REQ-2026-00282,IT,Manager,39,27,0.34,0,0,0,Asus,ExpertBook B9,Core i7,Iris Xe,24,1024,2,0.8,0.95,1,0,6,26704922,26221822,160229532,0.239,1,438767995,43200000,1,42.1,28185261.0,1480339.0,1
REQ-2026-00283,Design,Staff,25,21,0.17,0,0,0,Lenovo,ThinkPad T14,Core i5,Integrated,32,512,2,0.92,0.75,3,0,13,26800249,24054311,348403237,0.045,1,483574832,22500000,1,58.9,28179934.0,1379685.0,0
REQ-2026-00284,Sales,Staff,55,16,0.72,1,0,1,Lenovo,ThinkPad P16,Core i9,RTX A2000,40,1024,4,0.9,0.25,3,0,17,41997115,41063480,713950955,0.404,0,852295610,13500000,0,52.6,43789105.0,1791990.0,0
REQ-2026-00285,Medical Staff,Senior,60,31,3.49,0,1,0,HP,ProBook 445,Ryzen 5,Radeon,24,512,1,0.6,0.7,3,1,7,20440516,18868527,143083612,0.116,1,235879945,22000000,1,51.1,23727251.0,3286735.0,1
REQ-2026-00286,Finance,Manager,25,52,0.66,0,0,0,Dell,Precision 5690,Core i9,RTX 3500,40,2048,4,0.85,0.35,2,1,24,42580353,43380286,1021928472,0.214,0,997003474,27000000,0,40.5,45811877.0,3231524.0,1
REQ-2026-00287,IT,Senior,24,49,0.27,0,1,0,Dell,Precision 5690,Core i9,RTX 3500,48,2048,4,0.85,0.35,3,1,14,48664945,47649907,681309230,0.281,1,1328113390,32000000,0,73.2,52158252.0,3493307.0,1
REQ-2026-00288,Finance,Staff,72,56,0.15,0,1,0,Apple,MacBook Air 13,M3,Apple GPU,8,768,2,0.95,1.0,1,3,11,18415210,19880692,202567310,0.085,0,99142191,15000000,1,48.6,25566419.0,7151209.0,0
REQ-2026-00289,Sales,Manager,40,23,1.01,0,0,1,Dell,Latitude 7450,Core i7,Integrated,16,512,2,0.85,0.85,3,3,24,28385599,23577856,681254376,0.537,0,409969585,24300000,1,51.0,35851116.0,7465517.0,0
REQ-2026-00290,Medical Staff,Senior,9,30,0.25,0,1,0,Lenovo,ThinkPad T14,Core i5,Integrated,24,1024,2,0.92,0.75,3,0,8,26685201,23765023,213481608,0.392,0,343264313,22000000,1,42.8,27600726.0,915525.0,1
REQ-2026-00291,Medical Staff,Staff,62,48,1.0,0,0,0,Asus,ExpertBook B9,Core i7,Iris Xe,16,1024,2,0.8,0.95,2,0,1,26993018,24811966,26993018,0.105,0,22521745,16500000,1,38.5,28295156.0,1302138.0,0
REQ-2026-00292,HR,Senior,34,46,0.5,0,1,0,HP,ProBook 445,Ryzen 5,Radeon,16,1024,1,0.6,0.7,3,1,3,18429660,18044143,55288980,0.278,1,97564225,15000000,1,46.6,21448348.0,3018688.0,1
REQ-2026-00293,Finance,Director,21,58,0.64,0,1,0,Apple,MacBook Pro 14,M3 Pro,Apple GPU,26,512,4,0.95,0.85,2,1,25,35531925,34464740,888298125,0.242,0,2432689230,38000000,0,81.5,42123211.0,6591286.0,1
REQ-2026-00294,HR,Senior,57,12,0.05,0,1,0,Apple,MacBook Air 13,M3,Apple GPU,8,768,2,0.95,1.0,2,0,5,23150740,20739202,115753700,0.13,1,71198705,15000000,1,41.2,27930962.0,4780222.0,0
REQ-2026-00295,Sales,Staff,30,37,1.11,1,0,0,Lenovo,ThinkPad P16,Core i9,RTX A2000,32,2048,4,0.9,0.25,3,0,16,44748377,41972670,715974032,0.121,0,219622557,13500000,1,57.4,46017193.0,1268816.0,0
REQ-2026-00296,HR,Senior,26,58,0.14,0,0,0,Lenovo,ThinkPad P16,Core i9,RTX A2000,32,1536,4,0.9,0.25,1,0,10,32447219,39825137,324472190,0.19,1,580615753,15000000,1,54.8,34330899.0,1883680.0,1
REQ-2026-00297,Medical Staff,Senior,60,22,1.25,0,1,0,Asus,ROG Zephyrus,Core i9,RTX 4070,40,1024,4,0.55,0.3,1,1,4,42027249,36439109,168108996,0.555,1,149297722,22000000,0,38.9,45352004.0,3324755.0,1
REQ-2026-00298,IT,Senior,83,13,1.92,1,1,1,Asus,Vivobook 14,Core i5,Integrated,24,512,1,0.5,0.7,1,2,2,14625117,13812445,29250234,0.668,0,116346266,32000000,1,35.0,19750027.0,5124910.0,1
REQ-2026-00299,Medical Staff,Staff,33,53,1.47,1,1,0,HP,OmniBook 5,Ryzen 7,Radeon,16,512,2,0.65,0.8,1,0,5,17259778,17411454,86298890,0.256,0,150557213,16500000,1,44.5,18440527.0,1180749.0,1
REQ-2026-00300,Sales,Staff,41,26,6.13,0,0,0,HP,OmniBook 5,Ryzen 7,Radeon,24,1024,2,0.65,0.8,2,5,9,27269479,21811234,245425311,0.083,1,543516484,13500000,1,38.7,32051601.0,4782122.0,0
REQ-2026-00301,Sales,Staff,46,40,1.65,0,0,1,Lenovo,ThinkPad X1,Core i7,Iris Xe,16,2048,3,0.9,0.95,2,0,14,35719339,32639927,500070746,0.612,1,381157251,13500000,1,51.5,37668534.0,1949195.0,0
REQ-2026-00302,Finance,Manager,31,18,0.16,1,1,0,Lenovo,ThinkPad T14,Core i5,Integrated,16,1024,2,0.92,0.75,2,0,22,22941241,20771642,504707302,0.125,1,1609324131,27000000,1,59.0,24108834.0,1167593.0,1
REQ-2026-00303,Sales,Staff,40,47,2.5,1,0,0,Dell,Inspiron 15,Core i5,Integrated,16,512,1,0.5,0.6,3,1,20,16048871,13770067,320977420,0.077,1,106056090,13500000,1,39.9,19327751.0,3278880.0,0
REQ-2026-00304,Finance,Staff,26,16,0.47,0,1,0,Lenovo,IdeaPad Slim 3,Core i3,Integrated,16,256,1,0.45,0.65,1,1,11,9733938,9533329,107073318,0.4,0,1059965981,15000000,0,41.0,12682009.0,2948071.0,1
REQ-2026-00305,Sales,Senior,19,1,3.11,0,0,1,Dell,Inspiron 15,Core i5,Integrated,8,1536,1,0.5,0.6,2,2,5,13642446,14139959,68212230,0.524,1,395112394,18000000,1,26.7,20117553.0,6475107.0,1
REQ-2026-00306,Sales,Staff,47,24,8.37,1,0,0,Apple,MacBook Air 13,M3,Apple GPU,16,256,2,0.95,1.0,1,2,3,21558709,19184438,64676127,0.034,1,64053696,13500000,1,33.1,29879438.0,8320729.0,1
REQ-2026-00307,IT,Staff,38,65,0.67,0,0,0,Lenovo,ThinkPad T14,Core i5,Integrated,24,512,2,0.92,0.75,1,1,1,19713939,20233519,19713939,0.356,1,26725596,24000000,1,62.4,22480866.0,2766927.0,1
REQ-2026-00308,Medical Staff,Director,67,29,0.41,0,1,1,Lenovo,ThinkPad P16,Core i9,RTX A2000,32,1024,4,0.9,0.25,1,0,21,42061061,35847983,883282281,0.358,1,2008474691,41800000,1,49.3,43433764.0,1372703.0,1
REQ-2026-00309,Medical Staff,Staff,39,35,1.81,0,1,0,Apple,MacBook Air 13,M3,Apple GPU,16,256,2,0.95,1.0,1,0,19,20986516,20498076,398743804,0.317,1,598828207,16500000,1,36.5,25699501.0,4712985.0,1
REQ-2026-00310,Design,Senior,80,34,0.05,1,0,0,HP,ProBook 445,Ryzen 5,Radeon,8,1536,1,0.6,0.7,1,0,17,18821526,16337682,319965942,0.426,1,2826530346,30000000,0,41.6,20437497.0,1615971.0,1
REQ-2026-00311,Medical Staff,Senior,64,21,0.68,0,1,1,Lenovo,ThinkPad T14,Core i5,Integrated,16,512,2,0.92,0.75,3,0,9,21305214,19401145,191746926,0.264,1,905779017,22000000,1,75.1,22811856.0,1506642.0,1
REQ-2026-00312,Sales,Director,61,70,1.98,2,0,0,HP,ProBook 445,Ryzen 5,Radeon,24,512,1,0.6,0.7,1,1,8,14993064,16229576,119944512,0.279,0,355792393,34200000,1,38.4,19505245.0,4512181.0,1
REQ-2026-00313,IT,Staff,216,21,0.9,2,0,0,HP,ZBook Firefly,Core i7,RTX A500,40,1024,3,0.8,0.6,1,0,9,32459887,30007746,292138983,0.4,1,61153187,24000000,1,48.1,33853956.0,1394069.0,0
REQ-2026-00314,IT,Staff,39,26,0.79,0,1,0,Apple,MacBook Pro 14,M3 Pro,Apple GPU,18,1536,4,0.95,0.85,1,0,19,35605708,34568532,676508452,0.473,1,829652164,24000000,0,48.4,40325748.0,4720040.0,0
REQ-2026-00315,Medical Staff,Staff,19,29,0.54,0,0,0,Lenovo,ThinkPad P16,Core i9,RTX A2000,48,1024,4,0.9,0.25,2,0,2,45009893,41250822,90019786,0.152,1,23626050,16500000,0,73.2,47042969.0,2033076.0,0
REQ-2026-00316,Sales,Staff,11,21,7.82,2,1,1,Apple,MacBook Air 13,M3,Apple GPU,16,256,2,0.95,1.0,2,0,5,22335346,20151395,111676730,0.379,1,112490268,13500000,1,28.4,27906021.0,5570675.0,1
REQ-2026-00317,Finance,Manager,63,30,0.45,0,1,0,Apple,MacBook Air 13,M3,Apple GPU,8,256,2,0.95,1.0,1,0,19,18959678,17529630,360233882,0.272,1,581009818,27000000,1,39.7,23319499.0,4359821.0,1
REQ-2026-00318,Sales,Senior,15,38,0.94,0,0,0,Asus,Vivobook 14,Core i5,Integrated,8,1024,1,0.5,0.7,2,3,11,12773071,13158533,140503781,0.387,0,190307045,18000000,1,32.2,20440341.0,7667270.0,1
REQ-2026-00319,Sales,Staff,31,26,1.54,1,1,1,Asus,Vivobook 14,Core i5,Integrated,16,512,1,0.5,0.7,1,1,1,12409667,11273415,12409667,0.132,0,36603243,13500000,1,27.8,16851650.0,4441983.0,1
REQ-2026-00320,HR,Manager,37,10,0.08,0,1,0,HP,ZBook Firefly,Core i7,RTX A500,40,1024,3,0.8,0.6,2,0,1,37323133,32428854,37323133,0.177,1,33896537,20250000,0,54.8,38725398.0,1402265.0,0
REQ-2026-00321,Finance,Staff,9,25,1.4,0,1,0,Asus,ROG Zephyrus,Core i9,RTX 4070,40,1024,4,0.55,0.3,1,1,15,44072650,34081496,661089750,0.124,1,513873919,15000000,0,32.9,47641850.0,3569200.0,0
REQ-2026-00322,Medical Staff,Staff,7,37,3.09,1,1,1,Lenovo,ThinkPad T14,Core i5,Integrated,16,1024,2,0.92,0.75,3,1,20,27695458,21557502,553909160,0.297,1,1013202655,16500000,0,44.0,30227730.0,2532272.0,1
REQ-2026-00323,Design,Staff,33,20,1.05,1,0,0,Lenovo,IdeaPad Slim 3,Core i3,Integrated,16,768,1,0.45,0.65,1,5,14,12059693,11880723,168835702,0.491,0,297014930,22500000,0,23.2,19138606.0,7078913.0,1
REQ-2026-00324,Design,Senior,12,50,0.25,1,0,0,Apple,MacBook Air 13,M3,Apple GPU,8,256,2,0.95,1.0,3,0,5,22164814,20922972,110824070,0.171,1,356385103,30000000,0,46.4,26708479.0,4543665.0,1
REQ-2026-00325,Finance,Staff,26,17,1.16,0,1,0,Apple,MacBook Air 13,M3,Apple GPU,8,1280,2,0.95,1.0,2,2,1,25026017,21881682,25026017,0.274,0,11974301,15000000,0,62.5,32563830.0,7537813.0,0
REQ-2026-00326,IT,Staff,18,16,1.23,0,1,0,Asus,Vivobook 14,Core i5,Integrated,8,512,1,0.5,0.7,2,1,3,9520206,11514640,28560618,0.025,1,71229234,24000000,0,50.7,12574281.0,3054075.0,1
REQ-2026-00327,HR,Manager,19,57,0.34,1,0,0,Apple,MacBook Pro 14,M3 Pro,Apple GPU,34,1024,4,0.95,0.85,3,0,3,37254402,36751768,111763206,0.358,1,57140923,20250000,0,42.6,42003819.0,4749417.0,0
REQ-2026-00328,Finance,Staff,109,35,0.83,0,1,0,Asus,ExpertBook B9,Core i7,Iris Xe,32,1024,2,0.8,0.95,2,1,2,30486195,29236817,60972390,0.21,0,83631494,15000000,1,52.7,33503023.0,3016828.0,0
REQ-2026-00329,Medical Staff,Senior,53,35,1.32,1,0,0,Dell,Latitude 7450,Core i7,Integrated,16,1024,2,0.85,0.85,2,1,16,28609899,25310747,457758384,0.17,0,1547023434,22000000,0,60.0,31639809.0,3029910.0,1
REQ-2026-00330,IT,Manager,28,25,1.57,0,0,0,Dell,Inspiron 15,Core i5,Integrated,16,1024,1,0.5,0.6,1,2,9,15218396,12606352,136965564,0.11,1,794625546,43200000,0,27.5,22178371.0,6959975.0,1
REQ-2026-00331,Design,Manager,21,92,1.12,0,0,1,Apple,MacBook Pro 14,M3 Pro,Apple GPU,18,512,4,0.95,0.85,1,0,10,27638470,31653557,276384700,0.288,0,1309115922,40500000,1,38.8,31787152.0,4148682.0,1
REQ-2026-00332,Finance,Director,44,38,0.41,0,1,0,Lenovo,ThinkPad P16,Core i9,RTX A2000,32,1024,4,0.9,0.25,3,1,15,42759255,37999315,641388825,0.496,1,548347719,38000000,0,39.1,47294045.0,4534790.0,0
REQ-2026-00333,Design,Director,57,16,0.13,1,0,0,Apple,MacBook Pro 14,M3 Pro,Apple GPU,26,1024,4,0.95,0.85,2,1,7,35227927,38294038,246595489,0.327,0,810719758,57000000,0,39.6,41946273.0,6718346.0,1
REQ-2026-00334,Finance,Staff,33,33,0.6,0,1,0,Asus,ExpertBook B9,Core i7,Iris Xe,16,1024,2,0.8,0.95,1,0,16,29574101,24860971,473185616,0.459,1,138725645,15000000,1,65.9,31235404.0,1661303.0,0
REQ-2026-00335,Medical Staff,Staff,111,43,1.46,0,0,1,HP,ZBook Firefly,Core i7,RTX A500,32,1024,3,0.8,0.6,3,1,7,31309309,31186295,219165163,0.241,0,839330226,16500000,1,47.5,33657083.0,2347774.0,0
REQ-2026-00336,Finance,Staff,25,25,0.55,2,0,0,HP,ZBook Firefly,Core i7,RTX A500,32,2048,3,0.8,0.6,2,0,5,40808871,32797809,204044355,0.392,1,166580620,15000000,1,31.4,42920548.0,2111677.0,0
REQ-2026-00337,Finance,Manager,77,26,0.24,0,0,0,Lenovo,ThinkPad T14,Core i5,Integrated,16,512,2,0.92,0.75,2,0,8,21480124,18521283,171840992,0.379,1,732260490,27000000,1,44.1,22993826.0,1513702.0,1
REQ-2026-00338,Design,Manager,58,25,0.09,0,0,0,Asus,ROG Zephyrus,Core i9,RTX 4070,32,1024,4,0.55,0.3,1,1,18,40307323,32137297,725531814,0.073,1,1703518604,40500000,1,35.1,43876302.0,3568979.0,1
REQ-2026-00339,Sales,Staff,106,39,2.54,0,1,0,Dell,Latitude 7450,Core i7,Integrated,16,512,2,0.85,0.85,1,1,6,20485894,21295363,122915364,0.671,1,178216694,13500000,1,50.5,22895272.0,2409378.0,1
REQ-2026-00340,HR,Senior,29,13,0.51,0,1,0,Lenovo,ThinkPad X1,Core i7,Iris Xe,16,2048,3,0.9,0.95,3,0,10,38125558,34963338,381255580,0.189,0,487853695,15000000,1,41.6,39848782.0,1723224.0,0
REQ-2026-00341,Medical Staff,Senior,136,55,0.77,0,1,0,HP,ProBook 445,Ryzen 5,Radeon,8,1024,1,0.6,0.7,3,1,5,19215863,15768784,96079315,0.038,0,226770568,22000000,0,45.4,22014424.0,2798561.0,1
REQ-2026-00342,HR,Staff,38,29,0.06,0,0,0,Lenovo,IdeaPad Slim 3,Core i3,Integrated,16,1280,1,0.45,0.65,2,3,10,16040835,15904563,160408350,0.261,1,214634717,11250000,1,39.0,21812128.0,5771293.0,1
REQ-2026-00343,Finance,Senior,7,46,0.68,1,1,0,Lenovo,ThinkPad X1,Core i7,Iris Xe,24,1024,3,0.9,0.95,1,0,2,27940652,28615582,55881304,0.574,0,72108743,20000000,1,51.7,29582105.0,1641453.0,0
REQ-2026-00344,Finance,Staff,21,43,0.92,1,1,0,Apple,MacBook Pro 14,M3 Pro,Apple GPU,18,1024,4,0.95,0.85,3,0,17,36028740,36781943,612488580,0.257,1,420933636,15000000,0,67.2,40553855.0,4525115.0,1
REQ-2026-00345,IT,Manager,29,37,0.6,2,0,0,Asus,ExpertBook B9,Core i7,Iris Xe,16,1024,2,0.8,0.95,1,2,4,27276707,23405533,109106828,0.503,0,130114455,43200000,1,40.1,32379116.0,5102409.0,1
REQ-2026-00346,HR,Manager,56,29,2.15,1,1,1,Dell,Latitude 7450,Core i7,Integrated,16,1024,2,0.85,0.85,1,0,12,26837906,23862951,322054872,0.352,1,387034382,20250000,1,36.9,28429418.0,1591512.0,1
REQ-2026-00347,Design,Senior,180,1,0.52,0,0,0,Dell,Latitude 7450,Core i7,Integrated,16,512,2,0.85,0.85,2,0,16,23888624,21615784,382217984,0.195,0,835455407,30000000,1,46.1,25217369.0,1328745.0,1
REQ-2026-00348,Design,Staff,30,28,0.15,0,0,0,Lenovo,ThinkPad X1,Core i7,Iris Xe,24,2048,3,0.9,0.95,3,0,14,42560265,34425127,595843710,0.595,0,592253537,22500000,1,78.8,44299833.0,1739568.0,0
REQ-2026-00349,HR,Staff,98,39,0.98,1,0,0,Lenovo,ThinkPad P16,Core i9,RTX A2000,32,1536,4,0.9,0.25,1,3,19,40884896,37420587,776813024,0.595,1,457324692,11250000,0,49.5,46014111.0,5129215.0,0
REQ-2026-00350,Finance,Senior,5,35,0.24,2,1,0,Asus,ROG Zephyrus,Core i9,RTX 4070,32,1024,4,0.55,0.3,1,2,8,35032468,34563404,280259744,0.047,0,266835137,20000000,1,29.3,40599170.0,5566702.0,0
REQ-2026-00351,Finance,Senior,73,33,0.25,1,1,1,Apple,MacBook Air 13,M3,Apple GPU,16,256,2,0.95,1.0,1,1,18,20742226,19401860,373360068,0.093,1,925158375,20000000,0,50.5,27313488.0,6571262.0,1
REQ-2026-00352,Sales,Senior,41,59,0.58,1,0,0,Apple,MacBook Air 13,M3,Apple GPU,16,256,2,0.95,1.0,1,2,21,18129152,19937491,380712192,0.393,1,375804036,18000000,1,43.0,26184525.0,8055373.0,1
REQ-2026-00353,Finance,Senior,78,21,0.38,1,0,0,Lenovo,ThinkPad P16,Core i9,RTX A2000,32,1024,4,0.9,0.25,1,1,13,37356998,36002607,485640974,0.395,1,280036745,20000000,1,54.6,40520754.0,3163756.0,0
REQ-2026-00354,Design,Manager,41,31,0.24,0,0,0,Asus,ROG Zephyrus,Core i9,RTX 4070,40,1024,4,0.55,0.3,1,3,11,39517474,35478517,434692214,0.168,1,266489539,40500000,1,32.8,49821591.0,10304117.0,1
REQ-2026-00355,Finance,Staff,88,35,0.1,0,1,0,Asus,ExpertBook B9,Core i7,Iris Xe,32,1024,2,0.8,0.95,2,0,11,32953300,28699619,362486300,0.305,0,778195800,15000000,0,53.7,34758894.0,1805594.0,0
REQ-2026-00356,Sales,Staff,31,34,5.97,1,0,0,Asus,ExpertBook B9,Core i7,Iris Xe,24,1024,2,0.8,0.95,3,0,4,33159632,27672486,132638528,0.485,0,108707190,13500000,1,48.0,34983623.0,1823991.0,0
REQ-2026-00357,Sales,Staff,11,30,1.14,0,1,0,Dell,Inspiron 15,Core i5,Integrated,8,1024,1,0.5,0.6,1,0,24,11319136,11365328,271659264,0.299,1,651261818,13500000,1,35.3,12860173.0,1541037.0,1
REQ-2026-00358,Design,Staff,66,30,0.42,0,0,0,Apple,MacBook Pro 14,M3 Pro,Apple GPU,18,1024,4,0.95,0.85,1,0,24,37633052,33952719,903193248,0.183,1,2852483574,22500000,1,42.7,41908249.0,4275197.0,1
REQ-2026-00359,IT,Senior,38,36,0.37,1,0,0,Asus,Vivobook 14,Core i5,Integrated,8,512,1,0.5,0.7,3,0,4,13287747,12748301,53150988,0.258,1,549489716,32000000,0,45.3,14832760.0,1545013.0,1
REQ-2026-00360,Design,Staff,61,37,0.31,0,0,0,Dell,Latitude 7450,Core i7,Integrated,16,512,2,0.85,0.85,1,1,10,20011888,21904044,200118880,0.057,0,187717610,22500000,1,36.0,23020352.0,3008464.0,1
REQ-2026-00361,IT,Manager,186,32,0.38,0,1,0,Asus,Vivobook 14,Core i5,Integrated,8,512,1,0.5,0.7,1,0,9,10989617,9935674,98906553,0.292,1,835950949,43200000,0,33.8,12997689.0,2008072.0,1
REQ-2026-00362,Finance,Senior,144,40,0.71,0,1,0,Lenovo,ThinkPad X1,Core i7,Iris Xe,24,1024,3,0.9,0.95,2,0,1,31628852,29261590,31628852,0.45,1,37262013,20000000,1,53.9,32761224.0,1132372.0,1
REQ-2026-00363,IT,Manager,59,44,0.24,0,0,1,HP,OmniBook 5,Ryzen 7,Radeon,32,1536,2,0.65,0.8,1,0,6,25599699,25451457,153598194,0.267,0,1085890817,43200000,1,50.2,27145008.0,1545309.0,1
REQ-2026-00364,Finance,Staff,15,26,0.31,0,1,0,Dell,Precision 5690,Core i9,RTX 3500,32,3072,4,0.85,0.35,2,2,24,44737512,45454873,1073700288,0.475,1,598834034,15000000,1,47.6,47905295.0,3167783.0,0
REQ-2026-00365,IT,Senior,54,30,0.99,1,1,0,Apple,MacBook Pro 14,M3 Pro,Apple GPU,18,512,4,0.95,0.85,3,1,7,34303893,32128020,240127251,0.438,0,1442134041,32000000,0,66.1,39807629.0,5503736.0,1
REQ-2026-00366,IT,Staff,46,15,0.26,0,0,0,Asus,ROG Zephyrus,Core i9,RTX 4070,32,1536,4,0.55,0.3,2,0,20,37849810,38017285,756996200,0.209,1,2287491925,24000000,1,47.1,38927157.0,1077347.0,1
REQ-2026-00367,HR,Staff,143,27,0.19,0,1,0,Asus,Vivobook 14,Core i5,Integrated,8,512,1,0.5,0.7,2,0,2,10999681,12004483,21999362,0.367,1,27655517,11250000,1,34.6,12395796.0,1396115.0,1
REQ-2026-00368,Sales,Staff,46,55,2.98,0,0,1,Lenovo,ThinkPad T14,Core i5,Integrated,16,1536,2,0.92,0.75,3,0,8,28287514,23576477,226300112,0.178,0,235354722,13500000,1,55.0,29368554.0,1081040.0,0
REQ-2026-00369,Design,Manager,35,22,0.51,0,0,0,Lenovo,ThinkPad T14,Core i5,Integrated,16,512,2,0.92,0.75,1,0,18,19552260,16604249,351940680,0.12,0,423258026,40500000,1,49.8,21458370.0,1906110.0,1
REQ-2026-00370,Medical Staff,Staff,20,49,1.99,0,1,1,Apple,MacBook Air 13,M3,Apple GPU,16,256,2,0.95,1.0,1,0,6,20391261,21306920,122347566,0.11,1,577034628,16500000,0,45.7,24460596.0,4069335.0,1
REQ-2026-00371,Design,Senior,19,21,0.45,0,0,0,Dell,Latitude 7450,Core i7,Integrated,32,1024,2,0.85,0.85,2,2,3,33523118,29496998,100569354,0.053,1,92677934,30000000,0,59.6,37865015.0,4341897.0,1
REQ-2026-00372,Sales,Staff,103,44,2.28,0,1,0,Lenovo,ThinkPad T14,Core i5,Integrated,16,1024,2,0.92,0.75,2,0,14,25520405,20480604,357285670,0.47,0,129698600,13500000,1,55.0,26823631.0,1303226.0,0
REQ-2026-00373,Medical Staff,Staff,95,34,0.49,0,1,0,Apple,MacBook Air 13,M3,Apple GPU,8,768,2,0.95,1.0,1,1,1,23692575,21797309,23692575,0.635,0,21085048,16500000,1,53.1,29031259.0,5338684.0,0
REQ-2026-00374,Sales,Senior,6,23,6.14,0,1,0,HP,ZBook Firefly,Core i7,RTX A500,40,1024,3,0.8,0.6,2,3,4,35513199,33843625,142052796,0.282,0,173964027,18000000,1,41.7,42198859.0,6685660.0,1
REQ-2026-00375,IT,Staff,16,12,2.31,1,0,0,HP,ZBook Firefly,Core i7,RTX A500,40,1024,3,0.8,0.6,1,0,1,30450907,30992236,30450907,0.301,1,50926513,24000000,1,51.5,31875137.0,1424230.0,1
REQ-2026-00376,Sales,Staff,44,25,3.76,0,1,0,Lenovo,IdeaPad Slim 3,Core i3,Integrated,24,256,1,0.45,0.65,1,1,19,14307516,12150021,271842804,0.396,1,354265489,13500000,1,29.8,17687159.0,3379643.0,1
REQ-2026-00377,HR,Senior,20,1,0.17,1,1,1,Asus,Vivobook 14,Core i5,Integrated,16,512,1,0.5,0.7,2,2,14,13763192,13768693,192684688,0.021,1,258928188,15000000,0,35.7,18331060.0,4567868.0,1
REQ-2026-00378,HR,Staff,29,23,0.62,0,0,0,Apple,MacBook Air 13,M3,Apple GPU,8,768,2,0.95,1.0,1,3,1,21833931,19016584,21833931,0.5,1,15290976,11250000,1,43.0,29400814.0,7566883.0,1
REQ-2026-00379,Finance,Staff,47,55,0.5,0,1,0,Asus,ROG Zephyrus,Core i9,RTX 4070,48,1536,4,0.55,0.3,3,0,25,40077180,40960067,1001929500,0.291,0,1675064012,15000000,1,57.5,41526487.0,1449307.0,0
REQ-2026-00380,Finance,Manager,66,36,0.73,1,1,0,Asus,Vivobook 14,Core i5,Integrated,8,512,1,0.5,0.7,1,2,1,10836790,10398411,10836790,0.32,1,29710916,27000000,1,30.5,17268458.0,6431668.0,1
REQ-2026-00381,Medical Staff,Staff,21,65,3.14,0,0,0,Lenovo,ThinkPad P16,Core i9,RTX A2000,40,1536,4,0.9,0.25,2,1,2,37399710,45059106,74799420,0.282,1,55556211,16500000,1,39.6,40275833.0,2876123.0,0
REQ-2026-00382,Sales,Senior,126,17,7.1,1,0,1,Lenovo,ThinkPad T14,Core i5,Integrated,32,1536,2,0.92,0.75,1,0,1,26050964,24690919,26050964,0.54,0,126600693,18000000,1,40.7,27141526.0,1090562.0,1
REQ-2026-00383,IT,Staff,59,17,0.41,0,1,0,Asus,ExpertBook B9,Core i7,Iris Xe,24,1024,2,0.8,0.95,1,2,13,30842693,26484880,400955009,0.046,0,627775095,24000000,0,38.8,35736130.0,4893437.0,1
REQ-2026-00384,IT,Staff,45,39,0.5,0,0,0,Asus,ROG Zephyrus,Core i9,RTX 4070,32,1024,4,0.55,0.3,1,1,13,38222267,33634126,496889471,0.252,1,448466978,24000000,1,40.5,40657695.0,2435428.0,1
REQ-2026-00385,Medical Staff,Senior,41,43,2.12,2,1,1,Dell,Precision 5690,Core i9,RTX 3500,32,2048,4,0.85,0.35,2,2,6,41206831,43952647,247240986,0.375,0,203196333,22000000,0,52.5,45732845.0,4526014.0,0
REQ-2026-00386,Finance,Senior,27,43,0.44,0,1,1,Apple,MacBook Air 13,M3,Apple GPU,16,256,2,0.95,1.0,2,1,3,22116176,21913345,66348528,0.494,0,39730854,20000000,1,39.9,28538233.0,6422057.0,0
REQ-2026-00387,HR,Senior,109,48,0.3,1,1,0,Asus,ExpertBook B9,Core i7,Iris Xe,16,1536,2,0.8,0.95,1,0,3,28093140,26935036,84279420,0.572,0,26884999,15000000,1,45.2,29738353.0,1645213.0,0
REQ-2026-00388,Finance,Director,41,50,0.69,0,1,0,Lenovo,ThinkPad T14,Core i5,Integrated,24,1024,2,0.92,0.75,1,0,14,21040076,20514203,294561064,0.645,0,1183758832,38000000,0,64.8,22407807.0,1367731.0,1
REQ-2026-00389,Sales,Director,25,69,8.3,0,1,0,HP,ZBook Firefly,Core i7,RTX A500,32,1536,3,0.8,0.6,2,3,14,34723076,32355827,486123064,0.628,0,816857938,34200000,1,43.4,46569103.0,11846027.0,1
REQ-2026-00390,Medical Staff,Senior,67,37,1.72,2,0,1,Apple,MacBook Pro 14,M3 Pro,Apple GPU,18,1024,4,0.95,0.85,3,3,18,44082936,34546066,793492848,0.315,0,788980862,22000000,1,48.7,52874545.0,8791609.0,0
REQ-2026-00391,IT,Staff,14,42,0.37,1,1,0,Dell,Precision 5690,Core i9,RTX 3500,32,2048,4,0.85,0.35,3,0,5,37112686,45369641,185563430,0.104,0,134327733,24000000,1,42.1,38372382.0,1259696.0,1
REQ-2026-00392,Design,Staff,43,35,1.25,0,0,0,Dell,Latitude 7450,Core i7,Integrated,24,512,2,0.85,0.85,1,1,4,22253996,23405283,89015984,0.466,1,261115472,22500000,1,47.6,25453190.0,3199194.0,1
REQ-2026-00393,Sales,Senior,42,2,4.49,1,0,0,HP,OmniBook 5,Ryzen 7,Radeon,32,512,2,0.65,0.8,2,2,6,22470822,21770936,134824932,0.097,1,131158752,18000000,1,44.5,26253839.0,3783017.0,1
REQ-2026-00394,Medical Staff,Senior,96,29,3.0,2,1,0,Lenovo,IdeaPad Slim 3,Core i3,Integrated,16,768,1,0.45,0.65,1,2,18,13162633,12002727,236927394,0.689,1,886497555,22000000,1,23.8,20369009.0,7206376.0,1
REQ-2026-00395,Sales,Staff,60,19,9.85,0,0,0,Asus,Vivobook 14,Core i5,Integrated,16,512,1,0.5,0.7,2,3,10,13299825,13211601,132998250,0.277,1,218689891,13500000,1,25.8,19233498.0,5933673.0,1
REQ-2026-00396,Design,Staff,51,39,0.49,0,0,0,Dell,Inspiron 15,Core i5,Integrated,16,1536,1,0.5,0.6,1,0,1,17626131,14706473,17626131,0.213,0,54071487,22500000,0,36.3,18947814.0,1321683.0,1
REQ-2026-00397,Finance,Manager,3,4,1.06,1,1,0,Dell,Inspiron 15,Core i5,Integrated,16,512,1,0.5,0.6,2,3,19,11524381,12342897,218963239,0.357,1,2573032455,27000000,1,43.7,18295807.0,6771426.0,1
REQ-2026-00398,Finance,Manager,39,28,0.35,1,1,0,Asus,ROG Zephyrus,Core i9,RTX 4070,32,2048,4,0.55,0.3,1,3,16,40888814,38692527,654221024,0.257,1,1332300691,27000000,0,35.2,48734109.0,7845295.0,1
REQ-2026-00399,Sales,Senior,52,21,5.83,1,1,0,Dell,Precision 5690,Core i9,RTX 3500,32,2560,4,0.85,0.35,2,2,10,43890291,43743444,438902910,0.085,1,198558393,18000000,0,60.2,50040371.0,6150080.0,0
REQ-2026-00400,Medical Staff,Senior,108,32,0.72,2,1,0,Asus,ExpertBook B9,Core i7,Iris Xe,16,1536,2,0.8,0.95,1,0,14,29912987,26995836,418781818,0.3,0,953233166,22000000,1,37.9,31228598.0,1315611.0,1
REQ-2026-00401,Finance,Manager,23,31,0.39,1,0,0,Dell,Latitude 7450,Core i7,Integrated,32,512,2,0.85,0.85,2,1,13,26057744,25534065,338750672,0.438,1,460009559,27000000,1,39.2,29234001.0,3176257.0,1
REQ-2026-00402,Medical Staff,Staff,16,41,0.42,4,1,0,Dell,Inspiron 15,Core i5,Integrated,8,512,1,0.5,0.6,2,0,10,12480312,9761146,124803120,0.219,0,266740843,16500000,1,33.3,14432486.0,1952174.0,1
REQ-2026-00403,Medical Staff,Senior,18,14,2.43,0,1,0,Asus,ExpertBook B9,Core i7,Iris Xe,24,1536,2,0.8,0.95,2,0,10,31636268,29289618,316362680,0.569,0,178121944,22000000,0,41.6,33291183.0,1654915.0,0
REQ-2026-00404,HR,Staff,45,34,0.44,0,1,0,Lenovo,IdeaPad Slim 3,Core i3,Integrated,8,256,1,0.45,0.65,1,1,21,9501523,7513777,199531983,0.474,0,804369251,11250000,1,34.7,12904971.0,3403448.0,1
REQ-2026-00405,Medical Staff,Staff,55,33,1.55,1,1,0,Asus,ExpertBook B9,Core i7,Iris Xe,16,1024,2,0.8,0.95,2,0,18,17556557,26358743,316018026,0.469,0,986863247,16500000,1,67.1,19639235.0,2082678.0,1
REQ-2026-00406,IT,Manager,31,37,0.89,0,0,0,HP,OmniBook 5,Ryzen 7,Radeon,16,1024,2,0.65,0.8,1,2,2,19401000,18542882,38802000,0.285,0,282877819,43200000,1,24.7,26297719.0,6896719.0,1
REQ-2026-00407,Medical Staff,Staff,19,38,1.35,1,0,0,Apple,MacBook Pro 14,M3 Pro,Apple GPU,34,512,4,0.95,0.85,3,0,21,43027351,37018986,903574371,0.544,1,1120256653,16500000,0,53.2,48054926.0,5027575.0,0
REQ-2026-00408,Design,Senior,17,45,0.39,0,0,0,Asus,ExpertBook B9,Core i7,Iris Xe,24,1024,2,0.8,0.95,1,2,13,24356384,24498652,316632992,0.125,0,746346534,30000000,0,56.7,29640580.0,5284196.0,1
REQ-2026-00409,IT,Staff,23,34,0.4,0,1,1,Lenovo,ThinkPad X1,Core i7,Iris Xe,16,1536,3,0.9,0.95,2,0,25,32356647,29890468,808916175,0.271,1,458011387,24000000,1,25.0,35236305.0,2879658.0,1
REQ-2026-00410,Finance,Director,94,44,0.1,0,1,1,Apple,MacBook Air 13,M3,Apple GPU,8,256,2,0.95,1.0,1,1,12,19375816,17486881,232509792,0.162,0,1484770959,38000000,1,45.0,25690609.0,6314793.0,1
REQ-2026-00411,Medical Staff,Manager,14,44,1.98,0,1,1,Lenovo,ThinkPad T14,Core i5,Integrated,24,512,2,0.92,0.75,3,1,21,22557405,21308597,473705505,0.389,0,1387739787,29700000,1,46.2,25759505.0,3202100.0,1
REQ-2026-00412,Design,Staff,20,31,0.88,0,0,0,Asus,ExpertBook B9,Core i7,Iris Xe,16,2048,2,0.8,0.95,2,2,10,30247184,29395575,302471840,0.452,0,266129722,22500000,0,54.6,34521154.0,4273970.0,1
REQ-2026-00413,Design,Director,17,27,0.79,0,0,1,HP,ZBook Firefly,Core i7,RTX A500,32,1024,3,0.8,0.6,2,1,5,31141867,29090435,155709335,0.131,1,479496203,57000000,0,76.5,35263820.0,4121953.0,1
REQ-2026-00414,HR,Director,71,27,0.42,2,0,0,HP,ZBook Firefly,Core i7,RTX A500,32,1024,3,0.8,0.6,1,1,4,33193128,29313293,132772512,0.237,1,229320986,28500000,1,31.9,37862191.0,4669063.0,1
REQ-2026-00415,Finance,Staff,23,39,0.62,1,1,0,HP,ProBook 445,Ryzen 5,Radeon,8,1024,1,0.6,0.7,1,0,11,14004500,13772709,154049500,0.235,0,462524437,15000000,1,29.8,16712955.0,2708455.0,1
REQ-2026-00416,Sales,Senior,18,4,0.76,0,1,0,Lenovo,ThinkPad T14,Core i5,Integrated,16,512,2,0.92,0.75,3,0,22,20199914,19208023,444398108,0.404,0,595892659,18000000,1,85.9,21590657.0,1390743.0,1
REQ-2026-00417,Design,Staff,20,20,0.08,0,0,0,Apple,MacBook Air 13,M3,Apple GPU,16,768,2,0.95,1.0,2,0,16,25057529,22249282,400920464,0.154,1,456539438,22500000,0,54.9,29227180.0,4169651.0,1
REQ-2026-00418,HR,Staff,25,26,1.13,0,0,0,HP,ZBook Firefly,Core i7,RTX A500,32,1536,3,0.8,0.6,2,1,4,32395045,32836071,129580180,0.221,1,102190915,11250000,0,46.6,34987385.0,2592340.0,0
REQ-2026-00419,HR,Senior,41,46,0.59,0,1,0,Lenovo,ThinkPad T14,Core i5,Integrated,32,512,2,0.92,0.75,2,2,24,25416314,22429178,609991536,0.289,0,1531742214,15000000,1,48.5,29474566.0,4058252.0,1
REQ-2026-00420,Sales,Staff,34,51,7.4,0,1,1,Apple,MacBook Air 13,M3,Apple GPU,24,256,2,0.95,1.0,1,0,15,21487432,21402735,322311480,0.391,1,228433297,13500000,0,30.2,26715001.0,5227569.0,1
REQ-2026-00421,HR,Manager,37,56,0.08,0,0,0,Apple,MacBook Pro 14,M3 Pro,Apple GPU,34,1024,4,0.95,0.85,2,1,13,38881151,37796612,505454963,0.283,1,908127175,20250000,1,64.7,45013169.0,6132018.0,1
REQ-2026-00422,IT,Manager,17,37,0.1,1,1,0,HP,ZBook Firefly,Core i7,RTX A500,48,1536,3,0.8,0.6,3,1,12,40789519,37092563,489474228,0.275,1,2469122163,43200000,1,49.7,43346929.0,2557410.0,1
REQ-2026-00423,HR,Senior,45,13,0.21,0,0,0,Asus,ROG Zephyrus,Core i9,RTX 4070,32,2048,4,0.55,0.3,2,1,4,43012880,42554142,172051520,0.239,0,96464088,15000000,0,32.1,46248372.0,3235492.0,0
REQ-2026-00424,Finance,Senior,18,46,1.67,1,1,1,HP,OmniBook 5,Ryzen 7,Radeon,16,512,2,0.65,0.8,1,2,23,15058686,16033791,346349778,0.392,1,1840149359,20000000,1,41.0,19099848.0,4041162.0,1
REQ-2026-00425,Medical Staff,Manager,5,38,2.14,0,1,0,HP,OmniBook 5,Ryzen 7,Radeon,24,1536,2,0.65,0.8,2,0,16,26644467,23999733,426311472,0.461,1,2143717048,29700000,0,40.5,28347467.0,1703000.0,1
REQ-2026-00426,Finance,Senior,56,27,0.15,0,1,0,Asus,Vivobook 14,Core i5,Integrated,16,512,1,0.5,0.7,2,0,9,13081209,13747253,117730881,0.502,1,197611308,20000000,1,21.5,16443150.0,3361941.0,1
REQ-2026-00427,Design,Senior,31,17,0.73,0,0,0,HP,ProBook 445,Ryzen 5,Radeon,8,512,1,0.6,0.7,2,0,7,13298505,12253447,93089535,0.258,1,364672826,30000000,0,42.6,14807381.0,1508876.0,1
REQ-2026-00428,Sales,Manager,26,20,7.74,1,1,1,Dell,Inspiron 15,Core i5,Integrated,8,512,1,0.5,0.6,1,5,6,9813371,9536305,58880226,0.223,1,168079197,24300000,1,21.8,20391295.0,10577924.0,1
REQ-2026-00429,Design,Senior,99,35,0.29,1,0,0,Asus,ExpertBook B9,Core i7,Iris Xe,16,1536,2,0.8,0.95,1,1,21,32204321,25561402,676290741,0.702,0,718358962,30000000,1,34.8,36235418.0,4031097.0,1
REQ-2026-00430,Finance,Manager,36,52,0.35,0,1,0,Dell,Precision 5690,Core i9,RTX 3500,32,2048,4,0.85,0.35,3,1,12,43977572,43775283,527730864,0.348,1,1490468485,27000000,1,36.2,46562010.0,2584438.0,1
REQ-2026-00431,IT,Staff,30,27,0.64,0,0,0,Asus,Vivobook 14,Core i5,Integrated,8,512,1,0.5,0.7,2,1,6,12422813,11698234,74536878,0.147,1,126591287,24000000,0,38.2,15594287.0,3171474.0,1
REQ-2026-00432,IT,Manager,72,60,0.28,0,1,0,Dell,Latitude 7450,Core i7,Integrated,24,512,2,0.85,0.85,3,1,15,25337394,26572134,380060910,0.337,1,1319902395,43200000,1,60.9,28607678.0,3270284.0,1
REQ-2026-00433,Sales,Staff,87,42,1.71,0,1,1,Lenovo,IdeaPad Slim 3,Core i3,Integrated,16,256,1,0.45,0.65,2,3,20,11353222,10742026,227064440,0.542,1,589915946,13500000,1,34.1,16303924.0,4950702.0,1
REQ-2026-00434,Finance,Manager,112,39,0.27,0,1,0,Asus,ROG Zephyrus,Core i9,RTX 4070,32,1536,4,0.55,0.3,2,2,13,36293502,37353006,471815526,0.381,1,1152740392,27000000,0,51.1,42580603.0,6287101.0,1
REQ-2026-00435,Design,Senior,25,7,0.1,1,0,0,Apple,MacBook Air 13,M3,Apple GPU,8,768,2,0.95,1.0,3,1,23,25438519,22335855,585085937,0.344,0,695711851,30000000,0,80.7,31400069.0,5961550.0,0
REQ-2026-00436,HR,Staff,35,59,0.34,2,0,0,Asus,Vivobook 14,Core i5,Integrated,8,512,1,0.5,0.7,3,1,11,12264569,12445632,134910259,0.123,1,271155941,11250000,1,31.3,15095141.0,2830572.0,1
REQ-2026-00437,Medical Staff,Staff,51,31,2.2,1,1,1,HP,OmniBook 5,Ryzen 7,Radeon,24,512,2,0.65,0.8,2,2,21,21569985,20376237,452969685,0.267,0,646033438,16500000,0,44.5,25873613.0,4303628.0,1
REQ-2026-00438,HR,Manager,96,18,0.02,0,1,0,Asus,Vivobook 14,Core i5,Integrated,8,512,1,0.5,0.7,2,3,1,10091320,11349939,10091320,0.26,0,28379200,20250000,1,53.4,20197650.0,10106330.0,1
REQ-2026-00439,Design,Senior,59,19,0.58,0,0,1,Apple,MacBook Pro 14,M3 Pro,Apple GPU,18,512,4,0.95,0.85,2,0,10,39235527,31047081,392355270,0.374,1,1085488889,30000000,1,50.2,43520233.0,4284706.0,1
REQ-2026-00440,Sales,Manager,83,47,5.46,0,1,0,Dell,Latitude 7450,Core i7,Integrated,16,512,2,0.85,0.85,2,2,2,22837677,21759421,45675354,0.235,1,329817008,24300000,1,43.0,26155086.0,3317409.0,1
REQ-2026-00441,Finance,Staff,39,44,0.67,0,1,0,Dell,Inspiron 15,Core i5,Integrated,16,512,1,0.5,0.6,2,0,5,12496579,12503251,62482895,0.148,0,172559291,15000000,1,29.1,15280185.0,2783606.0,1
REQ-2026-00442,Medical Staff,Senior,14,53,0.71,1,1,0,Lenovo,IdeaPad Slim 3,Core i3,Integrated,16,1280,1,0.45,0.65,1,0,8,17523049,13611878,140184392,0.527,0,329520321,22000000,1,29.9,20192828.0,2669779.0,1
REQ-2026-00443,Finance,Staff,37,33,0.37,1,0,0,HP,ZBook Firefly,Core i7,RTX A500,32,1536,3,0.8,0.6,1,0,14,32146967,30934580,450057538,0.46,1,209410310,15000000,0,38.8,33633428.0,1486461.0,0
REQ-2026-00444,Medical Staff,Staff,18,69,1.1,0,1,1,HP,ProBook 445,Ryzen 5,Radeon,8,1024,1,0.6,0.7,1,4,7,14627708,13369163,102393956,0.092,1,209815090,16500000,0,37.7,20367282.0,5739574.0,1
REQ-2026-00445,Sales,Director,116,38,8.36,0,0,0,Dell,Latitude 7450,Core i7,Integrated,16,1024,2,0.85,0.85,1,2,5,27402711,22380081,137013555,0.227,0,279222850,34200000,1,43.7,33718829.0,6316118.0,1
REQ-2026-00446,Design,Senior,31,45,0.44,1,0,0,Dell,Inspiron 15,Core i5,Integrated,16,512,1,0.5,0.6,1,2,3,10705837,11392724,32117511,0.227,1,150073225,30000000,0,29.2,15834884.0,5129047.0,1
REQ-2026-00447,IT,Senior,85,25,1.66,1,1,0,Asus,ROG Zephyrus,Core i9,RTX 4070,48,1536,4,0.55,0.3,1,2,5,42074605,40267021,210373025,0.401,1,370378434,32000000,0,28.0,48532911.0,6458306.0,1
REQ-2026-00448,IT,Staff,108,48,0.96,2,0,0,HP,ProBook 445,Ryzen 5,Radeon,8,512,1,0.6,0.7,1,0,21,9897428,12235476,207845988,0.32,1,472848907,24000000,0,27.5,13251474.0,3354046.0,1
REQ-2026-00449,Finance,Staff,54,26,0.68,0,1,0,Asus,ExpertBook B9,Core i7,Iris Xe,16,1024,2,0.8,0.95,3,0,19,28018769,25284653,532356611,0.271,0,764896403,15000000,1,57.1,29291885.0,1273116.0,1
REQ-2026-00450,Medical Staff,Senior,79,55,1.2,0,1,0,Lenovo,ThinkPad T14,Core i5,Integrated,16,1536,2,0.92,0.75,1,0,24,19844146,21323665,476259504,0.61,1,1604855187,22000000,1,56.1,21366586.0,1522440.0,1
REQ-2026-00451,Design,Staff,50,61,0.85,0,0,0,Dell,Inspiron 15,Core i5,Integrated,8,1024,1,0.5,0.6,3,1,5,13669056,13429645,68345280,0.064,1,44203884,22500000,0,51.3,16138962.0,2469906.0,1
REQ-2026-00452,Finance,Staff,54,43,1.21,0,1,1,Lenovo,ThinkPad P16,Core i9,RTX A2000,32,2048,4,0.9,0.25,1,1,9,41218236,39718793,370964124,0.635,1,244710453,15000000,0,47.1,44107240.0,2889004.0,0
REQ-2026-00453,Design,Director,52,19,1.21,0,0,0,Dell,Latitude 7450,Core i7,Integrated,16,1536,2,0.85,0.85,2,2,24,28417338,26121221,682016112,0.445,1,932922893,57000000,1,59.8,35392402.0,6975064.0,1
REQ-2026-00454,HR,Manager,34,33,0.42,0,1,0,Lenovo,IdeaPad Slim 3,Core i3,Integrated,16,1280,1,0.45,0.65,2,2,2,17477795,15581907,34955590,0.273,1,38648826,20250000,1,25.4,24531393.0,7053598.0,1
REQ-2026-00455,IT,Staff,120,39,0.55,1,0,1,Lenovo,ThinkPad P16,Core i9,RTX A2000,32,1024,4,0.9,0.25,2,2,14,38073107,37584461,533023498,0.095,1,363878517,24000000,1,53.3,42534382.0,4461275.0,0
REQ-2026-00456,Design,Staff,48,35,0.55,2,0,0,Lenovo,ThinkPad X1,Core i7,Iris Xe,24,1024,3,0.9,0.95,2,0,11,29772030,31612857,327492330,0.231,1,452021940,22500000,1,52.7,30979127.0,1207097.0,1
REQ-2026-00457,Sales,Staff,24,29,2.94,1,1,0,HP,ZBook Firefly,Core i7,RTX A500,40,1024,3,0.8,0.6,2,2,8,33065202,32804996,264521616,0.083,1,181850990,13500000,1,36.3,37510078.0,4444876.0,0
REQ-2026-00458,Design,Staff,53,30,0.55,1,0,0,Dell,Latitude 7450,Core i7,Integrated,32,512,2,0.85,0.85,1,0,4,29855586,24689774,119422344,0.135,1,340200382,22500000,1,53.4,31661279.0,1805693.0,1
REQ-2026-00459,HR,Senior,175,14,0.42,0,0,1,HP,ProBook 445,Ryzen 5,Radeon,8,512,1,0.6,0.7,3,1,18,13281677,12910686,239070186,0.286,1,445369887,15000000,1,41.8,16408502.0,3126825.0,1
REQ-2026-00460,HR,Senior,34,44,0.37,0,1,0,Apple,MacBook Pro 14,M3 Pro,Apple GPU,18,512,4,0.95,0.85,2,2,19,32695287,32777573,621210453,0.485,1,465049591,15000000,1,69.6,41257126.0,8561839.0,0
REQ-2026-00461,Design,Staff,5,19,0.57,0,0,0,Apple,MacBook Pro 14,M3 Pro,Apple GPU,34,512,4,0.95,0.85,1,2,22,35527462,34688328,781604164,0.559,0,631342793,22500000,1,40.6,43102895.0,7575433.0,0
REQ-2026-00462,Sales,Manager,12,25,4.85,0,0,0,Dell,Latitude 7450,Core i7,Integrated,16,512,2,0.85,0.85,1,0,21,25507851,21501350,535664871,0.28,1,1539906826,24300000,1,40.5,26730974.0,1223123.0,1
REQ-2026-00463,Medical Staff,Staff,55,40,0.27,0,1,0,HP,ProBook 445,Ryzen 5,Radeon,16,512,1,0.6,0.7,3,0,16,18024266,16543052,288388256,0.761,1,428682413,16500000,0,53.5,19114520.0,1090254.0,1
REQ-2026-00464,Design,Staff,36,52,0.06,2,0,0,Lenovo,ThinkPad T14,Core i5,Integrated,32,1024,2,0.92,0.75,1,0,23,26196374,24738921,602516602,0.393,1,1170615430,22500000,1,54.6,27914139.0,1717765.0,1
REQ-2026-00465,Medical Staff,Staff,11,32,0.48,2,1,0,Lenovo,IdeaPad Slim 3,Core i3,Integrated,16,768,1,0.45,0.65,3,0,16,16287171,13711040,260594736,0.215,0,519255630,16500000,0,39.9,17728547.0,1441376.0,1
REQ-2026-00466,Finance,Staff,37,32,1.32,1,1,0,Asus,ExpertBook B9,Core i7,Iris Xe,24,1024,2,0.8,0.95,3,0,19,31202468,29273497,592846892,0.246,1,718047161,15000000,1,41.9,32760538.0,1558070.0,0
REQ-2026-00467,Design,Staff,29,60,1.45,0,0,0,Lenovo,ThinkPad X1,Core i7,Iris Xe,16,1024,3,0.9,0.95,1,0,15,30614339,27018876,459215085,0.613,0,344253498,22500000,1,35.8,31847786.0,1233447.0,1
REQ-2026-00468,Design,Staff,90,24,0.32,0,0,0,Apple,MacBook Pro 14,M3 Pro,Apple GPU,18,512,4,0.95,0.85,2,1,18,36357289,31643075,654431202,0.363,1,562059129,22500000,1,81.3,42513704.0,6156415.0,1
REQ-2026-00469,Finance,Senior,73,17,1.56,1,1,0,Lenovo,IdeaPad Slim 3,Core i3,Integrated,8,256,1,0.45,0.65,1,0,11,8676642,7772802,95443062,0.053,1,292434574,20000000,1,28.3,11796693.0,3120051.0,1
REQ-2026-00470,IT,Senior,14,30,1.25,2,0,0,Asus,ExpertBook B9,Core i7,Iris Xe,16,1024,2,0.8,0.95,2,0,25,26033534,25520828,650838350,0.252,1,1408996144,32000000,1,35.6,27817706.0,1784172.0,1
REQ-2026-00471,HR,Staff,91,50,0.19,1,0,0,HP,ProBook 445,Ryzen 5,Radeon,8,512,1,0.6,0.7,2,0,2,13176342,12410521,26352684,0.363,0,52697049,11250000,1,46.7,14684272.0,1507930.0,0
REQ-2026-00472,Medical Staff,Senior,70,38,1.9,2,1,0,Apple,MacBook Air 13,M3,Apple GPU,8,256,2,0.95,1.0,2,1,18,20905852,19138760,376305336,0.433,0,759168018,22000000,1,39.0,26708180.0,5802328.0,1
REQ-2026-00473,HR,Staff,60,27,0.74,2,1,0,Apple,MacBook Pro 14,M3 Pro,Apple GPU,18,512,4,0.95,0.85,2,3,22,39709788,33410882,873615336,0.268,1,941068632,11250000,0,40.0,45597770.0,5887982.0,0
REQ-2026-00474,HR,Staff,98,48,0.89,1,1,1,Lenovo,ThinkPad T14,Core i5,Integrated,24,1024,2,0.92,0.75,1,0,3,23257573,20967105,69772719,0.199,1,40719751,11250000,1,38.8,24557906.0,1300333.0,0
REQ-2026-00475,IT,Senior,18,39,2.15,0,1,0,Lenovo,IdeaPad Slim 3,Core i3,Integrated,8,256,1,0.45,0.65,1,2,20,7515796,7336300,150315920,0.169,0,1164614206,32000000,0,34.2,12598529.0,5082733.0,1
REQ-2026-00476,Design,Staff,34,54,0.86,0,0,0,HP,ZBook Firefly,Core i7,RTX A500,32,2048,3,0.8,0.6,3,1,21,38894580,37020410,816786180,0.096,0,806258328,22500000,1,62.9,41732936.0,2838356.0,1
REQ-2026-00477,IT,Staff,44,27,1.35,1,0,1,Lenovo,ThinkPad P16,Core i9,RTX A2000,40,1024,4,0.9,0.25,3,1,5,47427197,40522265,237135985,0.386,1,215544919,24000000,0,67.9,50479442.0,3052245.0,0
REQ-2026-00478,Sales,Senior,37,43,3.43,0,1,0,Lenovo,ThinkPad T14,Core i5,Integrated,16,512,2,0.92,0.75,1,1,12,18740146,17759838,224881752,0.191,1,388652245,18000000,1,53.8,21534205.0,2794059.0,1
REQ-2026-00479,Finance,Senior,11,33,0.22,0,1,0,Lenovo,ThinkPad P16,Core i9,RTX A2000,32,1024,4,0.9,0.25,1,0,25,37304765,37241503,932619125,0.29,0,1162416593,20000000,1,46.1,38755762.0,1450997.0,1
REQ-2026-00480,IT,Senior,50,28,0.64,0,0,0,Apple,MacBook Air 13,M3,Apple GPU,8,256,2,0.95,1.0,3,1,1,22488725,19569214,22488725,0.336,1,30473162,32000000,1,63.5,28768676.0,6279951.0,1
REQ-2026-00481,Sales,Senior,8,3,8.4,0,1,0,Dell,Latitude 7450,Core i7,Integrated,24,1024,2,0.85,0.85,1,2,23,25806182,25633079,593542186,0.023,0,232262049,18000000,1,35.7,30233403.0,4427221.0,0
REQ-2026-00482,IT,Staff,28,38,0.42,1,1,1,Dell,Inspiron 15,Core i5,Integrated,8,1024,1,0.5,0.6,2,1,8,13067526,12287697,104540208,0.246,1,657120804,24000000,0,37.0,15898274.0,2830748.0,1
REQ-2026-00483,IT,Senior,20,19,0.54,0,0,1,Dell,Inspiron 15,Core i5,Integrated,24,512,1,0.5,0.6,1,1,18,13300330,12878187,239405940,0.281,1,827719580,32000000,0,37.0,16438310.0,3137980.0,1
REQ-2026-00484,HR,Manager,29,15,0.36,1,0,0,Apple,MacBook Air 13,M3,Apple GPU,16,1280,2,0.95,1.0,1,0,8,25157901,24068835,201263208,0.248,1,614395395,20250000,1,61.0,29148542.0,3990641.0,1
REQ-2026-00485,Sales,Staff,110,32,14.86,1,1,0,Asus,ExpertBook B9,Core i7,Iris Xe,16,1536,2,0.8,0.95,2,3,17,28956475,26610905,492260075,0.733,1,306073090,13500000,1,36.8,35398025.0,6441550.0,0
REQ-2026-00486,Design,Staff,81,44,0.4,1,0,0,Apple,MacBook Pro 14,M3 Pro,Apple GPU,18,512,4,0.95,0.85,1,0,13,33455701,30424711,434924113,0.076,1,302356823,22500000,1,33.5,38738695.0,5282994.0,1
REQ-2026-00487,HR,Manager,29,32,0.78,1,0,1,Asus,ROG Zephyrus,Core i9,RTX 4070,32,1024,4,0.55,0.3,2,1,1,38795021,33810450,38795021,0.264,1,12949421,20250000,0,36.9,43139926.0,4344905.0,0
REQ-2026-00488,Medical Staff,Manager,26,42,2.27,0,0,1,HP,ZBook Firefly,Core i7,RTX A500,40,1024,3,0.8,0.6,1,1,13,26014816,31122293,338192608,0.302,0,532602230,29700000,1,39.0,29810415.0,3795599.0,1
REQ-2026-00489,Design,Manager,103,24,2.5,0,0,0,HP,OmniBook 5,Ryzen 7,Radeon,24,512,2,0.65,0.8,2,2,16,21237779,19817902,339804464,0.247,1,2225940271,40500000,1,52.9,25417201.0,4179422.0,1
REQ-2026-00490,Sales,Director,34,42,3.69,0,1,0,Lenovo,ThinkPad X1,Core i7,Iris Xe,16,1536,3,0.9,0.95,3,0,21,37538689,33634345,788312469,0.51,1,464970249,34200000,1,43.9,38402056.0,863367.0,0
REQ-2026-00491,IT,Staff,23,37,0.63,0,0,0,Asus,Vivobook 14,Core i5,Integrated,24,512,1,0.5,0.7,1,0,21,12891482,13620718,270721122,0.484,1,679084944,24000000,0,34.2,14637363.0,1745881.0,1
REQ-2026-00492,Finance,Senior,49,39,0.43,0,0,0,Asus,Vivobook 14,Core i5,Integrated,16,512,1,0.5,0.7,1,0,9,11566991,11742605,104102919,0.569,1,435854694,20000000,1,34.9,13394784.0,1827793.0,1
REQ-2026-00493,Finance,Director,33,49,0.32,0,1,0,Dell,Inspiron 15,Core i5,Integrated,16,1536,1,0.5,0.6,3,3,10,20147933,17049882,201479330,0.489,0,1336578526,38000000,1,45.7,30117143.0,9969210.0,1
REQ-2026-00494,IT,Staff,69,47,0.56,0,0,0,Lenovo,ThinkPad T14,Core i5,Integrated,24,512,2,0.92,0.75,1,0,25,19338164,20315238,483454100,0.241,1,815480616,24000000,1,54.5,20887211.0,1549047.0,1
REQ-2026-00495,Sales,Senior,22,12,1.75,1,0,0,Lenovo,ThinkPad T14,Core i5,Integrated,16,512,2,0.92,0.75,1,1,15,20252952,17839655,303794280,0.516,0,1842400650,18000000,1,45.8,23031031.0,2778079.0,1
REQ-2026-00496,Finance,Senior,42,16,2.22,0,1,0,Apple,MacBook Pro 14,M3 Pro,Apple GPU,18,1024,4,0.95,0.85,2,1,14,34351241,34301552,480917374,0.206,1,429010353,20000000,0,45.4,40890312.0,6539071.0,0
REQ-2026-00497,Sales,Staff,45,24,10.28,0,0,0,Asus,Vivobook 14,Core i5,Integrated,8,1024,1,0.5,0.7,1,2,20,12158190,11780421,243163800,0.153,0,1093237761,13500000,1,20.6,20639465.0,8481275.0,1
REQ-2026-00498,Finance,Staff,76,20,2.11,3,1,0,Apple,MacBook Pro 14,M3 Pro,Apple GPU,26,1024,4,0.95,0.85,1,1,14,36394779,34393916,509526906,0.312,1,879974041,15000000,0,29.4,43267143.0,6872364.0,0
REQ-2026-00499,IT,Staff,92,61,1.06,0,0,0,Apple,MacBook Pro 14,M3 Pro,Apple GPU,18,512,4,0.95,0.85,1,2,7,29800385,30531669,208602695,0.249,1,489015183,24000000,1,65.9,35928553.0,6128168.0,1
REQ-2026-00500,HR,Staff,53,39,0.56,1,1,0,HP,OmniBook 5,Ryzen 7,Radeon,16,512,2,0.65,0.8,3,2,23,23387024,18773084,537901552,0.35,0,103661943,11250000,1,45.1,27776535.0,4389511.0,0
REQ-2026-00501,Finance,Manager,22,23,0.92,1,1,0,Asus,Vivobook 14,Core i5,Integrated,24,1024,1,0.5,0.7,1,0,19,15348928,16259697,291629632,0.21,1,478649627,27000000,1,36.4,17286959.0,1938031.0,1
REQ-2026-00502,Medical Staff,Senior,84,38,0.81,1,1,0,Asus,Vivobook 14,Core i5,Integrated,16,512,1,0.5,0.7,1,0,20,13762377,12031217,275247540,0.056,1,731192477,22000000,1,42.0,15068563.0,1306186.0,1
REQ-2026-00503,Finance,Director,39,30,0.32,1,1,0,Lenovo,ThinkPad T14,Core i5,Integrated,16,512,2,0.92,0.75,2,1,19,18708166,17896085,355455154,0.225,1,504886535,38000000,1,55.7,22246558.0,3538392.0,1
REQ-2026-00504,Finance,Staff,58,29,0.71,2,1,0,HP,OmniBook 5,Ryzen 7,Radeon,16,512,2,0.65,0.8,1,2,8,20442103,16311694,163536824,0.242,0,216223390,15000000,1,37.3,24983532.0,4541429.0,1
REQ-2026-00505,Design,Manager,11,4,0.48,0,1,0,Asus,Vivobook 14,Core i5,Integrated,24,512,1,0.5,0.7,2,1,14,19159912,14624751,268238768,0.358,1,1374023975,40500000,0,45.1,22446285.0,3286373.0,0
REQ-2026-00506,Sales,Senior,103,21,4.59,0,0,0,Lenovo,IdeaPad Slim 3,Core i3,Integrated,8,256,1,0.45,0.65,3,1,9,9357782,9966953,84220038,0.116,1,423595717,18000000,1,48.0,12005655.0,2647873.0,0
REQ-2026-00507,IT,Senior,56,18,1.07,0,0,0,Asus,ExpertBook B9,Core i7,Iris Xe,32,2048,2,0.8,0.95,2,0,13,34678160,32844823,450816080,0.592,1,738991594,32000000,1,54.1,35786051.0,1107891.0,1
REQ-2026-00508,Design,Staff,49,26,0.8,0,0,0,HP,OmniBook 5,Ryzen 7,Radeon,32,512,2,0.65,0.8,1,3,14,21378040,20944538,299292560,0.354,0,665239738,22500000,1,45.5,25929962.0,4551922.0,1
REQ-2026-00509,Sales,Manager,35,32,5.29,2,1,0,Asus,ROG Zephyrus,Core i9,RTX 4070,32,1024,4,0.55,0.3,2,0,8,40289821,34741492,322318568,0.198,1,151476506,24300000,1,22.6,43625368.0,3335547.0,0
REQ-2026-00510,Sales,Staff,9,22,13.37,0,1,0,Dell,Precision 5690,Core i9,RTX 3500,32,2560,4,0.85,0.35,2,0,3,40046834,46472005,120140502,0.675,0,188673885,13500000,1,37.8,41903256.0,1856422.0,0
REQ-2026-00511,Sales,Senior,20,33,2.38,0,0,1,Asus,ROG Zephyrus,Core i9,RTX 4070,48,1024,4,0.55,0.3,1,0,4,42375908,38349354,169503632,0.41,1,163731469,18000000,0,37.4,43800457.0,1424549.0,0
REQ-2026-00512,HR,Manager,113,47,0.58,2,1,0,Asus,Vivobook 14,Core i5,Integrated,24,512,1,0.5,0.7,3,0,12,15652123,16098344,187825476,0.32,0,158885352,20250000,1,37.9,17155503.0,1503380.0,1
REQ-2026-00513,Finance,Staff,98,61,0.72,0,1,0,Asus,Vivobook 14,Core i5,Integrated,16,1536,1,0.5,0.7,2,4,22,17724859,17266734,389946898,0.381,1,732818101,15000000,1,59.0,23854430.0,6129571.0,1
REQ-2026-00514,IT,Manager,13,21,1.13,1,0,1,Dell,Inspiron 15,Core i5,Integrated,8,512,1,0.5,0.6,1,1,2,10089521,9654350,20179042,0.115,0,130903684,43200000,0,23.1,15976763.0,5887242.0,1
REQ-2026-00515,HR,Staff,122,36,0.13,0,1,0,Asus,ROG Zephyrus,Core i9,RTX 4070,40,1536,4,0.55,0.3,1,1,23,39113712,39369884,899615376,0.064,1,858343815,11250000,1,35.4,42283515.0,3169803.0,1
REQ-2026-00516,Finance,Manager,59,44,0.97,0,1,0,Lenovo,IdeaPad Slim 3,Core i3,Integrated,8,256,1,0.45,0.65,2,1,23,9132369,9025997,210044487,0.505,1,2610341791,27000000,1,22.3,14541594.0,5409225.0,1
REQ-2026-00517,Sales,Staff,50,29,1.64,0,0,0,HP,OmniBook 5,Ryzen 7,Radeon,32,1024,2,0.65,0.8,2,2,2,20930382,23859259,41860764,0.271,0,30355029,13500000,1,47.1,25985329.0,5054947.0,1
REQ-2026-00518,Design,Manager,27,36,0.37,1,0,0,HP,ZBook Firefly,Core i7,RTX A500,32,1024,3,0.8,0.6,1,1,16,33137232,28622775,530195712,0.582,0,2007283747,40500000,1,50.7,36669912.0,3532680.0,1
REQ-2026-00519,Sales,Senior,73,36,2.57,0,0,0,Dell,Precision 5690,Core i9,RTX 3500,32,2048,4,0.85,0.35,3,1,7,49788344,42553006,348518408,0.54,1,246183957,18000000,1,50.4,52502257.0,2713913.0,0
REQ-2026-00520,Design,Staff,160,42,0.83,1,0,0,Dell,Inspiron 15,Core i5,Integrated,16,512,1,0.5,0.6,1,1,4,11779688,11101320,47118752,0.4,0,397517917,22500000,0,32.6,15271303.0,3491615.0,1
REQ-2026-00521,IT,Manager,54,24,0.44,0,0,1,Lenovo,ThinkPad X1,Core i7,Iris Xe,16,1024,3,0.9,0.95,1,0,14,30139228,28138674,421949192,0.819,0,2190075292,43200000,1,41.4,31491642.0,1352414.0,1
REQ-2026-00522,HR,Manager,39,43,0.26,0,0,0,Dell,Inspiron 15,Core i5,Integrated,8,1024,1,0.5,0.6,1,3,13,10924407,11091671,142017291,0.66,0,643182518,20250000,1,33.7,21115519.0,10191112.0,1
REQ-2026-00523,Finance,Director,35,35,0.31,1,1,0,Lenovo,ThinkPad T14,Core i5,Integrated,24,1024,2,0.92,0.75,3,0,4,24710057,23684705,98840228,0.168,0,611195539,38000000,1,79.0,25866147.0,1156090.0,1
REQ-2026-00524,Design,Senior,34,13,0.74,0,0,0,Apple,MacBook Air 13,M3,Apple GPU,8,768,2,0.95,1.0,2,0,9,22610386,21796907,203493474,0.362,0,254229400,30000000,0,46.6,27062167.0,4451781.0,1
REQ-2026-00525,Sales,Manager,88,29,1.46,0,0,0,HP,ZBook Firefly,Core i7,RTX A500,32,1536,3,0.8,0.6,2,0,13,33311947,31835542,433055311,0.657,0,406635509,24300000,1,75.9,35234023.0,1922076.0,1
REQ-2026-00526,Medical Staff,Staff,125,20,1.23,2,1,0,Dell,Latitude 7450,Core i7,Integrated,16,1024,2,0.85,0.85,1,1,18,28459699,22717140,512274582,0.128,0,719643228,16500000,1,42.8,31136695.0,2676996.0,0
REQ-2026-00527,IT,Staff,42,41,0.94,0,1,0,Apple,MacBook Pro 14,M3 Pro,Apple GPU,26,512,4,0.95,0.85,3,0,7,35741132,33310501,250187924,0.269,0,495790804,24000000,0,60.6,39713943.0,3972811.0,1
REQ-2026-00528,Design,Staff,24,46,0.21,0,0,0,Dell,Latitude 7450,Core i7,Integrated,32,512,2,0.85,0.85,1,1,23,25514881,25057842,586842263,0.294,1,815966479,22500000,1,30.3,29119901.0,3605020.0,1
REQ-2026-00529,Sales,Manager,195,14,5.16,0,0,0,Dell,Inspiron 15,Core i5,Integrated,8,512,1,0.5,0.6,3,2,22,14089617,11845868,309971574,0.426,1,958752615,24300000,1,41.4,19076894.0,4987277.0,1
REQ-2026-00530,Design,Staff,83,40,0.05,0,0,0,HP,OmniBook 5,Ryzen 7,Radeon,24,512,2,0.65,0.8,2,2,2,22229323,19589745,44458646,0.101,1,25833663,22500000,1,47.2,27049335.0,4820012.0,0
REQ-2026-00531,IT,Manager,34,64,0.46,0,1,0,Asus,ROG Zephyrus,Core i9,RTX 4070,32,1024,4,0.55,0.3,1,0,23,36375596,33166837,836638708,0.458,0,3312019773,43200000,1,33.2,38218676.0,1843080.0,1
REQ-2026-00532,Design,Staff,39,37,0.52,1,0,0,HP,ZBook Firefly,Core i7,RTX A500,32,1024,3,0.8,0.6,3,1,20,33855887,30525612,677117740,0.256,1,693181214,22500000,1,46.5,36757872.0,2901985.0,0
REQ-2026-00533,IT,Manager,17,29,0.86,0,1,0,Asus,Vivobook 14,Core i5,Integrated,8,512,1,0.5,0.7,1,0,16,12191107,10626850,195057712,0.138,0,2964114817,43200000,0,30.8,14835875.0,2644768.0,1
REQ-2026-00534,Design,Director,27,32,0.67,0,0,0,Apple,MacBook Pro 14,M3 Pro,Apple GPU,26,512,4,0.95,0.85,2,3,17,35159762,34621625,597715954,0.516,0,1274944058,57000000,0,71.8,46235102.0,11075340.0,1
REQ-2026-00535,Sales,Manager,72,55,0.87,0,1,0,Lenovo,ThinkPad P16,Core i9,RTX A2000,32,1024,4,0.9,0.25,2,1,18,40337121,38699435,726068178,0.079,0,1202348860,24300000,1,55.7,44228222.0,3891101.0,1
REQ-2026-00536,Finance,Senior,136,51,0.92,1,1,0,Lenovo,ThinkPad P16,Core i9,RTX A2000,32,1536,4,0.9,0.25,3,1,10,41752027,42654398,417520270,0.51,1,487719011,20000000,0,66.3,45114958.0,3362931.0,1
REQ-2026-00537,Medical Staff,Senior,7,46,1.92,1,0,0,Lenovo,ThinkPad P16,Core i9,RTX A2000,32,2048,4,0.9,0.25,1,1,14,41505356,38756104,581074984,0.331,0,824896308,22000000,1,53.8,44402979.0,2897623.0,1
REQ-2026-00538,Medical Staff,Staff,58,51,1.23,0,1,0,HP,ProBook 445,Ryzen 5,Radeon,24,1024,1,0.6,0.7,2,1,13,18515688,19037234,240703944,0.448,1,385093685,16500000,1,44.9,21552497.0,3036809.0,1
REQ-2026-00539,Design,Staff,89,23,0.8,0,0,0,HP,OmniBook 5,Ryzen 7,Radeon,16,1024,2,0.65,0.8,2,1,3,22371912,19407797,67115736,0.271,1,118310117,22500000,1,48.3,25568111.0,3196199.0,1
REQ-2026-00540,HR,Staff,54,24,0.57,2,0,0,Apple,MacBook Air 13,M3,Apple GPU,24,256,2,0.95,1.0,1,3,5,20368089,21740761,101840445,0.114,1,63517459,11250000,0,51.5,30010037.0,9641948.0,0
REQ-2026-00541,Finance,Manager,49,10,1.21,0,1,0,Lenovo,IdeaPad Slim 3,Core i3,Integrated,16,768,1,0.45,0.65,3,0,21,14816072,14214555,311137512,0.311,1,2553961265,27000000,1,36.6,16344364.0,1528292.0,1
REQ-2026-00542,IT,Staff,59,18,0.25,0,0,0,Lenovo,ThinkPad T14,Core i5,Integrated,24,512,2,0.92,0.75,3,0,2,22080123,22163817,44160246,0.369,1,89634440,24000000,1,61.7,23414847.0,1334724.0,1
REQ-2026-00543,IT,Manager,12,58,0.81,1,0,1,Asus,ROG Zephyrus,Core i9,RTX 4070,32,1024,4,0.55,0.3,1,1,12,34272031,33101031,411264372,0.105,1,279088927,43200000,1,28.8,39011592.0,4739561.0,1
REQ-2026-00544,Medical Staff,Staff,45,19,0.42,0,1,0,Asus,ROG Zephyrus,Core i9,RTX 4070,32,1024,4,0.55,0.3,1,0,22,37354329,34790896,821795238,0.247,0,792441840,16500000,1,34.6,39149780.0,1795451.0,0
REQ-2026-00545,Finance,Staff,58,9,0.47,2,1,0,Lenovo,ThinkPad X1,Core i7,Iris Xe,24,1024,3,0.9,0.95,1,0,24,31260497,28054794,750251928,0.104,1,391807901,15000000,1,29.6,33481554.0,2221057.0,0
REQ-2026-00546,Design,Staff,44,26,1.19,0,0,0,Apple,MacBook Pro 14,M3 Pro,Apple GPU,18,1024,4,0.95,0.85,1,0,15,31465683,31998172,471985245,0.243,1,311213083,22500000,0,48.5,36130712.0,4665029.0,1
REQ-2026-00547,IT,Senior,121,41,0.92,0,0,1,HP,ZBook Firefly,Core i7,RTX A500,32,1024,3,0.8,0.6,2,0,10,33033593,30457468,330335930,0.18,1,149255604,32000000,1,57.9,34522413.0,1488820.0,1
REQ-2026-00548,Design,Staff,29,22,0.22,0,0,0,Apple,MacBook Pro 14,M3 Pro,Apple GPU,26,512,4,0.95,0.85,3,0,1,36620165,36279770,36620165,0.517,1,25437629,22500000,0,88.2,41366725.0,4746560.0,0
REQ-2026-00549,Design,Senior,36,63,2.79,0,0,0,Asus,ExpertBook B9,Core i7,Iris Xe,32,1024,2,0.8,0.95,2,0,12,35893584,28694915,430723008,0.399,1,648024185,30000000,1,36.0,37246266.0,1352682.0,1
REQ-2026-00550,Design,Director,52,47,0.14,1,0,1,Asus,ExpertBook B9,Core i7,Iris Xe,32,1024,2,0.8,0.95,2,0,3,27293350,29437347,81880050,0.542,0,539596076,57000000,1,55.2,28878555.0,1585205.0,1
REQ-2026-00551,Sales,Director,44,18,5.02,0,0,0,Dell,Inspiron 15,Core i5,Integrated,16,512,1,0.5,0.6,3,1,23,14542311,13395902,334473153,0.594,0,2655654114,34200000,1,41.6,17864092.0,3321781.0,1
REQ-2026-00552,Finance,Manager,51,32,0.46,1,1,1,Asus,ExpertBook B9,Core i7,Iris Xe,16,1536,2,0.8,0.95,1,0,18,26757952,26855161,481643136,0.335,0,279939982,27000000,1,42.9,28607307.0,1849355.0,1
REQ-2026-00553,IT,Staff,54,50,1.14,0,1,0,Asus,ROG Zephyrus,Core i9,RTX 4070,32,1536,4,0.55,0.3,2,1,25,38116556,35132509,952913900,0.211,1,1922730483,24000000,0,46.8,41433588.0,3317032.0,1
REQ-2026-00554,Design,Senior,63,42,0.93,1,0,0,Lenovo,IdeaPad Slim 3,Core i3,Integrated,8,768,1,0.45,0.65,2,1,18,12179510,10912693,219231180,0.416,0,661599847,30000000,0,43.4,15174208.0,2994698.0,1
REQ-2026-00555,Design,Staff,60,56,0.4,1,0,0,Apple,MacBook Pro 14,M3 Pro,Apple GPU,26,512,4,0.95,0.85,2,0,16,41456299,34378067,663300784,0.402,1,439279895,22500000,1,40.7,45687752.0,4231453.0,0
REQ-2026-00556,Finance,Staff,69,11,0.35,0,1,0,Dell,Precision 5690,Core i9,RTX 3500,32,2560,4,0.85,0.35,2,1,24,47075579,42860532,1129813896,0.365,0,785501315,15000000,0,49.9,49386592.0,2311013.0,0
REQ-2026-00557,HR,Staff,48,45,0.23,0,1,1,Asus,ExpertBook B9,Core i7,Iris Xe,24,1536,2,0.8,0.95,1,0,21,28239375,28198993,593026875,0.792,1,346500480,11250000,1,53.7,29730383.0,1491008.0,0
REQ-2026-00558,Design,Staff,17,37,0.23,0,0,0,Dell,Inspiron 15,Core i5,Integrated,8,512,1,0.5,0.6,1,1,2,9279761,9061709,18559522,0.413,0,86852183,22500000,0,37.2,12182562.0,2902801.0,1
REQ-2026-00559,Medical Staff,Senior,15,40,1.12,0,1,0,Dell,Inspiron 15,Core i5,Integrated,8,512,1,0.5,0.6,1,1,3,9345232,8874630,28035696,0.218,1,253474795,22000000,1,35.5,12257975.0,2912743.0,1
REQ-2026-00560,Finance,Senior,60,59,0.18,0,1,0,Dell,Inspiron 15,Core i5,Integrated,8,512,1,0.5,0.6,1,0,23,10075925,9466933,231746275,0.281,0,813515094,20000000,1,42.1,11831501.0,1755576.0,1
REQ-2026-00561,Finance,Staff,25,11,0.47,0,1,0,Apple,MacBook Pro 14,M3 Pro,Apple GPU,18,512,4,0.95,0.85,1,2,23,36676878,29728944,843568194,0.328,0,919900743,15000000,0,48.9,43498952.0,6822074.0,0
REQ-2026-00562,Design,Staff,64,19,0.75,0,0,0,Lenovo,ThinkPad P16,Core i9,RTX A2000,32,1024,4,0.9,0.25,1,0,11,35429284,34698774,389722124,0.084,1,856873781,22500000,1,39.2,37226886.0,1797602.0,1
REQ-2026-00563,Medical Staff,Staff,37,40,2.12,2,1,0,Apple,MacBook Air 13,M3,Apple GPU,8,768,2,0.95,1.0,1,1,9,19388263,19462967,174494367,0.108,0,357173105,16500000,1,39.0,24720915.0,5332652.0,1
REQ-2026-00564,IT,Senior,60,15,0.41,3,0,0,Lenovo,ThinkPad T14,Core i5,Integrated,16,512,2,0.92,0.75,1,0,5,19332719,17336831,96663595,0.259,0,87946214,32000000,1,49.1,21046258.0,1713539.0,1
REQ-2026-00565,Design,Staff,9,16,0.78,0,0,0,Dell,Inspiron 15,Core i5,Integrated,16,512,1,0.5,0.6,1,1,4,11677004,11302474,46708016,0.152,1,77903285,22500000,0,38.5,14663350.0,2986346.0,1
REQ-2026-00566,IT,Staff,40,52,0.59,0,0,0,HP,OmniBook 5,Ryzen 7,Radeon,24,1024,2,0.65,0.8,3,0,23,22724111,22719079,522654553,0.485,1,259882324,24000000,1,36.0,24323153.0,1599042.0,1
REQ-2026-00567,Finance,Staff,18,49,0.25,1,1,0,Dell,Latitude 7450,Core i7,Integrated,16,512,2,0.85,0.85,3,0,23,24855203,22396207,571669669,0.083,1,885945774,15000000,1,61.2,26423789.0,1568586.0,1
REQ-2026-00568,Design,Manager,19,42,0.26,0,0,1,HP,ProBook 445,Ryzen 5,Radeon,8,1024,1,0.6,0.7,2,1,10,15788357,14361553,157883570,0.287,1,581525427,40500000,0,35.6,19230101.0,3441744.0,1
REQ-2026-00569,Finance,Staff,46,40,0.39,0,1,0,HP,ProBook 445,Ryzen 5,Radeon,16,512,1,0.6,0.7,1,0,1,14161754,13154750,14161754,0.093,0,60707960,15000000,1,36.4,15512446.0,1350692.0,1
REQ-2026-00570,Finance,Senior,115,15,0.3,1,1,0,HP,ProBook 445,Ryzen 5,Radeon,8,512,1,0.6,0.7,2,0,15,12641405,13066194,189621075,0.386,0,516047763,20000000,0,43.3,13995718.0,1354313.0,1
REQ-2026-00571,IT,Staff,74,47,0.5,0,0,0,Dell,Latitude 7450,Core i7,Integrated,24,512,2,0.85,0.85,1,2,12,22289401,22485868,267472812,0.39,1,818294276,24000000,1,54.0,25741909.0,3452508.0,1
REQ-2026-00572,Sales,Staff,22,47,9.37,0,0,1,Dell,Latitude 7450,Core i7,Integrated,16,512,2,0.85,0.85,2,1,25,26625755,23425708,665643875,0.045,0,1048517160,13500000,1,33.9,29693267.0,3067512.0,1
REQ-2026-00573,Finance,Senior,57,63,0.52,0,0,0,Asus,Vivobook 14,Core i5,Integrated,8,512,1,0.5,0.7,2,0,16,10573271,11507922,169172336,0.208,1,287406586,20000000,1,39.4,12130762.0,1557491.0,1
REQ-2026-00574,Sales,Manager,87,23,2.06,0,1,1,Dell,Inspiron 15,Core i5,Integrated,16,512,1,0.5,0.6,1,4,11,13769915,11300045,151469065,0.216,0,876416372,24300000,1,32.5,24285164.0,10515249.0,1
REQ-2026-00575,Medical Staff,Staff,46,40,1.06,1,1,0,HP,OmniBook 5,Ryzen 7,Radeon,24,512,2,0.65,0.8,3,2,8,23509369,20733670,188074952,0.51,0,442479316,16500000,1,45.2,27025991.0,3516622.0,1
REQ-2026-00576,IT,Director,145,45,0.65,1,0,0,Lenovo,ThinkPad T14,Core i5,Integrated,16,512,2,0.92,0.75,2,1,21,23078429,17621078,484647009,0.22,1,6000000000,60800000,0,55.2,26921172.0,3842743.0,1
REQ-2026-00577,IT,Staff,107,19,0.75,0,0,0,HP,ZBook Firefly,Core i7,RTX A500,32,1024,3,0.8,0.6,1,1,16,28992804,28135869,463884864,0.142,0,370372743,24000000,1,28.4,32655812.0,3663008.0,1
REQ-2026-00578,IT,Staff,80,20,0.86,0,0,1,Apple,MacBook Air 13,M3,Apple GPU,8,256,2,0.95,1.0,1,0,15,20028036,17843018,300420540,0.155,1,1375227730,24000000,1,59.2,24462339.0,4434303.0,1
REQ-2026-00579,HR,Senior,139,36,0.47,0,0,0,Dell,Inspiron 15,Core i5,Integrated,16,512,1,0.5,0.6,1,2,12,11158757,11798624,133905084,0.367,1,362716637,15000000,1,40.5,16087753.0,4928996.0,1
REQ-2026-00580,Medical Staff,Manager,26,18,0.43,0,0,0,Dell,Inspiron 15,Core i5,Integrated,16,512,1,0.5,0.6,1,1,3,11649811,11444021,34949433,0.508,1,78442031,29700000,1,29.5,16265975.0,4616164.0,1
REQ-2026-00581,HR,Senior,66,44,0.82,0,1,0,Lenovo,IdeaPad Slim 3,Core i3,Integrated,8,256,1,0.45,0.65,3,0,19,10305464,10062010,195803816,0.736,1,589418138,15000000,1,54.0,11505714.0,1200250.0,1
REQ-2026-00582,Finance,Manager,25,30,0.72,1,1,0,Dell,Latitude 7450,Core i7,Integrated,24,512,2,0.85,0.85,3,1,23,25227116,25519416,580223668,0.669,0,980652801,27000000,1,56.9,28424876.0,3197760.0,1
REQ-2026-00583,IT,Manager,25,11,1.18,2,0,0,Lenovo,ThinkPad X1,Core i7,Iris Xe,16,1536,3,0.9,0.95,3,1,3,34300141,31176161,102900423,0.504,1,341712076,43200000,1,61.8,37979128.0,3678987.0,1
REQ-2026-00584,HR,Director,48,1,1.13,0,0,0,Dell,Precision 5690,Core i9,RTX 3500,32,3072,4,0.85,0.35,2,1,10,49651346,46329908,496513460,0.253,1,561076385,28500000,0,43.0,53345971.0,3694625.0,1
REQ-2026-00585,HR,Senior,108,45,1.2,0,1,0,HP,ProBook 445,Ryzen 5,Radeon,8,512,1,0.6,0.7,3,0,24,15987702,13296870,383704848,0.363,1,1823870754,15000000,1,62.5,17105194.0,1117492.0,1
REQ-2026-00586,Sales,Senior,52,22,10.51,1,0,0,Lenovo,ThinkPad P16,Core i9,RTX A2000,40,1024,4,0.9,0.25,3,1,22,39894507,42145664,877679154,0.47,0,334120143,18000000,0,53.1,42714077.0,2819570.0,0
REQ-2026-00587,Sales,Staff,47,50,2.58,1,0,0,Lenovo,ThinkPad P16,Core i9,RTX A2000,32,2048,4,0.9,0.25,1,0,7,45312049,39744751,317184343,0.414,0,287691972,13500000,0,37.3,47084714.0,1772665.0,0
REQ-2026-00588,IT,Manager,29,48,1.51,0,1,0,Asus,ROG Zephyrus,Core i9,RTX 4070,32,1024,4,0.55,0.3,2,5,5,41981953,36377077,209909765,0.263,0,365863178,43200000,1,34.6,53894023.0,11912070.0,1
REQ-2026-00589,Sales,Staff,43,46,2.0,1,1,0,Asus,Vivobook 14,Core i5,Integrated,8,512,1,0.5,0.7,1,0,8,9274179,10071468,74193432,0.472,1,266290798,13500000,0,36.7,10473401.0,1199222.0,1
REQ-2026-00590,HR,Staff,46,42,1.08,0,1,0,Lenovo,IdeaPad Slim 3,Core i3,Integrated,8,768,1,0.45,0.65,2,1,6,12933628,11115869,77601768,0.141,1,51896594,11250000,1,43.6,15882692.0,2949064.0,1
REQ-2026-00591,Design,Staff,40,20,0.52,0,0,0,HP,ZBook Firefly,Core i7,RTX A500,40,1024,3,0.8,0.6,1,0,22,30550218,27487912,672104796,0.523,0,784120372,22500000,1,46.6,31875661.0,1325443.0,0
REQ-2026-00592,HR,Senior,10,51,0.94,0,1,0,Asus,Vivobook 14,Core i5,Integrated,8,512,1,0.5,0.7,1,4,8,10108041,10265174,80864328,0.55,1,500743429,15000000,1,31.4,18742485.0,8634444.0,1
REQ-2026-00593,HR,Staff,12,3,0.37,0,0,0,Lenovo,IdeaPad Slim 3,Core i3,Integrated,16,256,1,0.45,0.65,1,2,16,10812266,9807878,172996256,0.734,0,431033069,11250000,1,33.1,14420201.0,3607935.0,1
REQ-2026-00594,IT,Staff,70,33,0.41,0,0,1,HP,ProBook 445,Ryzen 5,Radeon,24,512,1,0.6,0.7,2,1,6,16073321,16606789,96439926,0.11,1,263832733,24000000,1,46.6,19120264.0,3046943.0,1
REQ-2026-00595,HR,Senior,78,36,0.23,0,0,1,Lenovo,ThinkPad P16,Core i9,RTX A2000,32,1536,4,0.9,0.25,1,0,20,32510286,38466771,650205720,0.261,1,350386252,15000000,0,57.9,34351405.0,1841119.0,0
REQ-2026-00596,Medical Staff,Senior,47,42,0.38,0,1,0,Lenovo,ThinkPad X1,Core i7,Iris Xe,16,1536,3,0.9,0.95,3,0,19,28472819,31140798,540983561,0.08,1,656280660,22000000,1,62.9,30118273.0,1645454.0,1
REQ-2026-00597,HR,Staff,76,20,1.14,0,0,0,Lenovo,ThinkPad X1,Core i7,Iris Xe,24,2048,3,0.9,0.95,3,0,8,39225393,34491947,313803144,0.444,1,88816735,11250000,1,59.2,40529993.0,1304600.0,0
REQ-2026-00598,IT,Staff,135,68,1.16,1,0,0,HP,ZBook Firefly,Core i7,RTX A500,40,1024,3,0.8,0.6,2,1,24,33454217,30906941,802901208,0.342,0,2856736941,24000000,1,36.2,35781077.0,2326860.0,1
REQ-2026-00599,IT,Senior,32,53,1.29,0,0,0,Lenovo,ThinkPad X1,Core i7,Iris Xe,32,1024,3,0.9,0.95,1,0,3,30218896,30798564,90656688,0.363,0,230506913,32000000,1,54.8,31541803.0,1322907.0,1
REQ-2026-00600,Sales,Staff,117,21,11.57,0,1,0,Dell,Latitude 7450,Core i7,Integrated,16,1536,2,0.85,0.85,2,4,24,32329818,27336060,775915632,0.141,0,1422970979,13500000,1,27.7,41307447.0,8977629.0,0
REQ-2026-00601,Design,Staff,27,43,0.24,0,1,0,Lenovo,ThinkPad T14,Core i5,Integrated,16,512,2,0.92,0.75,3,0,11,22252796,19276806,244780756,0.247,0,98969155,22500000,1,69.0,23980956.0,1728160.0,0
REQ-2026-00602,Medical Staff,Senior,11,35,0.57,1,1,0,Lenovo,IdeaPad Slim 3,Core i3,Integrated,16,256,1,0.45,0.65,2,1,6,10648463,10441475,63890778,0.534,0,211068952,22000000,1,37.0,13674173.0,3025710.0,1
REQ-2026-00603,HR,Manager,30,62,0.49,0,1,1,Lenovo,ThinkPad X1,Core i7,Iris Xe,16,1536,3,0.9,0.95,2,0,22,26738304,30518185,588242688,0.621,1,770605019,20250000,1,60.8,28219375.0,1481071.0,1
REQ-2026-00604,Finance,Manager,70,33,0.61,0,1,0,Asus,Vivobook 14,Core i5,Integrated,8,512,1,0.5,0.7,1,0,1,10365139,9946028,10365139,0.272,0,21984168,27000000,1,38.8,11961063.0,1595924.0,1
REQ-2026-00605,Medical Staff,Manager,53,46,1.8,0,0,0,Dell,Precision 5690,Core i9,RTX 3500,32,2560,4,0.85,0.35,1,1,17,46325107,42350042,787526819,0.692,0,1502038865,29700000,1,37.1,49964948.0,3639841.0,1
REQ-2026-00606,Finance,Senior,49,51,0.62,0,1,0,Lenovo,ThinkPad P16,Core i9,RTX A2000,40,1024,4,0.9,0.25,3,2,18,46120387,42027977,830166966,0.228,1,212317925,20000000,0,68.1,50519574.0,4399187.0,0
REQ-2026-00607,Medical Staff,Staff,19,52,2.07,1,0,0,Lenovo,ThinkPad T14,Core i5,Integrated,16,512,2,0.92,0.75,2,0,23,24361612,18629380,560317076,0.661,1,1702264403,16500000,1,33.8,25906108.0,1544496.0,1
REQ-2026-00608,Medical Staff,Staff,20,49,0.12,2,1,1,Dell,Latitude 7450,Core i7,Integrated,16,1024,2,0.85,0.85,1,0,7,24242822,24612112,169699754,0.524,0,97397432,16500000,1,41.1,26022476.0,1779654.0,0
REQ-2026-00609,HR,Director,24,49,0.46,2,0,0,Apple,MacBook Air 13,M3,Apple GPU,16,256,2,0.95,1.0,2,0,18,24367309,21328965,438611562,0.276,1,414856775,28500000,1,55.9,29143378.0,4776069.0,1
REQ-2026-00610,Finance,Staff,14,30,1.07,0,1,0,Dell,Precision 5690,Core i9,RTX 3500,48,2560,4,0.85,0.35,2,4,8,54073330,47091517,432586640,0.182,0,526262448,15000000,0,49.3,62284735.0,8211405.0,0
REQ-2026-00611,Sales,Senior,55,25,2.71,1,1,0,Apple,MacBook Pro 14,M3 Pro,Apple GPU,18,512,4,0.95,0.85,2,1,17,36886515,34431388,627070755,0.126,1,1251892107,18000000,1,67.9,42853629.0,5967114.0,1
REQ-2026-00612,Design,Manager,87,12,0.51,1,1,0,Dell,Inspiron 15,Core i5,Integrated,16,1536,1,0.5,0.6,1,2,7,14317115,14974916,100219805,0.238,1,381969227,40500000,0,40.3,19970928.0,5653813.0,1
REQ-2026-00613,Finance,Staff,12,39,1.25,0,1,0,HP,ZBook Firefly,Core i7,RTX A500,32,1024,3,0.8,0.6,3,2,3,36683351,30819575,110050053,0.542,0,119569789,15000000,1,59.5,40695484.0,4012133.0,0
REQ-2026-00614,HR,Manager,98,33,0.57,0,0,0,Dell,Latitude 7450,Core i7,Integrated,24,512,2,0.85,0.85,1,1,16,24460251,23664307,391364016,0.318,0,701592636,20250000,1,42.5,28202625.0,3742374.0,1
REQ-2026-00615,Medical Staff,Director,31,14,0.48,1,0,0,Lenovo,ThinkPad T14,Core i5,Integrated,16,1024,2,0.92,0.75,1,0,5,21146362,20249700,105731810,0.495,0,483738410,41800000,1,58.3,22685768.0,1539406.0,1
REQ-2026-00616,Sales,Director,51,48,5.46,0,0,0,Lenovo,IdeaPad Slim 3,Core i3,Integrated,8,256,1,0.45,0.65,2,0,24,9737601,8783180,233702424,0.494,1,2065919003,34200000,1,27.3,12782454.0,3044853.0,1
REQ-2026-00617,HR,Senior,37,52,0.24,2,0,0,HP,OmniBook 5,Ryzen 7,Radeon,24,1536,2,0.65,0.8,1,1,7,27652156,22495442,193565092,0.292,1,184451425,15000000,1,36.6,31364344.0,3712188.0,0
REQ-2026-00618,Medical Staff,Staff,15,39,1.29,2,0,0,Apple,MacBook Air 13,M3,Apple GPU,16,256,2,0.95,1.0,3,0,5,21566279,23713721,107831395,0.15,0,267238238,16500000,1,84.4,25982484.0,4416205.0,1
REQ-2026-00619,Medical Staff,Senior,39,23,0.42,0,0,0,Dell,Inspiron 15,Core i5,Integrated,8,1024,1,0.5,0.6,1,1,24,13377766,11477057,321066384,0.29,0,917877321,22000000,0,40.7,16228086.0,2850320.0,1
REQ-2026-00620,HR,Staff,87,83,0.28,2,1,0,HP,ZBook Firefly,Core i7,RTX A500,32,1536,3,0.8,0.6,1,0,19,31874566,31851695,605616754,0.104,1,308898266,11250000,1,49.5,33318641.0,1444075.0,0
REQ-2026-00621,Sales,Senior,42,53,9.86,0,0,1,HP,ProBook 445,Ryzen 5,Radeon,8,512,1,0.6,0.7,1,4,12,14180565,12004334,170166780,0.089,1,456207215,18000000,1,33.3,21274102.0,7093537.0,1
REQ-2026-00622,Design,Senior,19,43,0.5,0,1,1,Lenovo,ThinkPad P16,Core i9,RTX A2000,32,1024,4,0.9,0.25,2,2,24,42074528,38726755,1009788672,0.236,1,669264833,30000000,1,92.0,48197951.0,6123423.0,0
REQ-2026-00623,Sales,Senior,63,27,7.81,1,1,0,Dell,Inspiron 15,Core i5,Integrated,24,512,1,0.5,0.6,3,1,14,14603873,16269012,204454222,0.519,0,458978416,18000000,1,25.1,18349218.0,3745345.0,1
REQ-2026-00624,IT,Staff,22,25,0.44,1,1,1,HP,OmniBook 5,Ryzen 7,Radeon,16,512,2,0.65,0.8,3,1,24,18430101,19128111,442322424,0.456,0,794386087,24000000,1,39.8,21373064.0,2942963.0,1
REQ-2026-00625,Medical Staff,Staff,16,53,0.82,0,0,0,HP,ZBook Firefly,Core i7,RTX A500,32,1024,3,0.8,0.6,1,0,17,33930310,29591366,576815270,0.344,0,387379337,16500000,1,41.7,35686160.0,1755850.0,0
REQ-2026-00626,Medical Staff,Director,49,46,1.88,1,0,0,Dell,Latitude 7450,Core i7,Integrated,16,512,2,0.85,0.85,3,1,13,27651603,24014122,359470839,0.108,1,635131532,41800000,1,41.2,31400801.0,3749198.0,1
REQ-2026-00627,IT,Staff,55,48,0.21,0,1,0,HP,ProBook 445,Ryzen 5,Radeon,8,512,1,0.6,0.7,1,0,1,12903587,11521236,12903587,0.524,0,87905188,24000000,0,55.6,14284941.0,1381354.0,1
REQ-2026-00628,HR,Senior,78,39,0.31,0,1,1,Asus,ExpertBook B9,Core i7,Iris Xe,24,1024,2,0.8,0.95,3,1,5,35266160,28357498,176330800,0.219,1,195714362,15000000,1,49.9,37947206.0,2681046.0,0
REQ-2026-00629,IT,Senior,53,31,0.35,2,0,0,Lenovo,ThinkPad T14,Core i5,Integrated,32,512,2,0.92,0.75,2,0,17,24040636,22302455,408690812,0.611,1,619166564,32000000,1,68.2,25189447.0,1148811.0,1
REQ-2026-00630,Design,Manager,40,2,0.96,0,0,1,Asus,Vivobook 14,Core i5,Integrated,8,512,1,0.5,0.7,2,4,17,13008001,11102593,221136017,0.567,0,2080048776,40500000,0,35.3,19102206.0,6094205.0,1
REQ-2026-00631,Finance,Senior,31,34,0.34,0,1,1,Dell,Latitude 7450,Core i7,Integrated,24,512,2,0.85,0.85,1,0,11,24353943,22881148,267893373,0.32,0,1052563643,20000000,1,56.4,25582656.0,1228713.0,1
REQ-2026-00632,Finance,Staff,76,35,0.46,0,1,0,Asus,ROG Zephyrus,Core i9,RTX 4070,32,1024,4,0.55,0.3,3,1,13,39646841,36679114,515408933,0.109,1,546492418,15000000,0,55.4,42371600.0,2724759.0,1
REQ-2026-00633,HR,Staff,39,7,0.57,0,1,0,Lenovo,ThinkPad P16,Core i9,RTX A2000,32,1536,4,0.9,0.25,3,1,19,45152019,39008037,857888361,0.138,1,371563136,11250000,0,54.4,48332188.0,3180169.0,0
REQ-2026-00634,Finance,Director,46,51,0.16,1,1,0,HP,OmniBook 5,Ryzen 7,Radeon,16,1024,2,0.65,0.8,1,1,21,21733821,20434359,456410241,0.324,0,1111518524,38000000,1,40.3,25738986.0,4005165.0,1
REQ-2026-00635,Design,Staff,31,28,1.35,2,0,0,Dell,Precision 5690,Core i9,RTX 3500,40,2048,4,0.85,0.35,2,1,14,47817639,42774090,669446946,0.562,0,192045752,22500000,1,61.2,50936639.0,3119000.0,0
REQ-2026-00636,IT,Staff,5,28,0.4,0,1,0,HP,ZBook Firefly,Core i7,RTX A500,40,2048,3,0.8,0.6,2,1,21,37895985,36562769,795815685,0.504,0,604304277,24000000,0,57.8,40220542.0,2324557.0,0
REQ-2026-00637,Sales,Senior,28,30,4.51,0,0,1,Dell,Inspiron 15,Core i5,Integrated,8,512,1,0.5,0.6,2,0,4,11206227,10772016,44824908,0.421,1,130474538,18000000,1,27.2,13626735.0,2420508.0,1
REQ-2026-00638,Finance,Senior,15,24,1.5,0,1,1,Apple,MacBook Pro 14,M3 Pro,Apple GPU,18,512,4,0.95,0.85,3,1,21,32430225,32904750,681034725,0.422,0,735059041,20000000,0,46.6,38473558.0,6043333.0,1
REQ-2026-00639,Sales,Staff,37,28,4.04,0,1,0,Asus,ExpertBook B9,Core i7,Iris Xe,24,1536,2,0.8,0.95,1,2,19,29586425,27893231,562142075,0.629,0,338131204,13500000,1,51.1,33088452.0,3502027.0,0
REQ-2026-00640,Design,Senior,35,30,0.4,2,0,0,Apple,MacBook Air 13,M3,Apple GPU,8,256,2,0.95,1.0,2,0,9,18838328,19480770,169544952,0.334,1,309218817,30000000,0,43.6,23732389.0,4894061.0,1
REQ-2026-00641,Finance,Staff,45,42,0.99,0,1,0,HP,ProBook 445,Ryzen 5,Radeon,16,512,1,0.6,0.7,1,0,23,15484716,14467750,356148468,0.181,1,412519740,15000000,1,36.4,17120133.0,1635417.0,1
REQ-2026-00642,Sales,Manager,19,45,1.49,1,0,0,HP,ProBook 445,Ryzen 5,Radeon,8,1024,1,0.6,0.7,1,1,11,14075477,13906736,154830247,0.254,1,455308328,24300000,1,29.8,17941091.0,3865614.0,1
REQ-2026-00643,Medical Staff,Staff,29,28,0.62,0,1,0,Asus,ExpertBook B9,Core i7,Iris Xe,24,1024,2,0.8,0.95,3,1,3,27034726,28687925,81104178,0.638,0,105308625,16500000,1,52.4,29856819.0,2822093.0,1
REQ-2026-00644,Medical Staff,Staff,63,36,1.54,0,0,0,HP,ProBook 445,Ryzen 5,Radeon,8,512,1,0.6,0.7,1,1,9,12403411,10871103,111630699,0.363,0,520043833,16500000,1,36.8,15678654.0,3275243.0,0
REQ-2026-00645,Medical Staff,Staff,30,45,1.9,0,1,0,Dell,Precision 5690,Core i9,RTX 3500,32,2048,4,0.85,0.35,1,1,5,51315523,39378517,256577615,0.491,0,279285318,16500000,0,54.9,53972048.0,2656525.0,0
REQ-2026-00646,HR,Staff,45,28,0.29,0,1,0,HP,OmniBook 5,Ryzen 7,Radeon,16,1024,2,0.65,0.8,2,2,14,22375993,20078349,313263902,0.662,0,172255007,11250000,0,38.3,27606060.0,5230067.0,0
REQ-2026-00647,Medical Staff,Senior,24,44,1.11,0,0,0,Asus,ExpertBook B9,Core i7,Iris Xe,32,1536,2,0.8,0.95,1,1,13,29230999,30420606,380002987,0.288,0,488529320,22000000,1,39.3,32779479.0,3548480.0,1
REQ-2026-00648,Finance,Staff,61,32,1.14,0,1,0,HP,ZBook Firefly,Core i7,RTX A500,32,1024,3,0.8,0.6,2,1,24,34086913,31150661,818085912,0.343,0,353106302,15000000,1,54.9,36738026.0,2651113.0,0
REQ-2026-00649,Design,Staff,57,33,0.93,1,0,1,Apple,MacBook Air 13,M3,Apple GPU,8,1280,2,0.95,1.0,2,1,25,24387017,24534634,609675425,0.273,1,1669293249,22500000,0,35.3,30207121.0,5820104.0,1
REQ-2026-00650,Medical Staff,Director,42,50,0.7,0,1,0,Dell,Precision 5690,Core i9,RTX 3500,32,2048,4,0.85,0.35,3,2,13,43564773,43386665,566342049,0.321,0,2055758961,41800000,0,41.0,49697429.0,6132656.0,1
REQ-2026-00651,IT,Staff,31,64,0.52,1,0,0,Asus,Vivobook 14,Core i5,Integrated,8,512,1,0.5,0.7,1,3,13,10372802,10161488,134846426,0.146,0,1415836440,24000000,0,40.0,15701666.0,5328864.0,1
REQ-2026-00652,Medical Staff,Staff,33,34,1.52,0,1,0,Apple,MacBook Air 13,M3,Apple GPU,8,256,2,0.95,1.0,3,0,22,22622296,19021167,497690512,0.31,1,1050085745,16500000,1,50.9,27466523.0,4844227.0,1
REQ-2026-00653,Sales,Senior,7,34,4.37,1,0,0,Apple,MacBook Air 13,M3,Apple GPU,8,256,2,0.95,1.0,2,3,19,17478777,19003982,332096763,0.415,0,779257906,18000000,1,62.5,26851763.0,9372986.0,1
REQ-2026-00654,IT,Staff,40,27,0.13,0,1,0,Asus,Vivobook 14,Core i5,Integrated,16,512,1,0.5,0.7,2,0,25,14984165,13025504,374604125,0.102,1,876621419,24000000,0,43.4,16474588.0,1490423.0,1
REQ-2026-00655,Medical Staff,Senior,24,32,0.84,0,1,0,Dell,Inspiron 15,Core i5,Integrated,8,1024,1,0.5,0.6,1,2,17,13588372,11488241,231002324,0.287,1,1286268977,22000000,1,46.6,17011374.0,3423002.0,1
REQ-2026-00656,Finance,Senior,73,30,0.97,0,1,0,Lenovo,IdeaPad Slim 3,Core i3,Integrated,8,256,1,0.45,0.65,1,1,22,7282305,7719206,160210710,0.599,0,473016749,20000000,1,37.7,9869122.0,2586817.0,1
REQ-2026-00657,Design,Senior,62,41,0.27,0,0,1,HP,OmniBook 5,Ryzen 7,Radeon,16,1024,2,0.65,0.8,1,0,12,17142508,18413340,205710096,0.147,1,520429792,30000000,0,42.7,18306279.0,1163771.0,1
REQ-2026-00658,HR,Manager,32,39,0.54,0,0,0,Lenovo,IdeaPad Slim 3,Core i3,Integrated,8,256,1,0.45,0.65,3,1,13,12869040,9990936,167297520,0.377,1,609210868,20250000,1,36.0,16797093.0,3928053.0,1
REQ-2026-00659,Medical Staff,Staff,7,21,0.78,1,1,0,Dell,Latitude 7450,Core i7,Integrated,16,512,2,0.85,0.85,1,2,21,20114223,22220869,422398683,0.275,1,1461005810,16500000,1,49.7,25492757.0,5378534.0,1
REQ-2026-00660,Sales,Staff,56,38,5.35,0,0,0,Apple,MacBook Air 13,M3,Apple GPU,16,768,2,0.95,1.0,3,2,22,22345433,24852524,491599526,0.206,1,478855983,13500000,1,50.9,30349055.0,8003622.0,1
REQ-2026-00661,HR,Staff,11,36,0.66,0,1,0,Dell,Latitude 7450,Core i7,Integrated,32,512,2,0.85,0.85,2,1,3,28877636,26378802,86632908,0.136,1,36505847,11250000,1,49.8,31859325.0,2981689.0,0
REQ-2026-00662,HR,Staff,76,54,0.41,1,1,0,Apple,MacBook Pro 14,M3 Pro,Apple GPU,34,512,4,0.95,0.85,3,1,9,37947379,35360197,341526411,0.343,0,77717150,11250000,0,61.6,43575287.0,5627908.0,0
REQ-2026-00663,Finance,Senior,21,45,2.04,0,1,0,Apple,MacBook Air 13,M3,Apple GPU,8,256,2,0.95,1.0,2,0,21,19806746,19729146,415941666,0.158,1,799385617,20000000,0,44.0,24033415.0,4226669.0,1
REQ-2026-00664,Medical Staff,Staff,30,36,0.36,0,0,0,Asus,ExpertBook B9,Core i7,Iris Xe,16,1024,2,0.8,0.95,2,0,4,25743400,25994185,102973600,0.286,0,197824476,16500000,1,57.0,27171745.0,1428345.0,1
REQ-2026-00665,Finance,Staff,63,53,0.04,1,1,0,Lenovo,ThinkPad P16,Core i9,RTX A2000,32,1536,4,0.9,0.25,3,0,4,44118593,41408564,176474372,0.055,0,67009897,15000000,1,53.3,45885397.0,1766804.0,0
REQ-2026-00666,Medical Staff,Senior,32,32,2.15,0,1,1,Dell,Precision 5690,Core i9,RTX 3500,40,2048,4,0.85,0.35,1,1,9,40356431,42954259,363207879,0.077,0,215674934,22000000,0,43.5,42887397.0,2530966.0,1
REQ-2026-00667,IT,Senior,51,19,0.64,2,0,0,HP,OmniBook 5,Ryzen 7,Radeon,16,1024,2,0.65,0.8,1,0,17,16865936,18505482,286720912,0.373,0,1108452254,32000000,1,37.3,18326433.0,1460497.0,1
REQ-2026-00668,Medical Staff,Senior,23,38,0.52,1,0,0,Asus,ROG Zephyrus,Core i9,RTX 4070,32,1024,4,0.55,0.3,1,0,16,30120139,33192316,481922224,0.129,1,169501789,22000000,1,31.9,32379629.0,2259490.0,0
REQ-2026-00669,HR,Staff,23,30,0.07,0,1,0,Asus,ExpertBook B9,Core i7,Iris Xe,16,1024,2,0.8,0.95,1,0,5,23251290,23939606,116256450,0.165,1,96924149,11250000,1,53.4,24994819.0,1743529.0,0
REQ-2026-00670,HR,Senior,73,18,0.18,1,0,0,HP,ZBook Firefly,Core i7,RTX A500,32,1024,3,0.8,0.6,1,3,12,29645566,30223330,355746792,0.087,1,840381606,15000000,1,40.9,37522870.0,7877304.0,1
REQ-2026-00671,HR,Manager,105,41,0.25,0,0,0,HP,ProBook 445,Ryzen 5,Radeon,8,1024,1,0.6,0.7,1,0,14,16432196,13550854,230050744,0.444,1,507881497,20250000,1,34.9,17927943.0,1495747.0,1
REQ-2026-00672,Medical Staff,Senior,129,33,0.97,0,1,0,Asus,Vivobook 14,Core i5,Integrated,16,512,1,0.5,0.7,1,0,21,14172028,12185636,297612588,0.247,0,512704677,22000000,0,28.0,17095892.0,2923864.0,1
REQ-2026-00673,Sales,Staff,58,47,2.72,1,1,0,Asus,Vivobook 14,Core i5,Integrated,8,1024,1,0.5,0.7,2,1,9,15908633,13008461,143177697,0.516,1,388094826,13500000,1,31.5,18845619.0,2936986.0,1
REQ-2026-00674,Finance,Director,12,19,1.2,0,0,1,Asus,ExpertBook B9,Core i7,Iris Xe,24,1024,2,0.8,0.95,2,0,12,33788740,27500828,405464880,0.448,1,1841885136,38000000,1,50.9,35653953.0,1865213.0,1
REQ-2026-00675,Design,Staff,65,15,0.73,0,0,0,HP,OmniBook 5,Ryzen 7,Radeon,24,512,2,0.65,0.8,2,1,23,23561035,20675059,541903805,0.081,1,940607481,22500000,1,44.5,25874464.0,2313429.0,1
REQ-2026-00676,Finance,Staff,61,12,0.78,0,1,1,Asus,ROG Zephyrus,Core i9,RTX 4070,32,1536,4,0.55,0.3,1,0,1,46113137,35639940,46113137,0.486,0,14356250,15000000,1,39.1,47408953.0,1295816.0,0
REQ-2026-00677,Sales,Staff,26,22,0.84,1,1,0,HP,OmniBook 5,Ryzen 7,Radeon,16,512,2,0.65,0.8,2,0,24,18241252,18589947,437790048,0.41,1,828410280,13500000,1,47.1,19961086.0,1719834.0,0
REQ-2026-00678,Sales,Staff,45,24,6.14,0,0,0,HP,ZBook Firefly,Core i7,RTX A500,40,1024,3,0.8,0.6,2,3,19,34205680,31886619,649907920,0.202,1,192647906,13500000,0,45.2,41206715.0,7001035.0,0
REQ-2026-00679,Medical Staff,Manager,63,38,2.05,1,1,0,Lenovo,IdeaPad Slim 3,Core i3,Integrated,16,768,1,0.45,0.65,3,0,25,14906939,13488159,372673475,0.074,0,1139802482,29700000,1,38.1,16621719.0,1714780.0,1
REQ-2026-00680,Design,Senior,19,26,0.4,0,0,0,Dell,Precision 5690,Core i9,RTX 3500,40,2560,4,0.85,0.35,1,1,8,48790396,43829845,390323168,0.29,0,1276055650,30000000,1,42.6,51721193.0,2930797.0,1
REQ-2026-00681,IT,Manager,18,46,0.48,0,0,0,HP,ZBook Firefly,Core i7,RTX A500,40,1536,3,0.8,0.6,2,1,25,32688192,35089494,817204800,0.236,1,834128582,43200000,1,62.3,36106284.0,3418092.0,1
REQ-2026-00682,HR,Staff,38,22,0.21,0,1,0,Dell,Precision 5690,Core i9,RTX 3500,40,2048,4,0.85,0.35,2,1,22,46428219,44740124,1021420818,0.415,1,288384596,11250000,0,59.6,49240314.0,2812095.0,0
REQ-2026-00683,Finance,Director,50,25,0.7,0,1,0,Dell,Latitude 7450,Core i7,Integrated,16,512,2,0.85,0.85,2,1,19,25569948,22044814,485829012,0.294,1,1488953491,38000000,1,52.1,29320431.0,3750483.0,1
REQ-2026-00684,Finance,Manager,33,22,0.42,2,1,0,Apple,MacBook Pro 14,M3 Pro,Apple GPU,18,1024,4,0.95,0.85,3,0,21,39206543,35681560,823337403,0.455,0,1216969809,27000000,0,75.8,43866242.0,4659699.0,0
REQ-2026-00685,Design,Manager,17,12,0.49,0,0,0,Dell,Latitude 7450,Core i7,Integrated,16,512,2,0.85,0.85,1,1,17,20487407,21982434,348285919,0.513,0,1023348105,40500000,0,49.5,23928251.0,3440844.0,1
REQ-2026-00686,Sales,Staff,125,33,4.1,0,0,1,HP,ZBook Firefly,Core i7,RTX A500,40,1024,3,0.8,0.6,2,1,11,33192824,33749859,365121064,0.39,0,535416571,13500000,1,41.2,35159028.0,1966204.0,0
REQ-2026-00687,Sales,Staff,5,41,7.5,1,0,0,HP,ZBook Firefly,Core i7,RTX A500,40,1024,3,0.8,0.6,2,2,6,30782893,32682545,184697358,0.737,0,198969662,13500000,1,37.4,34936616.0,4153723.0,0
REQ-2026-00688,Design,Staff,3,26,0.07,0,0,0,Lenovo,ThinkPad P16,Core i9,RTX A2000,40,1024,4,0.9,0.25,2,2,19,40871715,39564404,776562585,0.425,0,747880067,22500000,0,49.6,44656530.0,3784815.0,0
REQ-2026-00689,Design,Staff,16,33,0.54,1,0,0,HP,OmniBook 5,Ryzen 7,Radeon,24,512,2,0.65,0.8,1,1,11,18306250,19586575,201368750,0.346,1,227810909,22500000,1,34.9,21221338.0,2915088.0,1
REQ-2026-00690,IT,Senior,35,33,0.6,0,0,1,Asus,Vivobook 14,Core i5,Integrated,8,512,1,0.5,0.7,1,1,1,10041797,9950929,10041797,0.233,1,50623606,32000000,0,36.3,13643064.0,3601267.0,1
REQ-2026-00691,Finance,Staff,14,28,1.37,0,1,0,Apple,MacBook Pro 14,M3 Pro,Apple GPU,18,512,4,0.95,0.85,1,2,1,37651124,31406272,37651124,0.158,1,14359098,15000000,0,38.2,43768543.0,6117419.0,0
REQ-2026-00692,HR,Senior,35,21,0.58,0,1,0,Dell,Inspiron 15,Core i5,Integrated,8,1024,1,0.5,0.6,2,1,8,11997423,12681069,95979384,0.446,1,157882546,15000000,1,44.5,15357260.0,3359837.0,1
REQ-2026-00693,Sales,Staff,93,46,8.23,1,1,0,Asus,ExpertBook B9,Core i7,Iris Xe,16,1024,2,0.8,0.95,2,2,17,24060010,25396659,409020170,0.021,1,358234086,13500000,1,37.4,28695672.0,4635662.0,1
REQ-2026-00694,IT,Staff,49,32,1.41,0,0,1,Dell,Latitude 7450,Core i7,Integrated,16,1024,2,0.85,0.85,2,1,25,23323576,24754462,583089400,0.034,1,1075800535,24000000,1,51.8,26046652.0,2723076.0,1
REQ-2026-00695,Sales,Senior,14,48,1.62,0,0,0,Asus,ExpertBook B9,Core i7,Iris Xe,32,1536,2,0.8,0.95,3,0,14,37747368,32698001,528463152,0.266,0,613954013,18000000,0,65.2,39326524.0,1579156.0,0
REQ-2026-00696,Finance,Senior,112,64,0.72,0,1,0,Dell,Precision 5690,Core i9,RTX 3500,32,2048,4,0.85,0.35,1,0,12,42440561,40454631,509286732,0.374,0,1385084628,20000000,0,48.9,44180580.0,1740019.0,1
REQ-2026-00697,HR,Senior,30,10,0.14,0,1,0,Asus,ExpertBook B9,Core i7,Iris Xe,16,1024,2,0.8,0.95,1,0,25,28644473,24694927,716111825,0.256,0,452229846,15000000,1,54.3,30227402.0,1582929.0,0
REQ-2026-00698,Sales,Senior,11,39,6.05,0,0,0,HP,ZBook Firefly,Core i7,RTX A500,32,1024,3,0.8,0.6,2,1,9,32882585,30660291,295943265,0.358,0,439362974,18000000,1,38.7,35659667.0,2777082.0,1
REQ-2026-00699,Design,Staff,11,23,0.26,0,0,0,HP,ProBook 445,Ryzen 5,Radeon,16,1024,1,0.6,0.7,1,0,10,17421567,16034342,174215670,0.203,0,600576448,22500000,0,37.6,19245984.0,1824417.0,1
REQ-2026-00700,IT,Staff,113,34,0.71,0,0,1,Dell,Precision 5690,Core i9,RTX 3500,32,2048,4,0.85,0.35,1,1,6,38563505,40010559,231381030,0.36,1,687362835,24000000,1,39.9,41265886.0,2702381.0,1
REQ-2026-00701,Design,Manager,48,46,0.81,0,0,0,Lenovo,IdeaPad Slim 3,Core i3,Integrated,16,256,1,0.45,0.65,3,1,4,13964046,11802470,55856184,0.509,0,611207794,40500000,0,37.5,17381238.0,3417192.0,1
REQ-2026-00702,Finance,Staff,22,45,0.63,0,1,0,Apple,MacBook Pro 14,M3 Pro,Apple GPU,18,1024,4,0.95,0.85,1,1,1,40335800,32643265,40335800,0.169,1,20299949,15000000,0,43.7,45786721.0,5450921.0,0
REQ-2026-00703,Medical Staff,Staff,60,36,1.18,2,0,1,Dell,Latitude 7450,Core i7,Integrated,32,512,2,0.85,0.85,1,1,17,24373789,25369200,414354413,0.644,1,308973950,16500000,1,39.1,27282237.0,2908448.0,1
REQ-2026-00704,IT,Staff,56,20,0.14,0,0,0,Lenovo,ThinkPad P16,Core i9,RTX A2000,48,1536,4,0.9,0.25,1,2,3,45582481,41595754,136747443,0.3,0,301499684,24000000,1,42.4,49618445.0,4035964.0,1
REQ-2026-00705,Medical Staff,Senior,101,69,0.43,1,1,0,Dell,Precision 5690,Core i9,RTX 3500,32,3072,4,0.85,0.35,2,3,5,44436771,48023243,222183855,0.296,1,299471431,22000000,1,61.3,51222296.0,6785525.0,1
REQ-2026-00706,Medical Staff,Director,57,17,1.99,0,0,0,Dell,Precision 5690,Core i9,RTX 3500,32,2048,4,0.85,0.35,1,0,20,37208255,43556710,744165100,0.427,0,1406898149,41800000,1,35.7,38868404.0,1660149.0,1
REQ-2026-00707,IT,Staff,49,22,0.4,0,0,1,Lenovo,ThinkPad X1,Core i7,Iris Xe,16,1024,3,0.9,0.95,2,0,16,31148954,28553975,498383264,0.183,0,692536014,24000000,1,71.0,33180765.0,2031811.0,1
REQ-2026-00708,HR,Staff,90,49,0.63,0,1,1,Dell,Latitude 7450,Core i7,Integrated,16,512,2,0.85,0.85,3,0,9,21449465,23639213,193045185,0.178,1,294996058,11250000,1,54.9,22823354.0,1373889.0,1
REQ-2026-00709,HR,Manager,33,35,0.21,0,0,0,Apple,MacBook Pro 14,M3 Pro,Apple GPU,18,512,4,0.95,0.85,1,3,20,32232314,30554232,644646280,0.152,1,822818287,20250000,0,46.9,41669029.0,9436715.0,1
REQ-2026-00710,Finance,Staff,24,51,1.05,0,1,0,Dell,Inspiron 15,Core i5,Integrated,16,512,1,0.5,0.6,3,2,8,16508944,13363220,132071552,0.597,1,158442457,15000000,1,38.8,20841172.0,4332228.0,1
REQ-2026-00711,Finance,Staff,28,38,0.15,0,1,0,Dell,Latitude 7450,Core i7,Integrated,32,1536,2,0.85,0.85,1,2,21,33121288,26508814,695547048,0.269,0,522569736,15000000,1,50.1,37277244.0,4155956.0,0
REQ-2026-00712,Sales,Manager,50,23,9.25,2,1,0,HP,ProBook 445,Ryzen 5,Radeon,16,512,1,0.6,0.7,3,4,24,18643687,16162508,447448488,0.33,1,542178293,24300000,1,27.4,31251037.0,12607350.0,1
REQ-2026-00713,IT,Senior,58,15,0.26,1,0,0,Lenovo,ThinkPad T14,Core i5,Integrated,16,512,2,0.92,0.75,2,0,6,17868850,18505045,107213100,0.212,1,798212614,32000000,0,52.5,19440270.0,1571420.0,1
REQ-2026-00714,HR,Senior,4,45,0.41,0,1,1,Dell,Latitude 7450,Core i7,Integrated,16,1024,2,0.85,0.85,1,1,25,22403630,23869904,560090750,0.532,1,297522720,15000000,1,47.0,26005241.0,3601611.0,0
REQ-2026-00715,IT,Manager,45,34,0.28,0,0,0,Lenovo,ThinkPad X1,Core i7,Iris Xe,24,1536,3,0.9,0.95,1,1,2,29071899,31994452,58143798,0.118,0,120176480,43200000,1,50.3,33282550.0,4210651.0,1
REQ-2026-00716,HR,Senior,70,31,0.07,0,0,1,HP,ZBook Firefly,Core i7,RTX A500,48,1024,3,0.8,0.6,1,0,25,31360272,34242321,784006800,0.079,1,355221491,15000000,1,39.7,32901274.0,1541002.0,1
REQ-2026-00717,Finance,Senior,30,40,1.47,1,1,1,Lenovo,ThinkPad T14,Core i5,Integrated,16,512,2,0.92,0.75,1,0,7,21698305,17357543,151888135,0.078,0,387930960,20000000,1,64.2,23318276.0,1619971.0,1
REQ-2026-00718,IT,Staff,63,30,0.69,0,0,1,Lenovo,ThinkPad T14,Core i5,Integrated,16,512,2,0.92,0.75,1,0,7,16946557,17668968,118625899,0.209,0,216227967,24000000,1,56.5,18037464.0,1090907.0,1
REQ-2026-00719,Design,Staff,14,40,0.12,1,0,0,Asus,Vivobook 14,Core i5,Integrated,8,512,1,0.5,0.7,2,1,20,11604404,11150697,232088080,0.655,1,543740793,22500000,0,44.5,14188285.0,2583881.0,0
REQ-2026-00720,Sales,Senior,36,39,1.13,0,1,1,Apple,MacBook Air 13,M3,Apple GPU,8,256,2,0.95,1.0,2,0,8,17315025,19897013,138520200,0.346,1,152519868,18000000,0,57.2,22350628.0,5035603.0,1
REQ-2026-00721,Design,Senior,16,58,0.72,0,0,0,Asus,Vivobook 14,Core i5,Integrated,8,512,1,0.5,0.7,1,0,18,10852120,10637849,195338160,0.607,0,1161991570,30000000,0,33.8,12747916.0,1895796.0,1
REQ-2026-00722,Finance,Staff,62,55,1.09,0,1,0,Asus,ExpertBook B9,Core i7,Iris Xe,24,1536,2,0.8,0.95,3,1,24,31624498,31315905,758987952,0.263,1,335605278,15000000,1,55.7,35020866.0,3396368.0,0
REQ-2026-00723,Finance,Director,69,46,0.56,0,1,0,Apple,MacBook Air 13,M3,Apple GPU,16,768,2,0.95,1.0,2,1,5,19847644,22713143,99238220,0.521,1,190578799,38000000,1,50.9,26880552.0,7032908.0,1
REQ-2026-00724,Design,Staff,79,21,0.41,0,0,0,HP,OmniBook 5,Ryzen 7,Radeon,32,1024,2,0.65,0.8,2,1,22,24872755,23633373,547200610,0.205,1,867830372,22500000,1,47.0,27601391.0,2728636.0,1
REQ-2026-00725,Sales,Staff,43,44,7.0,0,1,0,Lenovo,IdeaPad Slim 3,Core i3,Integrated,8,768,1,0.45,0.65,3,3,9,12849575,12259674,115646175,0.573,1,230220670,13500000,1,35.7,17690885.0,4841310.0,1
REQ-2026-00726,Design,Director,58,19,0.38,0,0,0,Dell,Latitude 7450,Core i7,Integrated,24,1024,2,0.85,0.85,1,1,15,26132850,25555329,391992750,0.161,0,2030033601,57000000,0,47.2,30003880.0,3871030.0,1
REQ-2026-00727,Medical Staff,Staff,84,38,4.05,0,0,0,Lenovo,ThinkPad X1,Core i7,Iris Xe,24,1024,3,0.9,0.95,1,1,15,35083112,28936215,526246680,0.23,1,325124447,16500000,1,50.5,37873243.0,2790131.0,0
REQ-2026-00728,Sales,Senior,56,29,3.35,0,1,0,Asus,ExpertBook B9,Core i7,Iris Xe,16,2048,2,0.8,0.95,1,1,8,30875586,27862971,247004688,0.183,0,192784883,18000000,1,55.2,34115560.0,3239974.0,1
REQ-2026-00729,IT,Staff,81,27,0.4,1,0,0,Dell,Precision 5690,Core i9,RTX 3500,40,3072,4,0.85,0.35,1,0,3,44889683,47280636,134669049,0.43,0,107475171,24000000,0,35.7,46349433.0,1459750.0,1
REQ-2026-00730,IT,Senior,91,24,0.5,0,0,0,Asus,Vivobook 14,Core i5,Integrated,8,512,1,0.5,0.7,2,1,4,12964007,11456603,51856028,0.348,1,168711471,32000000,0,44.0,16241739.0,3277732.0,1
REQ-2026-00731,Finance,Manager,50,31,0.37,0,1,0,HP,OmniBook 5,Ryzen 7,Radeon,16,512,2,0.65,0.8,3,0,9,21575009,19322787,194175081,0.582,1,406733924,27000000,1,57.6,22930839.0,1355830.0,1
REQ-2026-00732,Finance,Senior,44,36,0.51,0,1,0,Apple,MacBook Air 13,M3,Apple GPU,8,256,2,0.95,1.0,2,0,2,20054431,18707046,40108862,0.148,1,20583939,20000000,1,59.6,24324126.0,4269695.0,1
REQ-2026-00733,HR,Manager,35,29,0.43,0,1,1,Apple,MacBook Air 13,M3,Apple GPU,16,1280,2,0.95,1.0,2,1,10,24816412,24252430,248164120,0.145,1,440980259,20250000,1,72.4,31409500.0,6593088.0,1
REQ-2026-00734,IT,Senior,21,43,0.39,2,0,0,Lenovo,ThinkPad X1,Core i7,Iris Xe,16,1024,3,0.9,0.95,2,0,5,30055090,28891568,150275450,0.318,0,535957201,32000000,1,57.6,31626039.0,1570949.0,1
REQ-2026-00735,HR,Senior,6,49,0.35,1,1,0,Dell,Latitude 7450,Core i7,Integrated,16,512,2,0.85,0.85,2,0,21,24014105,22611620,504296205,0.102,1,829683967,15000000,1,42.7,25818140.0,1804035.0,1
REQ-2026-00736,Sales,Staff,18,31,7.96,1,1,0,HP,ProBook 445,Ryzen 5,Radeon,8,1536,1,0.6,0.7,2,0,1,18487896,17036256,18487896,0.22,1,74780098,13500000,1,37.3,20005344.0,1517448.0,1
REQ-2026-00737,Finance,Staff,27,75,0.58,1,1,0,HP,ZBook Firefly,Core i7,RTX A500,40,1024,3,0.8,0.6,3,0,22,31884413,33820924,701457086,0.253,1,525775343,15000000,1,59.2,33657141.0,1772728.0,0
REQ-2026-00738,Finance,Staff,123,32,0.28,0,1,0,Asus,Vivobook 14,Core i5,Integrated,24,512,1,0.5,0.7,2,1,25,15080687,15833571,377017175,0.103,1,975929392,15000000,1,39.6,18102280.0,3021593.0,1
REQ-2026-00739,Medical Staff,Staff,136,46,1.01,1,1,0,Lenovo,ThinkPad X1,Core i7,Iris Xe,16,1536,3,0.9,0.95,1,0,7,28079928,30420022,196559496,0.572,0,196791733,16500000,1,35.4,29824296.0,1744368.0,0
REQ-2026-00740,HR,Staff,14,36,0.68,0,0,0,HP,ProBook 445,Ryzen 5,Radeon,8,1024,1,0.6,0.7,1,1,15,13145180,13664284,197177700,0.28,1,246744296,11250000,1,43.1,16087809.0,2942629.0,1
REQ-2026-00741,Finance,Senior,26,48,0.47,0,1,0,Apple,MacBook Air 13,M3,Apple GPU,8,768,2,0.95,1.0,2,0,9,27426938,22072886,246842442,0.274,1,180325760,20000000,1,53.4,32173817.0,4746879.0,1
REQ-2026-00742,Design,Manager,27,32,0.52,2,1,0,Asus,ROG Zephyrus,Core i9,RTX 4070,32,1536,4,0.55,0.3,1,0,6,38818382,34417551,232910292,0.279,1,275878112,40500000,0,24.9,41832196.0,3013814.0,1
REQ-2026-00743,Design,Staff,54,45,0.64,0,0,0,Dell,Precision 5690,Core i9,RTX 3500,32,2048,4,0.85,0.35,1,1,20,41083257,40284568,821665140,0.402,1,1023166902,22500000,0,41.8,42902782.0,1819525.0,0
REQ-2026-00744,Medical Staff,Staff,52,1,1.07,1,1,0,Dell,Inspiron 15,Core i5,Integrated,16,512,1,0.5,0.6,1,1,24,11954862,11083412,286916688,0.226,0,2582341562,16500000,1,28.9,15781036.0,3826174.0,1
REQ-2026-00745,Medical Staff,Staff,17,16,0.49,0,1,0,Apple,MacBook Air 13,M3,Apple GPU,16,768,2,0.95,1.0,3,0,16,29261743,23822812,468187888,0.466,0,739276158,16500000,0,71.6,33505795.0,4244052.0,0
REQ-2026-00746,HR,Senior,64,23,0.05,0,1,0,Lenovo,IdeaPad Slim 3,Core i3,Integrated,8,256,1,0.45,0.65,2,0,21,8928335,8912802,187495035,0.572,0,2198601500,15000000,1,29.7,11216561.0,2288226.0,1
REQ-2026-00747,HR,Director,54,46,0.33,1,0,0,Asus,ExpertBook B9,Core i7,Iris Xe,24,2048,2,0.8,0.95,1,1,18,32436035,31284821,583848630,0.432,1,1152902633,28500000,1,46.3,36985344.0,4549309.0,1
REQ-2026-00748,Design,Staff,43,25,0.71,1,0,1,Lenovo,ThinkPad T14,Core i5,Integrated,32,1024,2,0.92,0.75,2,2,8,31285909,23854733,250287272,0.411,1,224915552,22500000,1,75.3,35234971.0,3949062.0,1
REQ-2026-00749,HR,Manager,49,66,0.35,0,1,0,Dell,Inspiron 15,Core i5,Integrated,8,1536,1,0.5,0.6,1,2,15,12948447,13379607,194226705,0.194,0,644033894,20250000,1,19.6,22318367.0,9369920.0,1
REQ-2026-00750,Medical Staff,Director,96,33,1.82,0,1,0,Apple,MacBook Pro 14,M3 Pro,Apple GPU,26,512,4,0.95,0.85,1,0,18,34662745,32938675,623929410,0.385,0,3340954264,41800000,1,57.3,39087387.0,4424642.0,1
REQ-2026-00751,Design,Staff,33,46,1.03,0,0,0,HP,ProBook 445,Ryzen 5,Radeon,8,1024,1,0.6,0.7,2,3,14,15332038,14391381,214648532,0.099,0,541386967,22500000,0,38.6,21399250.0,6067212.0,1
REQ-2026-00752,HR,Staff,33,37,0.19,1,0,0,Asus,ExpertBook B9,Core i7,Iris Xe,32,1536,2,0.8,0.95,2,1,5,32523807,31592677,162619035,0.296,0,310916936,11250000,0,46.4,35637119.0,3113312.0,0
REQ-2026-00753,IT,Senior,24,40,0.33,0,0,0,Asus,ExpertBook B9,Core i7,Iris Xe,24,1536,2,0.8,0.95,2,1,21,27982269,28708245,587627649,0.338,1,1464341526,32000000,1,58.0,30750364.0,2768095.0,1
REQ-2026-00754,IT,Manager,8,44,1.8,0,0,0,HP,ZBook Firefly,Core i7,RTX A500,32,2048,3,0.8,0.6,1,1,8,31459347,32323291,251674776,0.215,0,174352222,43200000,1,40.8,34616637.0,3157290.0,1
REQ-2026-00755,Sales,Staff,66,38,3.42,0,0,0,HP,OmniBook 5,Ryzen 7,Radeon,32,1024,2,0.65,0.8,2,1,21,23084179,25225462,484767759,0.325,1,144009678,13500000,1,41.4,25358954.0,2274775.0,0
REQ-2026-00756,HR,Senior,50,20,0.54,1,0,0,Asus,ROG Zephyrus,Core i9,RTX 4070,40,1024,4,0.55,0.3,1,0,12,36406575,36242683,436878900,0.25,1,121184491,15000000,1,40.5,37875224.0,1468649.0,0
REQ-2026-00757,Sales,Staff,26,33,1.53,0,0,0,Dell,Precision 5690,Core i9,RTX 3500,32,2048,4,0.85,0.35,1,1,24,40068614,40042879,961646736,0.224,1,473741612,13500000,0,31.9,42882872.0,2814258.0,0
REQ-2026-00758,Medical Staff,Staff,38,40,5.14,0,1,0,HP,OmniBook 5,Ryzen 7,Radeon,24,512,2,0.65,0.8,1,1,3,19532777,18717596,58598331,0.186,1,21922694,16500000,1,27.8,23218385.0,3685608.0,0
REQ-2026-00759,Sales,Staff,54,33,3.29,1,0,0,Asus,ROG Zephyrus,Core i9,RTX 4070,32,1024,4,0.55,0.3,1,1,22,33391976,33032804,734623472,0.118,0,287975179,13500000,0,29.6,36773939.0,3381963.0,0
REQ-2026-00760,HR,Senior,97,54,0.24,0,0,0,Asus,ExpertBook B9,Core i7,Iris Xe,16,1024,2,0.8,0.95,2,0,2,26070316,25399526,52140632,0.28,1,40459661,15000000,1,50.2,27595433.0,1525117.0,0
REQ-2026-00761,Medical Staff,Staff,47,35,2.45,2,0,0,Lenovo,IdeaPad Slim 3,Core i3,Integrated,8,256,1,0.45,0.65,1,2,6,8412487,7486407,50474922,0.326,0,290959188,16500000,0,19.5,16043934.0,7631447.0,1
REQ-2026-00762,IT,Staff,59,16,0.31,0,0,0,Dell,Precision 5690,Core i9,RTX 3500,32,2048,4,0.85,0.35,3,1,12,45214413,41992398,542572956,0.12,1,685492775,24000000,1,50.8,47527347.0,2312934.0,0
REQ-2026-00763,Finance,Staff,52,32,0.04,0,1,1,Dell,Inspiron 15,Core i5,Integrated,8,1024,1,0.5,0.6,1,2,18,11321702,11266628,203790636,0.337,0,447796534,15000000,0,37.6,14924732.0,3603030.0,1
REQ-2026-00764,Sales,Senior,46,14,2.25,0,1,0,Lenovo,IdeaPad Slim 3,Core i3,Integrated,16,256,1,0.45,0.65,1,0,9,10145017,9576297,91305153,0.598,1,563844571,18000000,1,34.2,11966546.0,1821529.0,1
REQ-2026-00765,Medical Staff,Director,23,58,0.91,0,1,0,Lenovo,ThinkPad T14,Core i5,Integrated,16,1024,2,0.92,0.75,1,0,6,23280774,20569656,139684644,0.13,1,259004343,41800000,1,41.9,24816484.0,1535710.0,1
REQ-2026-00766,Sales,Senior,23,29,1.84,0,1,0,Apple,MacBook Air 13,M3,Apple GPU,8,256,2,0.95,1.0,2,1,7,23114653,19147454,161802571,0.261,0,238006827,18000000,1,53.1,29682787.0,6568134.0,1
REQ-2026-00767,HR,Staff,44,9,0.56,0,1,0,Lenovo,IdeaPad Slim 3,Core i3,Integrated,8,768,1,0.45,0.65,2,2,6,10328694,11198897,61972164,0.244,1,89296112,11250000,1,49.5,14170264.0,3841570.0,1
REQ-2026-00768,Finance,Senior,85,35,0.5,0,1,1,Lenovo,ThinkPad T14,Core i5,Integrated,16,512,2,0.92,0.75,1,0,14,17566535,17247574,245931490,0.313,1,466797631,20000000,1,50.1,18865867.0,1299332.0,1
REQ-2026-00769,Design,Senior,82,43,1.03,1,0,1,Lenovo,IdeaPad Slim 3,Core i3,Integrated,8,256,1,0.45,0.65,3,2,1,10979342,9949909,10979342,0.171,1,16873900,30000000,0,32.8,15293942.0,4314600.0,1
REQ-2026-00770,Design,Senior,75,46,0.67,0,0,0,Asus,ROG Zephyrus,Core i9,RTX 4070,32,1024,4,0.55,0.3,1,2,9,35144784,34709232,316303056,0.094,1,299476963,30000000,1,31.8,40945302.0,5800518.0,1
REQ-2026-00771,Finance,Staff,21,36,0.32,1,1,0,Lenovo,ThinkPad T14,Core i5,Integrated,16,1536,2,0.92,0.75,2,0,20,23276301,22682424,465526020,0.219,0,294018393,15000000,1,39.8,24775087.0,1498786.0,1
REQ-2026-00772,Sales,Manager,23,41,2.37,1,1,0,HP,ZBook Firefly,Core i7,RTX A500,48,1024,3,0.8,0.6,2,0,6,38178997,35468807,229073982,0.298,1,855216946,24300000,1,42.2,40061563.0,1882566.0,1
REQ-2026-00773,Finance,Manager,43,40,1.21,0,1,0,Apple,MacBook Pro 14,M3 Pro,Apple GPU,26,512,4,0.95,0.85,3,1,9,37388380,35295715,336495420,0.243,1,592457000,27000000,0,71.0,42835326.0,5446946.0,1
REQ-2026-00774,Finance,Senior,49,57,0.11,0,1,0,Dell,Latitude 7450,Core i7,Integrated,16,512,2,0.85,0.85,2,0,22,24519895,22415780,539437690,0.379,0,3419772516,20000000,1,53.4,25569599.0,1049704.0,1
REQ-2026-00775,Finance,Director,12,41,1.83,0,1,1,Dell,Latitude 7450,Core i7,Integrated,16,512,2,0.85,0.85,2,0,22,24022649,23420479,528498278,0.136,0,2982009579,38000000,1,53.9,25663588.0,1640939.0,1
REQ-2026-00776,HR,Senior,31,21,0.36,0,1,0,HP,OmniBook 5,Ryzen 7,Radeon,24,1024,2,0.65,0.8,2,4,22,23470795,21332230,516357490,0.101,1,879812418,15000000,1,35.0,32528369.0,9057574.0,1
REQ-2026-00777,IT,Staff,71,24,0.94,0,0,0,Asus,ExpertBook B9,Core i7,Iris Xe,16,1024,2,0.8,0.95,1,0,16,23156605,25352029,370505680,0.365,0,387545020,24000000,0,48.6,24729776.0,1573171.0,1
REQ-2026-00778,Medical Staff,Staff,48,56,1.18,2,1,0,Lenovo,ThinkPad X1,Core i7,Iris Xe,24,1024,3,0.9,0.95,1,0,14,25654466,29550044,359162524,0.564,1,371053025,16500000,1,47.4,27005552.0,1351086.0,0
REQ-2026-00779,Design,Staff,18,19,0.45,0,0,1,Apple,MacBook Air 13,M3,Apple GPU,16,768,2,0.95,1.0,1,4,25,26719697,21277464,667992425,0.145,1,1340363207,22500000,0,47.3,36530921.0,9811224.0,1
REQ-2026-00780,Finance,Senior,62,6,1.54,0,1,0,Asus,ROG Zephyrus,Core i9,RTX 4070,32,1024,4,0.55,0.3,1,1,2,38649756,34658365,77299512,0.575,1,295017362,20000000,0,49.2,42293799.0,3644043.0,0
REQ-2026-00781,IT,Manager,10,29,1.08,0,0,0,Apple,MacBook Pro 14,M3 Pro,Apple GPU,18,1024,4,0.95,0.85,2,2,17,37485637,33627307,637255829,0.633,1,1453183828,43200000,1,39.6,45994753.0,8509116.0,1
REQ-2026-00782,IT,Staff,92,40,0.48,0,1,0,Dell,Precision 5690,Core i9,RTX 3500,48,2048,4,0.85,0.35,2,1,4,53590751,46286093,214363004,0.211,1,57400481,24000000,0,48.0,55983737.0,2392986.0,0
REQ-2026-00783,Design,Staff,28,22,1.68,0,0,0,Lenovo,ThinkPad T14,Core i5,Integrated,32,512,2,0.92,0.75,3,2,2,27783715,22430227,55567430,0.243,1,49515632,22500000,0,61.1,32653354.0,4869639.0,1
REQ-2026-00784,IT,Staff,26,25,0.05,1,0,0,Dell,Latitude 7450,Core i7,Integrated,32,512,2,0.85,0.85,1,0,13,26711622,26068935,347251086,0.712,0,350032966,24000000,1,45.5,28107950.0,1396328.0,0
REQ-2026-00785,IT,Staff,63,36,0.17,0,1,0,Dell,Inspiron 15,Core i5,Integrated,16,1536,1,0.5,0.6,2,0,16,18738284,15677035,299812544,0.434,0,655388878,24000000,0,41.9,20444580.0,1706296.0,1
REQ-2026-00786,Sales,Senior,7,45,1.27,0,1,1,Asus,ROG Zephyrus,Core i9,RTX 4070,40,2048,4,0.55,0.3,1,1,8,45279726,40377214,362237808,0.319,1,481888242,18000000,1,35.8,47504039.0,2224313.0,1
REQ-2026-00787,Medical Staff,Staff,72,40,0.17,0,1,0,Asus,ExpertBook B9,Core i7,Iris Xe,32,1024,2,0.8,0.95,1,0,19,31616326,27265140,600710194,0.402,1,492879258,16500000,1,42.1,32617175.0,1000849.0,0
REQ-2026-00788,Design,Senior,58,19,0.8,1,0,0,HP,ProBook 445,Ryzen 5,Radeon,16,1536,1,0.6,0.7,1,0,15,19152285,17551628,287284275,0.193,0,656611494,30000000,0,44.0,20809552.0,1657267.0,0
REQ-2026-00789,HR,Staff,19,20,0.6,0,1,0,Apple,MacBook Air 13,M3,Apple GPU,8,768,2,0.95,1.0,2,0,7,23064811,20675511,161453677,0.182,1,177017999,11250000,0,43.6,27809044.0,4744233.0,0
REQ-2026-00790,Finance,Manager,15,45,0.89,0,1,0,Asus,ROG Zephyrus,Core i9,RTX 4070,32,1024,4,0.55,0.3,1,1,11,41027309,35390953,451300399,0.19,1,589537722,27000000,1,34.7,45063346.0,4036037.0,1
REQ-2026-00791,Design,Manager,121,18,0.4,1,0,1,HP,ProBook 445,Ryzen 5,Radeon,16,1536,1,0.6,0.7,3,1,5,21825718,19030895,109128590,0.183,1,334732516,40500000,0,54.8,25366676.0,3540958.0,1
REQ-2026-00792,Design,Senior,21,51,1.71,2,0,0,Asus,Vivobook 14,Core i5,Integrated,24,1536,1,0.5,0.7,2,3,11,20759779,19393647,228357569,0.56,0,735696343,30000000,1,24.9,28285312.0,7525533.0,1
REQ-2026-00793,Finance,Senior,12,18,0.6,1,1,0,HP,ProBook 445,Ryzen 5,Radeon,8,512,1,0.6,0.7,1,2,1,10172473,11750740,10172473,0.326,1,17538490,20000000,1,38.3,14142696.0,3970223.0,1
REQ-2026-00794,Design,Staff,31,50,0.23,0,0,0,HP,ProBook 445,Ryzen 5,Radeon,24,512,1,0.6,0.7,3,1,13,14800322,17894644,192404186,0.059,0,877330613,22500000,0,65.4,17286362.0,2486040.0,1
REQ-2026-00795,Sales,Senior,34,22,6.03,0,0,1,Asus,ExpertBook B9,Core i7,Iris Xe,24,1024,2,0.8,0.95,2,2,20,32372689,28132073,647453780,0.235,1,1271563169,18000000,1,53.0,36856420.0,4483731.0,1
REQ-2026-00796,IT,Staff,25,47,0.71,0,1,1,Dell,Precision 5690,Core i9,RTX 3500,40,2048,4,0.85,0.35,1,1,22,42897280,44243969,943740160,0.448,1,923425769,24000000,1,40.0,46103561.0,3206281.0,0
REQ-2026-00797,IT,Staff,69,29,0.23,0,0,0,Apple,MacBook Pro 14,M3 Pro,Apple GPU,18,512,4,0.95,0.85,2,3,16,31091603,32628153,497465648,0.085,1,1629712661,24000000,1,61.4,38858304.0,7766701.0,1
REQ-2026-00798,Medical Staff,Senior,2,34,0.87,0,0,0,Dell,Inspiron 15,Core i5,Integrated,8,1536,1,0.5,0.6,2,1,20,19356265,14886527,387125300,0.207,1,558074694,22000000,1,35.7,22067858.0,2711593.0,1
REQ-2026-00799,Finance,Manager,96,35,0.41,0,1,0,Asus,ROG Zephyrus,Core i9,RTX 4070,32,1024,4,0.55,0.3,1,2,16,34512288,32867550,552196608,0.399,0,1188678573,27000000,1,29.2,40976964.0,6464676.0,1
REQ-2026-00800,Sales,Staff,15,25,1.0,0,1,0,Lenovo,ThinkPad P16,Core i9,RTX A2000,32,1024,4,0.9,0.25,1,3,13,38215238,37253494,496798094,0.138,1,286541936,13500000,1,40.4,45551053.0,7335815.0,0
REQ-2026-00801,IT,Staff,18,5,1.37,1,1,0,Lenovo,ThinkPad P16,Core i9,RTX A2000,32,1024,4,0.9,0.25,3,2,6,36859247,38638079,221155482,0.606,0,107158541,24000000,1,49.9,41036128.0,4176881.0,0
REQ-2026-00802,Design,Staff,23,41,0.69,0,0,0,Lenovo,IdeaPad Slim 3,Core i3,Integrated,16,256,1,0.45,0.65,2,2,14,13847719,10636346,193868066,0.355,1,752314107,22500000,0,47.2,18677619.0,4829900.0,1
REQ-2026-00803,Finance,Senior,68,44,0.75,0,1,0,Asus,Vivobook 14,Core i5,Integrated,8,512,1,0.5,0.7,1,1,8,10899392,10175248,87195136,0.308,1,142364871,20000000,1,35.0,13809684.0,2910292.0,1
REQ-2026-00804,Finance,Director,43,47,0.85,1,1,1,Dell,Inspiron 15,Core i5,Integrated,8,1536,1,0.5,0.6,3,0,15,14086207,15712808,211293105,0.566,0,1174853568,38000000,1,27.2,15831043.0,1744836.0,1
REQ-2026-00805,IT,Staff,58,20,1.65,0,1,0,Dell,Latitude 7450,Core i7,Integrated,32,512,2,0.85,0.85,2,0,16,28279922,26978491,452478752,0.167,1,740878101,24000000,1,47.5,29695588.0,1415666.0,1
REQ-2026-00806,Sales,Senior,63,37,9.43,0,0,0,Dell,Inspiron 15,Core i5,Integrated,8,512,1,0.5,0.6,1,3,18,10478821,9458715,188618778,0.287,1,344728659,18000000,1,22.8,17481849.0,7003028.0,1
REQ-2026-00807,Sales,Staff,116,39,2.7,0,1,0,Asus,Vivobook 14,Core i5,Integrated,8,512,1,0.5,0.7,3,1,9,14764306,13644378,132878754,0.45,1,253285149,13500000,0,45.2,17876024.0,3111718.0,1
REQ-2026-00808,HR,Staff,18,67,1.41,1,1,0,Asus,ROG Zephyrus,Core i9,RTX 4070,40,1024,4,0.55,0.3,3,3,22,45117162,38784963,992577564,0.214,0,657283148,11250000,0,47.6,50620335.0,5503173.0,0
REQ-2026-00809,Finance,Senior,60,15,0.62,0,1,1,Apple,MacBook Pro 14,M3 Pro,Apple GPU,18,512,4,0.95,0.85,1,1,5,35052378,31962901,175261890,0.505,1,349790368,20000000,1,67.1,40723269.0,5670891.0,1
REQ-2026-00810,Sales,Senior,11,35,2.04,1,1,0,Lenovo,ThinkPad T14,Core i5,Integrated,16,1536,2,0.92,0.75,1,1,13,22694956,21681184,295034428,0.884,0,369984722,18000000,1,46.7,26043751.0,3348795.0,1
REQ-2026-00811,Medical Staff,Staff,47,42,1.17,1,1,0,HP,ProBook 445,Ryzen 5,Radeon,16,512,1,0.6,0.7,1,2,7,15504215,13520223,108529505,0.568,0,482303944,16500000,1,32.2,20282937.0,4778722.0,1
REQ-2026-00812,HR,Staff,74,46,0.66,0,1,0,Apple,MacBook Pro 14,M3 Pro,Apple GPU,26,1536,4,0.95,0.85,3,1,6,38818492,38382023,232910952,0.329,1,275131402,11250000,0,54.9,44562577.0,5744085.0,0
REQ-2026-00813,Design,Staff,39,26,0.54,1,0,0,Asus,ROG Zephyrus,Core i9,RTX 4070,32,1024,4,0.55,0.3,1,0,13,40455306,34025121,525918978,0.139,1,802146065,22500000,0,33.8,42301125.0,1845819.0,1
REQ-2026-00814,Finance,Manager,13,21,1.35,0,1,1,Asus,ROG Zephyrus,Core i9,RTX 4070,48,1024,4,0.55,0.3,1,1,23,44585259,37857898,1025460957,0.317,1,1314468806,27000000,0,43.5,47290653.0,2705394.0,1
REQ-2026-00815,Design,Senior,33,48,0.2,0,0,0,Asus,ROG Zephyrus,Core i9,RTX 4070,32,1024,4,0.55,0.3,2,0,1,37146584,36288419,37146584,0.811,1,119473525,30000000,1,39.0,39239689.0,2093105.0,1
REQ-2026-00816,IT,Manager,38,39,1.19,0,1,1,Asus,Vivobook 14,Core i5,Integrated,8,1536,1,0.5,0.7,3,1,25,17807323,15960933,445183075,0.307,1,958604918,43200000,0,53.5,21645855.0,3838532.0,1
REQ-2026-00817,Design,Staff,93,39,0.46,0,0,0,Asus,ROG Zephyrus,Core i9,RTX 4070,32,1024,4,0.55,0.3,1,4,21,32451906,35442373,681490026,0.178,1,917795463,22500000,1,49.7,38575961.0,6124055.0,1
REQ-2026-00818,IT,Senior,48,33,0.59,2,0,0,Dell,Inspiron 15,Core i5,Integrated,16,512,1,0.5,0.6,2,1,24,12991459,12236736,311795016,0.467,1,1343035973,32000000,0,35.4,16262254.0,3270795.0,1
REQ-2026-00819,Medical Staff,Senior,40,29,1.91,0,1,0,HP,ProBook 445,Ryzen 5,Radeon,8,512,1,0.6,0.7,1,3,7,11411042,11575453,79877294,0.241,0,127361091,22000000,0,39.3,16861816.0,5450774.0,1
REQ-2026-00820,HR,Senior,19,68,0.48,0,0,0,Apple,MacBook Air 13,M3,Apple GPU,8,768,2,0.95,1.0,2,0,21,23441974,21063126,492281454,0.23,1,385156513,15000000,1,56.1,27821588.0,4379614.0,1
REQ-2026-00821,Finance,Staff,7,39,1.64,2,1,0,Dell,Inspiron 15,Core i5,Integrated,16,1024,1,0.5,0.6,1,2,7,14647926,13120993,102535482,0.345,1,161815679,15000000,1,18.5,21711403.0,7063477.0,1
REQ-2026-00822,Sales,Staff,28,36,1.17,1,0,0,Apple,MacBook Air 13,M3,Apple GPU,24,256,2,0.95,1.0,2,2,22,25072889,23912610,551603558,0.681,0,560427348,13500000,1,64.6,32287141.0,7214252.0,0
REQ-2026-00823,HR,Staff,74,17,0.71,2,1,0,Lenovo,ThinkPad P16,Core i9,RTX A2000,40,1024,4,0.9,0.25,2,0,18,48523259,42080712,873418662,0.049,1,1018189274,11250000,0,50.7,50396505.0,1873246.0,0
REQ-2026-00824,HR,Senior,50,44,0.36,1,0,0,Lenovo,ThinkPad T14,Core i5,Integrated,24,1536,2,0.92,0.75,2,1,19,24993960,25947836,474885240,0.298,1,699265490,15000000,1,56.6,28148468.0,3154508.0,1
REQ-2026-00825,Design,Senior,25,35,1.08,0,0,1,Dell,Inspiron 15,Core i5,Integrated,8,512,1,0.5,0.6,2,0,18,10479131,10449979,188624358,0.27,1,332779920,30000000,0,40.7,12012277.0,1533146.0,1
REQ-2026-00826,Finance,Manager,22,7,1.38,1,1,0,Lenovo,ThinkPad P16,Core i9,RTX A2000,48,1024,4,0.9,0.25,1,1,8,41178143,39767905,329425144,0.248,1,580300023,27000000,0,38.3,44873402.0,3695259.0,1
REQ-2026-00827,Sales,Staff,48,24,1.18,1,0,0,Asus,ROG Zephyrus,Core i9,RTX 4070,40,1024,4,0.55,0.3,1,1,11,36829685,34299826,405126535,0.185,1,519193383,13500000,0,40.4,39521805.0,2692120.0,0
REQ-2026-00828,Design,Staff,47,43,1.43,0,0,0,Dell,Precision 5690,Core i9,RTX 3500,32,2048,4,0.85,0.35,3,2,24,43045081,41261818,1033081944,0.679,0,1733257892,22500000,0,55.0,46918289.0,3873208.0,0
REQ-2026-00829,HR,Senior,43,50,0.19,2,0,0,Dell,Inspiron 15,Core i5,Integrated,8,1536,1,0.5,0.6,1,2,9,15076275,13521891,135686475,0.157,1,139198027,15000000,1,29.6,21564960.0,6488685.0,1
REQ-2026-00830,Design,Manager,65,43,1.49,1,0,0,Apple,MacBook Air 13,M3,Apple GPU,8,256,2,0.95,1.0,3,0,23,15654545,20305100,360054535,0.456,1,2181383627,40500000,1,46.4,20477712.0,4823167.0,1
REQ-2026-00831,Sales,Staff,43,11,7.7,0,1,0,Apple,MacBook Pro 14,M3 Pro,Apple GPU,18,512,4,0.95,0.85,2,0,1,36005621,31531047,36005621,0.356,1,35883636,13500000,0,51.8,40424611.0,4418990.0,0
REQ-2026-00832,Finance,Staff,50,34,1.14,0,1,1,Asus,ExpertBook B9,Core i7,Iris Xe,16,1024,2,0.8,0.95,1,0,10,22811604,24539251,228116040,0.467,1,165621029,15000000,1,59.5,24211542.0,1399938.0,0
REQ-2026-00833,Sales,Staff,22,25,0.79,0,0,0,Dell,Latitude 7450,Core i7,Integrated,16,1536,2,0.85,0.85,1,0,11,24964892,26164877,274613812,0.509,0,256490569,13500000,1,36.4,26671773.0,1706881.0,0
REQ-2026-00834,HR,Manager,48,48,0.42,0,0,0,Dell,Inspiron 15,Core i5,Integrated,16,512,1,0.5,0.6,1,1,13,10472187,11103782,136138431,0.64,0,636064402,20250000,1,34.5,14279249.0,3807062.0,1
REQ-2026-00835,Design,Manager,36,46,0.77,0,0,1,Dell,Precision 5690,Core i9,RTX 3500,32,3072,4,0.85,0.35,3,2,19,44948171,49271079,854015249,0.314,1,2412631923,40500000,1,56.1,49979675.0,5031504.0,1
REQ-2026-00836,Design,Senior,8,33,1.26,0,0,0,Dell,Inspiron 15,Core i5,Integrated,16,512,1,0.5,0.6,2,2,18,12077082,12541687,217387476,0.504,0,1438801615,30000000,0,53.5,17913868.0,5836786.0,1
REQ-2026-00837,IT,Staff,10,1,1.2,1,1,0,Dell,Inspiron 15,Core i5,Integrated,8,512,1,0.5,0.6,2,1,10,11092546,9992444,110925460,0.526,1,396902033,24000000,0,44.5,14367605.0,3275059.0,1
REQ-2026-00838,Sales,Senior,48,21,6.2,0,1,0,Lenovo,IdeaPad Slim 3,Core i3,Integrated,16,256,1,0.45,0.65,3,7,23,13752526,12146683,316308098,0.289,1,1014383085,18000000,1,32.3,26110724.0,12358198.0,1
REQ-2026-00839,Sales,Senior,14,32,1.81,0,0,0,Asus,ROG Zephyrus,Core i9,RTX 4070,32,2048,4,0.55,0.3,2,0,20,36170246,39004626,723404920,0.627,0,333228625,18000000,1,45.8,37581012.0,1410766.0,0
REQ-2026-00840,Finance,Manager,25,29,0.82,1,1,0,Lenovo,IdeaPad Slim 3,Core i3,Integrated,16,256,1,0.45,0.65,3,2,17,13895883,12018655,236230011,0.528,0,1381147894,27000000,1,34.7,18025452.0,4129569.0,1
REQ-2026-00841,Sales,Director,26,25,3.96,1,1,0,Lenovo,ThinkPad P16,Core i9,RTX A2000,32,1024,4,0.9,0.25,3,0,16,35532222,40684847,568515552,0.161,1,511180442,34200000,0,62.2,37312887.0,1780665.0,1
REQ-2026-00842,Design,Senior,123,35,0.98,1,1,0,Asus,ExpertBook B9,Core i7,Iris Xe,24,1024,2,0.8,0.95,1,0,8,33283556,25355045,266268448,0.292,1,484877851,30000000,1,49.6,35338138.0,2054582.0,0
REQ-2026-00843,Medical Staff,Staff,6,64,0.51,0,1,0,Asus,ExpertBook B9,Core i7,Iris Xe,24,1024,2,0.8,0.95,1,0,16,30029891,24411317,480478256,0.454,1,199160543,16500000,1,35.2,31702050.0,1672159.0,0
REQ-2026-00844,Design,Senior,27,49,0.31,0,0,0,Dell,Precision 5690,Core i9,RTX 3500,32,2048,4,0.85,0.35,2,1,5,44891761,41341423,224458805,0.139,1,195669560,30000000,0,41.1,47762182.0,2870421.0,1
REQ-2026-00845,Medical Staff,Staff,85,22,0.18,1,1,0,HP,ZBook Firefly,Core i7,RTX A500,40,1024,3,0.8,0.6,1,1,4,30836493,31652743,123345972,0.489,1,201605791,16500000,1,39.8,33403831.0,2567338.0,1
REQ-2026-00846,Finance,Senior,54,52,0.8,1,1,0,HP,OmniBook 5,Ryzen 7,Radeon,16,512,2,0.65,0.8,1,1,1,19038623,16122921,19038623,0.101,0,63867060,20000000,1,37.2,22917279.0,3878656.0,1
REQ-2026-00847,Sales,Manager,8,23,5.91,1,0,0,Dell,Latitude 7450,Core i7,Integrated,16,512,2,0.85,0.85,1,1,1,23353498,20203427,23353498,0.337,1,44683396,24300000,1,34.4,26693867.0,3340369.0,1
REQ-2026-00848,Medical Staff,Senior,68,38,0.93,0,0,0,HP,OmniBook 5,Ryzen 7,Radeon,24,512,2,0.65,0.8,2,4,2,23112847,19458431,46225694,0.499,0,153789158,22000000,1,37.3,34465619.0,11352772.0,1
REQ-2026-00849,Medical Staff,Staff,56,31,2.53,1,1,0,HP,ProBook 445,Ryzen 5,Radeon,8,512,1,0.6,0.7,3,2,15,14415216,13427888,216228240,0.206,1,278525741,16500000,1,46.1,17573592.0,3158376.0,1
REQ-2026-00850,Medical Staff,Staff,90,19,1.24,0,1,0,Asus,ExpertBook B9,Core i7,Iris Xe,32,1536,2,0.8,0.95,2,1,18,27348394,30504339,492271092,0.345,0,517455640,16500000,1,38.8,29873632.0,2525238.0,0
REQ-2026-00851,Finance,Manager,23,49,0.4,0,0,0,Dell,Inspiron 15,Core i5,Integrated,8,512,1,0.5,0.6,3,3,5,11801717,11279335,59008585,0.651,1,398452724,27000000,1,56.1,18866885.0,7065168.0,1
REQ-2026-00852,HR,Senior,48,17,0.29,0,1,1,Lenovo,IdeaPad Slim 3,Core i3,Integrated,8,768,1,0.45,0.65,1,0,6,7823061,9855228,46938366,0.422,1,139274913,15000000,1,31.1,10239115.0,2416054.0,1
REQ-2026-00853,Finance,Senior,103,57,0.71,0,1,0,Asus,Vivobook 14,Core i5,Integrated,16,1024,1,0.5,0.7,1,2,3,14208717,13935772,42626151,0.616,1,23403645,20000000,1,52.4,18177591.0,3968874.0,1
REQ-2026-00854,Sales,Senior,154,27,1.86,0,1,0,Dell,Inspiron 15,Core i5,Integrated,8,512,1,0.5,0.6,1,3,23,11192532,9283777,257428236,0.268,0,2274063707,18000000,1,36.9,17037647.0,5845115.0,1
REQ-2026-00855,Design,Senior,8,20,0.54,2,0,1,Dell,Latitude 7450,Core i7,Integrated,16,512,2,0.85,0.85,1,1,23,21881686,20966335,503278778,0.347,1,644906026,30000000,1,44.2,25204643.0,3322957.0,1
REQ-2026-00856,HR,Staff,40,37,0.22,0,1,0,Asus,ROG Zephyrus,Core i9,RTX 4070,48,1024,4,0.55,0.3,1,0,16,36807356,36798902,588917696,0.587,1,522973444,11250000,0,36.2,38094119.0,1286763.0,0
REQ-2026-00857,IT,Staff,4,53,2.16,0,0,0,Asus,Vivobook 14,Core i5,Integrated,8,512,1,0.5,0.7,3,1,7,12026017,12443388,84182119,0.088,1,624837418,24000000,0,27.3,15313897.0,3287880.0,1
REQ-2026-00858,HR,Senior,43,37,0.67,0,1,0,Asus,ROG Zephyrus,Core i9,RTX 4070,32,1024,4,0.55,0.3,2,0,6,32441035,35326716,194646210,0.323,1,222697404,15000000,0,42.9,33689124.0,1248089.0,0
REQ-2026-00859,Medical Staff,Staff,27,1,0.91,0,0,0,Lenovo,ThinkPad T14,Core i5,Integrated,16,512,2,0.92,0.75,2,0,15,17803658,17468963,267054870,0.536,0,89652269,16500000,1,66.5,19203159.0,1399501.0,0
REQ-2026-00860,Finance,Staff,21,30,0.32,0,0,0,Asus,ExpertBook B9,Core i7,Iris Xe,24,1536,2,0.8,0.95,3,0,11,30883843,29819160,339722273,0.136,1,316313162,15000000,1,51.5,32119621.0,1235778.0,1
REQ-2026-00861,Finance,Manager,45,13,0.29,0,1,0,Dell,Precision 5690,Core i9,RTX 3500,32,3072,4,0.85,0.35,2,2,20,49629210,46054034,992584200,0.067,1,1069761442,27000000,0,50.7,56275630.0,6646420.0,1
REQ-2026-00862,Finance,Director,37,25,0.25,0,1,0,HP,ZBook Firefly,Core i7,RTX A500,40,1024,3,0.8,0.6,2,1,18,36938226,31871207,664888068,0.625,1,2257191655,38000000,1,56.1,40878109.0,3939883.0,1
REQ-2026-00863,Design,Staff,48,39,1.29,0,0,0,Apple,MacBook Air 13,M3,Apple GPU,8,1280,2,0.95,1.0,2,1,8,23107487,23408589,184859896,0.396,0,781065030,22500000,0,62.5,29273431.0,6165944.0,1
REQ-2026-00864,Sales,Director,71,31,1.34,0,0,0,Dell,Latitude 7450,Core i7,Integrated,16,512,2,0.85,0.85,3,0,22,21833386,23015250,480334492,0.189,1,383464576,34200000,1,66.7,23336581.0,1503195.0,1
REQ-2026-00865,Finance,Senior,36,4,1.35,0,0,0,HP,ProBook 445,Ryzen 5,Radeon,16,512,1,0.6,0.7,2,0,14,14907540,14895808,208705560,0.466,0,147806703,20000000,1,45.7,16106815.0,1199275.0,0
REQ-2026-00866,Design,Senior,40,44,0.42,0,0,0,HP,ZBook Firefly,Core i7,RTX A500,32,1024,3,0.8,0.6,3,1,23,30259384,32487770,695965832,0.785,1,802842757,30000000,1,46.8,33105844.0,2846460.0,1
REQ-2026-00867,Finance,Staff,28,52,0.7,1,1,0,Asus,ROG Zephyrus,Core i9,RTX 4070,48,2048,4,0.55,0.3,1,1,8,49688168,42783630,397505344,0.289,1,95213594,15000000,1,31.7,53451191.0,3763023.0,0
REQ-2026-00868,Medical Staff,Senior,74,21,1.9,0,0,0,Asus,ExpertBook B9,Core i7,Iris Xe,16,1024,2,0.8,0.95,1,0,16,26838399,23486253,429414384,0.361,0,1129862834,22000000,1,40.0,28509024.0,1670625.0,1
REQ-2026-00869,Medical Staff,Senior,34,21,1.81,0,1,1,HP,ProBook 445,Ryzen 5,Radeon,8,512,1,0.6,0.7,1,1,23,11721445,12611538,269593235,0.48,0,1364220848,22000000,1,35.6,14925523.0,3204078.0,1
REQ-2026-00870,Finance,Staff,70,18,0.31,0,1,0,Asus,ROG Zephyrus,Core i9,RTX 4070,40,1024,4,0.55,0.3,1,3,19,34787211,33582484,660957009,0.354,1,587881526,15000000,0,41.2,39905913.0,5118702.0,0
REQ-2026-00871,HR,Director,35,47,0.18,0,0,0,Asus,ROG Zephyrus,Core i9,RTX 4070,40,1536,4,0.55,0.3,3,1,13,41511968,41979935,539655584,0.233,0,930426940,28500000,0,42.7,46729916.0,5217948.0,1
REQ-2026-00872,Medical Staff,Manager,22,31,1.16,0,0,0,Lenovo,ThinkPad P16,Core i9,RTX A2000,40,1024,4,0.9,0.25,1,0,9,39898188,38618844,359083692,0.498,1,456758617,29700000,1,44.1,41495491.0,1597303.0,1
REQ-2026-00873,Medical Staff,Senior,40,35,0.73,1,1,0,Apple,MacBook Pro 14,M3 Pro,Apple GPU,18,512,4,0.95,0.85,2,0,22,35134188,31669328,772952136,0.119,1,1517805250,22000000,0,54.9,39468864.0,4334676.0,0
REQ-2026-00874,HR,Senior,120,16,0.2,1,0,0,Lenovo,IdeaPad Slim 3,Core i3,Integrated,8,256,1,0.45,0.65,2,1,25,9136292,8849515,228407300,0.505,1,700902019,15000000,1,32.6,13304627.0,4168335.0,1
REQ-2026-00875,HR,Senior,64,47,0.14,0,0,0,Dell,Precision 5690,Core i9,RTX 3500,48,2048,4,0.85,0.35,1,0,14,41898067,46106224,586572938,0.245,0,137308598,15000000,0,46.9,43480908.0,1582841.0,0
REQ-2026-00876,Design,Senior,22,35,0.45,0,0,0,Lenovo,IdeaPad Slim 3,Core i3,Integrated,8,256,1,0.45,0.65,2,1,7,9274975,9408107,64924825,0.168,0,523018677,30000000,0,29.6,12982535.0,3707560.0,1
REQ-2026-00877,Design,Staff,17,11,1.08,0,0,0,Asus,Vivobook 14,Core i5,Integrated,8,512,1,0.5,0.7,1,0,24,10993283,9905927,263838792,0.144,1,697788238,22500000,0,24.1,14526843.0,3533560.0,1
REQ-2026-00878,HR,Senior,47,33,0.53,2,0,0,Lenovo,ThinkPad X1,Core i7,Iris Xe,16,1536,3,0.9,0.95,2,0,6,28052859,30880539,168317154,0.55,1,124442780,15000000,0,40.9,29470422.0,1417563.0,0
REQ-2026-00879,HR,Manager,65,1,0.51,0,1,0,Asus,ExpertBook B9,Core i7,Iris Xe,16,1024,2,0.8,0.95,2,0,10,26767647,24517823,267676470,0.23,1,309868293,20250000,1,35.2,28260117.0,1492470.0,1
REQ-2026-00880,Design,Staff,42,26,0.22,2,0,1,Dell,Latitude 7450,Core i7,Integrated,24,1024,2,0.85,0.85,1,2,16,26015213,25116308,416243408,0.18,1,1440726497,22500000,1,48.6,30542121.0,4526908.0,1
REQ-2026-00881,Design,Senior,1,43,0.73,0,0,0,Asus,Vivobook 14,Core i5,Integrated,16,1536,1,0.5,0.7,3,2,12,18790367,18976783,225484404,0.319,0,1040842151,30000000,0,35.8,24268293.0,5477926.0,1
REQ-2026-00882,HR,Director,34,42,0.64,0,1,0,Lenovo,ThinkPad X1,Core i7,Iris Xe,24,1024,3,0.9,0.95,3,0,15,30525735,31938708,457886025,0.174,1,887481164,28500000,0,62.9,32315227.0,1789492.0,1
REQ-2026-00883,Medical Staff,Senior,22,43,2.41,0,0,0,Apple,MacBook Air 13,M3,Apple GPU,8,256,2,0.95,1.0,2,0,23,19432993,19236178,446958839,0.346,1,746764059,22000000,1,65.6,24710750.0,5277757.0,1
REQ-2026-00884,HR,Staff,24,24,0.77,0,0,0,HP,OmniBook 5,Ryzen 7,Radeon,16,1024,2,0.65,0.8,2,1,11,20944294,20970364,230387234,0.595,1,238494485,11250000,1,42.5,23184625.0,2240331.0,1
REQ-2026-00885,Design,Staff,20,23,0.73,1,0,0,Lenovo,IdeaPad Slim 3,Core i3,Integrated,16,256,1,0.45,0.65,2,0,23,10025912,10714252,230595976,0.302,0,1107168335,22500000,0,32.4,11707357.0,1681445.0,1
REQ-2026-00886,IT,Manager,13,16,0.85,1,0,0,HP,OmniBook 5,Ryzen 7,Radeon,16,512,2,0.65,0.8,2,0,12,18065415,18675017,216784980,0.388,1,5286116264,43200000,0,37.8,19656494.0,1591079.0,1
REQ-2026-00887,Medical Staff,Staff,27,13,2.54,0,1,1,Dell,Latitude 7450,Core i7,Integrated,16,512,2,0.85,0.85,1,1,10,19322716,21202159,193227160,0.387,0,332613642,16500000,1,31.1,23579050.0,4256334.0,1
REQ-2026-00888,Design,Staff,65,36,1.48,0,0,1,Lenovo,ThinkPad P16,Core i9,RTX A2000,40,1024,4,0.9,0.25,1,1,19,45037552,39364617,855713488,0.558,0,729609478,22500000,1,47.7,47005793.0,1968241.0,0
REQ-2026-00889,Finance,Staff,44,44,0.8,1,1,0,HP,ProBook 445,Ryzen 5,Radeon,8,512,1,0.6,0.7,2,2,25,14597233,12938746,364930825,0.716,1,624751267,15000000,0,41.7,19064333.0,4467100.0,1
REQ-2026-00890,Finance,Staff,17,43,0.11,0,1,0,Apple,MacBook Pro 14,M3 Pro,Apple GPU,18,1536,4,0.95,0.85,3,0,6,43811334,37144656,262868004,0.27,0,438803068,15000000,0,54.2,48467372.0,4656038.0,0
REQ-2026-00891,HR,Staff,77,41,0.13,0,1,0,HP,OmniBook 5,Ryzen 7,Radeon,24,512,2,0.65,0.8,1,2,23,19671266,18967337,452439118,0.146,0,239642173,11250000,1,31.0,24459721.0,4788455.0,0
REQ-2026-00892,Sales,Senior,35,32,2.7,1,0,1,Lenovo,IdeaPad Slim 3,Core i3,Integrated,8,256,1,0.45,0.65,2,1,10,9265021,9257638,92650210,0.671,0,231671908,18000000,1,26.3,13061101.0,3796080.0,1
REQ-2026-00893,Design,Staff,48,27,0.78,0,0,0,Asus,Vivobook 14,Core i5,Integrated,16,512,1,0.5,0.7,2,1,23,15826507,13223417,364009661,0.475,1,718292366,22500000,0,33.0,19047738.0,3221231.0,1
REQ-2026-00894,HR,Senior,26,18,0.13,0,0,0,Lenovo,ThinkPad P16,Core i9,RTX A2000,48,1536,4,0.9,0.25,3,2,23,50353660,43234210,1158134180,0.184,0,482357252,15000000,1,45.2,54981479.0,4627819.0,0
REQ-2026-00895,IT,Manager,14,30,0.66,0,1,0,Apple,MacBook Air 13,M3,Apple GPU,8,768,2,0.95,1.0,2,1,10,19364508,20710528,193645080,0.33,0,553933610,43200000,0,56.2,26036098.0,6671590.0,1
REQ-2026-00896,HR,Senior,19,36,0.19,0,1,0,HP,OmniBook 5,Ryzen 7,Radeon,16,512,2,0.65,0.8,1,0,17,20183278,17866219,343115726,0.184,0,449126555,15000000,1,30.9,22332125.0,2148847.0,1
REQ-2026-00897,HR,Director,39,22,0.48,0,1,0,Lenovo,ThinkPad T14,Core i5,Integrated,16,1024,2,0.92,0.75,1,0,2,23776396,18676559,47552792,0.289,0,60149343,28500000,1,46.6,25878873.0,2102477.0,1
REQ-2026-00898,Medical Staff,Senior,15,42,0.21,0,0,0,Lenovo,IdeaPad Slim 3,Core i3,Integrated,8,256,1,0.45,0.65,1,1,14,8058996,7784221,112825944,0.427,0,889088613,22000000,1,32.5,11989020.0,3930024.0,1
REQ-2026-00899,Finance,Manager,42,40,0.33,0,0,0,HP,OmniBook 5,Ryzen 7,Radeon,16,1536,2,0.65,0.8,1,1,4,20811872,20971192,83247488,0.162,1,377404810,27000000,1,61.2,24205637.0,3393765.0,1
REQ-2026-00900,Medical Staff,Manager,21,27,0.14,1,1,0,HP,OmniBook 5,Ryzen 7,Radeon,16,1024,2,0.65,0.8,1,2,3,22143446,19105648,66430338,0.253,0,171008765,29700000,1,42.3,27849485.0,5706039.0,1
REQ-2026-00901,HR,Senior,42,52,0.44,0,1,0,Dell,Precision 5690,Core i9,RTX 3500,48,2048,4,0.85,0.35,1,1,23,43911342,45550602,1009960866,0.122,0,379393409,15000000,0,54.2,47115142.0,3203800.0,0
REQ-2026-00902,Finance,Senior,37,25,0.21,1,1,1,Lenovo,ThinkPad P16,Core i9,RTX A2000,32,1024,4,0.9,0.25,1,2,6,37227685,36162812,223366110,0.165,1,256633228,20000000,1,41.4,40751699.0,3524014.0,1
REQ-2026-00903,Sales,Senior,65,27,5.49,0,1,1,HP,ProBook 445,Ryzen 5,Radeon,8,512,1,0.6,0.7,1,2,13,11252311,11671148,146280043,0.458,1,140031507,18000000,1,40.3,16499292.0,5246981.0,1
REQ-2026-00904,Finance,Senior,6,32,0.34,1,1,0,Lenovo,IdeaPad Slim 3,Core i3,Integrated,8,256,1,0.45,0.65,1,2,22,8592325,7788770,189031150,0.147,1,1220478238,20000000,1,25.4,15881011.0,7288686.0,1
REQ-2026-00905,Medical Staff,Staff,84,17,2.03,1,0,0,Apple,MacBook Air 13,M3,Apple GPU,16,256,2,0.95,1.0,1,1,3,21368827,20229382,64106481,0.32,0,71147362,16500000,1,50.8,26873057.0,5504230.0,1
REQ-2026-00906,Sales,Senior,44,34,11.02,0,1,1,Asus,Vivobook 14,Core i5,Integrated,16,1024,1,0.5,0.7,2,3,8,15130165,16007819,121041320,0.197,0,214295699,18000000,1,27.8,22244548.0,7114383.0,1
REQ-2026-00907,Finance,Staff,29,30,0.63,0,0,0,Asus,Vivobook 14,Core i5,Integrated,8,1536,1,0.5,0.7,3,2,6,16952346,16287182,101714076,0.229,0,91560131,15000000,0,43.2,20026965.0,3074619.0,1
REQ-2026-00908,IT,Senior,30,52,0.8,0,0,0,Lenovo,IdeaPad Slim 3,Core i3,Integrated,8,768,1,0.45,0.65,1,2,16,11657986,9448878,186527776,0.311,1,1489615184,32000000,0,25.5,18371977.0,6713991.0,1
REQ-2026-00909,HR,Senior,48,49,0.37,0,1,0,HP,ZBook Firefly,Core i7,RTX A500,40,1024,3,0.8,0.6,3,0,25,36102920,33147643,902573000,0.111,1,1155111000,15000000,0,52.7,37586021.0,1483101.0,0
REQ-2026-00910,HR,Manager,55,34,0.12,0,1,0,Dell,Precision 5690,Core i9,RTX 3500,40,2048,4,0.85,0.35,2,0,25,47987698,44192285,1199692450,0.34,0,728701535,20250000,0,36.3,49373360.0,1385662.0,0
REQ-2026-00911,Medical Staff,Director,22,33,1.78,0,1,1,Lenovo,IdeaPad Slim 3,Core i3,Integrated,8,256,1,0.45,0.65,2,4,17,9240015,8573233,157080255,0.033,1,901189386,41800000,0,39.9,22741462.0,13501447.0,1
REQ-2026-00912,Finance,Director,17,33,1.22,0,1,0,Apple,MacBook Pro 14,M3 Pro,Apple GPU,26,512,4,0.95,0.85,2,2,12,37928157,34469385,455137884,0.2,1,1258138820,38000000,0,54.3,46366880.0,8438723.0,1
REQ-2026-00913,Medical Staff,Senior,32,49,0.18,0,1,1,HP,ZBook Firefly,Core i7,RTX A500,40,1024,3,0.8,0.6,1,0,16,34537117,30245822,552593872,0.087,1,671488760,22000000,1,46.2,36165524.0,1628407.0,1
REQ-2026-00914,HR,Staff,34,70,0.11,2,1,0,Asus,ExpertBook B9,Core i7,Iris Xe,16,1536,2,0.8,0.95,3,0,24,33918375,28152435,814041000,0.472,1,659606977,11250000,1,34.7,35734937.0,1816562.0,0
REQ-2026-00915,HR,Senior,59,28,0.65,0,1,1,Asus,ExpertBook B9,Core i7,Iris Xe,16,1024,2,0.8,0.95,3,0,7,29270477,27758005,204893339,0.286,0,173709782,15000000,1,50.6,31033101.0,1762624.0,0
REQ-2026-00916,Sales,Staff,17,24,2.98,0,1,0,Apple,MacBook Air 13,M3,Apple GPU,16,1280,2,0.95,1.0,1,1,21,23366786,22893579,490702506,0.332,0,1079368603,13500000,1,44.3,29089198.0,5722412.0,1
REQ-2026-00917,Design,Staff,38,27,1.08,1,0,1,Asus,Vivobook 14,Core i5,Integrated,8,512,1,0.5,0.7,1,2,8,10408463,10074673,83267704,0.642,1,545577016,22500000,0,30.8,16546811.0,6138348.0,1
REQ-2026-00918,HR,Staff,40,33,0.37,0,0,0,Apple,MacBook Air 13,M3,Apple GPU,8,1280,2,0.95,1.0,2,4,24,22373283,22175788,536958792,0.355,0,328171321,11250000,1,61.2,30724454.0,8351171.0,0
REQ-2026-00919,Design,Manager,73,18,0.18,0,0,0,Lenovo,ThinkPad T14,Core i5,Integrated,24,512,2,0.92,0.75,2,0,1,19698154,20832187,19698154,0.392,0,160518661,40500000,1,52.1,21550483.0,1852329.0,1
REQ-2026-00920,Medical Staff,Staff,45,20,1.24,2,0,1,Asus,ExpertBook B9,Core i7,Iris Xe,16,1024,2,0.8,0.95,2,0,25,27409044,25064379,685226100,0.316,0,1574786822,16500000,0,50.1,28762520.0,1353476.0,1
REQ-2026-00921,Design,Staff,3,46,0.99,0,0,0,Lenovo,ThinkPad T14,Core i5,Integrated,32,512,2,0.92,0.75,1,0,21,25548077,20414068,536509617,0.517,0,734272099,22500000,1,65.9,26457248.0,909171.0,1
REQ-2026-00922,HR,Staff,23,35,0.38,1,1,0,HP,ProBook 445,Ryzen 5,Radeon,8,512,1,0.6,0.7,2,2,4,14813049,12744439,59252196,0.321,1,140681380,11250000,1,35.4,18582169.0,3769120.0,1
REQ-2026-00923,Medical Staff,Director,68,18,0.31,0,1,0,Lenovo,IdeaPad Slim 3,Core i3,Integrated,16,768,1,0.45,0.65,1,0,11,12950469,11986958,142455159,0.351,0,408333593,41800000,1,33.9,14823398.0,1872929.0,1
REQ-2026-00924,Design,Manager,94,16,0.07,2,0,0,Dell,Latitude 7450,Core i7,Integrated,16,512,2,0.85,0.85,3,4,8,27441856,23977004,219534848,0.549,0,172024866,40500000,1,52.3,38097477.0,10655621.0,1
REQ-2026-00925,IT,Manager,76,31,1.53,0,1,0,HP,ProBook 445,Ryzen 5,Radeon,8,1024,1,0.6,0.7,3,2,8,19423332,16058626,155386656,0.442,1,617862844,43200000,0,63.0,25685985.0,6262653.0,1
REQ-2026-00926,Finance,Staff,47,20,0.12,0,1,0,Lenovo,IdeaPad Slim 3,Core i3,Integrated,8,768,1,0.45,0.65,2,3,7,11513703,10652646,80595921,0.326,1,57053692,15000000,1,30.6,18517209.0,7003506.0,1
REQ-2026-00927,Finance,Manager,19,20,0.69,0,1,0,HP,ProBook 445,Ryzen 5,Radeon,24,512,1,0.6,0.7,3,1,13,23143267,17770737,300862471,0.309,0,415614213,27000000,1,33.0,27054676.0,3911409.0,1
REQ-2026-00928,Finance,Staff,59,41,0.38,0,1,0,Apple,MacBook Air 13,M3,Apple GPU,8,256,2,0.95,1.0,1,1,14,19206255,17313277,268887570,0.397,1,622019975,15000000,0,50.1,24518133.0,5311878.0,1
REQ-2026-00929,IT,Manager,62,38,0.84,1,1,0,Lenovo,IdeaPad Slim 3,Core i3,Integrated,16,1280,1,0.45,0.65,2,1,11,15489475,14760015,170384225,0.436,1,259477459,43200000,0,33.7,19191328.0,3701853.0,1
REQ-2026-00930,Design,Senior,16,22,1.27,0,0,0,Asus,Vivobook 14,Core i5,Integrated,16,512,1,0.5,0.7,3,0,12,14304459,14347891,171653508,0.322,1,622793879,30000000,0,54.0,15794546.0,1490087.0,1
REQ-2026-00931,IT,Staff,93,27,0.87,0,0,0,Lenovo,IdeaPad Slim 3,Core i3,Integrated,8,768,1,0.45,0.65,1,0,19,10803008,9909687,205257152,0.18,0,1521943056,24000000,0,30.6,13576507.0,2773499.0,1
REQ-2026-00932,Medical Staff,Senior,29,43,1.23,0,0,1,Dell,Inspiron 15,Core i5,Integrated,8,512,1,0.5,0.6,2,1,25,9335471,10663800,233386775,0.489,0,1150598422,22000000,0,39.1,12723117.0,3387646.0,1
REQ-2026-00933,Finance,Staff,31,15,0.82,1,1,0,Lenovo,ThinkPad P16,Core i9,RTX A2000,32,1536,4,0.9,0.25,2,0,16,39552458,39178113,632839328,0.121,0,247584237,15000000,0,60.7,41177227.0,1624769.0,0
REQ-2026-00934,Medical Staff,Staff,43,1,0.42,1,0,0,Apple,MacBook Air 13,M3,Apple GPU,16,768,2,0.95,1.0,2,1,22,26203423,21800376,576475306,0.08,0,617965646,16500000,1,48.1,32096249.0,5892826.0,1
REQ-2026-00935,Medical Staff,Staff,9,35,1.66,1,1,0,HP,OmniBook 5,Ryzen 7,Radeon,32,512,2,0.65,0.8,1,1,4,17564588,20754122,70258352,0.269,1,133705340,16500000,1,32.2,20683290.0,3118702.0,1
REQ-2026-00936,Sales,Staff,16,18,2.53,0,1,0,HP,ProBook 445,Ryzen 5,Radeon,8,512,1,0.6,0.7,1,0,15,12765605,12099631,191484075,0.075,0,793948034,13500000,1,35.6,14560552.0,1794947.0,1
REQ-2026-00937,Finance,Manager,72,43,0.71,0,1,1,Lenovo,ThinkPad T14,Core i5,Integrated,24,512,2,0.92,0.75,1,0,17,19763856,18254401,335985552,0.277,1,341485001,27000000,1,78.7,21312306.0,1548450.0,1
REQ-2026-00938,Sales,Manager,37,10,4.81,1,1,0,Apple,MacBook Pro 14,M3 Pro,Apple GPU,18,512,4,0.95,0.85,1,2,5,31442028,30802069,157210140,0.096,1,345076499,24300000,0,35.1,38910797.0,7468769.0,0
REQ-2026-00939,Design,Staff,116,10,1.12,0,0,1,Asus,ROG Zephyrus,Core i9,RTX 4070,32,1024,4,0.55,0.3,2,4,3,40454076,34256422,121362228,0.516,0,243341375,22500000,1,41.6,44340711.0,3886635.0,1
REQ-2026-00940,Medical Staff,Staff,101,33,0.23,1,1,0,Lenovo,ThinkPad T14,Core i5,Integrated,24,1024,2,0.92,0.75,2,0,13,22332424,23895224,290321512,0.398,1,276803898,16500000,1,48.8,23727152.0,1394728.0,1
REQ-2026-00941,Design,Manager,4,37,0.24,1,0,1,Lenovo,IdeaPad Slim 3,Core i3,Integrated,8,256,1,0.45,0.65,1,1,9,8342609,7842701,75083481,0.317,1,932395439,40500000,0,26.2,13463574.0,5120965.0,1
REQ-2026-00942,Sales,Staff,41,22,7.78,2,1,1,HP,ZBook Firefly,Core i7,RTX A500,32,1536,3,0.8,0.6,2,3,12,34992240,31589500,419906880,0.406,1,141278350,13500000,0,32.7,41758946.0,6766706.0,0
REQ-2026-00943,Design,Senior,135,50,0.39,1,0,0,HP,ZBook Firefly,Core i7,RTX A500,32,1024,3,0.8,0.6,2,0,18,37951331,29607258,683123958,0.479,0,1146070276,30000000,1,51.3,39352571.0,1401240.0,1
REQ-2026-00944,Design,Manager,69,39,1.09,0,0,0,Asus,Vivobook 14,Core i5,Integrated,8,1536,1,0.5,0.7,1,2,14,14450788,14520535,202311032,0.568,1,1882964685,40500000,0,30.1,21011702.0,6560914.0,1
REQ-2026-00945,Sales,Director,79,29,11.81,1,0,0,Lenovo,ThinkPad P16,Core i9,RTX A2000,40,1024,4,0.9,0.25,3,4,17,40840102,39388163,694281734,0.049,1,523530931,34200000,1,33.4,54554675.0,13714573.0,1
REQ-2026-00946,Design,Director,32,39,0.19,0,0,0,Asus,ExpertBook B9,Core i7,Iris Xe,16,1536,2,0.8,0.95,2,0,20,25672677,27854447,513453540,0.557,1,2373159941,57000000,0,54.6,27161782.0,1489105.0,1
REQ-2026-00947,Sales,Staff,30,18,9.35,0,0,1,HP,OmniBook 5,Ryzen 7,Radeon,24,512,2,0.65,0.8,3,2,11,16656041,20328811,183216451,0.318,0,740200225,13500000,1,36.9,20431245.0,3775204.0,1
REQ-2026-00948,HR,Manager,60,27,0.39,0,0,0,Lenovo,ThinkPad X1,Core i7,Iris Xe,16,1024,3,0.9,0.95,1,0,14,30243417,24982501,423407838,0.422,0,294018041,20250000,1,52.7,31896115.0,1652698.0,1
REQ-2026-00949,IT,Staff,28,47,0.21,1,1,0,HP,OmniBook 5,Ryzen 7,Radeon,24,512,2,0.65,0.8,2,3,4,20538099,20173889,82152396,0.404,1,243973653,24000000,1,41.2,25359893.0,4821794.0,1
REQ-2026-00950,Design,Staff,23,48,0.12,0,1,0,HP,OmniBook 5,Ryzen 7,Radeon,16,1024,2,0.65,0.8,1,1,15,21388523,19226578,320827845,0.631,1,490998891,22500000,1,50.9,23743859.0,2355336.0,1
REQ-2026-00951,Sales,Staff,35,20,8.18,2,1,0,Dell,Precision 5690,Core i9,RTX 3500,32,2560,4,0.85,0.35,1,1,18,46501895,41418415,837034110,0.147,1,1168507814,13500000,0,44.2,48764367.0,2262472.0,0
REQ-2026-00952,Design,Staff,91,43,0.74,0,0,0,HP,OmniBook 5,Ryzen 7,Radeon,24,1024,2,0.65,0.8,1,0,21,24228640,20462184,508801440,0.274,1,239489233,22500000,1,35.7,26032479.0,1803839.0,0
REQ-2026-00953,Design,Senior,18,8,1.26,0,0,0,HP,ProBook 445,Ryzen 5,Radeon,8,512,1,0.6,0.7,2,0,10,14600254,13130072,146002540,0.132,1,396540615,30000000,0,32.6,16555141.0,1954887.0,1
REQ-2026-00954,Sales,Manager,51,30,14.07,1,1,0,HP,OmniBook 5,Ryzen 7,Radeon,24,512,2,0.65,0.8,1,2,6,16279816,17758534,97678896,0.522,1,213417399,24300000,1,18.5,25315749.0,9035933.0,1
REQ-2026-00955,Finance,Senior,32,7,0.74,1,1,0,HP,ProBook 445,Ryzen 5,Radeon,24,1536,1,0.6,0.7,2,2,12,19980113,21522718,239761356,0.276,0,305911587,20000000,1,41.8,24856562.0,4876449.0,1
REQ-2026-00956,HR,Director,24,23,0.12,1,1,0,HP,ProBook 445,Ryzen 5,Radeon,8,512,1,0.6,0.7,2,2,17,10295235,12318087,175018995,0.298,0,2270227474,28500000,1,41.7,17195920.0,6900685.0,1
REQ-2026-00957,HR,Manager,39,18,0.48,2,1,0,Lenovo,ThinkPad T14,Core i5,Integrated,24,512,2,0.92,0.75,2,0,11,20109785,21069596,221207635,0.458,0,349064600,20250000,1,48.2,21171400.0,1061615.0,1
REQ-2026-00958,Sales,Staff,133,45,3.21,1,1,0,Lenovo,ThinkPad P16,Core i9,RTX A2000,40,2048,4,0.9,0.25,1,2,10,41531207,40839288,415312070,0.415,0,292762814,13500000,1,46.0,45959323.0,4428116.0,0
REQ-2026-00959,Design,Staff,64,33,0.43,2,0,0,Dell,Latitude 7450,Core i7,Integrated,16,512,2,0.85,0.85,2,0,23,23983532,21294768,551621236,0.163,1,493731697,22500000,1,59.3,25437291.0,1453759.0,1
REQ-2026-00960,IT,Staff,123,33,1.76,0,0,0,Lenovo,ThinkPad X1,Core i7,Iris Xe,16,1536,3,0.9,0.95,2,0,20,33096591,29625060,661931820,0.039,1,503633625,24000000,1,55.6,34691915.0,1595324.0,0
REQ-2026-00961,Medical Staff,Senior,2,33,0.61,0,1,0,HP,OmniBook 5,Ryzen 7,Radeon,16,512,2,0.65,0.8,3,0,16,18976550,19736963,303624800,0.41,1,1175971639,22000000,1,53.6,20973736.0,1997186.0,1
REQ-2026-00962,HR,Senior,2,48,1.19,1,1,0,Asus,Vivobook 14,Core i5,Integrated,24,512,1,0.5,0.7,1,0,11,15819875,14739285,174018625,0.687,0,407565312,15000000,1,40.1,17200321.0,1380446.0,1
REQ-2026-00963,Sales,Senior,41,51,5.48,1,1,1,Lenovo,IdeaPad Slim 3,Core i3,Integrated,8,256,1,0.45,0.65,1,2,11,8475754,8080854,93233294,0.136,1,363588778,18000000,1,23.7,16620925.0,8145171.0,1
REQ-2026-00964,Sales,Staff,32,27,5.42,0,0,0,HP,ZBook Firefly,Core i7,RTX A500,32,1024,3,0.8,0.6,3,2,24,33028233,30471675,792677592,0.09,1,742504589,13500000,0,49.4,36838607.0,3810374.0,0
REQ-2026-00965,IT,Senior,12,26,0.22,0,1,0,HP,ProBook 445,Ryzen 5,Radeon,16,1024,1,0.6,0.7,2,3,24,19821858,17392423,475724592,0.265,0,2734988604,32000000,0,51.7,23974510.0,4152652.0,1
REQ-2026-00966,Design,Director,55,45,0.93,1,0,0,HP,ZBook Firefly,Core i7,RTX A500,32,1024,3,0.8,0.6,2,0,1,30664756,31198666,30664756,0.384,1,75811632,57000000,1,62.5,32128497.0,1463741.0,1
REQ-2026-00967,Design,Staff,39,17,0.12,1,0,0,Lenovo,ThinkPad X1,Core i7,Iris Xe,24,1024,3,0.9,0.95,2,0,15,25553782,29945961,383306730,0.382,0,660921899,22500000,1,61.7,26811357.0,1257575.0,1
REQ-2026-00968,Medical Staff,Staff,47,27,3.28,1,1,1,Apple,MacBook Air 13,M3,Apple GPU,16,768,2,0.95,1.0,2,1,23,24922035,23022043,573206805,0.477,0,675207925,16500000,1,70.2,31275016.0,6352981.0,0
REQ-2026-00969,IT,Staff,43,30,1.25,0,1,0,HP,ZBook Firefly,Core i7,RTX A500,48,2048,3,0.8,0.6,1,1,9,33423108,35603445,300807972,0.534,0,999262816,24000000,1,46.9,36319332.0,2896224.0,1
REQ-2026-00970,Sales,Senior,43,12,1.33,0,0,0,Dell,Inspiron 15,Core i5,Integrated,8,1536,1,0.5,0.6,2,2,1,17226485,14419125,17226485,0.128,1,32290302,18000000,1,46.6,22261133.0,5034648.0,1
REQ-2026-00971,Sales,Staff,48,47,1.63,0,1,1,Dell,Latitude 7450,Core i7,Integrated,16,512,2,0.85,0.85,1,4,13,24597019,21185147,319761247,0.467,1,128839392,13500000,1,33.1,31631381.0,7034362.0,0
REQ-2026-00972,Medical Staff,Manager,64,29,4.4,0,1,0,HP,OmniBook 5,Ryzen 7,Radeon,16,1536,2,0.65,0.8,1,4,19,22933126,20267787,435729394,0.491,1,1742486207,29700000,1,32.1,32212286.0,9279160.0,1
REQ-2026-00973,Sales,Senior,33,48,16.28,1,0,0,Apple,MacBook Pro 14,M3 Pro,Apple GPU,26,512,4,0.95,0.85,3,3,2,38608538,36137018,77217076,0.095,0,27088341,18000000,1,24.3,49737567.0,11129029.0,0
REQ-2026-00974,Design,Staff,83,54,0.33,0,0,0,Asus,ExpertBook B9,Core i7,Iris Xe,16,1024,2,0.8,0.95,1,0,17,21949961,24465895,373149337,0.375,1,525638358,22500000,0,34.1,24038146.0,2088185.0,1
REQ-2026-00975,HR,Staff,47,38,0.18,1,0,1,Apple,MacBook Pro 14,M3 Pro,Apple GPU,18,512,4,0.95,0.85,3,1,25,33742778,32388323,843569450,0.396,1,1427584590,11250000,1,59.9,39637476.0,5894698.0,0
REQ-2026-00976,Design,Staff,56,25,0.51,0,0,0,Dell,Inspiron 15,Core i5,Integrated,8,1024,1,0.5,0.6,2,1,3,12698897,12581498,38096691,0.022,1,95107937,22500000,0,40.9,15745614.0,3046717.0,1
REQ-2026-00977,HR,Senior,32,50,0.09,0,1,1,HP,ZBook Firefly,Core i7,RTX A500,32,2048,3,0.8,0.6,1,1,5,30366616,33253174,151833080,0.319,0,488455460,15000000,0,41.7,33074702.0,2708086.0,1
REQ-2026-00978,HR,Senior,19,31,0.69,0,1,1,Dell,Latitude 7450,Core i7,Integrated,16,512,2,0.85,0.85,3,1,18,25805119,23163710,464492142,0.41,1,554402878,15000000,0,61.7,28888593.0,3083474.0,1
REQ-2026-00979,Medical Staff,Director,58,40,0.6,2,0,0,HP,ZBook Firefly,Core i7,RTX A500,32,1536,3,0.8,0.6,2,0,23,33882176,32467610,779290048,0.362,1,3182567706,41800000,1,50.5,34952400.0,1070224.0,1
REQ-2026-00980,HR,Senior,45,19,0.02,0,1,0,Lenovo,ThinkPad T14,Core i5,Integrated,16,512,2,0.92,0.75,1,1,17,19476014,17546869,331092238,0.643,0,404635512,15000000,1,38.7,21967167.0,2491153.0,1
REQ-2026-00981,Finance,Manager,34,36,0.31,1,1,0,Dell,Latitude 7450,Core i7,Integrated,16,1024,2,0.85,0.85,2,0,20,24884465,23660622,497689300,0.33,1,1028426928,27000000,1,54.9,26607822.0,1723357.0,1
REQ-2026-00982,HR,Staff,16,42,0.64,0,0,0,Lenovo,ThinkPad P16,Core i9,RTX A2000,32,1536,4,0.9,0.25,2,3,18,40593277,41114868,730678986,0.366,0,369511585,11250000,0,57.3,44583308.0,3990031.0,0
REQ-2026-00983,IT,Senior,31,35,0.8,1,1,0,Lenovo,ThinkPad T14,Core i5,Integrated,24,512,2,0.92,0.75,1,0,17,21839853,19857457,371277501,0.593,0,1042090319,32000000,1,59.0,23003087.0,1163234.0,1
REQ-2026-00984,HR,Staff,72,48,0.5,1,1,0,HP,ZBook Firefly,Core i7,RTX A500,32,1024,3,0.8,0.6,2,1,4,33840895,30100931,135363580,0.304,0,83763055,11250000,0,38.1,36316087.0,2475192.0,0
REQ-2026-00985,IT,Senior,2,56,0.99,0,1,0,Dell,Inspiron 15,Core i5,Integrated,8,1024,1,0.5,0.6,1,2,4,12237787,10961853,48951148,0.555,0,166525073,32000000,0,42.3,17514893.0,5277106.0,1
REQ-2026-00986,Medical Staff,Staff,113,13,1.73,1,1,0,Lenovo,ThinkPad X1,Core i7,Iris Xe,16,2048,3,0.9,0.95,1,1,19,38229070,30577493,726352330,0.353,1,738057874,16500000,1,35.4,41819920.0,3590850.0,0
REQ-2026-00987,Medical Staff,Staff,52,38,0.59,1,0,0,HP,ZBook Firefly,Core i7,RTX A500,32,1024,3,0.8,0.6,1,2,14,32492808,30224735,454899312,0.47,0,389878016,16500000,1,27.6,38198022.0,5705214.0,0
REQ-2026-00988,Sales,Manager,55,59,3.08,0,1,0,Asus,ROG Zephyrus,Core i9,RTX 4070,48,1024,4,0.55,0.3,2,1,17,43967939,40667732,747454963,0.075,1,1082402699,24300000,1,30.7,48871013.0,4903074.0,1
REQ-2026-00989,Sales,Senior,16,48,11.81,0,1,1,Asus,ExpertBook B9,Core i7,Iris Xe,16,2048,2,0.8,0.95,2,1,15,28591378,28812700,428870670,0.177,0,1547616702,18000000,1,39.5,32829576.0,4238198.0,1
REQ-2026-00990,Medical Staff,Staff,79,16,0.65,0,1,0,Asus,ROG Zephyrus,Core i9,RTX 4070,40,1024,4,0.55,0.3,3,2,4,39713915,37646590,158855660,0.452,0,221231086,16500000,0,40.7,42941113.0,3227198.0,1
REQ-2026-00991,Medical Staff,Staff,92,22,1.23,1,0,1,Asus,ExpertBook B9,Core i7,Iris Xe,16,1024,2,0.8,0.95,1,0,24,26475944,25057917,635422656,0.281,1,272269472,16500000,1,29.9,29346010.0,2870066.0,1
REQ-2026-00992,IT,Senior,57,44,0.21,1,1,0,Apple,MacBook Pro 14,M3 Pro,Apple GPU,18,512,4,0.95,0.85,2,0,6,34297625,33163232,205785750,0.145,0,173337028,32000000,0,70.4,39225202.0,4927577.0,1
REQ-2026-00993,IT,Director,49,5,0.2,1,0,1,Dell,Inspiron 15,Core i5,Integrated,8,1024,1,0.5,0.6,1,1,6,10295602,10499420,61773612,0.317,0,946861741,60800000,0,24.7,15958616.0,5663014.0,1
REQ-2026-00994,HR,Manager,26,37,0.27,0,0,0,Dell,Inspiron 15,Core i5,Integrated,16,1024,1,0.5,0.6,2,1,8,14394768,13870845,115158144,0.084,1,423192393,20250000,1,44.5,17499419.0,3104651.0,1
REQ-2026-00995,Design,Staff,38,31,1.21,0,0,0,Asus,ROG Zephyrus,Core i9,RTX 4070,32,1024,4,0.55,0.3,2,2,19,39289215,34243731,746495085,0.23,1,764331625,22500000,1,53.7,42991400.0,3702185.0,1
REQ-2026-00996,Sales,Staff,40,37,2.03,1,0,0,Asus,ExpertBook B9,Core i7,Iris Xe,16,1024,2,0.8,0.95,3,0,20,28870595,26754929,577411900,0.088,0,607312280,13500000,1,44.3,30393597.0,1523002.0,0
REQ-2026-00997,Design,Staff,41,36,0.33,0,0,0,Lenovo,ThinkPad T14,Core i5,Integrated,24,1024,2,0.92,0.75,2,1,9,21083269,23322158,189749421,0.232,1,764367058,22500000,1,62.3,24761505.0,3678236.0,1
REQ-2026-00998,Sales,Senior,71,43,5.22,0,0,1,HP,OmniBook 5,Ryzen 7,Radeon,16,512,2,0.65,0.8,1,1,11,17903008,16626386,196933088,0.38,1,189393628,18000000,1,33.5,21247640.0,3344632.0,1
REQ-2026-00999,HR,Staff,6,40,0.42,0,1,0,Lenovo,ThinkPad X1,Core i7,Iris Xe,16,1536,3,0.9,0.95,1,0,5,31910257,29322981,159551285,0.438,0,30990839,11250000,1,50.7,33777354.0,1867097.0,0
REQ-2026-01000,HR,Staff,152,1,0.21,0,1,0,HP,ZBook Firefly,Core i7,RTX A500,32,1024,3,0.8,0.6,2,1,18,30204300,30094463,543677400,0.506,1,357524940,11250000,1,54.7,32964101.0,2759801.0,0
REQ-2026-01001,Design,Staff,90,15,0.36,2,0,0,Asus,Vivobook 14,Core i5,Integrated,8,512,1,0.5,0.7,3,2,7,12917129,12169683,90419903,0.203,1,612587020,22500000,0,43.0,16426504.0,3509375.0,1
REQ-2026-01002,IT,Staff,35,54,0.11,0,0,0,Dell,Precision 5690,Core i9,RTX 3500,32,3072,4,0.85,0.35,1,0,14,49536748,43070369,693514472,0.767,1,228556038,24000000,1,39.7,51367726.0,1830978.0,0
REQ-2026-01003,Sales,Senior,7,54,2.33,0,1,0,Lenovo,ThinkPad T14,Core i5,Integrated,16,512,2,0.92,0.75,2,0,1,16777336,18443839,16777336,0.642,0,45270537,18000000,1,31.6,18722652.0,1945316.0,1
REQ-2026-01004,Finance,Senior,16,41,0.08,1,1,0,Asus,ROG Zephyrus,Core i9,RTX 4070,32,1536,4,0.55,0.3,3,0,25,38710506,36537510,967762650,0.224,1,521806226,20000000,0,68.4,40214674.0,1504168.0,0
REQ-2026-01005,Finance,Manager,66,39,0.72,0,1,1,Dell,Latitude 7450,Core i7,Integrated,16,1024,2,0.85,0.85,2,0,7,23938157,23121309,167567099,0.114,0,159987796,27000000,1,47.2,25356139.0,1417982.0,1
REQ-2026-01006,Finance,Director,19,50,0.25,0,1,0,Apple,MacBook Pro 14,M3 Pro,Apple GPU,34,1024,4,0.95,0.85,2,4,12,42219692,37685926,506636304,0.124,1,677322624,38000000,0,45.7,54629933.0,12410241.0,1
REQ-2026-01007,Medical Staff,Director,46,1,1.59,0,1,0,Asus,ROG Zephyrus,Core i9,RTX 4070,32,1024,4,0.55,0.3,3,0,12,35871653,36560562,430459836,0.164,0,900270599,41800000,1,40.4,37520531.0,1648878.0,1
REQ-2026-01008,Finance,Senior,28,32,0.52,0,1,0,Lenovo,IdeaPad Slim 3,Core i3,Integrated,16,256,1,0.45,0.65,3,0,1,12317589,12189310,12317589,0.256,1,156206708,20000000,1,33.1,14186172.0,1868583.0,1
REQ-2026-01009,IT,Staff,14,40,0.6,2,0,0,Dell,Inspiron 15,Core i5,Integrated,8,512,1,0.5,0.6,1,1,15,8875159,9111739,133127385,0.2,0,364653974,24000000,0,33.0,12327923.0,3452764.0,1
REQ-2026-01010,IT,Senior,91,35,0.29,0,1,1,Dell,Precision 5690,Core i9,RTX 3500,40,2048,4,0.85,0.35,1,0,16,40664763,42587251,650636208,0.061,1,2657586838,32000000,0,37.6,42091607.0,1426844.0,1
REQ-2026-01011,Design,Staff,6,56,0.51,0,0,0,Dell,Inspiron 15,Core i5,Integrated,8,1024,1,0.5,0.6,1,0,13,11825251,11493028,153728263,0.428,0,321101491,22500000,0,35.9,13408296.0,1583045.0,1
REQ-2026-01012,Finance,Manager,74,33,0.25,0,1,0,Lenovo,IdeaPad Slim 3,Core i3,Integrated,8,256,1,0.45,0.65,2,0,4,10024407,9075416,40097628,0.274,1,123977586,27000000,0,45.8,11866274.0,1841867.0,1
REQ-2026-01013,IT,Staff,38,19,0.45,0,1,0,Lenovo,ThinkPad X1,Core i7,Iris Xe,16,1536,3,0.9,0.95,2,0,25,30362869,29374202,759071725,0.097,1,1525806055,24000000,1,62.6,31870032.0,1507163.0,1
REQ-2026-01014,HR,Staff,42,23,0.93,0,0,0,Dell,Precision 5690,Core i9,RTX 3500,40,2560,4,0.85,0.35,1,3,16,45727000,44727135,731632000,0.216,0,203188217,11250000,0,47.6,51641902.0,5914902.0,0
REQ-2026-01015,Finance,Staff,32,17,2.21,0,1,0,Asus,Vivobook 14,Core i5,Integrated,8,1024,1,0.5,0.7,1,2,8,11929213,12318982,95433704,0.384,1,123408233,15000000,1,24.7,18771397.0,6842184.0,1
REQ-2026-01016,Sales,Staff,37,29,2.69,1,0,0,Lenovo,ThinkPad P16,Core i9,RTX A2000,48,1024,4,0.9,0.25,1,0,6,35879427,40793853,215276562,0.328,0,79738458,13500000,0,44.1,36866463.0,987036.0,0
REQ-2026-01017,Finance,Staff,24,22,0.64,0,1,0,HP,ProBook 445,Ryzen 5,Radeon,8,1024,1,0.6,0.7,1,0,8,13205488,13972238,105643904,0.594,0,69407665,15000000,0,40.1,14783388.0,1577900.0,1
REQ-2026-01018,HR,Staff,30,52,0.82,0,1,0,Dell,Precision 5690,Core i9,RTX 3500,32,2560,4,0.85,0.35,2,0,7,48439803,44229347,339078621,0.557,1,178979492,11250000,0,44.5,49888445.0,1448642.0,0
REQ-2026-01019,Sales,Director,27,23,7.12,0,1,0,Asus,ExpertBook B9,Core i7,Iris Xe,16,1024,2,0.8,0.95,3,0,14,27157571,27035557,380205994,0.054,0,682088717,34200000,1,33.7,29119361.0,1961790.0,1
REQ-2026-01020,Design,Senior,59,27,0.1,1,0,1,HP,ZBook Firefly,Core i7,RTX A500,32,1024,3,0.8,0.6,1,1,25,30200127,29055934,755003175,0.48,1,892590681,30000000,1,42.8,34036132.0,3836005.0,1
REQ-2026-01021,Sales,Manager,71,14,2.3,0,1,1,Lenovo,ThinkPad X1,Core i7,Iris Xe,24,1024,3,0.9,0.95,1,0,13,31918965,29472515,414946545,0.081,1,450991614,24300000,1,47.4,33689205.0,1770240.0,1
REQ-2026-01022,HR,Staff,28,35,0.1,2,1,0,HP,ZBook Firefly,Core i7,RTX A500,32,1536,3,0.8,0.6,1,1,25,33112415,31469556,827810375,0.668,0,492559275,11250000,0,24.6,37759753.0,4647338.0,0
REQ-2026-01023,IT,Director,62,17,1.57,0,0,0,Apple,MacBook Air 13,M3,Apple GPU,16,768,2,0.95,1.0,3,0,15,25115846,24326060,376737690,0.613,0,1715577837,60800000,0,54.6,29642414.0,4526568.0,1
REQ-2026-01024,IT,Director,18,29,0.65,0,0,1,Asus,ExpertBook B9,Core i7,Iris Xe,16,2048,2,0.8,0.95,2,0,4,31801820,28744333,127207280,0.057,1,612468159,60800000,1,46.8,33292689.0,1490869.0,1
REQ-2026-01025,HR,Senior,44,30,0.24,0,0,0,Apple,MacBook Air 13,M3,Apple GPU,8,256,2,0.95,1.0,1,0,5,17094750,17916082,85473750,0.164,1,107002212,15000000,1,43.1,21704369.0,4609619.0,1
REQ-2026-01026,Sales,Senior,28,42,7.04,0,1,0,Lenovo,IdeaPad Slim 3,Core i3,Integrated,24,256,1,0.45,0.65,1,6,19,11226409,11323161,213301771,0.067,1,432062391,18000000,1,31.8,23077860.0,11851451.0,1
REQ-2026-01027,Sales,Senior,49,37,2.76,1,0,0,Dell,Latitude 7450,Core i7,Integrated,16,1024,2,0.85,0.85,1,3,22,24902972,23361855,547865384,0.24,0,790999058,18000000,1,57.9,31815428.0,6912456.0,1
REQ-2026-01028,HR,Staff,57,13,0.76,0,1,0,Lenovo,IdeaPad Slim 3,Core i3,Integrated,8,256,1,0.45,0.65,1,4,17,8169412,7884629,138880004,0.451,0,139862869,11250000,1,31.2,15443970.0,7274558.0,1
REQ-2026-01029,HR,Senior,74,47,0.94,1,1,0,Lenovo,ThinkPad T14,Core i5,Integrated,16,1024,2,0.92,0.75,1,0,15,19414955,19584694,291224325,0.352,1,186716249,15000000,1,66.1,20738820.0,1323865.0,0
REQ-2026-01030,IT,Senior,49,14,0.51,1,0,0,Dell,Latitude 7450,Core i7,Integrated,16,512,2,0.85,0.85,2,1,13,28501631,22077288,370521203,0.152,0,653189341,32000000,1,31.7,32040212.0,3538581.0,1
REQ-2026-01031,Medical Staff,Staff,12,44,1.06,0,1,0,Dell,Precision 5690,Core i9,RTX 3500,32,2048,4,0.85,0.35,2,1,10,47011651,41989163,470116510,0.401,0,208175548,16500000,0,47.6,49623008.0,2611357.0,0
REQ-2026-01032,Medical Staff,Staff,51,30,0.54,0,1,0,Asus,Vivobook 14,Core i5,Integrated,8,512,1,0.5,0.7,2,1,3,12084189,11342091,36252567,0.29,0,156819845,16500000,1,51.6,15477800.0,3393611.0,1
REQ-2026-01033,Medical Staff,Senior,27,40,0.51,1,0,0,Dell,Precision 5690,Core i9,RTX 3500,32,2048,4,0.85,0.35,2,0,7,36309910,41787356,254169370,0.161,1,87910384,22000000,0,41.9,37586447.0,1276537.0,0
REQ-2026-01034,Sales,Senior,48,51,3.1,1,0,0,Dell,Latitude 7450,Core i7,Integrated,16,1024,2,0.85,0.85,2,0,4,24579321,23631007,98317284,0.327,1,93627087,18000000,1,35.0,26353833.0,1774512.0,1
REQ-2026-01035,Sales,Manager,22,39,0.63,1,0,0,Lenovo,ThinkPad X1,Core i7,Iris Xe,24,1024,3,0.9,0.95,1,0,20,29458821,30475274,589176420,0.291,1,3018485716,24300000,1,32.1,31749246.0,2290425.0,1
REQ-2026-01036,Design,Senior,190,50,1.04,1,0,0,Apple,MacBook Pro 14,M3 Pro,Apple GPU,18,1536,4,0.95,0.85,2,1,6,41368762,35052867,248212572,0.424,0,210218228,30000000,1,42.2,46831025.0,5462263.0,0
REQ-2026-01037,Finance,Senior,31,35,1.29,2,1,0,HP,ProBook 445,Ryzen 5,Radeon,16,1024,1,0.6,0.7,3,1,5,24589174,18029272,122945870,0.603,1,157471907,20000000,0,37.8,28292915.0,3703741.0,1
REQ-2026-01038,Medical Staff,Staff,18,35,1.47,0,1,0,Lenovo,ThinkPad X1,Core i7,Iris Xe,24,1536,3,0.9,0.95,2,0,16,33388361,31921360,534213776,0.164,1,601860424,16500000,0,36.9,34908164.0,1519803.0,1
REQ-2026-01039,HR,Senior,29,57,0.3,0,0,1,Asus,ROG Zephyrus,Core i9,RTX 4070,32,1024,4,0.55,0.3,3,2,13,30209906,36854444,392728778,0.813,1,288864128,15000000,0,50.3,34674941.0,4465035.0,0
REQ-2026-01040,Design,Manager,49,6,0.24,0,0,1,Dell,Precision 5690,Core i9,RTX 3500,40,3072,4,0.85,0.35,3,1,9,46751321,47745699,420761889,0.19,1,802156869,40500000,1,60.7,50414864.0,3663543.0,1
REQ-2026-01041,Sales,Staff,27,36,0.92,1,0,0,Lenovo,ThinkPad P16,Core i9,RTX A2000,48,1024,4,0.9,0.25,1,0,19,42442622,39082277,806409818,0.184,1,236393185,13500000,0,28.3,45415277.0,2972655.0,0
REQ-2026-01042,Finance,Staff,28,47,0.54,0,1,0,Dell,Latitude 7450,Core i7,Integrated,24,512,2,0.85,0.85,3,0,11,22905802,24954524,251963822,0.097,1,198570180,15000000,1,55.8,24249977.0,1344175.0,0
REQ-2026-01043,IT,Senior,33,45,0.66,0,1,0,HP,ZBook Firefly,Core i7,RTX A500,32,1024,3,0.8,0.6,2,0,22,32725690,29025780,719965180,0.282,1,772782116,32000000,1,48.8,33865092.0,1139402.0,1
REQ-2026-01044,Sales,Senior,101,20,4.69,0,0,1,HP,ZBook Firefly,Core i7,RTX A500,32,1024,3,0.8,0.6,3,1,15,30359147,32771749,455387205,0.133,1,300434937,18000000,1,46.1,33211710.0,2852563.0,1
REQ-2026-01045,Sales,Manager,74,33,4.85,0,1,1,Asus,Vivobook 14,Core i5,Integrated,8,512,1,0.5,0.7,3,0,23,14714435,12920985,338432005,0.248,1,2792862274,24300000,1,48.1,16508136.0,1793701.0,1
REQ-2026-01046,HR,Senior,15,60,0.71,0,1,0,Dell,Precision 5690,Core i9,RTX 3500,32,2048,4,0.85,0.35,2,1,23,43951624,41526823,1010887352,0.318,1,1206533571,15000000,0,60.5,47260848.0,3309224.0,0
REQ-2026-01047,Finance,Manager,46,16,1.25,1,0,0,Asus,Vivobook 14,Core i5,Integrated,16,512,1,0.5,0.7,1,1,24,15269862,11854183,366476688,0.632,0,1012166894,27000000,1,39.0,19339578.0,4069716.0,0
REQ-2026-01048,Finance,Staff,33,33,0.24,1,0,0,Lenovo,IdeaPad Slim 3,Core i3,Integrated,8,256,1,0.45,0.65,3,1,19,9917854,10121603,188439226,0.089,1,789531302,15000000,0,42.2,12253979.0,2336125.0,1
REQ-2026-01049,IT,Manager,56,21,0.49,1,0,0,Dell,Inspiron 15,Core i5,Integrated,16,512,1,0.5,0.6,2,1,6,12443361,12101339,74660166,0.345,1,227927289,43200000,0,24.7,18099384.0,5656023.0,1
REQ-2026-01050,Finance,Staff,73,45,1.1,0,1,0,Apple,MacBook Pro 14,M3 Pro,Apple GPU,34,512,4,0.95,0.85,2,0,13,37697592,33002133,490068696,0.383,1,278809870,15000000,0,53.2,42456992.0,4759400.0,0
REQ-2026-01051,IT,Senior,124,25,1.97,0,0,0,Apple,MacBook Air 13,M3,Apple GPU,8,256,2,0.95,1.0,1,1,13,20592086,17655337,267697118,0.347,1,1114114101,32000000,0,46.5,26492872.0,5900786.0,1
REQ-2026-01052,Sales,Senior,27,17,1.98,1,0,0,Apple,MacBook Air 13,M3,Apple GPU,8,256,2,0.95,1.0,1,0,19,19001642,18466506,361031198,0.278,1,921926103,18000000,1,51.9,23459075.0,4457433.0,1
REQ-2026-01053,IT,Senior,31,27,1.06,1,0,0,HP,OmniBook 5,Ryzen 7,Radeon,32,512,2,0.65,0.8,3,0,1,22927454,22725138,22927454,0.434,1,35112102,32000000,1,42.8,24701789.0,1774335.0,1
REQ-2026-01054,HR,Staff,57,22,0.23,0,1,0,Lenovo,ThinkPad P16,Core i9,RTX A2000,32,2048,4,0.9,0.25,1,1,10,44427374,40416988,444273740,0.241,0,164672626,11250000,1,46.8,47074864.0,2647490.0,0
REQ-2026-01055,Finance,Staff,62,50,0.32,0,1,0,Dell,Inspiron 15,Core i5,Integrated,8,1024,1,0.5,0.6,2,0,2,15117885,12215565,30235770,0.364,0,66207191,15000000,0,45.4,17083926.0,1966041.0,1
REQ-2026-01056,Finance,Staff,84,30,0.17,1,1,1,Dell,Inspiron 15,Core i5,Integrated,8,1024,1,0.5,0.6,1,2,6,11892513,11141054,71355078,0.683,0,162443529,15000000,1,38.4,16046159.0,4153646.0,1
REQ-2026-01057,Finance,Manager,42,28,0.68,0,1,0,Apple,MacBook Air 13,M3,Apple GPU,8,256,2,0.95,1.0,1,1,6,19483578,17287587,116901468,0.078,1,450927341,27000000,1,55.8,24900629.0,5417051.0,1
REQ-2026-01058,HR,Manager,22,14,0.44,0,0,0,HP,ProBook 445,Ryzen 5,Radeon,8,1024,1,0.6,0.7,2,1,16,17095896,15213170,273534336,0.479,1,243167391,20250000,1,35.3,20527479.0,3431583.0,1
REQ-2026-01059,Medical Staff,Staff,51,15,0.55,0,0,0,Asus,Vivobook 14,Core i5,Integrated,8,512,1,0.5,0.7,1,3,16,10388837,10317875,166221392,0.342,1,625939637,16500000,0,31.3,15961690.0,5572853.0,1
REQ-2026-01060,Medical Staff,Senior,70,20,0.47,0,0,0,HP,ZBook Firefly,Core i7,RTX A500,48,1536,3,0.8,0.6,2,0,9,40125021,35841381,361125189,0.237,1,252742048,22000000,1,90.5,41547513.0,1422492.0,1
REQ-2026-01061,IT,Manager,6,44,1.23,0,1,0,Lenovo,IdeaPad Slim 3,Core i3,Integrated,8,256,1,0.45,0.65,2,3,12,9479886,8507701,113758632,0.454,1,2403296116,43200000,0,36.0,19070009.0,9590123.0,1
REQ-2026-01062,Design,Manager,59,31,0.18,1,0,0,Dell,Inspiron 15,Core i5,Integrated,8,1024,1,0.5,0.6,2,3,13,12288027,12770410,159744351,0.393,0,1398663225,40500000,0,45.6,19543397.0,7255370.0,1
REQ-2026-01063,Sales,Staff,8,18,3.39,0,1,0,Lenovo,ThinkPad X1,Core i7,Iris Xe,16,1024,3,0.9,0.95,3,1,10,32798931,27762381,327989310,0.257,1,601490940,13500000,0,61.4,35507647.0,2708716.0,0
REQ-2026-01064,Design,Senior,10,43,0.7,0,0,0,Lenovo,ThinkPad T14,Core i5,Integrated,24,512,2,0.92,0.75,1,0,9,19629384,18585126,176664456,0.041,0,561576413,30000000,1,81.5,21589851.0,1960467.0,1
REQ-2026-01065,HR,Manager,34,57,1.53,1,1,1,Asus,ExpertBook B9,Core i7,Iris Xe,16,1024,2,0.8,0.95,1,1,21,24932628,25439829,523585188,0.579,1,2409072805,20250000,1,37.9,28235606.0,3302978.0,1
REQ-2026-01066,IT,Staff,20,44,0.37,0,0,0,Dell,Inspiron 15,Core i5,Integrated,16,512,1,0.5,0.6,1,3,25,11406432,11138782,285160800,0.368,0,2000260614,24000000,0,38.4,15447595.0,4041163.0,1
REQ-2026-01067,Medical Staff,Staff,19,41,0.97,1,1,1,Dell,Latitude 7450,Core i7,Integrated,32,512,2,0.85,0.85,1,0,17,29147328,25542762,495504576,0.258,1,355904951,16500000,0,39.3,30293618.0,1146290.0,1
REQ-2026-01068,Sales,Staff,102,47,0.65,0,1,0,Asus,ROG Zephyrus,Core i9,RTX 4070,32,1024,4,0.55,0.3,2,2,9,35712705,34499946,321414345,0.4,1,217917588,13500000,1,53.5,39243815.0,3531110.0,0
REQ-2026-01069,Sales,Senior,28,26,1.58,1,1,0,Lenovo,IdeaPad Slim 3,Core i3,Integrated,8,256,1,0.45,0.65,1,2,10,8424480,7781790,84244800,0.155,1,204725958,18000000,1,27.8,15001357.0,6576877.0,1
REQ-2026-01070,IT,Senior,30,27,0.63,1,0,0,HP,ZBook Firefly,Core i7,RTX A500,32,1536,3,0.8,0.6,2,1,20,34382777,33833665,687655540,0.17,0,1804323074,32000000,1,41.3,37939326.0,3556549.0,1
REQ-2026-01071,Sales,Manager,6,27,1.68,0,1,0,HP,ZBook Firefly,Core i7,RTX A500,32,1024,3,0.8,0.6,3,3,6,27845679,31112100,167074074,0.364,1,590663235,24300000,1,60.8,35591974.0,7746295.0,1
REQ-2026-01072,IT,Manager,15,45,0.14,1,1,0,Apple,MacBook Pro 14,M3 Pro,Apple GPU,26,1024,4,0.95,0.85,1,0,9,32560289,36136685,293042601,0.261,1,265666664,43200000,0,38.8,37281125.0,4720836.0,1
REQ-2026-01073,Medical Staff,Staff,43,26,0.62,1,1,0,Asus,Vivobook 14,Core i5,Integrated,8,512,1,0.5,0.7,1,2,3,9274858,10523531,27824574,0.198,0,94247688,16500000,1,39.0,13627333.0,4352475.0,1
REQ-2026-01074,IT,Senior,32,24,0.84,1,0,1,Lenovo,ThinkPad T14,Core i5,Integrated,16,1024,2,0.92,0.75,1,0,23,21675364,19586889,498533372,0.43,1,1747548561,32000000,1,41.6,23313567.0,1638203.0,1
REQ-2026-01075,IT,Senior,69,16,0.22,0,0,0,Asus,Vivobook 14,Core i5,Integrated,8,1024,1,0.5,0.7,3,1,14,13781811,15240924,192945354,0.257,0,435307057,32000000,0,40.2,16695703.0,2913892.0,1
REQ-2026-01076,Medical Staff,Staff,39,13,1.03,0,1,0,Lenovo,ThinkPad P16,Core i9,RTX A2000,32,2048,4,0.9,0.25,1,1,8,39558156,37442464,316465248,0.471,1,214271698,16500000,1,58.5,42311786.0,2753630.0,0
REQ-2026-01077,Sales,Staff,80,78,0.69,0,0,1,Apple,MacBook Pro 14,M3 Pro,Apple GPU,26,512,4,0.95,0.85,2,0,16,33361909,34640697,533790544,0.219,0,356093711,13500000,1,49.2,37724331.0,4362422.0,0
REQ-2026-01078,Finance,Senior,11,45,0.4,0,1,0,Apple,MacBook Air 13,M3,Apple GPU,8,256,2,0.95,1.0,3,0,15,23978900,20140960,359683500,0.152,0,1092820472,20000000,0,67.7,28992165.0,5013265.0,1
REQ-2026-01079,Design,Staff,22,17,0.15,0,0,1,Asus,ROG Zephyrus,Core i9,RTX 4070,32,1536,4,0.55,0.3,2,1,16,43319692,36177818,693115072,0.458,1,335779629,22500000,1,51.3,46279812.0,2960120.0,0
REQ-2026-01080,IT,Staff,25,26,0.26,1,0,0,HP,ProBook 445,Ryzen 5,Radeon,24,512,1,0.6,0.7,3,0,10,22258873,17533598,222588730,0.578,0,432240629,24000000,0,44.4,23579212.0,1320339.0,1
REQ-2026-01081,Design,Manager,15,61,0.54,0,0,0,Lenovo,ThinkPad P16,Core i9,RTX A2000,32,1024,4,0.9,0.25,2,1,21,42632675,36555103,895286175,0.247,0,1030653089,40500000,1,40.1,45873788.0,3241113.0,1
REQ-2026-01082,Sales,Manager,51,26,3.61,0,0,1,Asus,Vivobook 14,Core i5,Integrated,8,512,1,0.5,0.7,2,2,25,12507335,11106409,312683375,0.328,0,361421459,24300000,1,42.2,17304297.0,4796962.0,0
REQ-2026-01083,Design,Staff,49,1,0.93,0,0,0,Lenovo,ThinkPad T14,Core i5,Integrated,24,1024,2,0.92,0.75,1,1,25,22301524,22408604,557538100,0.149,1,686723669,22500000,1,46.7,25160541.0,2859017.0,1
REQ-2026-01084,Medical Staff,Senior,57,33,1.07,1,1,0,Asus,Vivobook 14,Core i5,Integrated,8,512,1,0.5,0.7,3,0,25,14268090,12306380,356702250,0.507,1,1321524899,22000000,1,32.2,15850473.0,1582383.0,1
REQ-2026-01085,IT,Staff,38,40,0.46,0,1,0,HP,ZBook Firefly,Core i7,RTX A500,40,1024,3,0.8,0.6,2,1,22,36986436,33412240,813701592,0.129,1,738433245,24000000,0,52.6,39251585.0,2265149.0,1
REQ-2026-01086,Medical Staff,Senior,7,48,2.88,0,1,0,Apple,MacBook Air 13,M3,Apple GPU,8,768,2,0.95,1.0,2,3,13,23933206,21854943,311131678,0.199,0,873783600,22000000,1,43.3,34507812.0,10574606.0,1
REQ-2026-01087,HR,Staff,80,16,0.22,0,0,0,HP,OmniBook 5,Ryzen 7,Radeon,16,1024,2,0.65,0.8,1,2,13,19583704,19057793,254588152,0.352,1,120673900,11250000,1,44.3,22861212.0,3277508.0,0
REQ-2026-01088,Design,Senior,119,27,0.39,2,0,1,Dell,Precision 5690,Core i9,RTX 3500,32,2048,4,0.85,0.35,1,3,8,43184475,38575216,345475800,0.366,1,270960109,30000000,1,43.1,49341878.0,6157403.0,1
REQ-2026-01089,HR,Staff,39,21,0.58,1,0,0,HP,ZBook Firefly,Core i7,RTX A500,32,1024,3,0.8,0.6,2,0,25,27372016,30519780,684300400,0.457,0,489494864,11250000,1,41.2,28421614.0,1049598.0,0
REQ-2026-01090,Medical Staff,Director,46,25,1.29,1,0,1,Asus,ROG Zephyrus,Core i9,RTX 4070,32,1024,4,0.55,0.3,3,2,8,38314811,35614114,306518488,0.382,0,353057776,41800000,0,48.8,44596777.0,6281966.0,1
REQ-2026-01091,Design,Staff,61,57,0.56,0,1,0,Asus,ExpertBook B9,Core i7,Iris Xe,24,1536,2,0.8,0.95,3,0,7,34068383,29196994,238478681,0.193,0,297548762,22500000,1,61.6,35529517.0,1461134.0,1
REQ-2026-01092,Medical Staff,Staff,33,31,1.31,1,1,0,Lenovo,ThinkPad T14,Core i5,Integrated,16,512,2,0.92,0.75,2,1,8,18358301,18366525,146866408,0.215,1,213253084,16500000,1,54.3,20400114.0,2041813.0,1
REQ-2026-01093,Medical Staff,Staff,60,39,0.82,0,1,0,Lenovo,ThinkPad P16,Core i9,RTX A2000,32,1024,4,0.9,0.25,1,2,25,37092966,35773751,927324150,0.159,1,756481884,16500000,1,54.2,41763288.0,4670322.0,0
REQ-2026-01094,Medical Staff,Manager,29,43,4.14,2,1,1,Dell,Inspiron 15,Core i5,Integrated,16,512,1,0.5,0.6,3,1,6,14513279,13889847,87079674,0.304,0,630654521,29700000,1,34.5,17578532.0,3065253.0,1
REQ-2026-01095,HR,Manager,24,37,0.33,0,1,0,Dell,Inspiron 15,Core i5,Integrated,8,512,1,0.5,0.6,1,0,13,8739536,9717443,113613968,0.359,0,390818817,20250000,1,46.4,10181936.0,1442400.0,1
REQ-2026-01096,HR,Staff,10,4,0.12,0,0,0,Dell,Inspiron 15,Core i5,Integrated,8,512,1,0.5,0.6,2,3,22,10859657,11140964,238912454,0.258,1,440340105,11250000,1,47.4,15660699.0,4801042.0,1
REQ-2026-01097,Sales,Staff,11,33,1.77,1,0,0,HP,ProBook 445,Ryzen 5,Radeon,16,512,1,0.6,0.7,1,1,9,14160482,13831390,127444338,0.299,0,142708306,13500000,1,30.5,18310210.0,4149728.0,1
REQ-2026-01098,Finance,Staff,26,30,1.15,0,0,0,HP,OmniBook 5,Ryzen 7,Radeon,32,512,2,0.65,0.8,1,1,4,23432191,21392002,93728764,0.142,1,74445452,15000000,0,27.4,27645846.0,4213655.0,0
REQ-2026-01099,IT,Staff,25,49,0.11,0,0,0,HP,ProBook 445,Ryzen 5,Radeon,16,512,1,0.6,0.7,2,1,22,17192056,14656507,378225232,0.084,0,1078322105,24000000,0,54.8,20043282.0,2851226.0,1
REQ-2026-01100,Medical Staff,Staff,31,31,0.91,0,1,0,Lenovo,IdeaPad Slim 3,Core i3,Integrated,16,256,1,0.45,0.65,1,1,7,10356961,9593747,72498727,0.499,1,56939970,16500000,1,33.1,14070954.0,3713993.0,1
REQ-2026-01101,IT,Senior,122,48,0.66,0,0,1,Dell,Precision 5690,Core i9,RTX 3500,32,2560,4,0.85,0.35,2,0,21,49173494,43935093,1032643374,0.437,1,1517662171,32000000,1,66.1,50479135.0,1305641.0,1
REQ-2026-01102,IT,Manager,53,28,0.24,0,1,0,Dell,Latitude 7450,Core i7,Integrated,24,512,2,0.85,0.85,1,0,6,20331766,23473247,121990596,0.628,0,943185907,43200000,1,39.8,21478566.0,1146800.0,1
REQ-2026-01103,Finance,Staff,59,47,1.07,0,1,0,Dell,Latitude 7450,Core i7,Integrated,16,512,2,0.85,0.85,1,1,10,21830274,21310483,218302740,0.1,1,110597463,15000000,1,54.2,24187764.0,2357490.0,0
REQ-2026-01104,Sales,Staff,50,27,4.32,0,1,0,HP,ProBook 445,Ryzen 5,Radeon,8,512,1,0.6,0.7,2,2,20,12954970,13093142,259099400,0.323,0,1201303010,13500000,1,39.7,15777054.0,2822084.0,1
REQ-2026-01105,HR,Staff,40,24,1.14,0,1,0,Asus,ROG Zephyrus,Core i9,RTX 4070,32,1024,4,0.55,0.3,3,2,5,37064726,34926961,185323630,0.248,1,93493823,11250000,0,62.1,40278753.0,3214027.0,0
REQ-2026-01106,Design,Staff,12,57,0.17,0,1,0,Dell,Precision 5690,Core i9,RTX 3500,48,2048,4,0.85,0.35,2,0,4,53390281,44877247,213561124,0.432,1,68430552,22500000,0,46.1,54579668.0,1189387.0,0
REQ-2026-01107,Medical Staff,Senior,44,16,1.77,1,1,0,Lenovo,ThinkPad X1,Core i7,Iris Xe,24,1536,3,0.9,0.95,3,0,16,30029170,32140553,480466720,0.573,0,777019212,22000000,1,56.4,32129190.0,2100020.0,1
REQ-2026-01108,Finance,Director,59,1,0.58,1,1,0,Dell,Latitude 7450,Core i7,Integrated,16,1024,2,0.85,0.85,3,3,13,29241485,23606525,380139305,0.246,1,315930617,38000000,1,64.0,39091038.0,9849553.0,1
REQ-2026-01109,HR,Staff,122,62,0.16,1,0,0,HP,OmniBook 5,Ryzen 7,Radeon,16,512,2,0.65,0.8,2,0,7,18879402,17741007,132155814,0.222,1,269892456,11250000,1,46.5,20561800.0,1682398.0,1
REQ-2026-01110,Finance,Senior,103,29,2.11,0,1,0,Apple,MacBook Pro 14,M3 Pro,Apple GPU,18,1024,4,0.95,0.85,2,1,7,38148344,35690647,267038408,0.341,0,79228477,20000000,0,73.5,43610143.0,5461799.0,0
REQ-2026-01111,Medical Staff,Staff,13,26,0.34,0,1,0,Lenovo,ThinkPad X1,Core i7,Iris Xe,24,1024,3,0.9,0.95,3,0,13,32478031,30064304,422214403,0.12,1,862496002,16500000,1,46.1,33718193.0,1240162.0,0
REQ-2026-01112,Finance,Staff,40,8,1.01,1,1,0,Apple,MacBook Pro 14,M3 Pro,Apple GPU,26,512,4,0.95,0.85,2,0,16,36088263,34255209,577412208,0.611,1,327638875,15000000,0,46.9,40480042.0,4391779.0,0
REQ-2026-01113,Finance,Staff,77,42,2.01,1,1,0,Dell,Inspiron 15,Core i5,Integrated,8,512,1,0.5,0.6,3,2,15,13582820,11547714,203742300,0.391,1,709312597,15000000,1,32.4,18526163.0,4943343.0,1
REQ-2026-01114,Medical Staff,Staff,78,22,0.89,0,1,0,Lenovo,ThinkPad T14,Core i5,Integrated,16,1024,2,0.92,0.75,1,0,25,20229890,20414301,505747250,0.298,0,517084835,16500000,1,50.0,21875592.0,1645702.0,1
REQ-2026-01115,IT,Senior,23,41,0.85,0,1,0,HP,ZBook Firefly,Core i7,RTX A500,40,1024,3,0.8,0.6,1,1,2,31843974,29437190,63687948,0.344,0,116744030,32000000,1,38.7,34706113.0,2862139.0,1
REQ-2026-01116,IT,Staff,13,45,1.1,1,0,0,HP,ZBook Firefly,Core i7,RTX A500,40,1536,3,0.8,0.6,2,1,11,39745991,35388502,437205901,0.044,0,1109099764,24000000,1,35.4,42127829.0,2381838.0,1
REQ-2026-01117,HR,Senior,72,23,0.46,1,0,1,Dell,Latitude 7450,Core i7,Integrated,16,512,2,0.85,0.85,2,2,11,25122880,23404893,276351680,0.642,1,209978237,15000000,1,57.2,28115302.0,2992422.0,0
REQ-2026-01118,Design,Senior,39,42,0.43,1,0,0,Dell,Precision 5690,Core i9,RTX 3500,40,2048,4,0.85,0.35,2,1,5,45986556,44406834,229932780,0.316,1,179027169,30000000,1,53.9,48466235.0,2479679.0,1
REQ-2026-01119,Design,Senior,165,25,0.92,2,0,0,Dell,Inspiron 15,Core i5,Integrated,8,512,1,0.5,0.6,2,1,13,10393316,10481722,135113108,0.504,1,619660000,30000000,0,46.7,12834752.0,2441436.0,1
REQ-2026-01120,Sales,Staff,40,30,4.69,0,1,0,Lenovo,ThinkPad X1,Core i7,Iris Xe,32,1024,3,0.9,0.95,2,1,20,32316026,31180016,646320520,0.143,0,1016738732,13500000,1,60.4,34687100.0,2371074.0,0
REQ-2026-01121,Medical Staff,Staff,23,35,1.52,1,1,0,HP,ZBook Firefly,Core i7,RTX A500,32,1024,3,0.8,0.6,2,0,10,30148877,32043411,301488770,0.486,0,96600859,16500000,0,41.4,32087374.0,1938497.0,0
REQ-2026-01122,Finance,Staff,70,44,0.2,0,0,0,Lenovo,IdeaPad Slim 3,Core i3,Integrated,8,768,1,0.45,0.65,1,0,16,8130506,9438176,130088096,0.108,1,436074981,15000000,1,37.0,9572445.0,1441939.0,1
REQ-2026-01123,Sales,Senior,43,29,3.61,1,0,0,Apple,MacBook Pro 14,M3 Pro,Apple GPU,18,512,4,0.95,0.85,3,2,15,32582357,35821063,488735355,0.218,1,418295626,18000000,1,50.5,40795785.0,8213428.0,1
REQ-2026-01124,Medical Staff,Senior,131,40,0.22,1,1,0,Lenovo,ThinkPad T14,Core i5,Integrated,32,512,2,0.92,0.75,2,0,6,24417617,21360531,146505702,0.236,1,196944136,22000000,1,49.7,25809113.0,1391496.0,1
REQ-2026-01125,HR,Staff,70,35,0.8,0,0,0,HP,OmniBook 5,Ryzen 7,Radeon,24,1536,2,0.65,0.8,1,0,4,24585366,23687147,98341464,0.494,0,155353151,11250000,1,46.2,25696991.0,1111625.0,1
REQ-2026-01126,HR,Staff,57,27,0.19,2,0,0,Asus,ExpertBook B9,Core i7,Iris Xe,32,1024,2,0.8,0.95,3,0,6,29639994,31784376,177839964,0.174,0,66298525,11250000,1,56.5,30797547.0,1157553.0,0
REQ-2026-01127,Sales,Staff,37,26,2.98,0,1,0,Dell,Inspiron 15,Core i5,Integrated,16,512,1,0.5,0.6,2,1,8,13861125,11775732,110889000,0.606,1,352605047,13500000,1,44.1,16253456.0,2392331.0,1
REQ-2026-01128,IT,Staff,41,59,0.22,2,0,0,Lenovo,ThinkPad X1,Core i7,Iris Xe,16,1024,3,0.9,0.95,3,0,5,32262110,27601558,161310550,0.328,1,283849736,24000000,1,55.4,33839259.0,1577149.0,1
REQ-2026-01129,HR,Senior,35,23,0.56,0,0,1,Lenovo,ThinkPad X1,Core i7,Iris Xe,16,1024,3,0.9,0.95,2,0,16,33869805,28322204,541916880,0.379,0,496803755,15000000,1,57.5,35211028.0,1341223.0,0
REQ-2026-01130,Sales,Staff,41,23,5.16,0,1,1,HP,OmniBook 5,Ryzen 7,Radeon,16,1024,2,0.65,0.8,2,1,24,21731341,19526045,521552184,0.146,1,714334769,13500000,1,33.8,25118867.0,3387526.0,0
REQ-2026-01131,Sales,Staff,2,8,2.19,0,1,0,HP,ZBook Firefly,Core i7,RTX A500,40,1024,3,0.8,0.6,2,2,6,32993103,34276726,197958618,0.304,1,543963915,13500000,1,44.5,36292567.0,3299464.0,0
REQ-2026-01132,Design,Manager,14,38,0.61,0,0,0,Dell,Inspiron 15,Core i5,Integrated,24,512,1,0.5,0.6,2,1,22,13830923,14035964,304280306,0.607,0,1145114228,40500000,0,40.8,17713675.0,3882752.0,1
REQ-2026-01133,Medical Staff,Manager,31,19,0.96,0,1,0,HP,ZBook Firefly,Core i7,RTX A500,48,1536,3,0.8,0.6,3,0,10,36225391,36007788,362253910,0.236,1,533748605,29700000,1,45.9,37907005.0,1681614.0,1
REQ-2026-01134,Sales,Senior,24,16,7.34,0,0,0,HP,ZBook Firefly,Core i7,RTX A500,32,1536,3,0.8,0.6,1,2,21,30793690,30362592,646667490,0.487,0,2083718232,18000000,0,43.9,35659476.0,4865786.0,0
REQ-2026-01135,Sales,Staff,45,37,1.19,0,0,0,Asus,ExpertBook B9,Core i7,Iris Xe,24,1024,2,0.8,0.95,1,1,6,29006282,24726169,174037692,0.18,1,284495143,13500000,1,31.1,32820721.0,3814439.0,0
REQ-2026-01136,Medical Staff,Staff,4,48,0.9,1,1,0,Asus,ROG Zephyrus,Core i9,RTX 4070,40,1024,4,0.55,0.3,1,0,5,39887093,36766222,199435465,0.624,0,136200245,16500000,1,25.0,43723408.0,3836315.0,0
REQ-2026-01137,Sales,Senior,31,29,1.13,0,0,0,Lenovo,ThinkPad X1,Core i7,Iris Xe,24,1024,3,0.9,0.95,3,0,16,29745664,32634925,475930624,0.416,0,351448970,18000000,1,81.2,31312185.0,1566521.0,0
REQ-2026-01138,Design,Manager,8,33,0.51,1,0,0,Apple,MacBook Air 13,M3,Apple GPU,8,768,2,0.95,1.0,2,1,16,21930693,20570862,350891088,0.461,1,1524109268,40500000,0,31.4,29824708.0,7894015.0,1
REQ-2026-01139,HR,Senior,105,13,0.79,1,1,0,Apple,MacBook Pro 14,M3 Pro,Apple GPU,18,512,4,0.95,0.85,2,0,1,36312190,33163187,36312190,0.224,0,96854131,15000000,0,59.1,40697990.0,4385800.0,0
REQ-2026-01140,Finance,Staff,56,22,1.17,2,1,0,HP,ProBook 445,Ryzen 5,Radeon,8,512,1,0.6,0.7,1,1,7,10601734,11014609,74212138,0.439,1,83743939,15000000,1,27.8,15126730.0,4524996.0,1
REQ-2026-01141,Sales,Staff,38,45,7.2,0,0,1,HP,ProBook 445,Ryzen 5,Radeon,8,512,1,0.6,0.7,1,0,10,12645929,11137853,126459290,0.504,1,109299261,13500000,0,24.1,16146487.0,3500558.0,1
REQ-2026-01142,IT,Senior,62,16,0.54,0,0,0,Lenovo,ThinkPad X1,Core i7,Iris Xe,24,1024,3,0.9,0.95,1,0,12,34242415,30320212,410908980,0.057,1,784938849,32000000,1,60.7,35801801.0,1559386.0,1
REQ-2026-01143,Medical Staff,Senior,64,27,1.19,1,1,0,Asus,Vivobook 14,Core i5,Integrated,16,512,1,0.5,0.7,1,1,5,13413659,12040393,67068295,0.398,0,220428572,22000000,1,31.2,17665379.0,4251720.0,1
REQ-2026-01144,Sales,Senior,50,2,6.42,0,0,1,Asus,ROG Zephyrus,Core i9,RTX 4070,40,1024,4,0.55,0.3,3,2,23,39805347,38691850,915522981,0.212,0,388847701,18000000,0,34.8,44886321.0,5080974.0,0
REQ-2026-01145,Medical Staff,Senior,36,30,0.32,0,0,0,Lenovo,ThinkPad X1,Core i7,Iris Xe,24,1024,3,0.9,0.95,1,0,22,31014969,28414537,682329318,0.535,0,241684442,22000000,0,36.8,32521111.0,1506142.0,0
REQ-2026-01146,IT,Staff,33,32,0.74,1,1,0,Lenovo,ThinkPad T14,Core i5,Integrated,24,1024,2,0.92,0.75,1,0,1,22533214,20730241,22533214,0.204,1,66452123,24000000,1,54.0,23991480.0,1458266.0,1
REQ-2026-01147,HR,Manager,12,6,0.1,0,1,0,Asus,Vivobook 14,Core i5,Integrated,24,512,1,0.5,0.7,2,1,12,17104040,15246758,205248480,0.435,1,354590466,20250000,1,44.7,20749507.0,3645467.0,1
REQ-2026-01148,IT,Manager,42,13,0.45,1,0,0,Lenovo,ThinkPad P16,Core i9,RTX A2000,48,1536,4,0.9,0.25,2,1,5,47997956,41611126,239989780,0.497,1,400418802,43200000,1,50.5,51938874.0,3940918.0,1
REQ-2026-01149,Medical Staff,Manager,56,53,2.31,0,1,0,Asus,ROG Zephyrus,Core i9,RTX 4070,32,1024,4,0.55,0.3,1,0,6,30581299,35136493,183487794,0.312,1,416276283,29700000,1,21.7,34693131.0,4111832.0,1
REQ-2026-01150,Finance,Senior,19,28,0.21,1,1,0,HP,ProBook 445,Ryzen 5,Radeon,16,512,1,0.6,0.7,1,2,19,14946257,12977264,283978883,0.427,1,1272890542,20000000,1,31.2,19519343.0,4573086.0,1
REQ-2026-01151,Design,Staff,49,33,0.68,2,0,0,Apple,MacBook Pro 14,M3 Pro,Apple GPU,18,1024,4,0.95,0.85,1,1,13,37225039,32887722,483925507,0.425,0,220275081,22500000,1,40.6,43204238.0,5979199.0,0
REQ-2026-01152,Finance,Senior,66,18,0.32,3,0,0,Dell,Precision 5690,Core i9,RTX 3500,32,2048,4,0.85,0.35,2,0,20,42230496,41153206,844609920,0.641,0,4072444487,20000000,0,29.4,44604292.0,2373796.0,0
REQ-2026-01153,IT,Staff,7,37,0.55,0,1,0,Lenovo,IdeaPad Slim 3,Core i3,Integrated,8,1280,1,0.45,0.65,1,2,16,12330824,11471727,197293184,0.199,1,680945480,24000000,0,30.7,18037740.0,5706916.0,1
REQ-2026-01154,Design,Manager,36,40,0.35,0,0,0,Lenovo,IdeaPad Slim 3,Core i3,Integrated,24,256,1,0.45,0.65,3,0,17,16376858,14252503,278406586,0.453,0,1410750434,40500000,0,40.3,18100769.0,1723911.0,1
REQ-2026-01155,Finance,Staff,54,43,0.56,1,1,0,Lenovo,ThinkPad T14,Core i5,Integrated,24,512,2,0.92,0.75,3,0,14,20843588,21873895,291810232,0.472,0,618166712,15000000,1,45.4,22279918.0,1436330.0,0
REQ-2026-01156,HR,Staff,64,39,0.32,0,1,0,Asus,Vivobook 14,Core i5,Integrated,16,512,1,0.5,0.7,1,2,22,12297064,11728367,270535408,0.388,1,180890128,11250000,1,37.9,15408520.0,3111456.0,1
REQ-2026-01157,Finance,Director,28,15,0.86,0,1,0,HP,OmniBook 5,Ryzen 7,Radeon,16,512,2,0.65,0.8,2,0,12,18105000,17586371,217260000,0.544,0,537416083,38000000,1,32.6,19760719.0,1655719.0,1
REQ-2026-01158,Design,Staff,22,24,0.02,0,1,0,HP,OmniBook 5,Ryzen 7,Radeon,24,512,2,0.65,0.8,2,0,17,19624693,20379462,333619781,0.532,0,740178318,22500000,1,39.5,21267415.0,1642722.0,1
REQ-2026-01159,HR,Staff,51,29,0.93,1,1,0,Asus,ROG Zephyrus,Core i9,RTX 4070,40,1024,4,0.55,0.3,1,1,8,36214378,36783849,289715024,0.71,1,241402015,11250000,0,50.4,39203524.0,2989146.0,0
REQ-2026-01160,Medical Staff,Staff,142,5,1.61,0,1,0,Lenovo,IdeaPad Slim 3,Core i3,Integrated,8,256,1,0.45,0.65,3,3,20,10533314,9829349,210666280,0.26,1,1332226069,16500000,1,44.0,17011165.0,6477851.0,0
REQ-2026-01161,Finance,Staff,72,20,0.95,0,1,0,Lenovo,ThinkPad T14,Core i5,Integrated,32,512,2,0.92,0.75,1,0,15,20180857,21849079,302712855,0.195,0,840161080,15000000,1,49.0,21820633.0,1639776.0,1
REQ-2026-01162,HR,Staff,23,43,0.71,1,0,0,Asus,Vivobook 14,Core i5,Integrated,24,512,1,0.5,0.7,1,2,15,13520675,13983161,202810125,0.427,1,83180466,11250000,1,30.2,19959903.0,6439228.0,0
REQ-2026-01163,IT,Senior,44,43,1.08,0,0,0,Dell,Precision 5690,Core i9,RTX 3500,40,2048,4,0.85,0.35,3,0,22,47738828,47032774,1050254216,0.396,1,888477574,32000000,1,46.4,49139122.0,1400294.0,0
REQ-2026-01164,IT,Staff,82,39,1.16,1,0,0,HP,ZBook Firefly,Core i7,RTX A500,32,1024,3,0.8,0.6,3,0,24,35391390,29661595,849393360,0.177,1,889669256,24000000,1,26.4,37232037.0,1840647.0,0
REQ-2026-01165,Finance,Staff,8,22,0.68,0,1,0,HP,ProBook 445,Ryzen 5,Radeon,16,512,1,0.6,0.7,1,1,18,13569559,12980394,244252062,0.67,0,635938230,15000000,1,35.5,16209678.0,2640119.0,1
REQ-2026-01166,Sales,Senior,86,12,13.9,1,1,0,Dell,Precision 5690,Core i9,RTX 3500,32,2560,4,0.85,0.35,1,7,16,39855087,43887211,637681392,0.234,0,189985390,18000000,0,22.6,54759591.0,14904504.0,0
REQ-2026-01167,Finance,Senior,7,25,0.35,1,1,0,Apple,MacBook Air 13,M3,Apple GPU,8,256,2,0.95,1.0,3,1,4,20402963,20442440,81611852,0.331,1,141864067,20000000,1,81.8,26456392.0,6053429.0,1
REQ-2026-01168,HR,Staff,18,42,0.49,0,1,0,Dell,Inspiron 15,Core i5,Integrated,8,1024,1,0.5,0.6,1,1,19,12491857,11054713,237345283,0.14,0,975730917,11250000,1,35.4,15671099.0,3179242.0,1
REQ-2026-01169,HR,Senior,45,26,0.86,0,0,1,HP,ProBook 445,Ryzen 5,Radeon,8,512,1,0.6,0.7,2,2,25,14630476,12901124,365761900,0.257,0,581411419,15000000,0,40.7,19739169.0,5108693.0,1
REQ-2026-01170,Medical Staff,Staff,36,19,1.5,1,1,0,Apple,MacBook Pro 14,M3 Pro,Apple GPU,18,512,4,0.95,0.85,3,1,17,39591239,32378231,673051063,0.124,1,325862905,16500000,0,62.3,45468099.0,5876860.0,0
REQ-2026-01171,Finance,Senior,18,1,0.21,0,1,0,HP,ZBook Firefly,Core i7,RTX A500,32,1024,3,0.8,0.6,2,0,14,31967872,30508150,447550208,0.332,1,142884123,20000000,1,46.6,33361895.0,1394023.0,0
REQ-2026-01172,IT,Staff,34,22,1.41,0,0,0,Apple,MacBook Air 13,M3,Apple GPU,8,256,2,0.95,1.0,1,0,11,18700557,16584885,205706127,0.479,1,338599016,24000000,0,59.3,23248393.0,4547836.0,1
REQ-2026-01173,Medical Staff,Senior,26,32,1.2,0,1,0,Dell,Latitude 7450,Core i7,Integrated,16,512,2,0.85,0.85,1,0,3,21036888,20995250,63110664,0.553,0,169160122,22000000,1,43.2,23135401.0,2098513.0,1
REQ-2026-01174,HR,Senior,106,30,0.37,0,0,0,HP,ProBook 445,Ryzen 5,Radeon,8,512,1,0.6,0.7,1,1,19,11214864,12389719,213082416,0.274,0,727325307,15000000,1,26.8,16151576.0,4936712.0,1
REQ-2026-01175,Sales,Manager,41,51,6.71,0,1,0,Apple,MacBook Pro 14,M3 Pro,Apple GPU,18,512,4,0.95,0.85,2,2,20,34552454,31375903,691049080,0.304,1,868459250,24300000,0,38.2,43237319.0,8684865.0,1
REQ-2026-01176,HR,Senior,138,15,1.47,0,1,0,HP,ZBook Firefly,Core i7,RTX A500,40,1024,3,0.8,0.6,1,0,23,32420108,33121092,745662484,0.335,1,193830311,15000000,0,38.5,34128694.0,1708586.0,0
REQ-2026-01177,Medical Staff,Senior,74,59,0.94,1,1,0,Dell,Precision 5690,Core i9,RTX 3500,32,2048,4,0.85,0.35,3,1,6,51651152,43102710,309906912,0.462,0,81783022,22000000,1,60.0,55250524.0,3599372.0,0
REQ-2026-01178,Sales,Manager,46,48,6.75,0,0,0,Lenovo,ThinkPad T14,Core i5,Integrated,32,512,2,0.92,0.75,2,3,3,26729368,22337781,80188104,0.33,1,76700958,24300000,1,41.0,35648410.0,8919042.0,1
REQ-2026-01179,Finance,Staff,54,15,0.31,0,1,1,Apple,MacBook Air 13,M3,Apple GPU,24,256,2,0.95,1.0,1,0,13,24208590,22532962,314711670,0.336,0,113924207,15000000,1,47.9,28541376.0,4332786.0,0
REQ-2026-01180,IT,Staff,33,25,0.93,3,0,0,HP,ProBook 445,Ryzen 5,Radeon,16,1024,1,0.6,0.7,2,1,18,16740309,16451417,301325562,0.188,1,1611253563,24000000,0,42.2,19598282.0,2857973.0,1
REQ-2026-01181,Sales,Staff,33,27,5.43,2,1,0,Dell,Latitude 7450,Core i7,Integrated,16,512,2,0.85,0.85,1,1,25,21888618,20728842,547215450,0.072,1,558313432,13500000,1,40.9,24814762.0,2926144.0,1
REQ-2026-01182,HR,Staff,60,15,0.4,0,0,0,Lenovo,IdeaPad Slim 3,Core i3,Integrated,8,256,1,0.45,0.65,1,0,7,8549565,7547534,59846955,0.138,1,735058805,11250000,1,28.6,11234344.0,2684779.0,1
REQ-2026-01183,Finance,Manager,25,40,0.93,2,1,0,Apple,MacBook Pro 14,M3 Pro,Apple GPU,26,512,4,0.95,0.85,2,1,21,38387661,33209478,806140881,0.359,0,558671043,27000000,1,41.2,44787732.0,6400071.0,0
REQ-2026-01184,Finance,Senior,44,33,0.16,1,1,0,Asus,ExpertBook B9,Core i7,Iris Xe,16,1024,2,0.8,0.95,2,0,20,26203495,25835079,524069900,0.22,1,1468632086,20000000,1,64.6,27988054.0,1784559.0,1
REQ-2026-01185,IT,Senior,149,25,0.8,0,0,0,Asus,ExpertBook B9,Core i7,Iris Xe,16,1024,2,0.8,0.95,3,2,3,29048586,25115207,87145758,0.16,0,72247487,32000000,1,74.7,34777517.0,5728931.0,1
REQ-2026-01186,IT,Senior,130,37,0.96,0,0,0,HP,ZBook Firefly,Core i7,RTX A500,32,1024,3,0.8,0.6,2,0,9,29247312,32779733,263225808,0.28,1,469327837,32000000,1,37.2,30184708.0,937396.0,1
REQ-2026-01187,Finance,Staff,85,36,0.3,1,1,0,Dell,Precision 5690,Core i9,RTX 3500,32,2560,4,0.85,0.35,1,1,21,48785213,44409062,1024489473,0.44,1,238660766,15000000,0,39.4,50983558.0,2198345.0,0
REQ-2026-01188,IT,Staff,36,18,0.71,0,0,0,Dell,Inspiron 15,Core i5,Integrated,24,512,1,0.5,0.6,1,1,20,14839421,13067489,296788420,0.242,0,2696640749,24000000,0,46.1,17982604.0,3143183.0,1
REQ-2026-01189,IT,Staff,69,17,1.29,0,0,0,Lenovo,IdeaPad Slim 3,Core i3,Integrated,8,768,1,0.45,0.65,1,1,5,10117696,9623586,50588480,0.07,1,111548803,24000000,0,26.0,15119379.0,5001683.0,1
REQ-2026-01190,Design,Manager,11,40,1.07,1,0,0,HP,ProBook 445,Ryzen 5,Radeon,8,512,1,0.6,0.7,2,1,23,12784225,11967592,294037175,0.077,0,2295469552,40500000,0,33.4,16503992.0,3719767.0,1
REQ-2026-01191,Finance,Senior,49,26,0.29,1,1,1,HP,OmniBook 5,Ryzen 7,Radeon,16,512,2,0.65,0.8,2,0,14,20014364,18903261,280201096,0.284,0,241257721,20000000,1,41.1,21559010.0,1544646.0,1
REQ-2026-01192,IT,Manager,122,23,1.01,0,0,0,Apple,MacBook Air 13,M3,Apple GPU,8,256,2,0.95,1.0,1,0,22,16794177,17344733,369471894,0.22,0,3132248530,43200000,0,46.6,21471896.0,4677719.0,1
REQ-2026-01193,Sales,Director,17,15,1.88,0,1,0,HP,ProBook 445,Ryzen 5,Radeon,16,1024,1,0.6,0.7,2,0,10,15649478,16860630,156494780,0.138,1,777621288,34200000,1,56.7,17154528.0,1505050.0,1
REQ-2026-01194,HR,Staff,59,24,0.09,0,0,0,Lenovo,IdeaPad Slim 3,Core i3,Integrated,16,256,1,0.45,0.65,1,3,1,9911871,9504748,9911871,0.4,1,30727577,11250000,1,29.5,16658449.0,6746578.0,1
REQ-2026-01195,Sales,Staff,43,28,9.47,0,0,0,Apple,MacBook Air 13,M3,Apple GPU,8,768,2,0.95,1.0,1,0,23,19606111,19171923,450940553,0.071,1,852391600,13500000,1,29.1,25369755.0,5763644.0,1
REQ-2026-01196,Medical Staff,Staff,124,31,2.87,1,1,0,Asus,ExpertBook B9,Core i7,Iris Xe,24,1024,2,0.8,0.95,1,0,16,26316853,25612087,421069648,0.49,1,692556208,16500000,1,38.0,28280374.0,1963521.0,0
REQ-2026-01197,Design,Senior,104,32,0.6,0,0,0,Apple,MacBook Air 13,M3,Apple GPU,8,768,2,0.95,1.0,3,0,2,19765335,22105695,39530670,0.126,1,97500301,30000000,1,54.5,24667308.0,4901973.0,1
REQ-2026-01198,Sales,Manager,76,31,6.59,1,0,0,Asus,Vivobook 14,Core i5,Integrated,8,1024,1,0.5,0.7,2,6,17,12581281,12959973,213881777,0.075,0,781260127,24300000,1,41.8,28610296.0,16029015.0,1
REQ-2026-01199,Medical Staff,Staff,12,6,0.81,1,0,0,Lenovo,ThinkPad T14,Core i5,Integrated,24,512,2,0.92,0.75,2,1,22,20121420,21059142,442671240,0.799,0,2074302582,16500000,1,47.9,22519265.0,2397845.0,0
REQ-2026-01200,Finance,Senior,24,39,0.84,2,1,0,Dell,Inspiron 15,Core i5,Integrated,16,1024,1,0.5,0.6,2,0,2,14325554,14817921,28651108,0.629,0,87877725,20000000,1,36.8,15499718.0,1174164.0,1
REQ-2026-01201,Design,Director,47,21,0.11,1,1,1,Dell,Latitude 7450,Core i7,Integrated,16,512,2,0.85,0.85,1,1,17,22667809,21383502,385352753,0.722,0,1948258342,57000000,0,35.8,26814699.0,4146890.0,1
REQ-2026-01202,Design,Staff,14,49,0.38,2,0,0,Apple,MacBook Air 13,M3,Apple GPU,8,768,2,0.95,1.0,2,0,2,24143621,21720699,48287242,0.381,1,115790903,22500000,0,50.2,28856560.0,4712939.0,1
REQ-2026-01203,IT,Director,26,36,0.96,0,0,1,Dell,Latitude 7450,Core i7,Integrated,16,512,2,0.85,0.85,1,1,9,20841450,20903513,187573050,0.317,1,4129700424,60800000,1,51.1,24837587.0,3996137.0,1
REQ-2026-01204,Design,Manager,77,26,0.35,0,0,0,HP,ProBook 445,Ryzen 5,Radeon,8,512,1,0.6,0.7,1,0,13,13079861,11351555,170038193,0.199,1,733031720,40500000,0,41.1,14664033.0,1584172.0,1
REQ-2026-01205,Design,Director,10,54,0.08,0,0,0,Lenovo,ThinkPad X1,Core i7,Iris Xe,16,1024,3,0.9,0.95,2,1,20,30033605,27065049,600672100,0.352,0,4435760982,57000000,1,73.6,33117493.0,3083888.0,1
REQ-2026-01206,IT,Staff,44,50,0.38,0,1,0,Asus,ROG Zephyrus,Core i9,RTX 4070,32,1024,4,0.55,0.3,1,4,8,35620726,33595523,284965808,0.463,1,470560572,24000000,1,29.8,43808722.0,8187996.0,1
REQ-2026-01207,IT,Staff,25,10,0.84,1,1,0,Asus,ExpertBook B9,Core i7,Iris Xe,16,1536,2,0.8,0.95,3,0,14,33621236,28133052,470697304,0.442,1,894850527,24000000,0,56.0,35045651.0,1424415.0,1
REQ-2026-01208,Sales,Staff,36,44,8.64,0,1,0,Lenovo,ThinkPad T14,Core i5,Integrated,32,1024,2,0.92,0.75,2,0,18,23030794,24592030,414554292,0.348,1,121762582,13500000,1,54.4,24549742.0,1518948.0,0
REQ-2026-01209,Medical Staff,Director,63,29,1.46,1,0,0,Asus,ROG Zephyrus,Core i9,RTX 4070,40,1024,4,0.55,0.3,2,1,20,35653538,36602034,713070760,0.384,0,1306457127,41800000,0,39.8,38761963.0,3108425.0,1
REQ-2026-01210,Sales,Manager,124,48,3.08,1,0,0,HP,ZBook Firefly,Core i7,RTX A500,32,1536,3,0.8,0.6,1,2,22,35605411,29950029,783319042,0.241,0,2456971547,24300000,0,46.6,43010186.0,7404775.0,1
REQ-2026-01211,Finance,Staff,132,30,1.18,2,1,1,Dell,Latitude 7450,Core i7,Integrated,16,1024,2,0.85,0.85,3,0,23,26829648,25973829,617081904,0.581,0,341209343,15000000,1,39.7,28138654.0,1309006.0,0
REQ-2026-01212,IT,Staff,26,44,0.22,0,0,0,Apple,MacBook Air 13,M3,Apple GPU,16,768,2,0.95,1.0,2,0,16,23928259,23460230,382852144,0.263,0,392608889,24000000,1,43.7,28677202.0,4748943.0,1
REQ-2026-01213,IT,Senior,31,31,1.05,0,1,0,HP,ZBook Firefly,Core i7,RTX A500,48,1536,3,0.8,0.6,1,1,6,34027028,33595492,204162168,0.29,1,39913060,32000000,1,49.6,37145364.0,3118336.0,0
REQ-2026-01214,Finance,Manager,36,48,0.91,0,0,0,Apple,MacBook Pro 14,M3 Pro,Apple GPU,18,512,4,0.95,0.85,2,1,17,35408283,33038794,601940811,0.106,1,845707418,27000000,1,53.8,42754887.0,7346604.0,1
REQ-2026-01215,HR,Staff,22,25,0.63,1,1,0,Apple,MacBook Air 13,M3,Apple GPU,16,768,2,0.95,1.0,2,0,10,23637184,23023469,236371840,0.407,1,373366747,11250000,1,55.5,28118534.0,4481350.0,1
REQ-2026-01216,HR,Senior,50,19,0.3,0,0,0,Dell,Inspiron 15,Core i5,Integrated,16,512,1,0.5,0.6,2,2,11,13661295,12164949,150274245,0.207,1,166539479,15000000,1,37.2,18337619.0,4676324.0,1
REQ-2026-01217,Finance,Senior,8,51,0.87,0,1,0,Lenovo,IdeaPad Slim 3,Core i3,Integrated,8,768,1,0.45,0.65,1,2,14,9084375,9542578,127181250,0.349,1,1225245768,20000000,0,29.9,14724944.0,5640569.0,1
REQ-2026-01218,IT,Senior,67,25,0.6,1,1,0,Lenovo,ThinkPad T14,Core i5,Integrated,16,512,2,0.92,0.75,1,0,21,16046631,17666138,336979251,0.56,0,1303982110,32000000,1,56.8,17679289.0,1632658.0,1
REQ-2026-01219,Finance,Manager,16,33,0.18,0,1,1,Apple,MacBook Air 13,M3,Apple GPU,24,768,2,0.95,1.0,2,2,1,24744149,25286036,24744149,0.542,1,107697996,27000000,1,32.6,35483889.0,10739740.0,1
REQ-2026-01220,Sales,Manager,24,30,3.67,0,1,0,Lenovo,ThinkPad P16,Core i9,RTX A2000,32,1024,4,0.9,0.25,1,1,15,36001829,35412779,540027435,0.315,0,648097994,24300000,1,54.2,39534516.0,3532687.0,1
REQ-2026-01221,Finance,Staff,76,45,1.21,2,1,0,Lenovo,IdeaPad Slim 3,Core i3,Integrated,8,768,1,0.45,0.65,1,0,18,9220477,9580619,165968586,0.274,1,268702009,15000000,1,23.5,12694963.0,3474486.0,1
REQ-2026-01222,Finance,Senior,157,35,0.43,0,1,1,Asus,ExpertBook B9,Core i7,Iris Xe,16,1024,2,0.8,0.95,2,0,1,29296748,24923802,29296748,0.242,0,35773025,20000000,1,53.6,30105353.0,808605.0,0
REQ-2026-01223,Sales,Senior,94,54,3.8,0,0,1,Dell,Latitude 7450,Core i7,Integrated,16,512,2,0.85,0.85,2,1,19,19419527,22762872,368971013,0.073,0,469416908,18000000,1,43.9,22789837.0,3370310.0,1
REQ-2026-01224,Finance,Director,25,33,0.65,0,1,0,HP,ProBook 445,Ryzen 5,Radeon,8,1024,1,0.6,0.7,1,0,7,11892407,13701784,83246849,0.158,0,279906422,38000000,1,35.6,13147321.0,1254914.0,1
REQ-2026-01225,Medical Staff,Staff,29,34,1.04,1,1,0,Asus,ExpertBook B9,Core i7,Iris Xe,24,1024,2,0.8,0.95,3,0,6,35038244,27424153,210229464,0.392,1,464978885,16500000,1,45.9,37187597.0,2149353.0,1
REQ-2026-01226,HR,Manager,81,35,0.23,1,0,0,Lenovo,ThinkPad P16,Core i9,RTX A2000,40,1024,4,0.9,0.25,2,2,8,42314814,40209262,338518512,0.225,1,233360620,20250000,1,24.0,50341869.0,8027055.0,0
REQ-2026-01227,HR,Staff,77,56,0.99,0,0,0,HP,OmniBook 5,Ryzen 7,Radeon,16,1536,2,0.65,0.8,1,3,24,22067070,20869014,529609680,0.446,1,2007986023,11250000,1,43.5,26175843.0,4108773.0,1
REQ-2026-01228,Sales,Staff,75,34,2.77,0,1,0,HP,OmniBook 5,Ryzen 7,Radeon,16,512,2,0.65,0.8,2,0,20,18639700,18294953,372794000,0.109,0,268905728,13500000,1,38.1,19840500.0,1200800.0,1
REQ-2026-01229,HR,Staff,13,22,0.27,0,0,0,Dell,Inspiron 15,Core i5,Integrated,16,512,1,0.5,0.6,3,1,24,13759275,13649184,330222600,0.489,0,565675300,11250000,1,34.8,16817053.0,3057778.0,1
REQ-2026-01230,IT,Senior,18,23,0.58,0,0,0,Lenovo,ThinkPad P16,Core i9,RTX A2000,40,1024,4,0.9,0.25,2,1,10,50308372,38627469,503083720,0.353,1,469454415,32000000,0,54.5,52667649.0,2359277.0,0
REQ-2026-01231,HR,Senior,10,25,0.31,1,1,1,Apple,MacBook Pro 14,M3 Pro,Apple GPU,34,1536,4,0.95,0.85,1,0,25,34635965,38991701,865899125,0.364,1,637806821,15000000,0,40.9,39293919.0,4657954.0,0
REQ-2026-01232,IT,Staff,11,28,0.64,1,1,0,Lenovo,IdeaPad Slim 3,Core i3,Integrated,24,256,1,0.45,0.65,2,2,1,13848348,12217298,13848348,0.201,1,17771329,24000000,1,43.5,19036113.0,5187765.0,1
REQ-2026-01233,Design,Director,17,16,0.17,1,0,0,Dell,Inspiron 15,Core i5,Integrated,8,1536,1,0.5,0.6,3,3,6,17590163,15281003,105540978,0.3,1,688415391,57000000,0,56.5,26076990.0,8486827.0,1
REQ-2026-01234,Design,Manager,79,1,0.55,1,0,0,Lenovo,ThinkPad P16,Core i9,RTX A2000,32,1024,4,0.9,0.25,1,0,11,41976748,34825338,461744228,0.375,0,508953869,40500000,1,42.3,43732994.0,1756246.0,1
REQ-2026-01235,HR,Staff,21,31,0.55,0,1,0,Asus,ROG Zephyrus,Core i9,RTX 4070,40,1024,4,0.55,0.3,1,1,23,38590076,34725762,887571748,0.261,0,109607716,11250000,0,33.9,42361359.0,3771283.0,0
REQ-2026-01236,Medical Staff,Staff,31,32,1.89,2,1,0,Asus,ROG Zephyrus,Core i9,RTX 4070,32,1024,4,0.55,0.3,2,0,24,41350044,34124087,992401056,0.257,1,521114516,16500000,0,28.3,43731488.0,2381444.0,0
REQ-2026-01237,IT,Senior,25,45,0.38,0,0,1,Lenovo,ThinkPad X1,Core i7,Iris Xe,24,1024,3,0.9,0.95,1,1,9,30660431,28052438,275943879,0.287,1,329938776,32000000,1,36.0,33649303.0,2988872.0,1
REQ-2026-01238,HR,Senior,22,24,0.39,1,1,0,Apple,MacBook Air 13,M3,Apple GPU,8,256,2,0.95,1.0,3,1,3,19822633,21119199,59467899,0.427,1,109640824,15000000,0,80.6,25910831.0,6088198.0,1
REQ-2026-01239,IT,Manager,79,36,1.12,0,1,0,Asus,ROG Zephyrus,Core i9,RTX 4070,32,1024,4,0.55,0.3,2,3,15,33526358,34625819,502895370,0.176,1,1769915853,43200000,1,27.3,42584229.0,9057871.0,1
REQ-2026-01240,Finance,Senior,128,12,0.31,1,1,0,Lenovo,ThinkPad X1,Core i7,Iris Xe,24,1024,3,0.9,0.95,3,0,13,34183765,32332439,444388945,0.339,1,333484624,20000000,1,72.9,35849528.0,1665763.0,0
REQ-2026-01241,Sales,Manager,26,17,4.97,0,1,0,Asus,ExpertBook B9,Core i7,Iris Xe,32,1024,2,0.8,0.95,2,0,6,32383397,28345599,194300382,0.121,1,88784536,24300000,1,48.8,34051804.0,1668407.0,0
REQ-2026-01242,IT,Senior,45,17,0.89,0,1,0,Apple,MacBook Pro 14,M3 Pro,Apple GPU,18,512,4,0.95,0.85,2,0,19,36192928,30407396,687665632,0.342,1,1735728555,32000000,1,58.2,40544168.0,4351240.0,1
REQ-2026-01243,IT,Manager,46,23,0.41,1,0,0,Dell,Precision 5690,Core i9,RTX 3500,32,2048,4,0.85,0.35,1,2,19,37108120,40188782,705054280,0.239,1,2368464802,43200000,0,53.3,42764045.0,5655925.0,1
REQ-2026-01244,HR,Staff,75,48,0.65,1,0,1,Dell,Latitude 7450,Core i7,Integrated,24,1024,2,0.85,0.85,1,2,20,23746986,24745915,474939720,0.555,1,958950380,11250000,1,50.4,27124280.0,3377294.0,0
REQ-2026-01245,HR,Staff,1,34,0.43,0,0,0,Dell,Precision 5690,Core i9,RTX 3500,40,3072,4,0.85,0.35,1,1,21,46984096,48697639,986666016,0.177,1,541700190,11250000,0,61.5,49825065.0,2840969.0,1
REQ-2026-01246,Design,Manager,11,48,0.09,1,0,0,HP,ProBook 445,Ryzen 5,Radeon,16,512,1,0.6,0.7,2,0,10,14936263,13536113,149362630,0.139,1,357778918,40500000,0,31.8,16710475.0,1774212.0,1
REQ-2026-01247,IT,Staff,169,25,0.99,0,1,0,Dell,Latitude 7450,Core i7,Integrated,16,512,2,0.85,0.85,1,1,25,25977896,21143986,649447400,0.279,1,2058196116,24000000,1,52.0,29037529.0,3059633.0,1
REQ-2026-01248,HR,Staff,26,29,0.22,2,0,0,Asus,ROG Zephyrus,Core i9,RTX 4070,32,2048,4,0.55,0.3,3,1,9,44159528,41423503,397435752,0.378,1,98703110,11250000,0,34.7,46832398.0,2672870.0,0
REQ-2026-01249,IT,Director,7,44,1.23,0,1,0,Dell,Inspiron 15,Core i5,Integrated,16,512,1,0.5,0.6,3,0,15,13610035,13228782,204150525,0.417,1,1641193864,60800000,0,34.1,15180512.0,1570477.0,1
REQ-2026-01250,Sales,Senior,60,1,10.92,0,1,1,Dell,Latitude 7450,Core i7,Integrated,32,1024,2,0.85,0.85,3,1,3,29555204,28978839,88665612,0.256,1,50903771,18000000,1,43.5,32647944.0,3092740.0,0
REQ-2026-01251,Design,Staff,8,37,0.61,0,0,1,Dell,Latitude 7450,Core i7,Integrated,24,512,2,0.85,0.85,1,0,15,23679510,23577566,355192650,0.469,0,646612942,22500000,1,44.0,25258461.0,1578951.0,1
REQ-2026-01252,IT,Staff,34,30,0.84,0,0,0,Lenovo,ThinkPad X1,Core i7,Iris Xe,24,1024,3,0.9,0.95,2,0,13,25236375,30281814,328072875,0.688,1,1131728996,24000000,1,51.5,26574649.0,1338274.0,1
REQ-2026-01253,Medical Staff,Senior,33,11,1.22,0,1,1,Dell,Inspiron 15,Core i5,Integrated,8,512,1,0.5,0.6,1,3,6,10520840,9627131,63125040,0.486,1,188276408,22000000,1,33.0,16443763.0,5922923.0,1
REQ-2026-01254,Sales,Staff,42,38,1.68,0,0,0,Lenovo,ThinkPad X1,Core i7,Iris Xe,16,1024,3,0.9,0.95,1,0,16,27359308,28422885,437748928,0.307,1,934529668,13500000,1,34.6,29365093.0,2005785.0,1
REQ-2026-01255,Sales,Staff,46,28,3.86,0,1,0,Asus,ROG Zephyrus,Core i9,RTX 4070,32,1024,4,0.55,0.3,1,2,7,35426921,36334402,247988447,0.588,0,107076618,13500000,0,36.0,38343676.0,2916755.0,0
REQ-2026-01256,Design,Staff,36,1,0.79,0,0,0,Apple,MacBook Pro 14,M3 Pro,Apple GPU,34,512,4,0.95,0.85,3,1,3,31941759,36927028,95825277,0.299,1,54021407,22500000,1,56.3,37264672.0,5322913.0,0
REQ-2026-01257,IT,Manager,33,55,1.18,0,0,0,Lenovo,ThinkPad P16,Core i9,RTX A2000,32,1024,4,0.9,0.25,2,0,14,40154897,38413232,562168558,0.38,1,476065578,43200000,1,38.0,41504930.0,1350033.0,1
REQ-2026-01258,Medical Staff,Manager,53,23,1.74,1,0,1,Asus,ExpertBook B9,Core i7,Iris Xe,16,1024,2,0.8,0.95,2,1,9,27489677,25022156,247407093,0.504,0,274351259,29700000,1,47.0,30942632.0,3452955.0,1
REQ-2026-01259,HR,Senior,45,27,0.1,0,0,0,HP,ProBook 445,Ryzen 5,Radeon,16,1024,1,0.6,0.7,2,0,6,18781031,17230586,112686186,0.101,1,220249205,15000000,1,45.0,20264096.0,1483065.0,1
REQ-2026-01260,Sales,Staff,29,34,0.34,0,0,1,Lenovo,ThinkPad P16,Core i9,RTX A2000,32,1024,4,0.9,0.25,2,0,4,41258585,35926075,165034340,0.392,0,65612276,13500000,0,54.8,42681628.0,1423043.0,0
REQ-2026-01261,Design,Manager,11,21,2.07,2,0,0,Dell,Inspiron 15,Core i5,Integrated,8,1536,1,0.5,0.6,1,1,8,13107289,13181947,104858312,0.408,0,701982420,40500000,0,33.1,17586267.0,4478978.0,1
REQ-2026-01262,HR,Staff,17,34,0.21,2,1,0,Lenovo,IdeaPad Slim 3,Core i3,Integrated,8,256,1,0.45,0.65,2,0,9,10030831,8956755,90277479,0.173,0,175696747,11250000,0,29.0,12527709.0,2496878.0,1
REQ-2026-01263,Design,Staff,28,57,1.48,2,0,0,Asus,ROG Zephyrus,Core i9,RTX 4070,40,1024,4,0.55,0.3,3,2,3,39151985,35622650,117455955,0.528,0,189013001,22500000,0,38.8,42978958.0,3826973.0,0
REQ-2026-01264,Design,Manager,5,34,0.2,1,0,1,Apple,MacBook Air 13,M3,Apple GPU,8,256,2,0.95,1.0,2,1,9,21345355,19005520,192108195,0.443,0,873003557,40500000,0,40.9,28094950.0,6749595.0,1
REQ-2026-01265,HR,Manager,19,33,0.84,0,1,0,HP,ZBook Firefly,Core i7,RTX A500,32,1536,3,0.8,0.6,3,1,20,34805013,33736159,696100260,0.124,0,614584890,20250000,1,63.9,38046365.0,3241352.0,1
REQ-2026-01266,HR,Staff,4,20,0.68,1,0,0,Lenovo,ThinkPad P16,Core i9,RTX A2000,32,2048,4,0.9,0.25,1,1,21,42320283,40665693,888725943,0.593,1,438189547,11250000,0,44.1,45353812.0,3033529.0,0
REQ-2026-01267,IT,Manager,33,48,1.77,0,1,0,Dell,Precision 5690,Core i9,RTX 3500,32,2048,4,0.85,0.35,3,1,4,46787837,42105360,187151348,0.427,0,277050225,43200000,1,81.9,50223294.0,3435457.0,1
REQ-2026-01268,Medical Staff,Staff,36,56,0.89,0,1,0,HP,ZBook Firefly,Core i7,RTX A500,32,1024,3,0.8,0.6,1,1,16,28528119,28469779,456449904,0.628,1,898847813,16500000,1,30.3,32926664.0,4398545.0,1
REQ-2026-01269,IT,Staff,34,37,0.79,0,1,0,Asus,ROG Zephyrus,Core i9,RTX 4070,32,1024,4,0.55,0.3,1,0,5,37850664,34090689,189253320,0.238,1,465485061,24000000,1,46.0,39444283.0,1593619.0,1
REQ-2026-01270,Sales,Manager,25,36,3.84,1,0,0,Dell,Latitude 7450,Core i7,Integrated,16,512,2,0.85,0.85,2,1,24,22855349,22958253,548528376,0.197,1,1040357025,24300000,1,58.2,25421838.0,2566489.0,1
REQ-2026-01271,Sales,Manager,49,24,2.56,1,1,1,Lenovo,IdeaPad Slim 3,Core i3,Integrated,8,256,1,0.45,0.65,3,1,9,9984899,9670411,89864091,0.312,1,798907005,24300000,1,22.5,14507860.0,4522961.0,1
REQ-2026-01272,Medical Staff,Staff,15,49,0.21,0,1,0,Dell,Precision 5690,Core i9,RTX 3500,40,2560,4,0.85,0.35,1,3,4,47302010,45436959,189208040,0.078,1,54033750,16500000,1,48.8,52014171.0,4712161.0,0
REQ-2026-01273,HR,Senior,85,31,0.22,0,0,1,Apple,MacBook Pro 14,M3 Pro,Apple GPU,18,1024,4,0.95,0.85,3,1,1,36477568,34003783,36477568,0.255,1,12443596,15000000,0,50.3,42178557.0,5700989.0,0
REQ-2026-01274,Finance,Senior,30,34,0.12,0,1,1,HP,ProBook 445,Ryzen 5,Radeon,8,512,1,0.6,0.7,2,1,25,12799337,13093269,319983425,0.591,0,2117832689,20000000,1,40.9,16237694.0,3438357.0,1
REQ-2026-01275,Sales,Senior,26,57,3.12,0,0,0,Dell,Precision 5690,Core i9,RTX 3500,32,2048,4,0.85,0.35,1,2,23,40358100,41064679,928236300,0.471,1,1603901156,18000000,0,58.5,45631903.0,5273803.0,0
REQ-2026-01276,HR,Manager,19,41,0.28,1,1,0,Lenovo,ThinkPad P16,Core i9,RTX A2000,32,1024,4,0.9,0.25,1,0,13,37519491,35082286,487753383,0.242,1,792803617,20250000,1,36.4,38910311.0,1390820.0,1
REQ-2026-01277,Sales,Staff,49,39,1.74,0,1,0,Lenovo,ThinkPad P16,Core i9,RTX A2000,40,1536,4,0.9,0.25,2,0,24,44867042,43436321,1076809008,0.555,0,149111907,13500000,0,60.6,46428185.0,1561143.0,0
REQ-2026-01278,Sales,Staff,87,25,2.75,2,0,0,Lenovo,IdeaPad Slim 3,Core i3,Integrated,16,256,1,0.45,0.65,2,2,11,10988326,11518148,120871586,0.205,1,119647214,13500000,1,28.9,15525623.0,4537297.0,1
REQ-2026-01279,Sales,Senior,78,16,1.92,0,1,0,Dell,Inspiron 15,Core i5,Integrated,8,1024,1,0.5,0.6,1,3,10,11735614,10937044,117356140,0.366,1,419951904,18000000,1,26.2,18163394.0,6427780.0,1
REQ-2026-01280,HR,Manager,85,31,0.38,0,1,0,HP,ZBook Firefly,Core i7,RTX A500,32,1024,3,0.8,0.6,2,0,4,31385656,29706321,125542624,0.512,1,94575400,20250000,1,43.8,32733401.0,1347745.0,1
REQ-2026-01281,Design,Senior,44,21,1.97,1,0,0,Lenovo,ThinkPad X1,Core i7,Iris Xe,16,2048,3,0.9,0.95,1,1,25,31387579,31052132,784689475,0.642,0,1288018886,30000000,0,45.4,34982894.0,3595315.0,1
REQ-2026-01282,Finance,Staff,51,18,0.89,1,1,0,Dell,Latitude 7450,Core i7,Integrated,24,1024,2,0.85,0.85,3,2,5,27452846,27032365,137264230,0.203,1,110770382,15000000,1,33.7,31301806.0,3848960.0,0
REQ-2026-01283,Design,Manager,40,48,0.63,0,0,0,Dell,Inspiron 15,Core i5,Integrated,24,1024,1,0.5,0.6,1,0,3,16561633,15004431,49684899,0.06,1,633939941,40500000,0,30.8,19031314.0,2469681.0,1
REQ-2026-01284,IT,Staff,41,53,0.88,1,0,0,Apple,MacBook Pro 14,M3 Pro,Apple GPU,26,512,4,0.95,0.85,2,1,19,35852075,32357542,681189425,0.174,1,1221702296,24000000,1,50.1,41896937.0,6044862.0,1
REQ-2026-01285,Finance,Director,81,32,1.23,0,1,0,Lenovo,ThinkPad T14,Core i5,Integrated,24,1024,2,0.92,0.75,3,0,22,23947504,24112599,526845088,0.147,0,443795697,38000000,1,41.3,25487918.0,1540414.0,1
REQ-2026-01286,IT,Staff,70,26,1.04,2,1,0,Dell,Precision 5690,Core i9,RTX 3500,32,3072,4,0.85,0.35,1,1,11,43606677,44445714,479673447,0.266,1,249920777,24000000,0,35.8,46963661.0,3356984.0,0
REQ-2026-01287,Design,Staff,99,34,1.44,0,0,0,HP,OmniBook 5,Ryzen 7,Radeon,16,512,2,0.65,0.8,1,1,5,17826633,16400339,89133165,0.166,1,229478101,22500000,0,38.6,21367243.0,3540610.0,1
REQ-2026-01288,Finance,Senior,49,39,0.81,0,0,1,Lenovo,IdeaPad Slim 3,Core i3,Integrated,8,256,1,0.45,0.65,1,1,8,7025457,7541760,56203656,0.315,0,258970447,20000000,1,36.2,10024643.0,2999186.0,1
REQ-2026-01289,Finance,Staff,26,21,0.59,0,0,1,Lenovo,ThinkPad X1,Core i7,Iris Xe,16,1024,3,0.9,0.95,1,0,21,27692157,26825752,581535297,0.044,1,306582511,15000000,1,56.6,29377964.0,1685807.0,0
REQ-2026-01290,Design,Staff,4,27,0.39,0,0,0,Asus,ExpertBook B9,Core i7,Iris Xe,16,1024,2,0.8,0.95,2,1,17,26046029,26199280,442782493,0.627,1,705038654,22500000,0,47.4,28911473.0,2865444.0,1
REQ-2026-01291,IT,Manager,52,21,1.29,1,1,0,Lenovo,ThinkPad T14,Core i5,Integrated,24,512,2,0.92,0.75,1,1,6,19621626,19190414,117729756,0.034,1,1535616728,43200000,1,55.9,22807614.0,3185988.0,1
REQ-2026-01292,HR,Manager,99,29,0.19,1,0,0,HP,OmniBook 5,Ryzen 7,Radeon,16,512,2,0.65,0.8,2,1,8,16550191,18466190,132401528,0.203,1,334191619,20250000,1,57.0,19748182.0,3197991.0,1
REQ-2026-01293,Sales,Staff,20,49,7.3,1,0,0,Apple,MacBook Pro 14,M3 Pro,Apple GPU,26,1536,4,0.95,0.85,3,1,4,35732266,39803323,142929064,0.182,1,148016519,13500000,0,47.3,41527593.0,5795327.0,0
REQ-2026-01294,HR,Director,62,51,0.25,2,1,0,Dell,Inspiron 15,Core i5,Integrated,16,512,1,0.5,0.6,2,1,1,15233477,12753880,15233477,0.381,1,30741064,28500000,1,31.1,19444397.0,4210920.0,1
REQ-2026-01295,IT,Director,56,50,0.95,2,1,0,Asus,Vivobook 14,Core i5,Integrated,8,512,1,0.5,0.7,3,2,15,14193514,12414401,212902710,0.377,1,772295538,60800000,0,34.5,20974530.0,6781016.0,1
REQ-2026-01296,Finance,Director,50,44,0.75,1,1,0,Dell,Precision 5690,Core i9,RTX 3500,32,2560,4,0.85,0.35,2,1,8,46050943,42775973,368407544,0.2,1,338494809,38000000,1,49.5,49119979.0,3069036.0,1
REQ-2026-01297,Medical Staff,Staff,5,30,1.49,1,1,0,Asus,ExpertBook B9,Core i7,Iris Xe,24,1024,2,0.8,0.95,2,0,21,34198055,28940034,718159155,0.145,1,394273292,16500000,1,33.7,36630090.0,2432035.0,0
REQ-2026-01298,Sales,Staff,46,22,1.07,0,0,0,Dell,Precision 5690,Core i9,RTX 3500,32,2560,4,0.85,0.35,2,0,12,52367414,43032955,628408968,0.372,0,201055482,13500000,0,63.2,53985307.0,1617893.0,0
REQ-2026-01299,Finance,Senior,45,26,0.23,0,1,1,Lenovo,ThinkPad X1,Core i7,Iris Xe,24,1536,3,0.9,0.95,1,0,13,30752588,31679696,399783644,0.217,1,346624486,20000000,1,55.0,32301008.0,1548420.0,0
REQ-2026-01300,Medical Staff,Senior,32,55,1.55,0,1,0,Lenovo,IdeaPad Slim 3,Core i3,Integrated,16,768,1,0.45,0.65,1,3,19,11694657,11478093,222198483,0.369,1,1915663130,22000000,1,30.1,19428308.0,7733651.0,1
REQ-2026-01301,HR,Staff,33,27,0.6,0,0,0,Dell,Precision 5690,Core i9,RTX 3500,32,2048,4,0.85,0.35,2,0,16,45539120,40565846,728625920,0.242,1,362359005,11250000,0,52.4,46708754.0,1169634.0,0
REQ-2026-01302,IT,Manager,77,43,0.26,1,0,0,Lenovo,IdeaPad Slim 3,Core i3,Integrated,16,256,1,0.45,0.65,3,3,22,10669848,11916182,234736656,0.283,0,2836703757,43200000,0,38.5,18054818.0,7384970.0,1
REQ-2026-01303,Medical Staff,Staff,27,47,0.17,0,1,0,Dell,Inspiron 15,Core i5,Integrated,16,512,1,0.5,0.6,3,2,19,14102113,13337280,267940147,0.163,0,317266703,16500000,1,37.6,16959187.0,2857074.0,1
REQ-2026-01304,IT,Manager,24,17,0.33,0,0,1,HP,OmniBook 5,Ryzen 7,Radeon,16,512,2,0.65,0.8,2,2,1,19945856,17805209,19945856,0.247,1,21792016,43200000,1,27.6,26106358.0,6160502.0,1
REQ-2026-01305,Finance,Staff,71,22,1.05,0,0,0,Apple,MacBook Air 13,M3,Apple GPU,16,768,2,0.95,1.0,3,2,21,22611251,23960162,474836271,0.199,1,1572318696,15000000,1,44.2,29814552.0,7203301.0,1
REQ-2026-01306,HR,Staff,37,59,1.48,0,0,0,HP,ProBook 445,Ryzen 5,Radeon,16,512,1,0.6,0.7,2,1,9,14046376,14412475,126417384,0.202,1,43761663,11250000,1,34.7,16690433.0,2644057.0,0
REQ-2026-01307,IT,Senior,104,48,0.13,1,0,1,Lenovo,ThinkPad T14,Core i5,Integrated,24,512,2,0.92,0.75,2,0,11,23341988,20884620,256761868,0.531,0,1243971722,32000000,0,62.3,24551935.0,1209947.0,1
REQ-2026-01308,IT,Senior,20,38,1.03,1,1,1,Dell,Latitude 7450,Core i7,Integrated,16,1024,2,0.85,0.85,2,0,3,21910710,23942887,65732130,0.727,1,184280624,32000000,0,45.9,23542141.0,1631431.0,1
REQ-2026-01309,Sales,Manager,69,42,3.55,0,1,0,Lenovo,IdeaPad Slim 3,Core i3,Integrated,16,1280,1,0.45,0.65,2,3,3,17664776,15384403,52994328,0.452,1,161393158,24300000,1,29.4,26309759.0,8644983.0,1
REQ-2026-01310,Finance,Manager,14,49,0.73,0,1,0,HP,OmniBook 5,Ryzen 7,Radeon,16,512,2,0.65,0.8,2,1,16,20145488,17446696,322327808,0.331,1,672718599,27000000,1,52.1,24382897.0,4237409.0,1
REQ-2026-01311,HR,Senior,6,40,0.78,0,0,0,Asus,Vivobook 14,Core i5,Integrated,8,512,1,0.5,0.7,2,3,5,13568204,11529984,67841020,0.198,1,151875823,15000000,1,44.2,20395642.0,6827438.0,1
REQ-2026-01312,Finance,Senior,34,39,0.22,0,1,1,Asus,ExpertBook B9,Core i7,Iris Xe,16,1536,2,0.8,0.95,1,0,17,29780888,25894909,506275096,0.221,1,490518027,20000000,1,63.3,31597707.0,1816819.0,1
REQ-2026-01313,HR,Staff,47,33,1.11,0,0,0,HP,OmniBook 5,Ryzen 7,Radeon,24,512,2,0.65,0.8,2,1,18,21018804,19227396,378338472,0.161,1,425025905,11250000,1,42.5,24211363.0,3192559.0,0
REQ-2026-01314,Design,Staff,50,14,0.17,0,0,0,Asus,Vivobook 14,Core i5,Integrated,16,512,1,0.5,0.7,1,1,20,14709804,11622666,294196080,0.306,1,2072093708,22500000,0,34.5,17396626.0,2686822.0,1
REQ-2026-01315,Finance,Manager,26,34,0.36,0,1,0,Apple,MacBook Air 13,M3,Apple GPU,8,256,2,0.95,1.0,1,0,24,16147666,17505646,387543984,0.581,0,712218008,27000000,1,54.4,20985689.0,4838023.0,1
REQ-2026-01316,Medical Staff,Manager,52,39,3.3,0,0,0,Dell,Inspiron 15,Core i5,Integrated,8,512,1,0.5,0.6,2,1,20,11175720,9849215,223514400,0.466,1,1176757600,29700000,1,43.3,14742944.0,3567224.0,1
REQ-2026-01317,Sales,Staff,45,17,2.04,2,0,1,Dell,Precision 5690,Core i9,RTX 3500,40,2048,4,0.85,0.35,2,4,19,44078303,42483483,837487757,0.319,1,288439324,13500000,1,46.1,49039751.0,4961448.0,0
REQ-2026-01318,Medical Staff,Senior,69,47,1.19,0,1,1,Dell,Latitude 7450,Core i7,Integrated,16,1024,2,0.85,0.85,2,0,8,24590690,24088242,196725520,0.077,1,205916669,22000000,1,68.1,26163524.0,1572834.0,1
REQ-2026-01319,IT,Staff,61,24,0.38,0,0,0,HP,OmniBook 5,Ryzen 7,Radeon,32,1536,2,0.65,0.8,2,2,21,23949296,27537251,502935216,0.361,0,1174970782,24000000,1,51.1,28893883.0,4944587.0,1
REQ-2026-01320,Finance,Director,119,9,0.14,0,1,0,Asus,ROG Zephyrus,Core i9,RTX 4070,32,2048,4,0.55,0.3,3,0,9,41259103,38872436,371331927,0.388,1,384664344,38000000,0,41.5,43036689.0,1777586.0,1
REQ-2026-01321,Finance,Senior,8,35,1.14,2,1,0,Lenovo,ThinkPad X1,Core i7,Iris Xe,16,1024,3,0.9,0.95,2,0,20,28915169,29366045,578303380,0.191,0,339928668,20000000,1,49.1,30520243.0,1605074.0,1
REQ-2026-01322,Finance,Staff,7,26,1.13,0,1,0,HP,ZBook Firefly,Core i7,RTX A500,40,1536,3,0.8,0.6,2,2,22,40809086,33389624,897799892,0.291,0,437887117,15000000,0,70.5,44905257.0,4096171.0,0
REQ-2026-01323,Sales,Staff,36,13,2.33,0,0,0,Apple,MacBook Pro 14,M3 Pro,Apple GPU,18,512,4,0.95,0.85,2,0,21,38435563,31730710,807146823,0.409,1,334969525,13500000,1,62.9,42512345.0,4076782.0,0
REQ-2026-01324,Medical Staff,Senior,51,24,1.29,0,1,0,Lenovo,ThinkPad P16,Core i9,RTX A2000,40,1024,4,0.9,0.25,2,2,7,39341147,40900573,275388029,0.469,1,476514222,22000000,1,32.8,43634327.0,4293180.0,0
REQ-2026-01325,Design,Manager,26,26,0.39,1,1,0,HP,ZBook Firefly,Core i7,RTX A500,32,1024,3,0.8,0.6,2,2,12,33845402,29609648,406144824,0.335,0,515701620,40500000,1,60.5,39017114.0,5171712.0,1
REQ-2026-01326,HR,Manager,56,18,0.27,0,1,0,Lenovo,ThinkPad X1,Core i7,Iris Xe,24,1024,3,0.9,0.95,2,0,6,33165452,31338395,198992712,0.448,1,180328488,20250000,1,68.8,35181298.0,2015846.0,0
REQ-2026-01327,Sales,Staff,30,60,3.77,0,1,0,Asus,Vivobook 14,Core i5,Integrated,16,512,1,0.5,0.7,3,1,23,15192547,14244475,349428581,0.374,1,190691595,13500000,1,34.8,18426286.0,3233739.0,1
REQ-2026-01328,Finance,Staff,102,42,1.13,0,1,1,Asus,ExpertBook B9,Core i7,Iris Xe,24,1024,2,0.8,0.95,2,0,10,30618924,27083504,306189240,0.573,0,190730337,15000000,1,37.8,31967707.0,1348783.0,0
REQ-2026-01329,IT,Senior,19,23,1.33,1,0,0,Lenovo,ThinkPad X1,Core i7,Iris Xe,24,1024,3,0.9,0.95,3,0,9,35916709,30542211,323250381,0.61,0,156276922,32000000,1,59.8,37524913.0,1608204.0,0
REQ-2026-01330,Medical Staff,Senior,86,33,0.63,1,1,0,Asus,ExpertBook B9,Core i7,Iris Xe,32,1536,2,0.8,0.95,1,0,1,30906030,29725954,30906030,0.264,0,55136931,22000000,1,43.9,32380328.0,1474298.0,0
REQ-2026-01331,Medical Staff,Staff,73,36,1.32,0,0,0,Asus,ExpertBook B9,Core i7,Iris Xe,16,1024,2,0.8,0.95,2,0,5,28153519,24787159,140767595,0.079,1,117782192,16500000,1,46.5,29795615.0,1642096.0,1
REQ-2026-01332,IT,Director,57,45,0.7,2,0,0,Lenovo,ThinkPad X1,Core i7,Iris Xe,32,1536,3,0.9,0.95,2,0,25,35315174,33713752,882879350,0.189,0,3205672634,60800000,1,44.6,36663059.0,1347885.0,1
REQ-2026-01333,Sales,Staff,104,38,3.5,0,1,0,Lenovo,ThinkPad P16,Core i9,RTX A2000,32,1024,4,0.9,0.25,2,2,16,40588174,38503104,649410784,0.398,0,317662106,13500000,1,45.2,45385738.0,4797564.0,0
REQ-2026-01334,Sales,Staff,12,40,8.68,0,1,0,HP,OmniBook 5,Ryzen 7,Radeon,16,512,2,0.65,0.8,3,1,4,17534435,19541416,70137740,0.546,1,93391217,13500000,1,40.3,20882447.0,3348012.0,1
REQ-2026-01335,Design,Staff,21,3,1.03,0,0,0,Asus,ROG Zephyrus,Core i9,RTX 4070,32,2048,4,0.55,0.3,1,1,16,37517628,38375599,600282048,0.325,0,531521051,22500000,0,30.2,41680979.0,4163351.0,0
REQ-2026-01336,Design,Staff,43,42,0.8,0,1,0,Lenovo,ThinkPad T14,Core i5,Integrated,16,512,2,0.92,0.75,2,2,12,21920321,17336898,263043852,0.412,0,247518182,22500000,1,40.6,26103319.0,4182998.0,1
REQ-2026-01337,Design,Staff,27,42,0.39,0,0,0,Lenovo,IdeaPad Slim 3,Core i3,Integrated,16,256,1,0.45,0.65,2,0,24,9639640,11070227,231351360,0.236,0,1148987457,22500000,0,31.4,11924831.0,2285191.0,1
REQ-2026-01338,Medical Staff,Manager,6,34,1.13,1,1,0,Apple,MacBook Air 13,M3,Apple GPU,8,256,2,0.95,1.0,2,1,24,20551466,18465511,493235184,0.16,1,886404374,29700000,1,86.4,26585813.0,6034347.0,1
REQ-2026-01339,IT,Staff,54,51,0.94,1,0,0,HP,ProBook 445,Ryzen 5,Radeon,8,512,1,0.6,0.7,2,0,21,12703279,12632055,266768859,0.572,1,418184301,24000000,0,44.1,13872549.0,1169270.0,1
REQ-2026-01340,IT,Senior,101,20,1.5,1,0,0,Apple,MacBook Pro 14,M3 Pro,Apple GPU,26,1536,4,0.95,0.85,1,0,4,35569749,37964611,142278996,0.113,0,326441611,32000000,1,53.5,39963877.0,4394128.0,1
REQ-2026-01341,Finance,Senior,58,42,0.23,1,1,0,Lenovo,ThinkPad X1,Core i7,Iris Xe,16,2048,3,0.9,0.95,3,0,18,32293466,33608704,581282388,0.044,1,788758341,20000000,1,65.8,33648753.0,1355287.0,1
REQ-2026-01342,Medical Staff,Staff,88,12,0.32,1,0,0,Lenovo,IdeaPad Slim 3,Core i3,Integrated,8,256,1,0.45,0.65,3,1,19,11779630,10094211,223812970,0.795,0,1406637117,16500000,0,36.8,14453989.0,2674359.0,1
REQ-2026-01343,HR,Senior,9,23,0.67,0,0,0,Lenovo,IdeaPad Slim 3,Core i3,Integrated,8,768,1,0.45,0.65,3,4,20,10854817,11741517,217096340,0.225,0,421458676,15000000,1,42.3,17547916.0,6693099.0,1
REQ-2026-01344,IT,Staff,47,1,0.87,2,0,1,Apple,MacBook Pro 14,M3 Pro,Apple GPU,34,512,4,0.95,0.85,1,1,2,36953319,36172625,73906638,0.323,1,81469435,24000000,1,42.4,43265540.0,6312221.0,1
REQ-2026-01345,IT,Senior,55,53,0.65,0,0,0,Apple,MacBook Air 13,M3,Apple GPU,16,256,2,0.95,1.0,2,0,18,23497186,18759527,422949348,0.183,1,772480482,32000000,1,52.3,28637989.0,5140803.0,1
REQ-2026-01346,Finance,Staff,8,34,0.19,1,0,1,Apple,MacBook Air 13,M3,Apple GPU,16,256,2,0.95,1.0,2,2,10,21902216,21660848,219022160,0.347,1,354962913,15000000,1,52.9,29114712.0,7212496.0,1
REQ-2026-01347,Medical Staff,Staff,27,35,2.0,0,0,0,Dell,Latitude 7450,Core i7,Integrated,16,1024,2,0.85,0.85,2,3,16,30413984,23226199,486623744,0.211,1,822732929,16500000,1,49.2,35538173.0,5124189.0,1
REQ-2026-01348,Sales,Staff,90,21,6.32,0,1,1,HP,ZBook Firefly,Core i7,RTX A500,48,1024,3,0.8,0.6,3,0,8,34178394,32866640,273427152,0.096,1,188664813,13500000,0,54.8,35562147.0,1383753.0,0
REQ-2026-01349,IT,Staff,21,37,1.68,1,1,0,HP,OmniBook 5,Ryzen 7,Radeon,32,512,2,0.65,0.8,1,1,5,21282446,21672745,106412230,0.191,1,187114266,24000000,1,36.6,23814784.0,2532338.0,1
REQ-2026-01350,Design,Senior,133,33,0.3,1,0,0,Apple,MacBook Air 13,M3,Apple GPU,8,256,2,0.95,1.0,1,2,1,19925442,18291080,19925442,0.265,1,18918762,30000000,0,48.0,26701778.0,6776336.0,1
REQ-2026-01351,IT,Senior,55,23,1.03,0,1,0,Lenovo,ThinkPad T14,Core i5,Integrated,16,1024,2,0.92,0.75,1,0,10,18745778,20246900,187457780,0.325,1,360913659,32000000,1,57.1,20929390.0,2183612.0,1
REQ-2026-01352,Design,Staff,26,29,0.25,0,0,0,Lenovo,ThinkPad X1,Core i7,Iris Xe,32,1024,3,0.9,0.95,1,0,3,28366373,31565750,85099119,0.368,1,90475846,22500000,1,61.9,30023609.0,1657236.0,1
REQ-2026-01353,Medical Staff,Staff,36,12,0.57,0,1,0,Apple,MacBook Pro 14,M3 Pro,Apple GPU,18,1536,4,0.95,0.85,3,1,8,39742279,37825742,317938232,0.411,1,612877314,16500000,1,42.4,45746517.0,6004238.0,1
REQ-2026-01354,IT,Manager,12,45,1.05,0,0,0,Lenovo,ThinkPad X1,Core i7,Iris Xe,16,1024,3,0.9,0.95,2,0,10,25718765,26712993,257187650,0.577,1,2586588362,43200000,0,47.5,27024960.0,1306195.0,1
REQ-2026-01355,Medical Staff,Senior,32,35,3.16,0,0,0,Lenovo,ThinkPad P16,Core i9,RTX A2000,32,1024,4,0.9,0.25,1,1,3,38288873,35910536,114866619,0.374,1,69520795,22000000,0,25.7,43349038.0,5060165.0,1
REQ-2026-01356,Medical Staff,Staff,47,43,1.38,2,0,0,HP,OmniBook 5,Ryzen 7,Radeon,16,512,2,0.65,0.8,2,1,10,17852145,17429973,178521450,0.397,1,451290334,16500000,1,44.3,20605372.0,2753227.0,1
REQ-2026-01357,Finance,Senior,7,22,0.51,0,1,0,Lenovo,ThinkPad T14,Core i5,Integrated,16,1024,2,0.92,0.75,1,0,1,21121620,18972942,21121620,0.789,1,45383203,20000000,1,52.9,22526683.0,1405063.0,1
REQ-2026-01358,Design,Manager,8,25,0.71,2,0,0,Apple,MacBook Pro 14,M3 Pro,Apple GPU,18,1536,4,0.95,0.85,1,0,15,35245090,35327432,528676350,0.419,0,1291148871,40500000,1,40.7,39847609.0,4602519.0,1
REQ-2026-01359,HR,Senior,138,45,0.45,2,0,0,Apple,MacBook Pro 14,M3 Pro,Apple GPU,18,1024,4,0.95,0.85,1,1,21,32153565,33594732,675224865,0.731,0,783299467,15000000,1,53.4,38081970.0,5928405.0,0
REQ-2026-01360,Design,Senior,34,9,0.64,0,0,1,Lenovo,ThinkPad T14,Core i5,Integrated,24,1024,2,0.92,0.75,1,0,23,22205117,21717745,510717691,0.204,1,1614157091,30000000,1,50.6,23629983.0,1424866.0,1
REQ-2026-01361,Medical Staff,Senior,29,50,0.59,0,1,0,HP,ZBook Firefly,Core i7,RTX A500,32,1024,3,0.8,0.6,2,1,15,31502423,30757553,472536345,0.128,1,890110303,22000000,1,57.2,34418023.0,2915600.0,1
REQ-2026-01362,IT,Manager,11,34,0.17,0,0,0,Apple,MacBook Air 13,M3,Apple GPU,24,256,2,0.95,1.0,1,0,6,23382174,22540800,140293044,0.257,1,324292441,43200000,1,70.5,27996357.0,4614183.0,1
REQ-2026-01363,HR,Senior,7,29,0.67,0,0,0,Dell,Latitude 7450,Core i7,Integrated,24,1024,2,0.85,0.85,2,1,12,29616552,25801238,355398624,0.188,0,573361176,15000000,1,50.5,33201401.0,3584849.0,1
REQ-2026-01364,IT,Senior,78,45,1.56,1,0,0,Lenovo,ThinkPad P16,Core i9,RTX A2000,32,1024,4,0.9,0.25,1,1,17,39644834,36220302,673962178,0.598,1,883003600,32000000,0,49.2,42955302.0,3310468.0,1
REQ-2026-01365,Medical Staff,Staff,20,30,0.35,1,1,0,HP,OmniBook 5,Ryzen 7,Radeon,16,1536,2,0.65,0.8,1,2,16,22415221,21067092,358643536,0.453,1,530883689,16500000,1,42.1,26257220.0,3841999.0,1
REQ-2026-01366,Finance,Manager,103,41,0.7,1,1,0,HP,ProBook 445,Ryzen 5,Radeon,8,1024,1,0.6,0.7,1,3,19,15495758,13471175,294419402,0.341,0,634095414,27000000,1,40.9,21887031.0,6391273.0,1
REQ-2026-01367,Medical Staff,Staff,62,23,0.4,0,0,1,HP,ProBook 445,Ryzen 5,Radeon,8,512,1,0.6,0.7,3,0,9,14630961,13972143,131678649,0.128,0,96881984,16500000,0,56.3,15990890.0,1359929.0,1
REQ-2026-01368,Sales,Manager,23,29,5.49,0,0,0,Asus,ROG Zephyrus,Core i9,RTX 4070,32,1536,4,0.55,0.3,2,4,17,26784095,37259340,455329615,0.26,0,791438988,24300000,1,39.1,33464692.0,6680597.0,1
REQ-2026-01369,HR,Senior,21,23,0.23,0,0,0,Lenovo,ThinkPad T14,Core i5,Integrated,16,512,2,0.92,0.75,1,0,16,19081181,17312350,305298896,0.541,1,886307420,15000000,1,44.6,20462421.0,1381240.0,1
REQ-2026-01370,IT,Manager,38,9,0.58,0,0,0,Dell,Inspiron 15,Core i5,Integrated,8,512,1,0.5,0.6,2,0,25,10471552,9800203,261788800,0.377,1,5429164742,43200000,0,35.0,12287177.0,1815625.0,1
REQ-2026-01371,IT,Senior,21,32,1.04,1,1,0,Lenovo,ThinkPad P16,Core i9,RTX A2000,32,1024,4,0.9,0.25,3,1,3,43899495,37533313,131698485,0.264,0,148865105,32000000,0,37.8,46716881.0,2817386.0,1
REQ-2026-01372,Finance,Manager,33,32,0.27,0,0,1,Lenovo,ThinkPad T14,Core i5,Integrated,16,512,2,0.92,0.75,1,0,8,18908751,17382181,151270008,0.447,0,260940723,27000000,1,63.9,20859975.0,1951224.0,1
REQ-2026-01373,IT,Director,85,28,0.61,1,0,0,Lenovo,ThinkPad T14,Core i5,Integrated,16,512,2,0.92,0.75,2,0,20,19640937,17847628,392818740,0.546,0,1323112078,60800000,1,48.7,21193165.0,1552228.0,1
REQ-2026-01374,Medical Staff,Manager,30,49,3.14,0,0,0,Asus,Vivobook 14,Core i5,Integrated,24,1536,1,0.5,0.7,2,0,19,16498739,19789732,313476041,0.522,0,671665342,29700000,1,46.8,17705884.0,1207145.0,1
REQ-2026-01375,Medical Staff,Senior,11,32,1.01,3,0,0,Asus,Vivobook 14,Core i5,Integrated,16,1024,1,0.5,0.7,1,2,6,14334803,14789058,86008818,0.158,1,601112875,22000000,1,17.7,22994081.0,8659278.0,1
REQ-2026-01376,Design,Staff,77,34,0.36,0,0,0,Lenovo,ThinkPad X1,Core i7,Iris Xe,24,1024,3,0.9,0.95,1,0,4,29783294,27419137,119133176,0.099,0,289722821,22500000,1,57.0,31337549.0,1554255.0,1
REQ-2026-01377,Medical Staff,Staff,18,12,1.48,0,1,0,Apple,MacBook Pro 14,M3 Pro,Apple GPU,34,512,4,0.95,0.85,1,0,9,37753319,34905546,339779871,0.397,0,472845714,16500000,0,30.2,43530938.0,5777619.0,0
REQ-2026-01378,Sales,Staff,56,49,4.27,1,0,0,Asus,ROG Zephyrus,Core i9,RTX 4070,32,1024,4,0.55,0.3,1,4,13,35049874,34441885,455648362,0.074,0,562595042,13500000,1,28.9,42523182.0,7473308.0,0
REQ-2026-01379,Sales,Staff,20,13,7.58,0,1,0,Lenovo,ThinkPad T14,Core i5,Integrated,16,1024,2,0.92,0.75,1,0,18,22048008,19372831,396864144,0.633,1,359928179,13500000,1,49.1,24013948.0,1965940.0,0
REQ-2026-01380,Finance,Staff,41,45,1.63,0,1,0,Asus,ROG Zephyrus,Core i9,RTX 4070,32,1024,4,0.55,0.3,1,2,11,34052750,32416429,374580250,0.368,0,159077686,15000000,1,44.7,37830036.0,3777286.0,0
REQ-2026-01381,Sales,Staff,48,38,9.17,1,1,0,HP,OmniBook 5,Ryzen 7,Radeon,16,1024,2,0.65,0.8,2,1,19,20177471,19716820,383371949,0.377,1,608900965,13500000,1,29.3,23619903.0,3442432.0,0
REQ-2026-01382,Finance,Staff,49,31,0.28,0,1,0,Lenovo,ThinkPad P16,Core i9,RTX A2000,48,1024,4,0.9,0.25,3,0,15,42256414,41994954,633846210,0.291,1,467707133,15000000,0,68.5,43925355.0,1668941.0,0
REQ-2026-01383,HR,Manager,70,1,0.64,0,0,0,Dell,Latitude 7450,Core i7,Integrated,16,512,2,0.85,0.85,2,2,24,22289868,23192126,534956832,0.345,1,1044623494,20250000,1,49.4,29046535.0,6756667.0,1
REQ-2026-01384,Medical Staff,Senior,34,37,0.99,0,1,1,HP,OmniBook 5,Ryzen 7,Radeon,16,512,2,0.65,0.8,1,2,13,18776677,17459498,244096801,0.136,1,334799643,22000000,1,33.2,24959104.0,6182427.0,1
REQ-2026-01385,HR,Senior,65,51,0.8,1,0,1,Dell,Latitude 7450,Core i7,Integrated,16,512,2,0.85,0.85,2,0,2,23095310,22492990,46190620,0.512,0,35682095,15000000,1,39.2,24507382.0,1412072.0,1
REQ-2026-01386,HR,Director,15,34,0.23,0,1,0,HP,ProBook 445,Ryzen 5,Radeon,24,512,1,0.6,0.7,1,2,5,14929835,16467131,74649175,0.275,1,303145524,28500000,1,35.4,21177598.0,6247763.0,1
REQ-2026-01387,IT,Staff,50,32,0.24,0,0,0,Lenovo,IdeaPad Slim 3,Core i3,Integrated,24,256,1,0.45,0.65,1,0,4,12578185,11211842,50312740,0.562,0,86679837,24000000,0,41.5,13990093.0,1411908.0,1
REQ-2026-01388,HR,Staff,32,26,0.15,0,0,0,Dell,Inspiron 15,Core i5,Integrated,8,1024,1,0.5,0.6,3,1,23,12174663,13947613,280017249,0.401,1,364502001,11250000,1,66.9,15047794.0,2873131.0,1
REQ-2026-01389,Finance,Staff,26,59,0.72,0,1,0,HP,ZBook Firefly,Core i7,RTX A500,32,1024,3,0.8,0.6,1,0,9,29121756,29311795,262095804,0.278,0,172418867,15000000,1,25.4,32410580.0,3288824.0,0
REQ-2026-01390,Sales,Staff,25,24,3.83,1,1,0,Apple,MacBook Air 13,M3,Apple GPU,8,768,2,0.95,1.0,2,2,16,24062216,20820521,384995456,0.36,1,329428844,13500000,0,47.2,30963424.0,6901208.0,0
REQ-2026-01391,HR,Staff,62,37,0.51,0,1,0,Apple,MacBook Air 13,M3,Apple GPU,24,768,2,0.95,1.0,1,0,16,27966703,23951700,447467248,0.27,1,176524989,11250000,1,43.3,32479876.0,4513173.0,0
REQ-2026-01392,Design,Senior,26,33,0.3,2,0,0,HP,OmniBook 5,Ryzen 7,Radeon,32,512,2,0.65,0.8,3,1,15,26153826,24502243,392307390,0.197,1,1037437179,30000000,1,53.9,28811549.0,2657723.0,1
REQ-2026-01393,IT,Staff,29,26,0.42,1,1,0,Dell,Precision 5690,Core i9,RTX 3500,32,3072,4,0.85,0.35,1,0,23,45289258,45483660,1041652934,0.188,1,1148035547,24000000,1,50.0,46556441.0,1267183.0,0
REQ-2026-01394,IT,Senior,40,37,0.12,0,0,0,Lenovo,ThinkPad P16,Core i9,RTX A2000,40,1024,4,0.9,0.25,2,2,24,45455106,37369342,1090922544,0.399,0,786692389,32000000,0,60.7,49426061.0,3970955.0,1
REQ-2026-01395,Sales,Senior,64,33,1.13,0,0,0,Dell,Inspiron 15,Core i5,Integrated,8,512,1,0.5,0.6,3,2,1,12186948,10937481,12186948,0.402,0,15915060,18000000,1,49.1,16990600.0,4803652.0,1
REQ-2026-01396,Finance,Director,34,8,1.03,0,1,0,Dell,Precision 5690,Core i9,RTX 3500,40,2560,4,0.85,0.35,2,0,14,47131703,45655084,659843842,0.452,1,945888763,38000000,0,53.5,48396831.0,1265128.0,1
REQ-2026-01397,Finance,Staff,13,27,1.32,0,1,0,Apple,MacBook Pro 14,M3 Pro,Apple GPU,18,512,4,0.95,0.85,3,1,13,33786104,34461489,439219352,0.525,0,602453412,15000000,1,59.8,39552195.0,5766091.0,0
REQ-2026-01398,Finance,Director,59,45,0.6,0,1,0,Lenovo,ThinkPad T14,Core i5,Integrated,16,512,2,0.92,0.75,2,0,10,14490609,18353734,144906090,0.242,1,803711205,38000000,1,48.7,15971071.0,1480462.0,1
REQ-2026-01399,Design,Senior,29,27,0.3,0,0,0,Dell,Latitude 7450,Core i7,Integrated,24,512,2,0.85,0.85,3,0,8,28550737,25507146,228405896,0.773,0,884577835,30000000,1,45.5,29925523.0,1374786.0,0
REQ-2026-01400,Finance,Manager,106,35,1.84,1,1,1,HP,ZBook Firefly,Core i7,RTX A500,32,1024,3,0.8,0.6,1,0,19,26356365,28145109,500770935,0.138,0,4956614526,27000000,1,40.9,27534399.0,1178034.0,1
REQ-2026-01401,Finance,Senior,77,41,1.5,0,1,0,Asus,Vivobook 14,Core i5,Integrated,24,512,1,0.5,0.7,3,1,15,16843633,16692570,252654495,0.317,1,820676895,20000000,1,53.6,19456388.0,2612755.0,1
REQ-2026-01402,Finance,Staff,20,32,1.37,0,1,0,Asus,Vivobook 14,Core i5,Integrated,8,512,1,0.5,0.7,3,2,13,14306587,12123584,185985631,0.249,0,753928273,15000000,1,43.0,18379199.0,4072612.0,1
REQ-2026-01403,Design,Manager,81,25,0.46,0,0,0,HP,OmniBook 5,Ryzen 7,Radeon,32,1536,2,0.65,0.8,2,0,4,30245113,25516364,120980452,0.453,1,362196013,40500000,1,59.4,31472616.0,1227503.0,1
REQ-2026-01404,Design,Senior,23,27,0.31,0,0,0,Lenovo,ThinkPad T14,Core i5,Integrated,16,512,2,0.92,0.75,1,0,7,19921667,17818501,139451669,0.639,0,114693881,30000000,1,47.9,21802293.0,1880626.0,1
REQ-2026-01405,Finance,Staff,14,49,1.38,0,1,0,Asus,ExpertBook B9,Core i7,Iris Xe,16,1536,2,0.8,0.95,3,0,10,25684468,28493888,256844680,0.117,0,245629134,15000000,1,59.6,26912907.0,1228439.0,0
REQ-2026-01406,HR,Senior,35,49,0.37,0,1,0,Lenovo,IdeaPad Slim 3,Core i3,Integrated,24,256,1,0.45,0.65,2,3,13,14895251,12277432,193638263,0.318,1,361358963,15000000,1,53.9,19563960.0,4668709.0,1
REQ-2026-01407,HR,Staff,97,24,0.27,1,0,0,HP,ProBook 445,Ryzen 5,Radeon,8,512,1,0.6,0.7,2,1,24,14345702,13485361,344296848,0.491,0,1035657193,11250000,1,37.6,17073328.0,2727626.0,1
REQ-2026-01408,Finance,Manager,2,41,0.46,0,1,0,Lenovo,ThinkPad T14,Core i5,Integrated,16,1536,2,0.92,0.75,2,0,22,24389533,21393854,536569726,0.619,1,1377987739,27000000,1,64.9,25607330.0,1217797.0,1
REQ-2026-01409,IT,Staff,27,45,0.61,1,1,0,Apple,MacBook Air 13,M3,Apple GPU,16,1280,2,0.95,1.0,1,3,15,23610491,24036716,354157365,0.154,0,1434407479,24000000,0,34.0,32896110.0,9285619.0,1
REQ-2026-01410,IT,Senior,4,41,0.13,2,0,0,Dell,Latitude 7450,Core i7,Integrated,16,512,2,0.85,0.85,1,1,11,22205532,20985427,244260852,0.453,0,553708578,32000000,1,23.7,27204347.0,4998815.0,1
REQ-2026-01411,Sales,Senior,40,29,8.52,0,1,0,HP,ZBook Firefly,Core i7,RTX A500,40,1024,3,0.8,0.6,2,1,7,35844540,31978636,250911780,0.286,1,280943307,18000000,1,34.5,39804276.0,3959736.0,1
REQ-2026-01412,Finance,Staff,5,37,1.02,0,1,0,Apple,MacBook Air 13,M3,Apple GPU,24,768,2,0.95,1.0,3,0,7,27404883,25842690,191834181,0.204,0,121137421,15000000,0,39.7,31619890.0,4215007.0,0
REQ-2026-01413,IT,Staff,50,33,0.43,0,0,0,Lenovo,IdeaPad Slim 3,Core i3,Integrated,24,256,1,0.45,0.65,3,2,15,13200462,14373157,198006930,0.685,1,411903018,24000000,0,42.9,17193035.0,3992573.0,1
REQ-2026-01414,Design,Staff,16,47,0.59,0,0,0,Asus,Vivobook 14,Core i5,Integrated,8,1024,1,0.5,0.7,2,2,13,13365303,11937090,173748939,0.284,1,310122410,22500000,0,32.0,17344777.0,3979474.0,1
REQ-2026-01415,Medical Staff,Manager,17,19,1.06,1,0,0,Asus,ROG Zephyrus,Core i9,RTX 4070,32,2048,4,0.55,0.3,2,1,6,39295018,37407806,235770108,0.506,1,193588004,29700000,1,53.8,43081991.0,3786973.0,1
REQ-2026-01416,Finance,Staff,11,24,0.3,0,1,0,Apple,MacBook Air 13,M3,Apple GPU,8,256,2,0.95,1.0,2,1,17,19696481,19471572,334840177,0.313,0,258374413,15000000,1,58.6,25724609.0,6028128.0,0
REQ-2026-01417,Finance,Staff,95,20,0.99,0,1,0,Apple,MacBook Air 13,M3,Apple GPU,8,256,2,0.95,1.0,1,2,10,21618451,17761732,216184510,0.096,1,221217634,15000000,1,44.0,29371923.0,7753472.0,1
REQ-2026-01418,Medical Staff,Manager,63,35,2.95,0,1,0,Dell,Latitude 7450,Core i7,Integrated,24,1536,2,0.85,0.85,2,0,13,29655644,28674939,385523372,0.575,0,405494901,29700000,1,52.3,31182468.0,1526824.0,1
REQ-2026-01419,Sales,Senior,85,38,12.26,0,1,0,Asus,ExpertBook B9,Core i7,Iris Xe,24,1024,2,0.8,0.95,1,4,19,27908902,26796926,530269138,0.2,1,1142670348,18000000,1,29.9,36166634.0,8257732.0,1
REQ-2026-01420,IT,Staff,76,31,1.17,0,1,1,Lenovo,ThinkPad T14,Core i5,Integrated,16,512,2,0.92,0.75,1,0,3,16707576,18293057,50122728,0.029,0,318097807,24000000,1,57.5,17926015.0,1218439.0,1
REQ-2026-01421,Sales,Staff,81,9,3.8,0,1,1,Asus,ROG Zephyrus,Core i9,RTX 4070,40,1024,4,0.55,0.3,2,1,15,33913266,38178668,508698990,0.05,0,320278410,13500000,1,39.1,36762172.0,2848906.0,0
REQ-2026-01422,IT,Staff,68,14,1.07,1,0,0,Asus,ROG Zephyrus,Core i9,RTX 4070,48,1024,4,0.55,0.3,1,0,3,45081493,38358662,135244479,0.148,1,96210568,24000000,1,35.9,46706604.0,1625111.0,0
REQ-2026-01423,Finance,Senior,53,26,0.42,0,1,0,Lenovo,ThinkPad P16,Core i9,RTX A2000,32,1536,4,0.9,0.25,2,0,9,37816433,38197340,340347897,0.598,0,201843499,20000000,1,43.3,39371367.0,1554934.0,0
REQ-2026-01424,IT,Staff,19,53,0.86,0,1,0,HP,OmniBook 5,Ryzen 7,Radeon,16,512,2,0.65,0.8,2,0,9,19427705,18912302,174849345,0.129,1,451649593,24000000,1,57.0,21381420.0,1953715.0,1
REQ-2026-01425,IT,Staff,53,28,0.99,0,0,1,Asus,ROG Zephyrus,Core i9,RTX 4070,32,1024,4,0.55,0.3,1,2,24,34247233,34077402,821933592,0.597,0,2002427140,24000000,1,40.8,37600979.0,3353746.0,1
REQ-2026-01426,Sales,Senior,47,25,1.97,1,0,0,Apple,MacBook Air 13,M3,Apple GPU,8,768,2,0.95,1.0,1,3,16,20029928,20689735,320478848,0.54,0,1093380126,18000000,1,32.6,30274084.0,10244156.0,1
REQ-2026-01427,HR,Staff,29,48,0.64,0,1,1,Lenovo,IdeaPad Slim 3,Core i3,Integrated,16,256,1,0.45,0.65,3,2,7,12182508,12414074,85277556,0.266,1,241026286,11250000,1,49.3,16140328.0,3957820.0,1
REQ-2026-01428,Design,Director,20,18,0.33,1,0,0,Lenovo,ThinkPad P16,Core i9,RTX A2000,32,1024,4,0.9,0.25,2,0,11,37360009,38024560,410960099,0.24,1,625881438,57000000,1,57.8,38851313.0,1491304.0,1
REQ-2026-01429,HR,Manager,114,47,0.13,1,1,0,HP,ZBook Firefly,Core i7,RTX A500,32,1024,3,0.8,0.6,1,0,13,29890021,28389614,388570273,0.087,0,1600940244,20250000,1,45.2,31388496.0,1498475.0,1
REQ-2026-01430,Sales,Staff,37,45,2.94,1,1,1,Dell,Latitude 7450,Core i7,Integrated,24,512,2,0.85,0.85,2,1,25,23902942,24757187,597573550,0.09,1,571214108,13500000,1,48.1,26416861.0,2513919.0,1
REQ-2026-01431,Medical Staff,Senior,3,42,0.26,2,1,1,Lenovo,ThinkPad T14,Core i5,Integrated,16,512,2,0.92,0.75,1,0,15,18967790,17602466,284516850,0.762,1,144456444,22000000,1,42.0,20365081.0,1397291.0,0
REQ-2026-01432,IT,Senior,18,38,1.67,1,0,1,Asus,ROG Zephyrus,Core i9,RTX 4070,32,1024,4,0.55,0.3,3,0,22,34856168,35892891,766835696,0.47,1,645045082,32000000,1,39.4,36415290.0,1559122.0,1
REQ-2026-01433,Medical Staff,Staff,19,22,0.86,1,1,0,Asus,ROG Zephyrus,Core i9,RTX 4070,32,1536,4,0.55,0.3,2,0,7,38404450,37875657,268831150,0.554,0,266678730,16500000,0,36.4,39928280.0,1523830.0,0
REQ-2026-01434,HR,Staff,102,30,0.76,0,1,0,Dell,Inspiron 15,Core i5,Integrated,8,512,1,0.5,0.6,1,3,21,9351192,9647609,196375032,0.11,1,861614720,11250000,0,44.5,13921977.0,4570785.0,1
REQ-2026-01435,Finance,Manager,125,1,0.92,0,1,1,Asus,ExpertBook B9,Core i7,Iris Xe,32,1024,2,0.8,0.95,1,2,21,32382744,28779754,680037624,0.494,1,1133543302,27000000,0,45.3,38586217.0,6203473.0,1
REQ-2026-01436,Design,Manager,15,24,0.57,0,0,1,HP,ProBook 445,Ryzen 5,Radeon,8,1536,1,0.6,0.7,3,1,17,19171002,17404655,325907034,0.8,0,1037514174,40500000,0,43.8,23069254.0,3898252.0,1
REQ-2026-01437,Sales,Director,61,22,1.63,1,0,0,Lenovo,ThinkPad X1,Core i7,Iris Xe,24,1536,3,0.9,0.95,3,1,1,36862480,34211087,36862480,0.43,0,108596658,34200000,1,60.6,39525877.0,2663397.0,1
REQ-2026-01438,Finance,Manager,69,49,0.77,1,1,0,Dell,Latitude 7450,Core i7,Integrated,16,512,2,0.85,0.85,3,2,13,25678351,23593654,333818563,0.37,1,586071719,27000000,1,60.6,32663687.0,6985336.0,1
REQ-2026-01439,Sales,Manager,30,29,3.6,0,0,0,Asus,ROG Zephyrus,Core i9,RTX 4070,32,1536,4,0.55,0.3,1,1,23,43404048,35973819,998293104,0.247,1,901242477,24300000,1,32.3,47879276.0,4475228.0,1
REQ-2026-01440,Design,Staff,24,19,0.16,0,0,0,Apple,MacBook Pro 14,M3 Pro,Apple GPU,18,512,4,0.95,0.85,2,1,1,31105722,32320587,31105722,0.234,1,51682729,22500000,1,53.0,36538172.0,5432450.0,1
REQ-2026-01441,Sales,Senior,42,30,1.91,2,1,1,Dell,Precision 5690,Core i9,RTX 3500,40,2048,4,0.85,0.35,1,0,2,46039070,43913797,92078140,0.432,0,41658491,18000000,0,43.8,47619297.0,1580227.0,0
REQ-2026-01442,IT,Senior,46,52,1.17,1,0,0,Lenovo,IdeaPad Slim 3,Core i3,Integrated,8,768,1,0.45,0.65,1,3,12,9340415,9797527,112084980,0.2,1,794468892,32000000,0,23.2,18233487.0,8893072.0,1
REQ-2026-01443,Finance,Senior,128,8,0.12,1,0,1,Lenovo,ThinkPad P16,Core i9,RTX A2000,48,1024,4,0.9,0.25,2,2,6,46930204,41638370,281581224,0.292,0,282579366,20000000,0,52.3,52589822.0,5659618.0,0
REQ-2026-01444,Design,Staff,70,52,0.58,0,0,0,Apple,MacBook Air 13,M3,Apple GPU,8,256,2,0.95,1.0,2,1,22,22085165,18075192,485873630,0.138,1,581176726,22500000,0,53.4,27925190.0,5840025.0,1
REQ-2026-01445,Finance,Senior,29,51,0.43,0,1,0,Lenovo,ThinkPad T14,Core i5,Integrated,16,512,2,0.92,0.75,2,1,6,17814057,19544110,106884342,0.369,1,175687570,20000000,1,60.1,21303827.0,3489770.0,1
REQ-2026-01446,Medical Staff,Senior,14,18,0.69,0,1,0,HP,ZBook Firefly,Core i7,RTX A500,40,1536,3,0.8,0.6,1,2,4,32662747,34099679,130650988,0.281,0,201727234,22000000,1,32.8,38236438.0,5573691.0,1
REQ-2026-01447,Sales,Staff,20,46,4.52,0,0,0,Lenovo,ThinkPad X1,Core i7,Iris Xe,32,1024,3,0.9,0.95,3,1,5,40661299,32541647,203306495,0.516,0,85906189,13500000,1,73.9,43708307.0,3047008.0,0
REQ-2026-01448,Sales,Director,37,9,7.38,1,0,1,Lenovo,ThinkPad P16,Core i9,RTX A2000,32,1536,4,0.9,0.25,1,1,11,38707165,37071737,425778815,0.383,0,550729319,34200000,0,28.7,43581498.0,4874333.0,1
REQ-2026-01449,IT,Senior,91,40,0.57,0,1,0,Lenovo,IdeaPad Slim 3,Core i3,Integrated,16,256,1,0.45,0.65,1,0,14,9706896,9910353,135896544,0.311,0,797428198,32000000,0,43.4,10988425.0,1281529.0,1
REQ-2026-01450,HR,Director,76,45,0.37,0,1,0,Asus,Vivobook 14,Core i5,Integrated,8,512,1,0.5,0.7,1,2,24,11663946,9942172,279934704,0.474,0,1105985782,28500000,1,33.0,17474937.0,5810991.0,1
REQ-2026-01451,IT,Senior,104,15,0.58,3,0,0,Asus,ROG Zephyrus,Core i9,RTX 4070,48,1536,4,0.55,0.3,2,1,7,51245863,39783483,358721041,0.113,1,408146877,32000000,1,28.0,55578938.0,4333075.0,0
REQ-2026-01452,Design,Staff,19,15,0.35,1,0,0,Lenovo,ThinkPad T14,Core i5,Integrated,16,512,2,0.92,0.75,1,0,22,18884070,17410801,415449540,0.095,1,697144250,22500000,0,48.6,20710325.0,1826255.0,1
REQ-2026-01453,Medical Staff,Director,25,10,0.52,0,1,0,Asus,ExpertBook B9,Core i7,Iris Xe,16,1024,2,0.8,0.95,2,1,23,23612234,25393318,543081382,0.613,1,631390104,41800000,1,56.7,27861875.0,4249641.0,1
REQ-2026-01454,Finance,Senior,55,41,0.27,0,1,0,Lenovo,IdeaPad Slim 3,Core i3,Integrated,8,256,1,0.45,0.65,2,3,2,10443836,9287978,20887672,0.7,0,158743888,20000000,1,34.7,16967162.0,6523326.0,1
REQ-2026-01455,Sales,Staff,76,29,2.99,0,0,0,Dell,Inspiron 15,Core i5,Integrated,8,512,1,0.5,0.6,3,0,7,10420952,11018234,72946664,0.365,1,67148651,13500000,1,40.0,11995207.0,1574255.0,1
REQ-2026-01456,Medical Staff,Senior,23,34,2.62,0,1,0,Asus,Vivobook 14,Core i5,Integrated,8,512,1,0.5,0.7,1,0,2,10880548,10270011,21761096,0.208,0,56907854,22000000,0,31.6,13567827.0,2687279.0,1
REQ-2026-01457,HR,Staff,86,40,0.31,0,1,0,Asus,ROG Zephyrus,Core i9,RTX 4070,32,1536,4,0.55,0.3,1,0,6,37795152,38667315,226770912,0.179,1,126308718,11250000,0,46.8,39060588.0,1265436.0,0
REQ-2026-01458,Sales,Senior,17,53,4.8,0,1,0,Asus,ExpertBook B9,Core i7,Iris Xe,16,1536,2,0.8,0.95,2,0,1,29456573,27195285,29456573,0.202,1,56972844,18000000,1,62.4,30874921.0,1418348.0,1
REQ-2026-01459,IT,Staff,53,43,0.6,0,0,0,HP,ZBook Firefly,Core i7,RTX A500,40,1536,3,0.8,0.6,3,1,11,35385446,34882562,389239906,0.602,0,938529531,24000000,1,44.2,38230359.0,2844913.0,1
REQ-2026-01460,Sales,Staff,32,29,9.65,0,1,0,Lenovo,ThinkPad T14,Core i5,Integrated,16,512,2,0.92,0.75,1,2,11,19905608,17681778,218961688,0.299,1,498541693,13500000,1,45.1,23361443.0,3455835.0,0
REQ-2026-01461,Finance,Manager,50,29,1.51,0,1,0,HP,ZBook Firefly,Core i7,RTX A500,32,1024,3,0.8,0.6,1,0,2,29279089,28871910,58558178,0.206,1,109388996,27000000,1,51.2,30990625.0,1711536.0,1
REQ-2026-01462,Finance,Staff,50,17,0.38,1,1,1,Asus,ROG Zephyrus,Core i9,RTX 4070,32,2048,4,0.55,0.3,2,1,8,38439328,38408353,307514624,0.219,0,110087168,15000000,0,41.0,41185951.0,2746623.0,0
REQ-2026-01463,Finance,Staff,21,47,0.82,1,1,0,Lenovo,ThinkPad T14,Core i5,Integrated,16,512,2,0.92,0.75,1,0,7,17854348,17626956,124980436,0.464,1,142694864,15000000,1,57.5,19594143.0,1739795.0,1
REQ-2026-01464,IT,Staff,38,63,0.28,0,0,0,Lenovo,IdeaPad Slim 3,Core i3,Integrated,8,768,1,0.45,0.65,1,1,14,9527283,9139186,133381962,0.193,0,361069067,24000000,0,44.7,12279902.0,2752619.0,1
REQ-2026-01465,Finance,Staff,3,26,0.1,0,1,1,Lenovo,IdeaPad Slim 3,Core i3,Integrated,8,256,1,0.45,0.65,2,1,19,7862699,8873310,149391281,0.17,0,765225530,15000000,1,28.8,11907601.0,4044902.0,1
REQ-2026-01466,HR,Manager,33,46,1.11,0,1,0,HP,OmniBook 5,Ryzen 7,Radeon,32,512,2,0.65,0.8,1,0,17,22149430,20591518,376540310,0.42,1,847343351,20250000,1,30.8,24416896.0,2267466.0,1
REQ-2026-01467,Design,Manager,100,57,0.3,0,1,0,Dell,Latitude 7450,Core i7,Integrated,16,1024,2,0.85,0.85,1,1,11,20341097,23968128,223752067,0.478,0,297104488,40500000,1,24.7,25916495.0,5575398.0,1
REQ-2026-01468,Medical Staff,Senior,30,37,0.5,0,0,0,HP,ZBook Firefly,Core i7,RTX A500,32,1024,3,0.8,0.6,3,2,14,37462769,30363665,524478766,0.438,0,620505258,22000000,1,65.4,42996006.0,5533237.0,0
REQ-2026-01469,HR,Director,67,52,0.61,1,1,0,Dell,Inspiron 15,Core i5,Integrated,8,512,1,0.5,0.6,1,3,9,9600890,9462669,86408010,0.434,1,493980861,28500000,1,24.9,19137072.0,9536182.0,1
REQ-2026-01470,IT,Staff,21,45,0.25,1,0,0,HP,ZBook Firefly,Core i7,RTX A500,40,1536,3,0.8,0.6,1,0,5,37143218,34866074,185716090,0.356,0,1371475084,24000000,1,54.5,39223787.0,2080569.0,1
REQ-2026-01471,Design,Director,27,12,0.75,1,0,0,Lenovo,ThinkPad P16,Core i9,RTX A2000,32,1536,4,0.9,0.25,1,1,10,42676516,40698407,426765160,0.08,0,1035400137,57000000,1,47.9,47301388.0,4624872.0,1
REQ-2026-01472,Design,Director,18,20,0.41,1,0,0,Lenovo,ThinkPad P16,Core i9,RTX A2000,40,1024,4,0.9,0.25,2,0,3,31924109,40416815,95772327,0.536,0,468419597,57000000,1,39.7,33212017.0,1287908.0,1
REQ-2026-01473,IT,Staff,30,39,0.56,0,1,0,Lenovo,ThinkPad T14,Core i5,Integrated,24,512,2,0.92,0.75,2,0,3,21885740,20025026,65657220,0.357,0,88808647,24000000,1,68.0,23661408.0,1775668.0,1
REQ-2026-01474,Design,Staff,47,35,0.58,0,0,1,HP,OmniBook 5,Ryzen 7,Radeon,16,512,2,0.65,0.8,3,1,21,16564939,19653232,347863719,0.218,0,959898844,22500000,1,42.8,19254964.0,2690025.0,1
REQ-2026-01475,IT,Staff,43,42,1.46,2,0,0,Lenovo,ThinkPad P16,Core i9,RTX A2000,32,2048,4,0.9,0.25,1,2,22,43442493,40156244,955734846,0.21,0,315602875,24000000,0,31.9,49080884.0,5638391.0,0
REQ-2026-01476,Design,Staff,33,32,0.59,0,0,1,Apple,MacBook Pro 14,M3 Pro,Apple GPU,18,512,4,0.95,0.85,1,4,14,32114674,31277769,449605436,0.293,0,797735448,22500000,1,44.2,40061714.0,7947040.0,1
REQ-2026-01477,IT,Staff,26,29,0.13,0,0,0,HP,ZBook Firefly,Core i7,RTX A500,32,1024,3,0.8,0.6,1,1,1,30125499,29657466,30125499,0.262,1,92589931,24000000,0,37.1,32860972.0,2735473.0,1
REQ-2026-01478,Sales,Senior,45,45,10.38,1,0,0,Dell,Inspiron 15,Core i5,Integrated,8,512,1,0.5,0.6,2,2,14,11490344,10196594,160864816,0.45,1,476085269,18000000,1,19.8,18662862.0,7172518.0,1
REQ-2026-01479,Sales,Senior,36,24,2.55,2,1,0,Dell,Precision 5690,Core i9,RTX 3500,32,3072,4,0.85,0.35,3,3,5,53261157,47395028,266305785,0.306,1,232433319,18000000,0,38.3,57965254.0,4704097.0,0
REQ-2026-01480,Medical Staff,Senior,9,22,1.05,0,0,0,Lenovo,ThinkPad X1,Core i7,Iris Xe,24,1024,3,0.9,0.95,2,1,2,27566402,29288712,55132804,0.242,1,19880394,22000000,1,51.2,30456276.0,2889874.0,0
REQ-2026-01481,IT,Staff,73,37,0.37,1,1,0,Lenovo,ThinkPad P16,Core i9,RTX A2000,32,1536,4,0.9,0.25,2,0,15,39465979,39857266,591989685,0.295,1,846259395,24000000,1,51.7,40985840.0,1519861.0,0
REQ-2026-01482,HR,Senior,27,54,0.51,2,1,0,Dell,Latitude 7450,Core i7,Integrated,16,512,2,0.85,0.85,3,0,7,23772191,24100754,166405337,0.371,0,801137989,15000000,1,54.3,25389630.0,1617439.0,1
REQ-2026-01483,IT,Staff,19,18,0.66,0,1,0,Lenovo,ThinkPad T14,Core i5,Integrated,16,512,2,0.92,0.75,1,0,20,18450599,16681800,369011980,0.12,0,592150767,24000000,1,41.1,20257344.0,1806745.0,1
REQ-2026-01484,Finance,Senior,39,32,0.51,0,1,0,Lenovo,ThinkPad P16,Core i9,RTX A2000,32,1536,4,0.9,0.25,2,2,2,41124236,40186994,82248472,0.171,0,95504118,20000000,1,43.6,46927972.0,5803736.0,0
REQ-2026-01485,Design,Senior,36,25,0.19,0,1,0,Apple,MacBook Pro 14,M3 Pro,Apple GPU,18,512,4,0.95,0.85,1,1,21,33625843,31255880,706142703,0.331,1,1156575113,30000000,0,61.0,40754745.0,7128902.0,0
REQ-2026-01486,Medical Staff,Staff,36,29,0.81,0,1,0,HP,ZBook Firefly,Core i7,RTX A500,32,1024,3,0.8,0.6,1,0,7,33667813,30286555,235674691,0.103,1,337288526,16500000,1,53.2,35113170.0,1445357.0,1
REQ-2026-01487,Sales,Senior,67,50,4.62,0,0,0,Asus,ROG Zephyrus,Core i9,RTX 4070,32,2048,4,0.55,0.3,3,1,25,44157205,38170925,1103930125,0.101,1,994909319,18000000,1,34.2,48566089.0,4408884.0,0
REQ-2026-01488,Sales,Senior,8,18,2.59,0,1,0,HP,ZBook Firefly,Core i7,RTX A500,32,1536,3,0.8,0.6,1,1,21,34552561,32122556,725603781,0.159,0,1086175783,18000000,1,49.7,38240522.0,3687961.0,1
REQ-2026-01489,Finance,Staff,14,49,0.81,0,1,0,Lenovo,IdeaPad Slim 3,Core i3,Integrated,8,256,1,0.45,0.65,1,1,7,7172862,8120422,50210034,0.246,0,50516659,15000000,1,47.7,9450385.0,2277523.0,1
REQ-2026-01490,Design,Senior,30,56,0.42,0,0,0,Dell,Inspiron 15,Core i5,Integrated,24,1024,1,0.5,0.6,1,1,21,16851048,14640933,353872008,0.493,1,976527382,30000000,0,26.4,21598607.0,4747559.0,1
REQ-2026-01491,Sales,Senior,45,39,0.29,1,1,0,Dell,Precision 5690,Core i9,RTX 3500,32,2560,4,0.85,0.35,1,1,22,46259973,43656250,1017719406,0.162,1,436634480,18000000,0,35.5,49137301.0,2877328.0,0
REQ-2026-01492,Sales,Staff,26,46,2.19,0,0,1,Asus,Vivobook 14,Core i5,Integrated,8,512,1,0.5,0.7,1,1,7,11356118,10123602,79492826,0.208,1,104989166,13500000,1,23.7,15975908.0,4619790.0,1
REQ-2026-01493,Sales,Senior,64,44,0.94,1,1,0,Asus,Vivobook 14,Core i5,Integrated,16,512,1,0.5,0.7,1,1,6,13438515,11877645,80631090,0.095,1,185471441,18000000,1,34.6,16984277.0,3545762.0,1
REQ-2026-01494,HR,Manager,92,31,1.11,3,0,0,HP,ProBook 445,Ryzen 5,Radeon,8,512,1,0.6,0.7,2,1,6,13910518,12562095,83463108,0.295,0,353888298,20250000,1,28.2,18472888.0,4562370.0,1
REQ-2026-01495,IT,Staff,25,40,0.61,2,1,0,Asus,ROG Zephyrus,Core i9,RTX 4070,32,1536,4,0.55,0.3,3,2,15,43331349,37643049,649970235,0.287,1,721203295,24000000,1,29.1,47204043.0,3872694.0,1
REQ-2026-01496,Design,Senior,37,29,0.82,1,0,0,Lenovo,ThinkPad T14,Core i5,Integrated,32,512,2,0.92,0.75,1,0,4,23945644,21424648,95782576,0.25,1,219512371,30000000,1,59.3,25764059.0,1818415.0,1
REQ-2026-01497,Finance,Staff,225,42,0.29,1,0,0,Asus,Vivobook 14,Core i5,Integrated,8,512,1,0.5,0.7,1,3,13,9899030,10365135,128687390,0.085,1,124650662,15000000,1,28.4,17427654.0,7528624.0,1
REQ-2026-01498,IT,Manager,36,18,0.45,0,0,0,Asus,ROG Zephyrus,Core i9,RTX 4070,40,1024,4,0.55,0.3,2,2,3,43319873,35131362,129959619,0.263,1,245675388,43200000,0,32.6,50313303.0,6993430.0,1
REQ-2026-01499,Design,Staff,48,22,0.37,1,0,0,Apple,MacBook Pro 14,M3 Pro,Apple GPU,18,512,4,0.95,0.85,1,3,6,34641996,30514551,207851976,0.092,0,254287095,22500000,1,52.4,42418023.0,7776027.0,1
REQ-2026-01500,HR,Manager,41,36,1.16,0,0,0,Asus,ExpertBook B9,Core i7,Iris Xe,16,1024,2,0.8,0.95,1,2,13,28581636,23778578,371561268,0.06,0,193877856,20250000,0,41.6,33006012.0,4424376.0,0
REQ-2026-01501,IT,Director,30,20,1.79,0,0,0,Asus,ROG Zephyrus,Core i9,RTX 4070,32,1536,4,0.55,0.3,2,1,25,37745125,38347076,943628125,0.251,1,1827310851,60800000,1,47.8,42337889.0,4592764.0,1
REQ-2026-01502,Design,Staff,58,43,1.11,0,0,0,Apple,MacBook Pro 14,M3 Pro,Apple GPU,34,512,4,0.95,0.85,2,0,23,35088004,36551894,807024092,0.587,0,444896657,22500000,1,57.1,39940160.0,4852156.0,0
REQ-2026-01503,Sales,Senior,54,16,1.42,0,0,0,Asus,Vivobook 14,Core i5,Integrated,24,1024,1,0.5,0.7,2,1,10,16310787,16769435,163107870,0.366,1,421944504,18000000,1,39.4,19288456.0,2977669.0,1
REQ-2026-01504,IT,Manager,3,22,0.29,1,1,0,Dell,Inspiron 15,Core i5,Integrated,16,1536,1,0.5,0.6,3,0,2,19928000,16453267,39856000,0.593,0,203299872,43200000,0,45.0,21441872.0,1513872.0,1
REQ-2026-01505,HR,Staff,14,33,0.03,0,0,0,Asus,ROG Zephyrus,Core i9,RTX 4070,32,1024,4,0.55,0.3,2,0,9,40748886,35782530,366739974,0.093,1,467086400,11250000,0,48.6,42411757.0,1662871.0,0
REQ-2026-01506,Finance,Manager,59,45,0.77,1,0,0,Asus,Vivobook 14,Core i5,Integrated,16,512,1,0.5,0.7,2,2,8,13875996,12901349,111007968,0.377,0,341549455,27000000,1,35.5,20797904.0,6921908.0,1
REQ-2026-01507,Finance,Director,82,30,0.49,1,1,0,Asus,ExpertBook B9,Core i7,Iris Xe,16,1024,2,0.8,0.95,1,1,18,30322747,24988832,545809446,0.115,1,690222048,38000000,1,38.8,34396570.0,4073823.0,1
REQ-2026-01508,IT,Senior,8,7,1.68,0,1,1,Dell,Precision 5690,Core i9,RTX 3500,32,2560,4,0.85,0.35,1,0,16,50418760,43376220,806700160,0.311,1,634350563,32000000,1,55.5,51695269.0,1276509.0,0
REQ-2026-01509,Medical Staff,Manager,50,35,1.17,0,1,0,HP,ProBook 445,Ryzen 5,Radeon,8,1024,1,0.6,0.7,1,3,16,15126504,13189097,242024064,0.42,1,685769547,29700000,1,31.3,23620679.0,8494175.0,1
REQ-2026-01510,HR,Senior,54,34,0.45,1,0,0,HP,ZBook Firefly,Core i7,RTX A500,32,1024,3,0.8,0.6,3,2,6,28931046,32227815,173586276,0.279,0,178644736,15000000,1,62.0,33438849.0,4507803.0,1
REQ-2026-01511,Sales,Staff,72,18,3.38,0,0,0,Lenovo,ThinkPad P16,Core i9,RTX A2000,40,1024,4,0.9,0.25,1,1,14,43240803,37264440,605371242,0.124,1,301428923,13500000,0,29.4,47304320.0,4063517.0,0
REQ-2026-01512,Sales,Senior,31,31,12.02,0,1,0,Asus,ExpertBook B9,Core i7,Iris Xe,32,1024,2,0.8,0.95,2,0,25,32038289,29551480,800957225,0.534,1,729759214,18000000,1,25.9,34638415.0,2600126.0,0
REQ-2026-01513,Medical Staff,Staff,16,49,0.92,0,1,0,HP,OmniBook 5,Ryzen 7,Radeon,16,512,2,0.65,0.8,1,2,5,24284533,16255070,121422665,0.292,1,191880564,16500000,1,44.1,28855521.0,4570988.0,1
REQ-2026-01514,Medical Staff,Staff,23,25,0.39,0,1,0,Lenovo,ThinkPad P16,Core i9,RTX A2000,32,1024,4,0.9,0.25,1,2,17,36707416,36142934,624026072,0.483,1,1497894526,16500000,1,40.6,40859836.0,4152420.0,0
REQ-2026-01515,Design,Director,8,28,0.11,0,0,0,HP,OmniBook 5,Ryzen 7,Radeon,16,512,2,0.65,0.8,1,1,15,14989597,17452212,224843955,0.318,1,2078330263,57000000,1,49.8,18641545.0,3651948.0,1
REQ-2026-01516,Sales,Senior,23,37,4.68,1,0,1,Dell,Precision 5690,Core i9,RTX 3500,48,2560,4,0.85,0.35,1,1,21,48711260,48030453,1022936460,0.288,1,1177213543,18000000,0,27.3,53167426.0,4456166.0,0
REQ-2026-01517,Sales,Staff,17,44,0.94,0,1,0,Dell,Inspiron 15,Core i5,Integrated,16,1024,1,0.5,0.6,2,1,17,16309864,14843469,277267688,0.135,1,845914299,13500000,1,45.6,19961939.0,3652075.0,1
REQ-2026-01518,Sales,Manager,43,32,1.29,0,1,0,HP,ZBook Firefly,Core i7,RTX A500,32,1024,3,0.8,0.6,3,1,20,34086321,32577733,681726420,0.273,1,333567778,24300000,1,74.8,37707400.0,3621079.0,0
REQ-2026-01519,IT,Staff,90,42,0.07,0,0,0,Asus,ROG Zephyrus,Core i9,RTX 4070,32,1536,4,0.55,0.3,3,1,14,40356573,38458740,564992022,0.153,1,367857719,24000000,0,56.9,42917609.0,2561036.0,1
REQ-2026-01520,Medical Staff,Senior,29,44,0.84,0,0,0,Lenovo,ThinkPad T14,Core i5,Integrated,24,512,2,0.92,0.75,3,0,23,26602129,21248920,611848967,0.601,1,644985654,22000000,1,56.5,28730388.0,2128259.0,0
REQ-2026-01521,Finance,Manager,10,22,0.76,0,1,0,Dell,Inspiron 15,Core i5,Integrated,8,512,1,0.5,0.6,3,1,25,12092843,12066013,302321075,0.456,1,1026708820,27000000,1,45.2,15231531.0,3138688.0,1
REQ-2026-01522,Design,Staff,18,35,0.19,0,0,0,HP,ZBook Firefly,Core i7,RTX A500,32,1024,3,0.8,0.6,2,0,23,31068848,31649190,714583504,0.17,1,1216065219,22500000,1,56.7,32291660.0,1222812.0,1
REQ-2026-01523,IT,Staff,26,57,0.68,1,0,0,HP,ProBook 445,Ryzen 5,Radeon,8,512,1,0.6,0.7,1,0,10,13829636,11876909,138296360,0.108,0,89611793,24000000,0,38.5,15472049.0,1642413.0,0
REQ-2026-01524,Finance,Director,87,32,1.02,0,1,1,Lenovo,IdeaPad Slim 3,Core i3,Integrated,8,256,1,0.45,0.65,1,1,4,9339335,7329739,37357340,0.63,1,416306368,38000000,1,23.8,15610472.0,6271137.0,1
REQ-2026-01525,Medical Staff,Staff,132,16,0.83,0,1,1,Asus,Vivobook 14,Core i5,Integrated,8,512,1,0.5,0.7,1,3,4,9819703,10292621,39278812,0.295,0,192972023,16500000,1,27.2,17800478.0,7980775.0,1
REQ-2026-01526,Finance,Staff,131,6,0.93,0,0,0,Apple,MacBook Pro 14,M3 Pro,Apple GPU,26,512,4,0.95,0.85,2,2,16,30787033,33401310,492592528,0.134,1,737463269,15000000,0,65.5,35731505.0,4944472.0,1
REQ-2026-01527,Design,Manager,24,53,0.17,1,0,0,Dell,Latitude 7450,Core i7,Integrated,24,512,2,0.85,0.85,2,1,12,25553802,24346822,306645624,0.51,0,759989694,40500000,1,45.6,29463020.0,3909218.0,1
REQ-2026-01528,Design,Staff,75,16,0.48,1,0,0,Apple,MacBook Air 13,M3,Apple GPU,16,256,2,0.95,1.0,1,0,16,20737713,20054186,331803408,0.388,1,668750681,22500000,1,50.0,25097234.0,4359521.0,1
REQ-2026-01529,Finance,Senior,58,38,0.75,0,1,0,Dell,Inspiron 15,Core i5,Integrated,16,512,1,0.5,0.6,2,0,7,12656708,12506727,88596956,0.35,1,269956049,20000000,1,42.6,14045677.0,1388969.0,1
REQ-2026-01530,HR,Staff,38,62,0.25,0,1,0,Lenovo,ThinkPad T14,Core i5,Integrated,24,1536,2,0.92,0.75,3,0,17,22887425,26382268,389086225,0.189,1,315090849,11250000,1,57.8,24275666.0,1388241.0,1
REQ-2026-01531,Sales,Staff,28,39,2.53,0,1,0,Lenovo,ThinkPad P16,Core i9,RTX A2000,32,1024,4,0.9,0.25,2,0,5,37295015,39904466,186475075,0.277,1,111687129,13500000,0,37.9,39281209.0,1986194.0,0
REQ-2026-01532,Medical Staff,Senior,34,26,1.23,1,1,0,Lenovo,ThinkPad P16,Core i9,RTX A2000,40,1536,4,0.9,0.25,1,0,15,36868379,39839197,553025685,0.479,1,763608386,22000000,0,48.3,38253605.0,1385226.0,1
REQ-2026-01533,HR,Staff,40,38,0.62,2,1,1,Apple,MacBook Pro 14,M3 Pro,Apple GPU,18,512,4,0.95,0.85,2,0,8,31416482,31739653,251331856,0.35,1,213885898,11250000,0,60.0,36043554.0,4627072.0,0
REQ-2026-01534,Medical Staff,Staff,97,23,0.49,0,0,0,HP,OmniBook 5,Ryzen 7,Radeon,16,512,2,0.65,0.8,2,0,4,19611220,17620747,78444880,0.273,1,121869943,16500000,1,42.8,21004127.0,1392907.0,1
REQ-2026-01535,HR,Director,15,21,0.79,0,1,0,Lenovo,IdeaPad Slim 3,Core i3,Integrated,8,768,1,0.45,0.65,3,4,19,12611995,12420321,239627905,0.136,1,799945463,28500000,1,36.6,24155088.0,11543093.0,1
REQ-2026-01536,Design,Staff,59,40,0.29,0,0,1,Apple,MacBook Air 13,M3,Apple GPU,16,256,2,0.95,1.0,2,0,5,20698031,20750191,103490155,0.268,1,171947533,22500000,1,61.4,25630986.0,4932955.0,1
REQ-2026-01537,Design,Staff,10,13,0.86,0,0,0,HP,ProBook 445,Ryzen 5,Radeon,24,512,1,0.6,0.7,2,1,14,15320778,16458074,214490892,0.21,1,866347266,22500000,0,37.4,17858688.0,2537910.0,1
REQ-2026-01538,Medical Staff,Staff,158,36,0.43,0,0,0,Apple,MacBook Pro 14,M3 Pro,Apple GPU,18,1024,4,0.95,0.85,2,0,21,37227259,33438745,781772439,0.158,1,400516902,16500000,0,32.1,42282673.0,5055414.0,0
REQ-2026-01539,HR,Senior,11,28,0.23,0,1,0,Apple,MacBook Air 13,M3,Apple GPU,8,256,2,0.95,1.0,2,0,5,20862324,19065372,104311620,0.359,1,76744344,15000000,0,60.7,25417485.0,4555161.0,0
REQ-2026-01540,Sales,Staff,99,30,0.9,0,1,1,Asus,ExpertBook B9,Core i7,Iris Xe,16,1024,2,0.8,0.95,3,2,18,23762505,27580636,427725090,0.434,1,379507670,13500000,1,40.3,27664377.0,3901872.0,0
REQ-2026-01541,Medical Staff,Staff,35,46,0.88,1,0,0,Lenovo,ThinkPad X1,Core i7,Iris Xe,24,1024,3,0.9,0.95,1,0,18,30083049,27931406,541494882,0.209,0,762430495,16500000,0,49.1,31520751.0,1437702.0,1
REQ-2026-01542,Finance,Director,49,23,0.19,2,1,1,Dell,Latitude 7450,Core i7,Integrated,16,1024,2,0.85,0.85,3,3,8,26695194,23906053,213561552,0.304,1,522211670,38000000,1,40.7,32901134.0,6205940.0,1
REQ-2026-01543,Medical Staff,Staff,29,39,2.76,0,1,0,Dell,Inspiron 15,Core i5,Integrated,16,1024,1,0.5,0.6,1,1,2,15006451,12796270,30012902,0.43,0,28861129,16500000,1,20.9,20960072.0,5953621.0,1
REQ-2026-01544,HR,Staff,20,34,0.49,0,0,0,Asus,Vivobook 14,Core i5,Integrated,8,512,1,0.5,0.7,2,1,7,11310231,11747362,79171617,0.214,1,478532768,11250000,0,33.0,14956435.0,3646204.0,1
REQ-2026-01545,Finance,Staff,27,41,2.07,0,1,0,Lenovo,ThinkPad T14,Core i5,Integrated,16,512,2,0.92,0.75,3,0,12,22586095,19207319,271033140,0.204,1,172307934,15000000,0,44.2,23882620.0,1296525.0,0
REQ-2026-01546,HR,Staff,32,15,0.97,1,1,0,HP,OmniBook 5,Ryzen 7,Radeon,16,512,2,0.65,0.8,2,1,23,17581934,18557775,404384482,0.506,1,279502489,11250000,1,60.5,20000099.0,2418165.0,0
REQ-2026-01547,HR,Senior,19,23,0.29,1,1,0,Dell,Latitude 7450,Core i7,Integrated,16,1024,2,0.85,0.85,1,0,11,22462829,23749230,247091119,0.017,1,393798800,15000000,1,45.4,23445746.0,982917.0,1
REQ-2026-01548,HR,Staff,72,48,0.2,1,1,0,Asus,ExpertBook B9,Core i7,Iris Xe,24,1536,2,0.8,0.95,1,0,5,29458984,28541606,147294920,0.367,0,54731897,11250000,1,37.0,30720092.0,1261108.0,0
REQ-2026-01549,Sales,Manager,11,16,6.81,0,0,0,HP,ProBook 445,Ryzen 5,Radeon,8,1024,1,0.6,0.7,2,2,8,16876292,14800380,135010336,0.458,1,755797938,24300000,1,56.4,21714973.0,4838681.0,1
REQ-2026-01550,Medical Staff,Staff,26,41,0.4,1,0,0,Lenovo,ThinkPad T14,Core i5,Integrated,24,512,2,0.92,0.75,1,0,14,21750959,18930676,304513426,0.588,1,167389784,16500000,1,54.1,22804147.0,1053188.0,0
REQ-2026-01551,Finance,Senior,41,54,0.12,1,0,1,Lenovo,ThinkPad P16,Core i9,RTX A2000,32,1024,4,0.9,0.25,1,0,7,33110261,35719922,231771827,0.65,1,490799701,20000000,1,46.4,34551642.0,1441381.0,1
REQ-2026-01552,Finance,Senior,78,18,1.15,0,1,0,HP,ZBook Firefly,Core i7,RTX A500,32,2048,3,0.8,0.6,1,1,12,36247590,35661637,434971080,0.442,1,1573866771,20000000,1,39.8,39573539.0,3325949.0,0
REQ-2026-01553,Finance,Staff,102,21,0.7,1,1,1,Lenovo,IdeaPad Slim 3,Core i3,Integrated,16,768,1,0.45,0.65,2,3,19,13456041,13168043,255664779,0.49,1,543263365,15000000,1,24.1,20052739.0,6596698.0,1
REQ-2026-01554,Medical Staff,Director,53,50,1.02,0,1,0,HP,ProBook 445,Ryzen 5,Radeon,8,512,1,0.6,0.7,2,1,2,12816879,12417641,25633758,0.275,0,136480020,41800000,1,55.8,17186263.0,4369384.0,1
REQ-2026-01555,Design,Staff,24,43,0.34,1,0,0,Lenovo,ThinkPad T14,Core i5,Integrated,32,512,2,0.92,0.75,3,1,15,27391599,23810412,410873985,0.073,0,433392264,22500000,1,47.1,30137714.0,2746115.0,1
REQ-2026-01556,HR,Staff,55,16,0.32,0,1,0,Dell,Inspiron 15,Core i5,Integrated,8,512,1,0.5,0.6,3,4,9,11468755,11901850,103218795,0.137,0,165986047,11250000,1,56.8,18498953.0,7030198.0,1
REQ-2026-01557,HR,Senior,16,25,0.1,1,0,0,Asus,ExpertBook B9,Core i7,Iris Xe,16,1024,2,0.8,0.95,2,0,15,24720224,26110874,370803360,0.399,0,265870624,15000000,1,41.1,26323201.0,1602977.0,0
REQ-2026-01558,Design,Staff,30,17,0.57,0,0,1,Dell,Inspiron 15,Core i5,Integrated,16,512,1,0.5,0.6,2,5,10,14882017,12315487,148820170,0.071,1,1047917645,22500000,0,36.1,20773375.0,5891358.0,1
REQ-2026-01559,Medical Staff,Staff,57,43,1.69,0,0,0,Asus,ROG Zephyrus,Core i9,RTX 4070,32,1536,4,0.55,0.3,1,0,5,37460057,34024190,187300285,0.383,1,189097391,16500000,1,30.6,39907661.0,2447604.0,0
REQ-2026-01560,IT,Staff,11,3,0.37,1,0,0,Dell,Latitude 7450,Core i7,Integrated,16,1024,2,0.85,0.85,2,3,14,25290632,24327687,354068848,0.081,0,503577580,24000000,1,50.2,29166337.0,3875705.0,1
REQ-2026-01561,HR,Staff,47,48,0.13,0,1,0,Lenovo,ThinkPad X1,Core i7,Iris Xe,24,1024,3,0.9,0.95,1,0,11,29549285,30522056,325042135,0.209,1,136110399,11250000,1,53.5,31048410.0,1499125.0,0
REQ-2026-01562,HR,Staff,84,23,1.38,1,1,0,Lenovo,ThinkPad X1,Core i7,Iris Xe,24,1536,3,0.9,0.95,2,0,19,39356115,31689377,747766185,0.33,0,103255348,11250000,0,54.4,41152400.0,1796285.0,0
REQ-2026-01563,Sales,Senior,34,3,1.4,1,1,0,Asus,ROG Zephyrus,Core i9,RTX 4070,40,1024,4,0.55,0.3,1,1,10,39168917,36690593,391689170,0.597,0,305390445,18000000,0,28.1,43921217.0,4752300.0,0
REQ-2026-01564,Sales,Manager,9,42,2.44,0,1,0,Dell,Precision 5690,Core i9,RTX 3500,40,2048,4,0.85,0.35,3,0,24,50874977,46546950,1220999448,0.754,0,1092328686,24300000,0,54.2,52507447.0,1632470.0,0
REQ-2026-01565,HR,Staff,56,39,0.36,0,0,0,Asus,Vivobook 14,Core i5,Integrated,8,512,1,0.5,0.7,1,1,6,11154126,10080905,66924756,0.505,0,348636598,11250000,1,42.2,13668752.0,2514626.0,1
REQ-2026-01566,Design,Director,100,44,0.79,0,1,0,HP,ProBook 445,Ryzen 5,Radeon,24,1536,1,0.6,0.7,1,0,19,19984798,18706465,379711162,0.277,1,1893543170,57000000,0,45.5,21805155.0,1820357.0,1
REQ-2026-01567,HR,Director,37,32,0.23,0,1,0,Dell,Precision 5690,Core i9,RTX 3500,48,2048,4,0.85,0.35,1,1,1,45639868,43298061,45639868,0.55,1,140181857,28500000,1,50.4,49649299.0,4009431.0,1
REQ-2026-01568,Medical Staff,Staff,40,45,1.46,2,0,1,Dell,Inspiron 15,Core i5,Integrated,8,512,1,0.5,0.6,1,0,16,10853439,8867113,173655024,0.23,1,519364610,16500000,0,27.0,14331186.0,3477747.0,1
REQ-2026-01569,Sales,Senior,78,34,3.36,1,1,0,Dell,Precision 5690,Core i9,RTX 3500,40,2048,4,0.85,0.35,2,0,14,41382536,46679596,579355504,0.121,1,442314971,18000000,0,47.5,42890165.0,1507629.0,0
REQ-2026-01570,HR,Senior,28,37,0.47,0,0,0,Lenovo,ThinkPad T14,Core i5,Integrated,16,1024,2,0.92,0.75,1,0,21,19994824,18499781,419891304,0.203,1,262912680,15000000,1,49.8,21426094.0,1431270.0,1
REQ-2026-01571,Medical Staff,Staff,53,34,1.44,1,1,0,Dell,Latitude 7450,Core i7,Integrated,24,512,2,0.85,0.85,3,0,22,24475883,26065157,538469426,0.301,1,1103286876,16500000,1,42.9,26227076.0,1751193.0,1
REQ-2026-01572,Medical Staff,Director,27,37,0.34,0,1,0,Dell,Inspiron 15,Core i5,Integrated,8,512,1,0.5,0.6,1,3,18,10168977,9072668,183041586,0.273,0,1742125711,41800000,0,32.6,22792417.0,12623440.0,1
REQ-2026-01573,Finance,Director,69,54,0.75,0,0,0,Lenovo,ThinkPad T14,Core i5,Integrated,16,512,2,0.92,0.75,1,0,13,18707909,17152371,243202817,0.255,0,647368410,38000000,1,53.2,19977239.0,1269330.0,1
REQ-2026-01574,IT,Staff,168,38,0.59,0,0,0,Asus,ExpertBook B9,Core i7,Iris Xe,24,1024,2,0.8,0.95,2,3,6,28602420,26596233,171614520,0.238,1,163481035,24000000,1,77.9,33397968.0,4795548.0,1
REQ-2026-01575,Medical Staff,Staff,47,35,1.5,0,1,1,Apple,MacBook Pro 14,M3 Pro,Apple GPU,18,512,4,0.95,0.85,2,0,25,34044702,33239919,851117550,0.104,0,1738822136,16500000,0,47.6,38805109.0,4760407.0,1
REQ-2026-01576,Finance,Senior,171,34,0.28,1,1,1,Asus,Vivobook 14,Core i5,Integrated,16,1024,1,0.5,0.7,2,1,18,16159543,15021014,290871774,0.202,1,1437974248,20000000,1,38.4,18837615.0,2678072.0,1
REQ-2026-01577,Design,Director,6,35,0.6,1,0,1,HP,OmniBook 5,Ryzen 7,Radeon,16,1024,2,0.65,0.8,1,1,5,20120627,19879309,100603135,0.421,1,480249910,57000000,1,33.9,23754883.0,3634256.0,1
REQ-2026-01578,IT,Staff,35,30,0.52,1,0,1,Lenovo,ThinkPad P16,Core i9,RTX A2000,32,1024,4,0.9,0.25,3,0,16,42822758,38085237,685164128,0.091,1,1030036283,24000000,0,53.4,44262570.0,1439812.0,1
REQ-2026-01579,HR,Staff,18,72,0.18,0,0,0,Asus,ExpertBook B9,Core i7,Iris Xe,16,2048,2,0.8,0.95,2,0,12,30950408,28014049,371404896,0.342,1,137686092,11250000,1,44.5,32231310.0,1280902.0,0
REQ-2026-01580,Medical Staff,Manager,17,8,0.97,0,1,0,Dell,Latitude 7450,Core i7,Integrated,16,512,2,0.85,0.85,2,3,18,24886624,23097995,447959232,0.147,0,688448924,29700000,1,59.7,34175223.0,9288599.0,1
REQ-2026-01581,Design,Senior,23,23,0.72,0,0,0,Asus,Vivobook 14,Core i5,Integrated,16,1024,1,0.5,0.7,2,1,1,16504825,15293452,16504825,0.273,1,57808735,30000000,0,49.9,19328126.0,2823301.0,1
REQ-2026-01582,Sales,Staff,67,16,6.36,0,1,0,Dell,Precision 5690,Core i9,RTX 3500,40,2560,4,0.85,0.35,2,1,6,48034378,42052800,288206268,0.252,1,72779491,13500000,0,36.8,51121391.0,3087013.0,0
REQ-2026-01583,Design,Staff,55,11,0.23,0,1,0,Dell,Precision 5690,Core i9,RTX 3500,32,2048,4,0.85,0.35,3,0,18,41608742,44601772,748957356,0.271,0,1251437880,22500000,1,73.5,43012239.0,1403497.0,0
REQ-2026-01584,Sales,Staff,27,17,7.45,0,1,0,Asus,ROG Zephyrus,Core i9,RTX 4070,32,1024,4,0.55,0.3,1,0,2,30681593,34450359,61363186,0.417,0,93810391,13500000,1,31.6,32857061.0,2175468.0,0
REQ-2026-01585,IT,Senior,102,29,0.17,0,1,0,Asus,Vivobook 14,Core i5,Integrated,8,512,1,0.5,0.7,1,2,25,10567619,10425328,264190475,0.53,0,314318753,32000000,0,32.4,16474867.0,5907248.0,1
REQ-2026-01586,Design,Staff,31,41,0.48,0,0,0,Dell,Latitude 7450,Core i7,Integrated,16,1536,2,0.85,0.85,2,1,24,24183893,26591893,580413432,0.322,1,641619882,22500000,1,44.3,26650306.0,2466413.0,1
REQ-2026-01587,Finance,Senior,186,58,0.75,0,1,1,HP,ZBook Firefly,Core i7,RTX A500,32,2048,3,0.8,0.6,1,0,22,31553760,30923530,694182720,0.106,1,613516716,20000000,1,37.2,33089264.0,1535504.0,1
REQ-2026-01588,Sales,Senior,145,22,5.2,0,1,0,Asus,ExpertBook B9,Core i7,Iris Xe,24,1024,2,0.8,0.95,3,1,23,27169552,29075729,624899696,0.431,1,837612592,18000000,1,56.9,29843543.0,2673991.0,0
REQ-2026-01589,Design,Senior,28,21,0.37,0,0,1,Apple,MacBook Air 13,M3,Apple GPU,16,256,2,0.95,1.0,1,1,23,17871223,20627996,411038129,0.37,1,465832371,30000000,1,69.7,23591981.0,5720758.0,1
REQ-2026-01590,IT,Staff,72,38,1.57,0,0,0,Lenovo,ThinkPad P16,Core i9,RTX A2000,32,1024,4,0.9,0.25,3,1,2,40572112,39263838,81144224,0.215,1,63637069,24000000,1,59.5,43595565.0,3023453.0,1
REQ-2026-01591,Medical Staff,Manager,68,50,0.59,0,0,1,Asus,ROG Zephyrus,Core i9,RTX 4070,32,2048,4,0.55,0.3,1,2,17,38016962,40274156,646288354,0.503,1,239460553,29700000,1,43.3,41361189.0,3344227.0,0
REQ-2026-01592,IT,Senior,56,42,0.44,0,0,0,Apple,MacBook Pro 14,M3 Pro,Apple GPU,26,512,4,0.95,0.85,2,1,1,32514873,32407447,32514873,0.428,1,65560861,32000000,1,73.4,38260548.0,5745675.0,1
REQ-2026-01593,Finance,Staff,80,53,0.26,0,1,0,Asus,ROG Zephyrus,Core i9,RTX 4070,48,1024,4,0.55,0.3,2,1,12,45061957,39940498,540743484,0.116,1,447308143,15000000,0,43.6,48425939.0,3363982.0,0
REQ-2026-01594,Design,Staff,19,34,0.42,1,0,0,HP,OmniBook 5,Ryzen 7,Radeon,16,512,2,0.65,0.8,1,1,19,18903882,16701789,359173758,0.205,1,1145339364,22500000,1,36.2,21883667.0,2979785.0,0
REQ-2026-01595,Design,Manager,21,13,0.43,1,0,0,Apple,MacBook Air 13,M3,Apple GPU,16,256,2,0.95,1.0,1,0,19,20024565,20108745,380466735,0.128,1,907117900,40500000,1,43.2,23743967.0,3719402.0,1
REQ-2026-01596,Finance,Staff,19,37,1.15,0,1,0,HP,OmniBook 5,Ryzen 7,Radeon,24,1024,2,0.65,0.8,2,1,23,23360505,21619856,537291615,0.154,0,817979891,15000000,1,44.2,25420709.0,2060204.0,1
REQ-2026-01597,Finance,Senior,57,35,0.7,2,1,0,HP,OmniBook 5,Ryzen 7,Radeon,16,1024,2,0.65,0.8,1,1,21,22658522,19077835,475828962,0.327,0,2757718249,20000000,1,27.0,27473689.0,4815167.0,0
REQ-2026-01598,Design,Staff,37,24,0.6,1,1,0,Lenovo,ThinkPad X1,Core i7,Iris Xe,24,1536,3,0.9,0.95,1,0,15,34060546,30548574,510908190,0.634,0,248092889,22500000,1,34.4,36038107.0,1977561.0,0
REQ-2026-01599,Sales,Staff,89,34,3.7,0,1,0,Asus,ExpertBook B9,Core i7,Iris Xe,16,1536,2,0.8,0.95,2,5,2,28714854,27272967,57429708,0.385,0,26274036,13500000,1,49.4,34543453.0,5828599.0,0
REQ-2026-01600,HR,Senior,42,38,1.28,0,1,0,HP,OmniBook 5,Ryzen 7,Radeon,24,512,2,0.65,0.8,2,1,23,20135673,19184634,463120479,0.539,0,272367042,15000000,1,50.3,22361545.0,2225872.0,0
REQ-2026-01601,Finance,Staff,63,49,0.6,1,1,0,Apple,MacBook Pro 14,M3 Pro,Apple GPU,18,512,4,0.95,0.85,1,0,9,32901363,32263670,296112267,0.169,1,236575099,15000000,0,55.7,37220107.0,4318744.0,1
REQ-2026-01602,Finance,Staff,38,32,0.09,0,1,0,Asus,ExpertBook B9,Core i7,Iris Xe,16,1536,2,0.8,0.95,3,0,6,31700419,29774436,190202514,0.154,1,167235280,15000000,1,59.3,33357046.0,1656627.0,0
REQ-2026-01603,HR,Staff,56,48,0.52,0,1,0,Apple,MacBook Pro 14,M3 Pro,Apple GPU,18,512,4,0.95,0.85,1,1,16,30588587,31862036,489417392,0.422,0,459573965,11250000,0,46.2,36487699.0,5899112.0,0
REQ-2026-01604,Design,Manager,28,24,0.63,1,0,0,Lenovo,IdeaPad Slim 3,Core i3,Integrated,16,256,1,0.45,0.65,2,1,11,11594829,11103489,127543119,0.208,0,179298560,40500000,0,46.1,14666577.0,3071748.0,1
REQ-2026-01605,HR,Staff,7,47,0.93,0,0,0,HP,OmniBook 5,Ryzen 7,Radeon,16,512,2,0.65,0.8,2,0,18,18562037,18173992,334116666,0.144,1,393298987,11250000,1,54.0,19849331.0,1287294.0,0
REQ-2026-01606,Medical Staff,Director,29,43,0.91,0,1,1,Asus,Vivobook 14,Core i5,Integrated,16,1024,1,0.5,0.7,3,1,6,16402003,15502446,98412018,0.39,0,738446075,41800000,1,27.8,21266595.0,4864592.0,1
REQ-2026-01607,IT,Staff,61,45,1.36,0,1,0,HP,ProBook 445,Ryzen 5,Radeon,16,512,1,0.6,0.7,2,1,22,16206604,15289315,356545288,0.321,0,2022386324,24000000,0,38.6,19014606.0,2808002.0,1
REQ-2026-01608,Finance,Staff,111,51,1.19,1,1,0,Asus,Vivobook 14,Core i5,Integrated,24,512,1,0.5,0.7,3,2,10,15469045,17084988,154690450,0.291,1,46750605,15000000,1,38.3,19673492.0,4204447.0,0
REQ-2026-01609,HR,Senior,34,8,0.27,0,1,0,Lenovo,ThinkPad T14,Core i5,Integrated,32,1024,2,0.92,0.75,1,0,25,24897633,23657817,622440825,0.162,1,237567507,15000000,0,81.8,26365150.0,1467517.0,0
REQ-2026-01610,Sales,Staff,171,13,4.01,1,1,0,Dell,Precision 5690,Core i9,RTX 3500,48,2560,4,0.85,0.35,2,1,1,49191486,44747401,49191486,0.557,1,29324211,13500000,0,40.6,52521770.0,3330284.0,0
REQ-2026-01611,HR,Senior,28,57,0.75,0,0,1,Asus,ROG Zephyrus,Core i9,RTX 4070,32,1536,4,0.55,0.3,2,0,10,41273325,39078504,412733250,0.149,1,493115990,15000000,0,39.4,43065537.0,1792212.0,1
REQ-2026-01612,Sales,Senior,66,24,5.12,0,1,1,Lenovo,IdeaPad Slim 3,Core i3,Integrated,8,1280,1,0.45,0.65,2,2,7,12918332,12948143,90428324,0.441,1,405667778,18000000,1,23.0,20224763.0,7306431.0,1
REQ-2026-01613,Medical Staff,Staff,38,48,1.31,3,1,0,HP,OmniBook 5,Ryzen 7,Radeon,16,1024,2,0.65,0.8,1,3,23,19579754,19029678,450334342,0.459,1,924972236,16500000,1,17.3,27691931.0,8112177.0,1
REQ-2026-01614,Sales,Staff,53,24,1.82,1,1,0,Asus,ExpertBook B9,Core i7,Iris Xe,16,1536,2,0.8,0.95,2,0,17,31884152,28131645,542030584,0.326,1,310309223,13500000,1,52.0,33229942.0,1345790.0,0
REQ-2026-01615,IT,Staff,20,34,0.61,1,0,0,Lenovo,ThinkPad T14,Core i5,Integrated,16,512,2,0.92,0.75,1,0,23,19446865,17209216,447277895,0.577,0,803138086,24000000,1,38.5,20915243.0,1468378.0,1
REQ-2026-01616,Sales,Staff,4,26,0.75,1,0,0,Lenovo,ThinkPad X1,Core i7,Iris Xe,32,1024,3,0.9,0.95,3,1,18,31718778,34036510,570938004,0.448,1,467808181,13500000,1,69.0,34462195.0,2743417.0,0
REQ-2026-01617,Sales,Staff,27,18,6.91,0,0,0,HP,ProBook 445,Ryzen 5,Radeon,8,512,1,0.6,0.7,3,1,14,14308257,14682701,200315598,0.188,1,174714423,13500000,1,43.0,17238647.0,2930390.0,0
REQ-2026-01618,IT,Manager,10,33,0.46,0,1,0,Apple,MacBook Air 13,M3,Apple GPU,8,768,2,0.95,1.0,1,2,22,21251695,20666461,467537290,0.525,1,1933617607,43200000,0,57.8,30143548.0,8891853.0,1
REQ-2026-01619,Sales,Staff,20,27,1.27,1,1,0,Dell,Inspiron 15,Core i5,Integrated,8,512,1,0.5,0.6,1,0,2,11327389,9298389,22654778,0.415,0,37362025,13500000,1,31.8,13679264.0,2351875.0,1
REQ-2026-01620,Medical Staff,Staff,116,23,0.23,0,1,1,Asus,Vivobook 14,Core i5,Integrated,8,512,1,0.5,0.7,2,1,17,10499953,11488227,178499201,0.413,0,360371430,16500000,1,30.2,14362184.0,3862231.0,1
REQ-2026-01621,Design,Staff,30,55,0.95,0,0,0,Asus,ROG Zephyrus,Core i9,RTX 4070,40,1536,4,0.55,0.3,1,1,17,40521505,38197887,688865585,0.378,0,831422336,22500000,0,40.7,44113321.0,3591816.0,1
REQ-2026-01622,HR,Senior,39,51,0.24,0,0,0,Asus,ROG Zephyrus,Core i9,RTX 4070,40,1024,4,0.55,0.3,2,0,4,37472346,35592388,149889384,0.02,0,255477831,15000000,0,45.7,39065964.0,1593618.0,0
REQ-2026-01623,IT,Senior,91,37,0.97,0,0,0,HP,OmniBook 5,Ryzen 7,Radeon,16,1024,2,0.65,0.8,1,1,21,16194807,19697067,340090947,0.568,1,1762440663,32000000,1,29.5,20632718.0,4437911.0,1
REQ-2026-01624,Finance,Staff,10,41,0.93,2,1,1,Asus,Vivobook 14,Core i5,Integrated,8,512,1,0.5,0.7,1,0,7,10854449,10415303,75981143,0.541,1,91296240,15000000,1,30.6,13245864.0,2391415.0,1
REQ-2026-01625,HR,Manager,76,45,0.77,2,1,0,Lenovo,ThinkPad P16,Core i9,RTX A2000,32,1024,4,0.9,0.25,2,1,24,34880814,37924400,837139536,0.556,1,477748572,20250000,0,52.1,38531753.0,3650939.0,0
REQ-2026-01626,IT,Senior,19,33,0.66,0,1,0,Dell,Inspiron 15,Core i5,Integrated,24,1536,1,0.5,0.6,1,0,20,20422076,17629154,408441520,0.488,0,1402792499,32000000,1,31.9,22615672.0,2193596.0,1
REQ-2026-01627,IT,Manager,28,41,0.42,0,0,0,Apple,MacBook Pro 14,M3 Pro,Apple GPU,26,1024,4,0.95,0.85,2,2,11,34566946,37027231,380236406,0.143,1,538358907,43200000,1,42.4,45106509.0,10539563.0,1
REQ-2026-01628,Sales,Senior,64,45,4.59,1,0,1,Dell,Inspiron 15,Core i5,Integrated,8,512,1,0.5,0.6,1,0,1,8372232,9480815,8372232,0.26,1,38498222,18000000,1,30.5,11253483.0,2881251.0,1
REQ-2026-01629,IT,Staff,65,5,0.19,0,1,0,Lenovo,ThinkPad P16,Core i9,RTX A2000,40,1024,4,0.9,0.25,3,3,4,47843706,39811721,191374824,0.553,1,130548401,24000000,1,72.6,53444153.0,5600447.0,0
REQ-2026-01630,HR,Staff,51,42,1.9,0,0,0,HP,ProBook 445,Ryzen 5,Radeon,8,1024,1,0.6,0.7,2,0,3,14445673,14582967,43337019,0.126,1,61357452,11250000,1,34.7,16375569.0,1929896.0,1
REQ-2026-01631,Sales,Senior,21,50,3.76,0,1,0,HP,ProBook 445,Ryzen 5,Radeon,8,512,1,0.6,0.7,1,2,5,11351149,11869623,56755745,0.458,0,46622990,18000000,1,26.8,17756715.0,6405566.0,1
REQ-2026-01632,IT,Staff,33,46,0.32,0,0,0,Asus,Vivobook 14,Core i5,Integrated,8,1536,1,0.5,0.7,3,2,7,17610649,16324745,123274543,0.253,0,210612109,24000000,0,54.0,21612043.0,4001394.0,1
REQ-2026-01633,Finance,Staff,33,20,0.78,0,1,0,HP,OmniBook 5,Ryzen 7,Radeon,24,1024,2,0.65,0.8,1,1,24,19917946,22184753,478030704,0.384,0,2010066400,15000000,0,33.2,23003950.0,3086004.0,1
REQ-2026-01634,IT,Director,10,1,0.77,0,0,0,HP,ZBook Firefly,Core i7,RTX A500,32,1024,3,0.8,0.6,2,0,11,31767387,30654397,349441257,0.19,1,552419610,60800000,1,57.3,33098699.0,1331312.0,1
REQ-2026-01635,Sales,Senior,160,31,1.51,0,1,0,Lenovo,ThinkPad X1,Core i7,Iris Xe,16,1024,3,0.9,0.95,2,0,12,29850643,28217660,358207716,0.142,1,425661530,18000000,1,49.1,31289778.0,1439135.0,1
REQ-2026-01636,HR,Staff,99,25,0.64,1,1,0,Dell,Latitude 7450,Core i7,Integrated,16,512,2,0.85,0.85,2,1,16,23001260,21961794,368020160,0.268,0,517517334,11250000,1,47.7,26109210.0,3107950.0,1
REQ-2026-01637,HR,Staff,53,42,0.43,0,1,1,Dell,Precision 5690,Core i9,RTX 3500,32,2048,4,0.85,0.35,1,3,13,46664251,37054249,606635263,0.309,1,154889465,11250000,1,36.6,50593201.0,3928950.0,0
REQ-2026-01638,Finance,Staff,18,41,0.88,1,1,1,HP,ZBook Firefly,Core i7,RTX A500,32,1024,3,0.8,0.6,1,2,20,33204647,29889646,664092940,0.533,0,844670929,15000000,0,55.8,36738650.0,3534003.0,0
REQ-2026-01639,Design,Director,62,25,0.15,0,0,1,Dell,Precision 5690,Core i9,RTX 3500,40,2048,4,0.85,0.35,1,1,24,40007114,44725780,960170736,0.123,0,6000000000,57000000,1,47.1,44579056.0,4571942.0,1
REQ-2026-01640,Sales,Senior,23,42,5.94,1,1,0,Dell,Latitude 7450,Core i7,Integrated,16,512,2,0.85,0.85,1,1,15,21623497,20802045,324352455,0.26,1,211736814,18000000,1,32.1,26001507.0,4378010.0,1
REQ-2026-01641,Finance,Manager,27,27,0.31,0,1,0,HP,OmniBook 5,Ryzen 7,Radeon,24,512,2,0.65,0.8,2,1,13,19077463,19305910,248007019,0.185,1,581787018,27000000,0,37.7,21977775.0,2900312.0,1
REQ-2026-01642,IT,Director,107,19,0.87,0,0,0,Lenovo,ThinkPad T14,Core i5,Integrated,32,512,2,0.92,0.75,1,2,21,21640718,20746231,454455078,0.099,0,2224827128,60800000,1,58.1,28018279.0,6377561.0,1
REQ-2026-01643,IT,Staff,24,24,0.97,0,0,0,Dell,Latitude 7450,Core i7,Integrated,32,512,2,0.85,0.85,2,2,9,28022611,27211971,252203499,0.592,1,252893165,24000000,1,55.7,32217113.0,4194502.0,0
REQ-2026-01644,Finance,Staff,4,8,0.44,0,1,0,Dell,Precision 5690,Core i9,RTX 3500,40,2560,4,0.85,0.35,2,1,4,49856887,45425923,199427548,0.359,1,337115428,15000000,0,56.4,52847254.0,2990367.0,0
REQ-2026-01645,Medical Staff,Senior,99,39,3.09,0,1,0,Apple,MacBook Air 13,M3,Apple GPU,24,256,2,0.95,1.0,1,0,21,21964293,21800706,461250153,0.243,0,665325254,22000000,1,26.6,28123884.0,6159591.0,1
REQ-2026-01646,Medical Staff,Senior,55,25,1.6,0,1,0,Asus,Vivobook 14,Core i5,Integrated,8,1024,1,0.5,0.7,1,0,10,10493650,12134760,104936500,0.232,1,894600315,22000000,0,31.6,12541241.0,2047591.0,0
REQ-2026-01647,IT,Staff,46,34,0.24,0,0,0,Lenovo,IdeaPad Slim 3,Core i3,Integrated,24,256,1,0.45,0.65,2,1,16,12887327,12778778,206197232,0.613,1,289784998,24000000,0,50.2,15262985.0,2375658.0,1
REQ-2026-01648,Medical Staff,Manager,14,56,1.85,0,1,0,Apple,MacBook Pro 14,M3 Pro,Apple GPU,26,1024,4,0.95,0.85,1,0,24,37669899,35773972,904077576,0.4,0,1028784424,29700000,0,36.8,42009889.0,4339990.0,1
REQ-2026-01649,Sales,Manager,152,27,1.04,1,1,0,HP,ZBook Firefly,Core i7,RTX A500,48,1024,3,0.8,0.6,1,0,2,34306193,33294546,68612386,0.123,1,70617669,24300000,0,29.5,36743971.0,2437778.0,1
REQ-2026-01650,HR,Staff,24,39,0.01,0,0,0,Apple,MacBook Air 13,M3,Apple GPU,24,256,2,0.95,1.0,1,1,11,23017399,21833241,253191389,0.371,0,248762462,11250000,1,45.8,29034834.0,6017435.0,0
REQ-2026-01651,Medical Staff,Director,20,41,0.44,2,1,0,Asus,ROG Zephyrus,Core i9,RTX 4070,32,1536,4,0.55,0.3,3,1,21,43449086,38766975,912430806,0.317,1,3299547934,41800000,0,40.5,46742981.0,3293895.0,1
REQ-2026-01652,Sales,Manager,12,36,11.14,0,0,0,Asus,ROG Zephyrus,Core i9,RTX 4070,32,1536,4,0.55,0.3,3,2,14,38312486,38975938,536374804,0.175,1,226071116,24300000,0,43.2,45159192.0,6846706.0,1
REQ-2026-01653,Finance,Director,51,19,0.56,1,1,1,Dell,Latitude 7450,Core i7,Integrated,32,1536,2,0.85,0.85,1,0,10,23341332,28769851,233413320,0.122,1,570518409,38000000,1,40.5,24701371.0,1360039.0,1
REQ-2026-01654,IT,Senior,20,28,0.33,0,0,0,Lenovo,ThinkPad X1,Core i7,Iris Xe,16,2048,3,0.9,0.95,1,0,23,32125788,32757311,738893124,0.433,0,1082973595,32000000,1,49.5,33878105.0,1752317.0,1
REQ-2026-01655,IT,Staff,33,34,0.42,0,0,0,HP,ZBook Firefly,Core i7,RTX A500,32,1536,3,0.8,0.6,2,0,9,34154359,33929810,307389231,0.439,0,225486076,24000000,1,69.9,35600570.0,1446211.0,1
REQ-2026-01656,Medical Staff,Senior,31,34,0.87,0,0,0,Lenovo,IdeaPad Slim 3,Core i3,Integrated,16,256,1,0.45,0.65,2,2,21,8450455,10661555,177459555,0.103,1,1334866035,22000000,1,40.9,13072824.0,4622369.0,1
REQ-2026-01657,HR,Staff,52,43,0.54,0,0,0,Lenovo,IdeaPad Slim 3,Core i3,Integrated,24,768,1,0.45,0.65,3,0,2,16175065,15083658,32350130,0.405,1,59860946,11250000,1,54.4,18180098.0,2005033.0,1
REQ-2026-01658,IT,Manager,49,40,0.66,0,0,1,Apple,MacBook Air 13,M3,Apple GPU,16,1280,2,0.95,1.0,1,1,10,25838902,23409545,258389020,0.137,1,1671153519,43200000,1,47.4,31641068.0,5802166.0,1
REQ-2026-01659,IT,Manager,42,19,1.59,0,1,0,Asus,ExpertBook B9,Core i7,Iris Xe,16,1024,2,0.8,0.95,1,1,3,25410386,24737023,76231158,0.154,0,395061438,43200000,1,47.8,30023312.0,4612926.0,1
REQ-2026-01660,IT,Senior,111,46,0.53,0,1,0,Dell,Latitude 7450,Core i7,Integrated,24,512,2,0.85,0.85,3,1,12,26433112,24515621,317197344,0.079,0,931002140,32000000,1,46.5,29643453.0,3210341.0,1
REQ-2026-01661,Medical Staff,Staff,87,44,3.33,0,1,1,Apple,MacBook Pro 14,M3 Pro,Apple GPU,34,512,4,0.95,0.85,1,1,25,36620773,33723646,915519325,0.25,1,742307065,16500000,0,47.6,42757859.0,6137086.0,1
REQ-2026-01662,HR,Staff,74,43,0.31,0,1,0,HP,ProBook 445,Ryzen 5,Radeon,8,512,1,0.6,0.7,1,1,21,13384059,12371185,281065239,0.462,1,562658218,11250000,1,39.3,16773649.0,3389590.0,1
REQ-2026-01663,HR,Staff,41,51,0.04,0,1,0,Lenovo,ThinkPad X1,Core i7,Iris Xe,32,1536,3,0.9,0.95,2,0,23,33291862,35787611,765712826,0.404,0,406162572,11250000,0,53.5,34945184.0,1653322.0,0
REQ-2026-01664,Finance,Staff,22,24,0.97,0,1,1,Asus,Vivobook 14,Core i5,Integrated,8,512,1,0.5,0.7,2,3,21,10281505,11405767,215911605,0.227,1,617808006,15000000,1,34.0,15059116.0,4777611.0,1
REQ-2026-01665,Finance,Staff,72,63,0.83,0,1,0,Dell,Precision 5690,Core i9,RTX 3500,40,2048,4,0.85,0.35,3,0,1,49793696,44108581,49793696,0.068,1,15816491,15000000,0,42.1,51591461.0,1797765.0,0
REQ-2026-01666,Sales,Staff,32,53,4.1,0,0,0,HP,ZBook Firefly,Core i7,RTX A500,40,1024,3,0.8,0.6,3,0,4,32849476,32170573,131397904,0.17,1,66009387,13500000,1,61.6,33837206.0,987730.0,0
REQ-2026-01667,Design,Senior,62,34,1.03,2,1,0,Asus,Vivobook 14,Core i5,Integrated,8,512,1,0.5,0.7,3,0,19,15171001,11339104,288249019,0.244,1,416997145,30000000,0,29.8,16979496.0,1808495.0,1
REQ-2026-01668,IT,Staff,47,30,0.69,0,1,0,Lenovo,ThinkPad X1,Core i7,Iris Xe,24,1024,3,0.9,0.95,3,1,11,33658766,32005004,370246426,0.535,1,547805759,24000000,1,61.8,36414380.0,2755614.0,1
REQ-2026-01669,Design,Senior,149,24,0.46,1,0,0,Apple,MacBook Air 13,M3,Apple GPU,8,768,2,0.95,1.0,2,0,17,20231182,20937333,343930094,0.278,0,905935780,30000000,0,33.1,24767693.0,4536511.0,1
REQ-2026-01670,Medical Staff,Manager,21,37,0.7,0,0,0,Lenovo,ThinkPad P16,Core i9,RTX A2000,40,2048,4,0.9,0.25,2,1,24,54584071,42512470,1310017704,0.299,1,1061470645,29700000,0,52.3,58900250.0,4316179.0,0
REQ-2026-01671,HR,Senior,11,43,0.23,0,0,0,Asus,Vivobook 14,Core i5,Integrated,8,512,1,0.5,0.7,1,1,17,9029507,11103198,153501619,0.271,1,445481697,15000000,1,37.6,12001594.0,2972087.0,1
REQ-2026-01672,IT,Senior,40,24,0.25,0,0,0,Dell,Precision 5690,Core i9,RTX 3500,32,2560,4,0.85,0.35,3,0,17,52936663,46814830,899923271,0.27,1,572370033,32000000,1,60.7,54496809.0,1560146.0,0
REQ-2026-01673,IT,Director,67,43,0.5,0,0,0,Asus,Vivobook 14,Core i5,Integrated,8,1536,1,0.5,0.7,2,0,12,15831885,15093990,189982620,0.765,0,1474681921,60800000,0,39.3,17014951.0,1183066.0,1
REQ-2026-01674,IT,Manager,77,34,0.57,1,0,0,Apple,MacBook Pro 14,M3 Pro,Apple GPU,26,512,4,0.95,0.85,3,1,16,41797283,36650688,668756528,0.632,1,1392542538,43200000,1,45.3,47906950.0,6109667.0,1
REQ-2026-01675,Sales,Senior,37,44,1.12,0,1,0,Dell,Inspiron 15,Core i5,Integrated,8,512,1,0.5,0.6,2,4,10,10622627,9897255,106226270,0.149,1,473054129,18000000,0,50.4,17403143.0,6780516.0,1
REQ-2026-01676,HR,Staff,66,32,0.44,0,0,0,Apple,MacBook Air 13,M3,Apple GPU,8,256,2,0.95,1.0,2,1,17,18276150,20107567,310694550,0.033,1,541918631,11250000,1,61.0,24140192.0,5864042.0,1
REQ-2026-01677,Medical Staff,Staff,54,47,3.79,0,1,1,Apple,MacBook Pro 14,M3 Pro,Apple GPU,18,512,4,0.95,0.85,2,2,11,30906311,32792254,339969421,0.531,0,254890530,16500000,1,49.0,37987833.0,7081522.0,0
REQ-2026-01678,Medical Staff,Staff,40,29,0.36,2,0,0,Lenovo,ThinkPad P16,Core i9,RTX A2000,32,1024,4,0.9,0.25,1,1,13,41389309,37826980,538061017,0.379,1,611351775,16500000,0,55.6,44588800.0,3199491.0,0
REQ-2026-01679,Medical Staff,Senior,42,40,1.7,0,0,0,Lenovo,ThinkPad P16,Core i9,RTX A2000,32,1536,4,0.9,0.25,1,1,12,40193666,39296463,482323992,0.37,1,374957012,22000000,0,55.5,43175760.0,2982094.0,1
REQ-2026-01680,Finance,Manager,44,19,0.26,0,1,1,Lenovo,ThinkPad X1,Core i7,Iris Xe,24,1024,3,0.9,0.95,2,0,2,31434397,30587189,62868794,0.138,1,171373532,27000000,1,52.3,33745522.0,2311125.0,1
REQ-2026-01681,Medical Staff,Staff,21,39,0.58,1,1,0,HP,ZBook Firefly,Core i7,RTX A500,32,1536,3,0.8,0.6,1,1,1,30508426,31570645,30508426,0.157,0,27394226,16500000,1,42.7,32642035.0,2133609.0,0
REQ-2026-01682,Finance,Senior,98,31,0.49,0,1,0,Apple,MacBook Pro 14,M3 Pro,Apple GPU,18,512,4,0.95,0.85,1,0,2,31638584,31444896,63277168,0.297,1,43394043,20000000,0,38.0,36372340.0,4733756.0,0
REQ-2026-01683,Sales,Staff,1,9,3.74,2,1,0,Dell,Latitude 7450,Core i7,Integrated,16,512,2,0.85,0.85,3,0,17,25692519,23182971,436772823,0.45,0,204336069,13500000,1,62.4,27036183.0,1343664.0,0
REQ-2026-01684,Medical Staff,Staff,37,39,0.64,0,0,0,HP,ProBook 445,Ryzen 5,Radeon,8,1536,1,0.6,0.7,1,0,22,15685318,15931658,345076996,0.437,1,303616352,16500000,0,39.4,17260025.0,1574707.0,1
REQ-2026-01685,Finance,Manager,55,26,0.08,0,1,0,Apple,MacBook Pro 14,M3 Pro,Apple GPU,18,512,4,0.95,0.85,1,0,23,35217047,32043452,809992081,0.182,0,1154784024,27000000,0,63.6,39781058.0,4564011.0,1
REQ-2026-01686,Finance,Staff,46,51,0.54,0,1,0,HP,ProBook 445,Ryzen 5,Radeon,8,512,1,0.6,0.7,2,0,18,13021069,12443371,234379242,0.385,1,717748242,15000000,1,55.5,14627823.0,1606754.0,1
REQ-2026-01687,Medical Staff,Staff,31,37,0.54,1,1,0,Lenovo,ThinkPad X1,Core i7,Iris Xe,16,1024,3,0.9,0.95,2,0,9,28676044,28317406,258084396,0.128,1,260321288,16500000,1,49.4,30507950.0,1831906.0,0
REQ-2026-01688,HR,Senior,29,25,1.3,0,1,0,Lenovo,IdeaPad Slim 3,Core i3,Integrated,16,1280,1,0.45,0.65,2,1,16,15998725,14544848,255979600,0.404,0,466942751,15000000,1,39.3,19686696.0,3687971.0,1
REQ-2026-01689,Sales,Staff,13,45,2.18,0,0,0,HP,ZBook Firefly,Core i7,RTX A500,32,1024,3,0.8,0.6,1,1,17,32176738,30459566,547004546,0.289,1,320112383,13500000,0,45.1,34625721.0,2448983.0,0
REQ-2026-01690,HR,Senior,54,3,0.23,0,1,1,Asus,ExpertBook B9,Core i7,Iris Xe,16,1536,2,0.8,0.95,2,0,3,28072679,28282469,84218037,0.402,1,24108029,15000000,1,32.2,30225215.0,2152536.0,0
REQ-2026-01691,Design,Senior,71,56,1.82,0,0,0,Dell,Latitude 7450,Core i7,Integrated,16,512,2,0.85,0.85,1,2,12,24343833,20840252,292125996,0.51,0,1057852699,30000000,1,43.2,29495562.0,5151729.0,1
REQ-2026-01692,Finance,Staff,18,30,0.77,1,1,0,HP,ProBook 445,Ryzen 5,Radeon,8,512,1,0.6,0.7,2,0,12,13023277,12715994,156279324,0.475,0,374835490,15000000,0,35.0,14983972.0,1960695.0,1
REQ-2026-01693,Finance,Staff,27,44,0.64,0,1,0,Dell,Precision 5690,Core i9,RTX 3500,32,3072,4,0.85,0.35,1,4,3,44664699,43876241,133994097,0.271,0,103759250,15000000,1,49.9,51920838.0,7256139.0,0
REQ-2026-01694,Medical Staff,Staff,121,13,0.6,0,1,0,HP,OmniBook 5,Ryzen 7,Radeon,16,1024,2,0.65,0.8,3,0,18,19087857,19949577,343581426,0.136,1,672548115,16500000,1,38.9,20171559.0,1083702.0,1
REQ-2026-01695,Sales,Director,12,17,14.47,1,0,0,Dell,Latitude 7450,Core i7,Integrated,16,1024,2,0.85,0.85,2,4,5,26110650,27138301,130553250,0.165,1,191951657,34200000,1,31.2,35854739.0,9744089.0,1
REQ-2026-01696,Design,Manager,35,39,0.3,1,0,1,Apple,MacBook Air 13,M3,Apple GPU,16,768,2,0.95,1.0,1,0,6,20177675,22238752,121066050,0.379,1,683765188,40500000,1,54.6,25023546.0,4845871.0,1
REQ-2026-01697,HR,Manager,60,46,0.38,1,0,0,HP,OmniBook 5,Ryzen 7,Radeon,16,512,2,0.65,0.8,3,0,9,19267604,18682040,173408436,0.095,0,64403450,20250000,1,50.0,20647043.0,1379439.0,0
REQ-2026-01698,Design,Senior,47,23,0.22,0,0,0,Lenovo,IdeaPad Slim 3,Core i3,Integrated,16,768,1,0.45,0.65,3,1,21,13989789,13543203,293785569,0.262,0,3141151044,30000000,0,52.6,17408356.0,3418567.0,1
REQ-2026-01699,Sales,Senior,50,34,3.83,1,0,0,Asus,ExpertBook B9,Core i7,Iris Xe,24,1024,2,0.8,0.95,1,1,12,25478702,25000088,305744424,0.317,0,378858619,18000000,1,41.3,28644779.0,3166077.0,1
REQ-2026-01700,Medical Staff,Staff,57,35,2.26,0,0,1,Dell,Latitude 7450,Core i7,Integrated,24,512,2,0.85,0.85,1,1,19,23064805,22763348,438231295,0.377,1,158725180,16500000,1,41.0,26166757.0,3101952.0,0
REQ-2026-01701,IT,Senior,104,19,0.51,0,0,0,Apple,MacBook Pro 14,M3 Pro,Apple GPU,34,512,4,0.95,0.85,1,1,13,37648696,35614070,489433048,0.466,1,1165649991,32000000,1,50.2,44129461.0,6480765.0,1
REQ-2026-01702,Design,Staff,47,55,0.07,1,0,0,Dell,Precision 5690,Core i9,RTX 3500,32,2048,4,0.85,0.35,2,2,6,42439847,42018323,254639082,0.167,0,90294508,22500000,1,57.0,46876831.0,4436984.0,0
REQ-2026-01703,Sales,Staff,15,23,1.75,0,1,0,Dell,Inspiron 15,Core i5,Integrated,8,1024,1,0.5,0.6,3,4,6,14459897,13089950,86759382,0.35,1,64665168,13500000,0,51.2,22122664.0,7662767.0,1
REQ-2026-01704,Medical Staff,Senior,96,31,1.05,0,1,0,Dell,Inspiron 15,Core i5,Integrated,16,1024,1,0.5,0.6,1,2,9,13327949,13165380,119951541,0.15,0,538798136,22000000,1,39.0,18040697.0,4712748.0,1
REQ-2026-01705,Sales,Staff,57,55,5.56,1,1,0,Dell,Latitude 7450,Core i7,Integrated,16,512,2,0.85,0.85,1,0,4,22113897,21868035,88455588,0.292,0,178847795,13500000,1,40.7,23543740.0,1429843.0,1
REQ-2026-01706,HR,Staff,141,29,0.07,0,1,1,HP,ZBook Firefly,Core i7,RTX A500,32,1536,3,0.8,0.6,2,0,19,34681872,32322221,658955568,0.366,1,415643572,11250000,1,52.9,35784946.0,1103074.0,0
REQ-2026-01707,Medical Staff,Manager,99,46,2.54,1,0,0,Asus,ExpertBook B9,Core i7,Iris Xe,24,1024,2,0.8,0.95,1,4,1,29777248,25830873,29777248,0.437,1,111248652,29700000,1,36.7,36054253.0,6277005.0,1
REQ-2026-01708,Finance,Staff,114,48,0.36,0,1,1,Asus,ROG Zephyrus,Core i9,RTX 4070,32,2048,4,0.55,0.3,1,0,13,36609455,35634625,475922915,0.19,1,320054375,15000000,1,40.0,37912095.0,1302640.0,0
REQ-2026-01709,Finance,Staff,38,41,0.33,0,1,0,Lenovo,ThinkPad P16,Core i9,RTX A2000,32,1536,4,0.9,0.25,1,1,3,43478312,37927543,130434936,0.217,1,100621454,15000000,0,50.0,46572235.0,3093923.0,0
REQ-2026-01710,IT,Senior,36,44,1.1,1,1,0,Lenovo,IdeaPad Slim 3,Core i3,Integrated,24,256,1,0.45,0.65,2,1,13,11523661,12582580,149807593,0.327,1,304642750,32000000,0,29.6,15279070.0,3755409.0,1
REQ-2026-01711,Medical Staff,Senior,29,33,1.72,1,0,0,Dell,Latitude 7450,Core i7,Integrated,16,1024,2,0.85,0.85,2,1,9,30044420,23355046,270399780,0.254,1,303952948,22000000,1,44.4,33330836.0,3286416.0,0
REQ-2026-01712,HR,Senior,91,45,0.06,0,1,0,Lenovo,IdeaPad Slim 3,Core i3,Integrated,8,768,1,0.45,0.65,2,1,6,11418815,10730836,68512890,0.188,0,299259297,15000000,1,56.0,14302351.0,2883536.0,0
REQ-2026-01713,Medical Staff,Staff,46,14,0.51,0,0,1,Asus,ROG Zephyrus,Core i9,RTX 4070,32,1024,4,0.55,0.3,1,2,10,34180027,33549030,341800270,0.379,1,382238651,16500000,1,31.2,40011932.0,5831905.0,0
REQ-2026-01714,Medical Staff,Staff,114,28,1.72,1,0,0,Lenovo,ThinkPad P16,Core i9,RTX A2000,32,1024,4,0.9,0.25,3,1,15,38942356,41314675,584135340,0.043,1,344646871,16500000,0,49.5,42028877.0,3086521.0,0
REQ-2026-01715,Sales,Staff,43,24,15.69,0,0,0,Apple,MacBook Air 13,M3,Apple GPU,8,768,2,0.95,1.0,2,2,16,25418870,21544148,406701920,0.239,1,958443383,13500000,1,26.7,33760848.0,8341978.0,0
REQ-2026-01716,IT,Director,28,36,0.95,0,0,1,Apple,MacBook Air 13,M3,Apple GPU,8,256,2,0.95,1.0,1,2,15,16961770,18086526,254426550,0.344,1,709864990,60800000,0,56.5,27193044.0,10231274.0,1
REQ-2026-01717,Finance,Staff,22,23,0.45,0,1,0,Lenovo,ThinkPad X1,Core i7,Iris Xe,16,1024,3,0.9,0.95,2,0,22,26976142,27887644,593475124,0.107,0,917651058,15000000,1,32.7,28641121.0,1664979.0,1
REQ-2026-01718,HR,Staff,1,12,0.46,0,0,0,Dell,Inspiron 15,Core i5,Integrated,16,512,1,0.5,0.6,1,0,17,11920610,11232114,202650370,0.091,0,108308491,11250000,1,23.9,16167421.0,4246811.0,1
REQ-2026-01719,Design,Manager,35,49,0.63,0,0,1,Dell,Precision 5690,Core i9,RTX 3500,32,2560,4,0.85,0.35,1,0,19,44064187,41693489,837219553,0.304,0,2444571803,40500000,1,55.9,45553675.0,1489488.0,1
REQ-2026-01720,IT,Senior,71,36,0.4,0,0,1,Apple,MacBook Pro 14,M3 Pro,Apple GPU,18,1024,4,0.95,0.85,3,3,12,38818402,33903155,465820824,0.537,0,832073104,32000000,1,81.0,49075560.0,10257158.0,1
REQ-2026-01721,IT,Senior,78,39,1.01,0,0,1,Apple,MacBook Pro 14,M3 Pro,Apple GPU,18,512,4,0.95,0.85,1,0,11,30791723,30728277,338708953,0.313,1,275003078,32000000,1,56.8,35203301.0,4411578.0,1
REQ-2026-01722,IT,Senior,21,54,0.53,0,0,0,HP,ProBook 445,Ryzen 5,Radeon,8,512,1,0.6,0.7,2,0,18,13314720,12574046,239664960,0.295,1,813780113,32000000,0,42.2,14761693.0,1446973.0,1
REQ-2026-01723,Medical Staff,Staff,62,25,0.44,0,1,0,Lenovo,ThinkPad X1,Core i7,Iris Xe,24,1536,3,0.9,0.95,1,0,14,27672855,31101991,387419970,0.185,1,444760162,16500000,1,36.0,29151697.0,1478842.0,0
REQ-2026-01724,Medical Staff,Manager,21,35,2.43,1,1,0,HP,ProBook 445,Ryzen 5,Radeon,16,512,1,0.6,0.7,2,2,24,16244761,14773397,389874264,0.468,1,2933266761,29700000,1,34.4,20375169.0,4130408.0,1
REQ-2026-01725,HR,Senior,55,25,0.77,0,1,1,Lenovo,ThinkPad T14,Core i5,Integrated,24,512,2,0.92,0.75,2,0,20,25985497,20347632,519709940,0.431,0,373014885,15000000,1,59.7,27379803.0,1394306.0,0
REQ-2026-01726,IT,Staff,19,48,1.29,0,0,0,Lenovo,ThinkPad X1,Core i7,Iris Xe,16,1024,3,0.9,0.95,1,0,8,28136097,27402146,225088776,0.636,0,219264760,24000000,1,69.5,29173302.0,1037205.0,1
REQ-2026-01727,Sales,Staff,87,24,5.97,1,1,0,HP,ProBook 445,Ryzen 5,Radeon,16,1024,1,0.6,0.7,3,2,8,17830581,17366285,142644648,0.043,0,375307270,13500000,1,28.9,21307604.0,3477023.0,1
REQ-2026-01728,Sales,Senior,33,24,2.7,0,1,0,HP,OmniBook 5,Ryzen 7,Radeon,16,512,2,0.65,0.8,2,1,6,20422492,18529076,122534952,0.131,1,102592653,18000000,1,39.0,23530189.0,3107697.0,1
REQ-2026-01729,Medical Staff,Senior,34,13,0.92,1,1,0,HP,OmniBook 5,Ryzen 7,Radeon,32,512,2,0.65,0.8,2,0,4,20511036,22611859,82044144,0.165,0,107372545,22000000,1,28.6,22713743.0,2202707.0,1
REQ-2026-01730,Design,Senior,36,46,0.26,3,0,0,Lenovo,ThinkPad X1,Core i7,Iris Xe,16,1024,3,0.9,0.95,2,0,5,31702019,29759262,158510095,0.39,0,207877903,30000000,1,40.9,33135079.0,1433060.0,1
REQ-2026-01731,Design,Senior,26,22,1.38,1,0,1,Lenovo,IdeaPad Slim 3,Core i3,Integrated,16,768,1,0.45,0.65,3,2,12,16220096,13256117,194641152,0.244,1,860192260,30000000,0,37.3,21724821.0,5504725.0,1
REQ-2026-01732,Design,Senior,13,53,0.64,0,0,0,Asus,ROG Zephyrus,Core i9,RTX 4070,32,1024,4,0.55,0.3,1,1,14,41174181,35398203,576438534,0.177,1,506387431,30000000,1,46.0,44761214.0,3587033.0,1
REQ-2026-01733,HR,Senior,121,27,0.14,0,0,0,HP,ProBook 445,Ryzen 5,Radeon,8,1536,1,0.6,0.7,1,0,23,17626273,16160310,405404279,0.515,0,733187844,15000000,1,40.1,18426494.0,800221.0,1
REQ-2026-01734,HR,Senior,25,47,0.25,1,0,0,HP,OmniBook 5,Ryzen 7,Radeon,16,512,2,0.65,0.8,1,1,8,18398916,17168170,147191328,0.363,1,145992756,15000000,1,37.2,22273253.0,3874337.0,1
REQ-2026-01735,Finance,Senior,40,30,0.15,0,1,0,Apple,MacBook Air 13,M3,Apple GPU,8,1280,2,0.95,1.0,1,0,15,24747239,21212836,371208585,0.333,0,410914721,20000000,1,50.5,29506626.0,4759387.0,1
REQ-2026-01736,Medical Staff,Staff,26,40,1.49,0,0,0,HP,ZBook Firefly,Core i7,RTX A500,32,1536,3,0.8,0.6,1,1,1,33575503,31514515,33575503,0.108,0,26443185,16500000,0,26.2,37786678.0,4211175.0,0
REQ-2026-01737,Sales,Staff,55,11,6.14,0,0,0,HP,ZBook Firefly,Core i7,RTX A500,32,1024,3,0.8,0.6,1,1,1,30903767,29333323,30903767,0.386,1,11874267,13500000,0,40.8,33583585.0,2679818.0,0
REQ-2026-01738,Medical Staff,Staff,18,53,1.23,0,0,0,Asus,ExpertBook B9,Core i7,Iris Xe,16,1024,2,0.8,0.95,2,1,16,25476586,26109600,407625376,0.351,0,1828246972,16500000,1,61.6,28210022.0,2733436.0,0
REQ-2026-01739,HR,Staff,12,35,1.04,1,0,0,Asus,Vivobook 14,Core i5,Integrated,8,1536,1,0.5,0.7,1,0,19,16332056,13299710,310309064,0.392,1,627656093,11250000,0,22.6,20172649.0,3840593.0,0
REQ-2026-01740,Finance,Senior,47,46,0.7,0,1,0,Lenovo,ThinkPad X1,Core i7,Iris Xe,32,1024,3,0.9,0.95,2,0,12,36781618,33671142,441379416,0.442,1,897027889,20000000,0,48.9,37774258.0,992640.0,1
REQ-2026-01741,Medical Staff,Senior,91,24,1.05,1,0,0,Lenovo,ThinkPad X1,Core i7,Iris Xe,24,1024,3,0.9,0.95,1,0,9,34245590,30609682,308210310,0.292,1,178515542,22000000,0,54.5,35997762.0,1752172.0,1
REQ-2026-01742,Design,Senior,50,35,0.1,3,1,1,Lenovo,ThinkPad X1,Core i7,Iris Xe,24,1024,3,0.9,0.95,1,1,13,27120344,28981528,352564472,0.347,1,525381412,30000000,1,27.9,31872941.0,4752597.0,1
REQ-2026-01743,Sales,Manager,8,33,4.01,1,1,0,Lenovo,ThinkPad X1,Core i7,Iris Xe,16,1024,3,0.9,0.95,1,0,19,28015262,27852895,532289978,0.222,1,1192896890,24300000,1,55.0,29904916.0,1889654.0,1
REQ-2026-01744,HR,Senior,77,30,0.36,0,0,0,Dell,Latitude 7450,Core i7,Integrated,16,1536,2,0.85,0.85,2,1,3,28697110,27033849,86091330,0.695,1,124901186,15000000,1,53.6,32133459.0,3436349.0,0
REQ-2026-01745,Medical Staff,Senior,53,39,0.46,0,1,0,Asus,ExpertBook B9,Core i7,Iris Xe,16,1024,2,0.8,0.95,2,0,23,24189210,25770008,556351830,0.311,1,1145958244,22000000,1,52.2,26045163.0,1855953.0,1
REQ-2026-01746,Medical Staff,Staff,32,10,5.11,1,1,0,Lenovo,ThinkPad T14,Core i5,Integrated,24,512,2,0.92,0.75,1,0,3,20614167,19985074,61842501,0.467,1,72558963,16500000,1,32.4,23258451.0,2644284.0,1
REQ-2026-01747,HR,Manager,29,44,0.63,0,0,1,Asus,Vivobook 14,Core i5,Integrated,24,512,1,0.5,0.7,3,2,21,17189988,16067123,360989748,0.283,1,982144725,20250000,1,37.1,20580389.0,3390401.0,1
REQ-2026-01748,Design,Staff,26,26,1.51,0,1,0,Lenovo,ThinkPad T14,Core i5,Integrated,16,512,2,0.92,0.75,1,0,19,16929645,17689043,321663255,0.438,1,957560720,22500000,0,57.0,18923921.0,1994276.0,1
REQ-2026-01749,HR,Staff,46,6,0.22,1,0,0,Dell,Precision 5690,Core i9,RTX 3500,32,2560,4,0.85,0.35,1,0,22,37442755,42332622,823740610,0.44,0,1193201361,11250000,0,46.8,39063156.0,1620401.0,0
REQ-2026-01750,IT,Staff,82,12,0.46,0,0,1,Asus,ROG Zephyrus,Core i9,RTX 4070,32,1024,4,0.55,0.3,1,3,13,35105459,33622302,456370967,0.437,1,531653296,24000000,0,36.0,40246929.0,5141470.0,1
REQ-2026-01751,Sales,Staff,54,20,5.29,0,1,0,Lenovo,ThinkPad X1,Core i7,Iris Xe,16,1024,3,0.9,0.95,2,1,15,26913134,27199672,403697010,0.176,1,249765725,13500000,1,36.6,29640934.0,2727800.0,1
REQ-2026-01752,IT,Director,54,35,1.12,1,0,0,Asus,ROG Zephyrus,Core i9,RTX 4070,40,1024,4,0.55,0.3,1,1,6,38665027,36486437,231990162,0.277,1,583516799,60800000,1,34.5,42619848.0,3954821.0,1
REQ-2026-01753,IT,Staff,66,31,0.16,0,1,0,Apple,MacBook Air 13,M3,Apple GPU,16,1280,2,0.95,1.0,2,1,17,27866716,24312989,473734172,0.262,1,1012123712,24000000,0,78.7,33406658.0,5539942.0,1
REQ-2026-01754,Medical Staff,Senior,32,51,1.73,0,0,0,Dell,Precision 5690,Core i9,RTX 3500,40,2048,4,0.85,0.35,2,4,15,51076252,45709653,766143780,0.247,0,596012373,22000000,0,51.7,58966136.0,7889884.0,0
REQ-2026-01755,Medical Staff,Staff,29,13,1.15,1,1,0,Lenovo,ThinkPad P16,Core i9,RTX A2000,32,1024,4,0.9,0.25,2,0,17,38064881,38460906,647102977,0.054,0,489022567,16500000,1,32.6,39812241.0,1747360.0,0
REQ-2026-01756,Design,Senior,19,16,1.01,0,0,0,Asus,Vivobook 14,Core i5,Integrated,16,512,1,0.5,0.7,3,1,15,14475639,14375183,217134585,0.267,1,326506710,30000000,0,32.5,18269607.0,3793968.0,1
REQ-2026-01757,IT,Director,27,41,0.42,0,0,0,Asus,ExpertBook B9,Core i7,Iris Xe,32,1024,2,0.8,0.95,1,0,15,34105787,27393126,511586805,0.558,1,2225906587,60800000,0,35.3,36488795.0,2383008.0,1
REQ-2026-01758,HR,Senior,33,46,0.28,0,1,0,HP,ZBook Firefly,Core i7,RTX A500,40,1024,3,0.8,0.6,2,0,25,31101682,32393201,777542050,0.312,1,1147594977,15000000,1,59.2,32628268.0,1526586.0,0
REQ-2026-01759,Medical Staff,Staff,22,34,0.93,0,1,1,Dell,Latitude 7450,Core i7,Integrated,16,1024,2,0.85,0.85,3,0,22,30618338,26315948,673603436,0.075,1,640898082,16500000,1,46.2,32352194.0,1733856.0,1
REQ-2026-01760,Medical Staff,Staff,51,39,1.54,1,0,0,HP,OmniBook 5,Ryzen 7,Radeon,16,512,2,0.65,0.8,1,0,22,16786618,16761433,369305596,0.161,0,764177648,16500000,1,40.2,18414736.0,1628118.0,1
REQ-2026-01761,Design,Senior,108,30,0.4,1,0,0,Apple,MacBook Pro 14,M3 Pro,Apple GPU,26,512,4,0.95,0.85,1,3,13,32568591,33427268,423391683,0.266,1,1245745601,30000000,1,39.0,41736681.0,9168090.0,1
REQ-2026-01762,Finance,Staff,118,10,0.45,0,1,0,Lenovo,ThinkPad X1,Core i7,Iris Xe,16,1024,3,0.9,0.95,2,0,23,29210405,27990671,671839315,0.077,1,1140621934,15000000,1,58.3,30625064.0,1414659.0,1
REQ-2026-01763,Design,Senior,57,21,0.62,1,0,1,Lenovo,ThinkPad T14,Core i5,Integrated,16,1024,2,0.92,0.75,1,1,4,19524070,18978626,78096280,0.285,0,293173632,30000000,1,76.6,22969487.0,3445417.0,1
REQ-2026-01764,Design,Manager,70,27,0.26,0,0,1,HP,ZBook Firefly,Core i7,RTX A500,32,1024,3,0.8,0.6,1,0,5,34069307,28514379,170346535,0.103,1,939014218,40500000,0,38.8,35359037.0,1289730.0,1
REQ-2026-01765,Sales,Senior,36,41,2.35,0,0,0,Lenovo,ThinkPad P16,Core i9,RTX A2000,32,1024,4,0.9,0.25,2,1,16,42971985,37719339,687551760,0.342,1,369722526,18000000,0,54.8,45842134.0,2870149.0,0
REQ-2026-01766,Medical Staff,Staff,5,34,2.98,0,1,1,Apple,MacBook Air 13,M3,Apple GPU,16,768,2,0.95,1.0,3,0,5,26410501,24911905,132052505,0.354,0,172326046,16500000,0,41.8,31065715.0,4655214.0,1
REQ-2026-01767,IT,Manager,49,52,0.62,2,0,0,Asus,Vivobook 14,Core i5,Integrated,24,1536,1,0.5,0.7,1,0,6,20932704,17597824,125596224,0.399,0,249086692,43200000,0,26.7,24372222.0,3439518.0,1
REQ-2026-01768,Finance,Director,49,43,1.32,1,1,1,HP,ZBook Firefly,Core i7,RTX A500,48,1536,3,0.8,0.6,2,0,10,37905685,35249833,379056850,0.074,1,1318645759,38000000,1,43.6,39467640.0,1561955.0,1
REQ-2026-01769,Design,Director,65,57,0.39,0,0,1,HP,ZBook Firefly,Core i7,RTX A500,32,1024,3,0.8,0.6,2,0,19,31545390,29076706,599362410,0.158,1,1241029438,57000000,1,51.0,32670453.0,1125063.0,1
REQ-2026-01770,Design,Senior,55,69,1.34,0,0,0,Asus,ROG Zephyrus,Core i9,RTX 4070,48,1536,4,0.55,0.3,2,2,25,37856429,40644075,946410725,0.668,1,2695104084,30000000,1,37.3,42604250.0,4747821.0,1
REQ-2026-01771,Design,Director,18,27,1.73,0,0,0,HP,ZBook Firefly,Core i7,RTX A500,32,1536,3,0.8,0.6,3,1,24,31105438,32724849,746530512,0.318,1,5416484553,57000000,1,58.6,35319852.0,4214414.0,1
REQ-2026-01772,IT,Senior,72,42,0.14,1,0,1,Lenovo,IdeaPad Slim 3,Core i3,Integrated,16,256,1,0.45,0.65,2,1,12,11235581,10726308,134826972,0.369,1,192989670,32000000,1,36.0,14055643.0,2820062.0,1
REQ-2026-01773,Medical Staff,Senior,156,41,1.74,0,1,0,Lenovo,ThinkPad P16,Core i9,RTX A2000,32,2048,4,0.9,0.25,1,1,10,35767867,40387238,357678670,0.305,1,497921092,22000000,0,46.2,38468038.0,2700171.0,1
REQ-2026-01774,Design,Staff,23,23,0.85,0,0,1,Asus,ExpertBook B9,Core i7,Iris Xe,24,1024,2,0.8,0.95,3,2,21,31446858,29501769,660384018,0.234,0,575801058,22500000,1,72.2,35441766.0,3994908.0,0
REQ-2026-01775,Design,Staff,18,41,0.4,1,0,0,Asus,ROG Zephyrus,Core i9,RTX 4070,32,1024,4,0.55,0.3,2,2,22,33346363,35272424,733619986,0.703,0,610636764,22500000,1,52.7,38432578.0,5086215.0,0
REQ-2026-01776,HR,Staff,76,29,0.22,1,1,0,Asus,ROG Zephyrus,Core i9,RTX 4070,40,1024,4,0.55,0.3,2,1,3,37221749,37881060,111665247,0.212,0,72524811,11250000,0,39.3,39586766.0,2365017.0,0
REQ-2026-01777,Medical Staff,Senior,70,45,1.12,1,0,0,HP,ZBook Firefly,Core i7,RTX A500,32,1024,3,0.8,0.6,2,1,2,35083742,30468985,70167484,0.334,1,84111364,22000000,1,51.6,38292218.0,3208476.0,1
REQ-2026-01778,IT,Senior,24,49,0.97,0,0,0,Asus,ExpertBook B9,Core i7,Iris Xe,16,2048,2,0.8,0.95,3,1,22,34884481,30693561,767458582,0.218,1,719806034,32000000,1,56.0,37525492.0,2641011.0,1
REQ-2026-01779,Design,Manager,25,25,0.87,0,0,0,Apple,MacBook Air 13,M3,Apple GPU,8,768,2,0.95,1.0,1,1,24,19781854,18451658,474764496,0.203,0,1046368498,40500000,0,40.0,26070869.0,6289015.0,1
REQ-2026-01780,HR,Staff,42,43,0.54,0,0,0,Lenovo,ThinkPad P16,Core i9,RTX A2000,40,1024,4,0.9,0.25,1,1,17,37953895,38316800,645216215,0.352,1,1022186186,11250000,0,55.5,40104231.0,2150336.0,1
REQ-2026-01781,Medical Staff,Staff,45,19,1.91,1,1,0,HP,ProBook 445,Ryzen 5,Radeon,8,512,1,0.6,0.7,1,0,9,11446498,11443765,103018482,0.243,0,148243945,16500000,0,39.1,12902916.0,1456418.0,1
REQ-2026-01782,Finance,Senior,87,17,0.37,0,1,0,Dell,Precision 5690,Core i9,RTX 3500,32,2048,4,0.85,0.35,2,1,1,49480946,42917641,49480946,0.308,1,34952946,20000000,1,72.9,52618693.0,3137747.0,0
REQ-2026-01783,HR,Senior,9,16,1.09,0,1,0,HP,ZBook Firefly,Core i7,RTX A500,32,1024,3,0.8,0.6,2,2,1,34168097,31399773,34168097,0.337,1,37130210,15000000,1,55.3,39736096.0,5567999.0,1
REQ-2026-01784,Design,Staff,4,29,0.59,1,0,0,Apple,MacBook Pro 14,M3 Pro,Apple GPU,18,1024,4,0.95,0.85,1,1,1,38698945,32217640,38698945,0.193,1,19686371,22500000,1,56.3,43966397.0,5267452.0,0
REQ-2026-01785,Sales,Manager,92,27,3.46,0,0,0,Asus,ExpertBook B9,Core i7,Iris Xe,16,1024,2,0.8,0.95,1,0,2,21970193,24001115,43940386,0.164,1,24958914,24300000,0,28.8,25085115.0,3114922.0,1
REQ-2026-01786,Sales,Manager,8,9,6.49,0,1,0,Lenovo,ThinkPad P16,Core i9,RTX A2000,48,1024,4,0.9,0.25,2,2,15,46513918,40165126,697708770,0.325,1,535128357,24300000,1,46.9,52047288.0,5533370.0,0
REQ-2026-01787,HR,Staff,34,47,0.14,0,0,0,Lenovo,ThinkPad P16,Core i9,RTX A2000,32,1024,4,0.9,0.25,3,1,4,42743543,39964472,170974172,0.239,0,102110060,11250000,0,44.9,45570753.0,2827210.0,0
REQ-2026-01788,Medical Staff,Staff,51,37,2.73,0,0,0,Asus,Vivobook 14,Core i5,Integrated,8,1536,1,0.5,0.7,2,0,10,17211361,16615851,172113610,0.274,0,246107623,16500000,1,32.5,18844669.0,1633308.0,1
REQ-2026-01789,HR,Staff,66,12,0.3,2,1,1,Lenovo,ThinkPad T14,Core i5,Integrated,16,512,2,0.92,0.75,1,0,24,16924431,18026388,406186344,0.316,0,453931015,11250000,1,34.8,18613146.0,1688715.0,1
REQ-2026-01790,Design,Manager,65,50,0.21,0,0,1,Lenovo,ThinkPad T14,Core i5,Integrated,16,512,2,0.92,0.75,1,0,18,19595168,17818210,352713024,0.452,1,517108643,40500000,1,47.8,21393587.0,1798419.0,1
REQ-2026-01791,IT,Manager,1,44,0.47,2,0,1,Dell,Latitude 7450,Core i7,Integrated,16,1024,2,0.85,0.85,1,0,5,25786710,22449192,128933550,0.504,0,162449062,43200000,1,40.8,26946862.0,1160152.0,1
REQ-2026-01792,Sales,Staff,28,32,4.31,0,0,0,Lenovo,ThinkPad T14,Core i5,Integrated,32,1024,2,0.92,0.75,1,1,5,22467006,24108530,112335030,0.262,1,286993210,13500000,1,46.5,25081203.0,2614197.0,0
REQ-2026-01793,IT,Senior,41,40,0.84,0,1,0,Apple,MacBook Pro 14,M3 Pro,Apple GPU,18,1536,4,0.95,0.85,2,1,18,37746096,35096732,679429728,0.586,0,792812192,32000000,1,50.3,43415477.0,5669381.0,1
REQ-2026-01794,IT,Director,57,16,0.36,0,1,0,Dell,Latitude 7450,Core i7,Integrated,24,512,2,0.85,0.85,2,0,22,22959987,24515042,505119714,0.359,0,694065336,60800000,0,50.8,24285940.0,1325953.0,1
REQ-2026-01795,Medical Staff,Senior,89,32,0.83,1,1,0,Apple,MacBook Pro 14,M3 Pro,Apple GPU,18,512,4,0.95,0.85,2,3,22,33808373,31370659,743784206,0.343,0,563294363,22000000,0,49.7,41518220.0,7709847.0,0
REQ-2026-01796,Design,Staff,22,4,0.24,0,0,0,Asus,ExpertBook B9,Core i7,Iris Xe,24,1024,2,0.8,0.95,1,0,23,31731365,27082813,729821395,0.592,0,1098545242,22500000,1,38.4,33181536.0,1450171.0,0
REQ-2026-01797,HR,Director,142,45,0.37,0,0,0,Apple,MacBook Air 13,M3,Apple GPU,8,256,2,0.95,1.0,1,1,11,17984810,18668611,197832910,0.285,0,484912356,28500000,1,58.5,25770616.0,7785806.0,1
REQ-2026-01798,IT,Senior,72,32,0.31,1,1,0,HP,ProBook 445,Ryzen 5,Radeon,8,512,1,0.6,0.7,2,1,11,12752370,13972102,140276070,0.277,0,285706842,32000000,0,50.0,14929511.0,2177141.0,1
REQ-2026-01799,Medical Staff,Manager,72,43,1.24,0,1,0,Apple,MacBook Air 13,M3,Apple GPU,8,768,2,0.95,1.0,1,2,3,20344650,19330859,61033950,0.588,1,148958712,29700000,1,51.6,28761509.0,8416859.0,1
REQ-2026-01800,Design,Staff,52,43,0.63,0,0,0,Lenovo,ThinkPad X1,Core i7,Iris Xe,16,2048,3,0.9,0.95,1,0,22,34540026,31264851,759880572,0.225,0,1037080063,22500000,1,43.9,35814035.0,1274009.0,1
REQ-2026-01801,Medical Staff,Staff,68,1,0.62,1,1,1,Apple,MacBook Air 13,M3,Apple GPU,16,256,2,0.95,1.0,2,0,5,22219522,21836578,111097610,0.679,0,138830638,16500000,0,43.4,26631384.0,4411862.0,1
REQ-2026-01802,HR,Staff,62,29,0.18,0,1,0,HP,OmniBook 5,Ryzen 7,Radeon,32,1536,2,0.65,0.8,1,1,15,25183248,26095618,377748720,0.14,1,188464187,11250000,1,44.0,27548441.0,2365193.0,0
REQ-2026-01803,Finance,Staff,144,30,1.12,2,1,0,Asus,ExpertBook B9,Core i7,Iris Xe,24,1024,2,0.8,0.95,1,1,17,27330294,27474777,464614998,0.198,0,481572826,15000000,1,61.8,30257513.0,2927219.0,0
REQ-2026-01804,Design,Staff,73,26,0.26,0,0,0,Lenovo,IdeaPad Slim 3,Core i3,Integrated,8,256,1,0.45,0.65,1,2,1,7882080,7687345,7882080,0.413,0,34917762,22500000,0,38.6,12355977.0,4473897.0,1
REQ-2026-01805,Sales,Manager,12,49,1.67,1,0,0,Asus,Vivobook 14,Core i5,Integrated,8,512,1,0.5,0.7,1,3,9,11008037,10079926,99072333,0.339,0,297189717,24300000,1,26.3,23752078.0,12744041.0,1
REQ-2026-01806,Design,Staff,16,45,0.23,0,0,0,Apple,MacBook Air 13,M3,Apple GPU,8,256,2,0.95,1.0,2,1,23,20513616,18409237,471813168,0.532,1,2432250087,22500000,0,62.2,26430951.0,5917335.0,1
REQ-2026-01807,Medical Staff,Staff,97,54,0.22,0,1,0,Lenovo,ThinkPad T14,Core i5,Integrated,16,512,2,0.92,0.75,3,0,20,18573165,20195113,371463300,0.228,1,231184404,16500000,1,44.2,20069844.0,1496679.0,1
REQ-2026-01808,IT,Director,30,32,0.91,0,0,0,Lenovo,ThinkPad P16,Core i9,RTX A2000,32,1536,4,0.9,0.25,2,1,11,36077318,39470793,396850498,0.293,1,401753578,60800000,1,64.9,39301826.0,3224508.0,1
REQ-2026-01809,HR,Senior,18,18,0.18,1,1,0,HP,OmniBook 5,Ryzen 7,Radeon,24,512,2,0.65,0.8,1,0,14,18101748,18095118,253424472,0.338,0,540725578,15000000,1,38.6,19605066.0,1503318.0,1
REQ-2026-01810,IT,Senior,47,16,0.28,0,0,0,Lenovo,IdeaPad Slim 3,Core i3,Integrated,8,1280,1,0.45,0.65,1,2,7,12123240,11796444,84862680,0.077,1,322003699,32000000,0,35.0,17629204.0,5505964.0,1
REQ-2026-01811,HR,Senior,24,42,0.16,0,0,0,Asus,ExpertBook B9,Core i7,Iris Xe,16,1024,2,0.8,0.95,1,0,21,27344340,25422554,574231140,0.449,1,451370265,15000000,1,47.3,28507728.0,1163388.0,0
REQ-2026-01812,Finance,Staff,51,28,0.97,0,1,0,Dell,Inspiron 15,Core i5,Integrated,16,512,1,0.5,0.6,2,0,18,15642599,12065749,281566782,0.702,1,1516083297,15000000,1,31.5,16909422.0,1266823.0,1
REQ-2026-01813,Medical Staff,Staff,29,66,0.71,1,1,0,Dell,Inspiron 15,Core i5,Integrated,8,512,1,0.5,0.6,2,2,11,12590644,10159113,138497084,0.24,0,275882851,16500000,1,28.5,16541558.0,3950914.0,1
REQ-2026-01814,Design,Director,85,58,1.0,0,0,0,Dell,Latitude 7450,Core i7,Integrated,24,512,2,0.85,0.85,2,3,9,27740343,23443008,249663087,0.189,0,342302856,57000000,0,59.4,36287740.0,8547397.0,1
REQ-2026-01815,Medical Staff,Manager,24,36,1.27,1,1,1,HP,ProBook 445,Ryzen 5,Radeon,8,1024,1,0.6,0.7,1,0,17,13626403,12576458,231648851,0.347,0,646439774,29700000,0,27.3,16675245.0,3048842.0,1
REQ-2026-01816,Design,Staff,32,45,0.81,3,0,0,Lenovo,IdeaPad Slim 3,Core i3,Integrated,24,768,1,0.45,0.65,3,0,8,17876966,15959936,143015728,0.582,1,622668182,22500000,0,30.1,19796492.0,1919526.0,1
REQ-2026-01817,Design,Senior,28,23,1.04,0,0,1,HP,OmniBook 5,Ryzen 7,Radeon,16,512,2,0.65,0.8,3,1,13,18902504,19036581,245732552,0.697,0,317537791,30000000,0,65.5,22126412.0,3223908.0,1
REQ-2026-01818,HR,Director,21,35,0.36,1,0,0,HP,ZBook Firefly,Core i7,RTX A500,48,1024,3,0.8,0.6,1,0,3,31754580,33628722,95263740,0.304,1,94328953,28500000,0,35.7,33448881.0,1694301.0,1
REQ-2026-01819,Medical Staff,Senior,27,32,0.73,0,0,0,Asus,Vivobook 14,Core i5,Integrated,8,1024,1,0.5,0.7,1,1,5,13244727,11658962,66223635,0.186,0,428614888,22000000,0,30.5,17592726.0,4347999.0,1
REQ-2026-01820,HR,Senior,12,74,0.12,0,1,0,Asus,ExpertBook B9,Core i7,Iris Xe,16,1024,2,0.8,0.95,1,0,14,24010491,24506254,336146874,0.21,1,196516333,15000000,1,53.0,24968177.0,957686.0,0
REQ-2026-01821,Design,Staff,140,40,0.43,0,0,1,Lenovo,ThinkPad P16,Core i9,RTX A2000,32,1536,4,0.9,0.25,2,1,19,39665944,39177207,753652936,0.706,0,967210859,22500000,1,76.0,41615713.0,1949769.0,1
REQ-2026-01822,IT,Staff,102,52,0.32,0,0,0,Lenovo,IdeaPad Slim 3,Core i3,Integrated,8,768,1,0.45,0.65,1,1,2,9427950,9343842,18855900,0.355,1,110948781,24000000,0,33.4,13334234.0,3906284.0,1
REQ-2026-01823,Design,Manager,48,39,1.52,0,0,0,Asus,Vivobook 14,Core i5,Integrated,8,1024,1,0.5,0.7,1,3,13,12662717,11990355,164615321,0.433,0,899609591,40500000,0,41.4,20435035.0,7772318.0,1
REQ-2026-01824,HR,Manager,75,33,0.19,1,1,0,Asus,ExpertBook B9,Core i7,Iris Xe,16,1024,2,0.8,0.95,3,1,17,24131356,24763908,410233052,0.148,0,368752258,20250000,1,63.0,26887039.0,2755683.0,1
REQ-2026-01825,HR,Senior,37,48,0.63,1,0,0,Dell,Inspiron 15,Core i5,Integrated,8,512,1,0.5,0.6,2,0,13,9634173,10113719,125244249,0.053,1,797137219,15000000,1,38.9,11291351.0,1657178.0,1
REQ-2026-01826,Sales,Staff,24,20,5.66,1,1,1,Lenovo,ThinkPad X1,Core i7,Iris Xe,16,2048,3,0.9,0.95,3,0,3,30309114,33774167,90927342,0.352,0,121124871,13500000,1,58.8,31907148.0,1598034.0,0
REQ-2026-01827,Sales,Manager,39,49,14.23,0,1,1,HP,OmniBook 5,Ryzen 7,Radeon,16,512,2,0.65,0.8,3,3,20,20166889,19281091,403337780,0.266,1,2551100304,24300000,1,26.6,28410767.0,8243878.0,1
REQ-2026-01828,IT,Manager,70,51,0.59,0,1,1,HP,ZBook Firefly,Core i7,RTX A500,40,1024,3,0.8,0.6,3,0,16,38533790,33662197,616540640,0.159,1,694761012,43200000,1,56.0,40037972.0,1504182.0,1
REQ-2026-01829,Design,Manager,101,45,0.86,0,1,0,Dell,Latitude 7450,Core i7,Integrated,16,512,2,0.85,0.85,2,0,12,24095609,22045387,289147308,0.187,1,572425580,40500000,1,52.0,25425652.0,1330043.0,1
REQ-2026-01830,Design,Staff,44,9,0.34,0,0,0,Dell,Latitude 7450,Core i7,Integrated,16,512,2,0.85,0.85,1,5,15,19660925,21473369,294913875,0.511,0,414799120,22500000,0,48.4,27938136.0,8277211.0,1
REQ-2026-01831,IT,Senior,92,23,1.71,0,1,0,Lenovo,ThinkPad T14,Core i5,Integrated,16,512,2,0.92,0.75,3,0,16,20142997,20351012,322287952,0.354,1,1048345077,32000000,1,72.3,21272605.0,1129608.0,1
REQ-2026-01832,IT,Senior,56,53,0.1,0,0,0,Dell,Inspiron 15,Core i5,Integrated,24,512,1,0.5,0.6,1,0,16,12667191,12877356,202675056,0.47,0,1219791732,32000000,1,39.9,13870663.0,1203472.0,1
REQ-2026-01833,Sales,Senior,76,40,4.13,0,1,0,Lenovo,ThinkPad X1,Core i7,Iris Xe,24,1024,3,0.9,0.95,2,2,12,33531801,31102680,402381612,0.235,0,438685918,18000000,1,70.4,38777978.0,5246177.0,1
REQ-2026-01834,Finance,Staff,44,19,1.38,2,1,0,Dell,Inspiron 15,Core i5,Integrated,8,1024,1,0.5,0.6,1,1,22,11334294,10858809,249354468,0.402,0,2003338817,15000000,0,28.7,15465646.0,4131352.0,1
REQ-2026-01835,IT,Manager,72,35,1.36,1,1,1,Lenovo,IdeaPad Slim 3,Core i3,Integrated,8,768,1,0.45,0.65,2,2,6,12217953,11040426,73307718,0.619,0,428024873,43200000,0,36.7,18056037.0,5838084.0,1
REQ-2026-01836,Design,Staff,75,40,0.64,1,0,0,Asus,ExpertBook B9,Core i7,Iris Xe,32,1024,2,0.8,0.95,2,0,22,35103659,30593464,772280498,0.129,1,385413600,22500000,1,63.9,36712005.0,1608346.0,0
REQ-2026-01837,Medical Staff,Senior,65,22,2.57,1,0,0,Dell,Latitude 7450,Core i7,Integrated,16,1536,2,0.85,0.85,1,1,10,29155173,24462834,291551730,0.165,1,436421958,22000000,1,54.0,32152786.0,2997613.0,1
REQ-2026-01838,Design,Senior,73,55,0.44,0,0,1,Asus,ROG Zephyrus,Core i9,RTX 4070,48,1024,4,0.55,0.3,1,3,20,37407600,36135699,748152000,0.449,0,3352834764,30000000,1,32.0,44527782.0,7120182.0,1
REQ-2026-01839,HR,Staff,67,40,0.2,1,0,0,Dell,Latitude 7450,Core i7,Integrated,16,1024,2,0.85,0.85,2,2,16,26619423,24768006,425910768,0.501,1,170254827,11250000,1,57.1,29799147.0,3179724.0,0
REQ-2026-01840,Finance,Staff,69,60,0.57,0,1,0,Asus,ROG Zephyrus,Core i9,RTX 4070,48,1024,4,0.55,0.3,3,0,22,42265690,37727458,929845180,0.139,1,1534930622,15000000,0,40.1,43699185.0,1433495.0,0
REQ-2026-01841,Sales,Manager,108,37,4.43,0,1,0,Lenovo,ThinkPad P16,Core i9,RTX A2000,48,1024,4,0.9,0.25,1,2,7,42981767,39419701,300872369,0.257,0,84893883,24300000,0,41.0,48343552.0,5361785.0,0
REQ-2026-01842,Design,Staff,38,45,1.27,0,0,0,HP,ProBook 445,Ryzen 5,Radeon,8,1024,1,0.6,0.7,1,1,15,13434638,13378764,201519570,0.272,1,1154473742,22500000,0,38.4,16343750.0,2909112.0,1
REQ-2026-01843,Sales,Manager,20,35,4.17,0,1,0,Apple,MacBook Air 13,M3,Apple GPU,24,256,2,0.95,1.0,3,2,20,28507936,24447251,570158720,0.575,0,314541970,24300000,1,75.1,37312725.0,8804789.0,0
REQ-2026-01844,IT,Senior,19,28,0.72,0,0,1,Lenovo,IdeaPad Slim 3,Core i3,Integrated,24,256,1,0.45,0.65,1,2,14,10541821,11453635,147585494,0.604,1,387091679,32000000,0,31.6,16477042.0,5935221.0,1
REQ-2026-01845,Design,Staff,10,40,0.26,0,1,0,Asus,ExpertBook B9,Core i7,Iris Xe,16,1024,2,0.8,0.95,2,0,25,28047435,26149445,701185875,0.258,1,420291910,22500000,0,71.0,29406893.0,1359458.0,0
REQ-2026-01846,Sales,Manager,67,42,5.45,1,0,0,Lenovo,ThinkPad P16,Core i9,RTX A2000,32,2048,4,0.9,0.25,1,0,20,40317620,42035410,806352400,0.513,1,404310957,24300000,0,38.0,41399318.0,1081698.0,0
REQ-2026-01847,IT,Staff,96,5,0.85,0,0,1,Apple,MacBook Pro 14,M3 Pro,Apple GPU,18,512,4,0.95,0.85,3,1,19,30621604,31548418,581810476,0.489,0,601647059,24000000,1,48.1,36735887.0,6114283.0,1
REQ-2026-01848,Finance,Manager,39,25,0.81,0,1,1,Dell,Precision 5690,Core i9,RTX 3500,48,2048,4,0.85,0.35,1,0,20,49775581,43074665,995511620,0.513,0,1169492214,27000000,1,34.4,51214941.0,1439360.0,0
REQ-2026-01849,HR,Staff,36,26,0.15,2,0,0,Asus,ExpertBook B9,Core i7,Iris Xe,24,2048,2,0.8,0.95,1,1,1,32003556,30769359,32003556,0.196,1,9932284,11250000,0,45.7,34638969.0,2635413.0,0
REQ-2026-01850,IT,Senior,23,21,0.7,0,0,0,Lenovo,ThinkPad X1,Core i7,Iris Xe,32,2048,3,0.9,0.95,2,0,4,41633382,35978130,166533528,0.143,1,155670612,32000000,1,55.4,43048296.0,1414914.0,1
REQ-2026-01851,Design,Senior,7,17,0.98,0,0,0,Lenovo,ThinkPad P16,Core i9,RTX A2000,40,1024,4,0.9,0.25,1,1,13,39963401,39306074,519524213,0.091,0,519406835,30000000,1,38.5,42252852.0,2289451.0,1
REQ-2026-01852,Medical Staff,Manager,26,48,0.93,0,1,0,Asus,Vivobook 14,Core i5,Integrated,8,512,1,0.5,0.7,2,0,5,12866533,11241531,64332665,0.506,1,143195618,29700000,1,41.4,14289241.0,1422708.0,1
REQ-2026-01853,Medical Staff,Staff,82,37,0.56,0,1,0,Dell,Inspiron 15,Core i5,Integrated,8,1024,1,0.5,0.6,1,2,4,10614633,11115385,42458532,0.071,1,62423348,16500000,1,34.4,15399744.0,4785111.0,1
REQ-2026-01854,Design,Staff,61,55,0.35,0,0,0,HP,ProBook 445,Ryzen 5,Radeon,8,512,1,0.6,0.7,2,0,25,14556961,12196609,363924025,0.31,1,608591266,22500000,0,35.7,15964946.0,1407985.0,1
REQ-2026-01855,Finance,Director,29,43,1.07,1,1,0,Asus,Vivobook 14,Core i5,Integrated,8,1024,1,0.5,0.7,1,1,2,11598854,12287919,23197708,0.65,1,224806154,38000000,1,31.2,15902476.0,4303622.0,1
REQ-2026-01856,Medical Staff,Staff,79,18,0.53,0,0,0,HP,ProBook 445,Ryzen 5,Radeon,16,1536,1,0.6,0.7,2,0,13,20512095,18864085,266657235,0.429,0,487406652,16500000,1,50.1,21967945.0,1455850.0,1
REQ-2026-01857,Design,Manager,16,60,1.06,1,0,0,Lenovo,IdeaPad Slim 3,Core i3,Integrated,8,256,1,0.45,0.65,3,3,13,11791394,10372503,153288122,0.354,1,1346746388,40500000,0,39.4,21017547.0,9226153.0,1
REQ-2026-01858,HR,Staff,48,23,1.03,1,0,0,Asus,ROG Zephyrus,Core i9,RTX 4070,32,1024,4,0.55,0.3,1,2,9,37799111,34661670,340191999,0.52,0,137541464,11250000,0,28.8,44303017.0,6503906.0,0
REQ-2026-01859,IT,Staff,77,21,0.2,1,0,0,Lenovo,IdeaPad Slim 3,Core i3,Integrated,8,256,1,0.45,0.65,1,0,21,7692349,7508148,161539329,0.324,1,957281580,24000000,0,23.2,11720387.0,4028038.0,1
REQ-2026-01860,IT,Director,56,29,0.75,1,0,0,Asus,Vivobook 14,Core i5,Integrated,16,512,1,0.5,0.7,1,1,12,12192822,12264974,146313864,0.303,1,2786332505,60800000,0,28.0,17153533.0,4960711.0,1
REQ-2026-01861,HR,Staff,49,27,0.47,0,0,0,Lenovo,ThinkPad P16,Core i9,RTX A2000,32,2048,4,0.9,0.25,2,0,23,47150411,41851038,1084459453,0.071,1,986815524,11250000,0,42.1,48562400.0,1411989.0,0
REQ-2026-01862,IT,Manager,49,38,1.57,0,0,0,Apple,MacBook Pro 14,M3 Pro,Apple GPU,18,1024,4,0.95,0.85,2,0,7,33868602,34581484,237080214,0.174,1,795672114,43200000,0,51.2,38613531.0,4744929.0,1
REQ-2026-01863,HR,Senior,85,32,0.25,1,0,0,Dell,Precision 5690,Core i9,RTX 3500,32,2048,4,0.85,0.35,2,0,6,38255452,41368624,229532712,0.316,1,33323194,15000000,0,47.8,39439365.0,1183913.0,0
REQ-2026-01864,HR,Manager,49,63,0.2,0,1,0,Asus,Vivobook 14,Core i5,Integrated,8,1024,1,0.5,0.7,2,0,3,12374273,13580814,37122819,0.252,0,43997501,20250000,1,41.1,14217974.0,1843701.0,1
REQ-2026-01865,Sales,Senior,26,43,4.64,0,1,0,Dell,Inspiron 15,Core i5,Integrated,8,1536,1,0.5,0.6,1,2,10,12564959,13340659,125649590,0.226,1,368085446,18000000,1,35.9,16430343.0,3865384.0,1
REQ-2026-01866,Medical Staff,Staff,74,6,0.91,0,1,0,HP,OmniBook 5,Ryzen 7,Radeon,16,1024,2,0.65,0.8,1,1,10,20286912,20057659,202869120,0.087,0,102072338,16500000,1,39.2,22633692.0,2346780.0,0
REQ-2026-01867,Medical Staff,Senior,35,34,1.39,1,0,0,Apple,MacBook Pro 14,M3 Pro,Apple GPU,18,1024,4,0.95,0.85,2,0,4,37198279,34880738,148793116,0.254,0,129088566,22000000,1,70.7,41367396.0,4169117.0,0
REQ-2026-01868,IT,Staff,37,23,0.92,0,0,0,Dell,Latitude 7450,Core i7,Integrated,24,1024,2,0.85,0.85,2,0,23,29055318,25356768,668272314,0.553,0,1020815585,24000000,1,76.3,30296559.0,1241241.0,1
REQ-2026-01869,Finance,Director,117,43,0.34,0,0,1,Lenovo,ThinkPad X1,Core i7,Iris Xe,16,1024,3,0.9,0.95,1,0,3,28159650,27199698,84478950,0.066,0,134043191,38000000,1,41.8,29756264.0,1596614.0,1
REQ-2026-01870,Finance,Senior,36,48,0.42,1,1,0,HP,OmniBook 5,Ryzen 7,Radeon,16,512,2,0.65,0.8,1,0,23,17377118,17613483,399673714,0.302,1,977342878,20000000,1,33.2,20326104.0,2948986.0,1
REQ-2026-01871,HR,Manager,15,21,0.08,1,0,1,HP,ZBook Firefly,Core i7,RTX A500,40,1024,3,0.8,0.6,1,1,22,32648749,33348235,718272478,0.222,1,786329086,20250000,0,29.9,36729645.0,4080896.0,1
REQ-2026-01872,Finance,Staff,39,58,0.38,0,1,0,Dell,Precision 5690,Core i9,RTX 3500,40,2048,4,0.85,0.35,1,1,17,41226406,41753622,700848902,0.215,0,174238525,15000000,0,87.7,43692156.0,2465750.0,0
REQ-2026-01873,Medical Staff,Staff,46,34,1.49,0,1,1,Lenovo,ThinkPad P16,Core i9,RTX A2000,32,2048,4,0.9,0.25,1,0,22,45128288,42833690,992822336,0.169,1,813652891,16500000,0,32.3,47140677.0,2012389.0,0
REQ-2026-01874,Sales,Staff,84,38,4.51,0,0,0,Lenovo,ThinkPad T14,Core i5,Integrated,16,512,2,0.92,0.75,1,2,5,17042493,16900163,85212465,0.408,1,53752408,13500000,1,55.6,20818560.0,3776067.0,0
REQ-2026-01875,Finance,Staff,33,45,0.23,1,1,0,Lenovo,ThinkPad P16,Core i9,RTX A2000,32,1024,4,0.9,0.25,2,0,24,42234735,38445412,1013633640,0.577,1,484463231,15000000,0,53.4,43760114.0,1525379.0,0
REQ-2026-01876,Finance,Staff,31,8,0.53,0,1,1,Lenovo,ThinkPad T14,Core i5,Integrated,16,1024,2,0.92,0.75,1,1,17,22407252,19093006,380923284,0.111,0,906788466,15000000,1,56.4,24618218.0,2210966.0,1
REQ-2026-01877,Design,Staff,15,22,1.03,0,1,0,Asus,Vivobook 14,Core i5,Integrated,8,512,1,0.5,0.7,1,3,17,11381603,10600204,193487251,0.172,1,178379929,22500000,0,30.6,17359113.0,5977510.0,1
REQ-2026-01878,Finance,Senior,66,38,0.57,0,0,0,Asus,ROG Zephyrus,Core i9,RTX 4070,32,1024,4,0.55,0.3,1,0,16,37665256,35335108,602644096,0.033,1,503636109,20000000,0,48.7,39388153.0,1722897.0,1
REQ-2026-01879,Finance,Manager,22,33,0.58,1,1,1,Apple,MacBook Air 13,M3,Apple GPU,8,256,2,0.95,1.0,1,0,10,21112443,18334218,211124430,0.279,0,642107230,27000000,1,45.6,25411098.0,4298655.0,1
REQ-2026-01880,Medical Staff,Manager,95,34,1.39,0,1,0,Asus,ExpertBook B9,Core i7,Iris Xe,16,1024,2,0.8,0.95,2,1,16,24037784,25273914,384604544,0.11,1,406474421,29700000,1,58.5,26662895.0,2625111.0,1
REQ-2026-01881,Finance,Senior,56,18,0.1,0,1,0,Apple,MacBook Pro 14,M3 Pro,Apple GPU,18,1024,4,0.95,0.85,2,1,17,41032993,33718287,697560881,0.267,0,678508372,20000000,0,60.0,47127445.0,6094452.0,0
REQ-2026-01882,Sales,Manager,50,28,2.77,0,0,0,Asus,ROG Zephyrus,Core i9,RTX 4070,32,1024,4,0.55,0.3,2,5,7,37115715,34855619,259810005,0.488,1,322063890,24300000,0,61.0,49148913.0,12033198.0,1
REQ-2026-01883,Medical Staff,Staff,68,34,1.02,1,0,1,Dell,Latitude 7450,Core i7,Integrated,24,512,2,0.85,0.85,1,0,19,24491961,23548598,465347259,0.307,0,539607389,16500000,1,38.5,25618728.0,1126767.0,1
REQ-2026-01884,IT,Staff,37,26,0.07,1,1,0,Lenovo,ThinkPad T14,Core i5,Integrated,16,512,2,0.92,0.75,1,0,22,16016859,16237104,352370898,0.307,0,703462124,24000000,1,46.7,17890451.0,1873592.0,1
REQ-2026-01885,Finance,Senior,140,32,1.36,0,0,0,HP,ZBook Firefly,Core i7,RTX A500,32,1024,3,0.8,0.6,2,0,21,30251502,31889855,635281542,0.333,0,635080603,20000000,1,57.6,31479823.0,1228321.0,1
REQ-2026-01886,Medical Staff,Manager,43,25,1.12,0,0,0,Lenovo,ThinkPad T14,Core i5,Integrated,24,512,2,0.92,0.75,1,1,1,21540303,19809411,21540303,0.449,0,137933860,29700000,1,40.4,25779686.0,4239383.0,1
REQ-2026-01887,IT,Manager,27,22,2.31,0,1,0,HP,ZBook Firefly,Core i7,RTX A500,40,1024,3,0.8,0.6,2,0,19,36171615,34637675,687260685,0.325,0,1500326628,43200000,1,48.6,37663207.0,1491592.0,1
REQ-2026-01888,Finance,Manager,131,47,0.27,0,1,0,Lenovo,IdeaPad Slim 3,Core i3,Integrated,8,256,1,0.45,0.65,1,1,22,8322558,7859531,183096276,0.25,0,585387764,27000000,1,43.1,11859332.0,3536774.0,1
REQ-2026-01889,IT,Manager,49,35,1.29,1,0,0,HP,ZBook Firefly,Core i7,RTX A500,32,1024,3,0.8,0.6,1,0,21,32794867,28322724,688692207,0.087,0,1552501075,43200000,1,43.5,34432386.0,1637519.0,1
REQ-2026-01890,HR,Staff,17,59,0.64,0,1,0,Lenovo,ThinkPad X1,Core i7,Iris Xe,24,1024,3,0.9,0.95,1,1,13,31514089,29861552,409683157,0.329,1,214292522,11250000,1,37.5,34355911.0,2841822.0,0
REQ-2026-01891,Medical Staff,Staff,12,14,0.72,0,1,1,HP,OmniBook 5,Ryzen 7,Radeon,32,1024,2,0.65,0.8,1,1,3,21579999,22508842,64739997,0.332,1,75638905,16500000,1,32.4,24784569.0,3204570.0,1
REQ-2026-01892,Finance,Staff,21,33,0.69,0,1,0,Dell,Inspiron 15,Core i5,Integrated,8,512,1,0.5,0.6,1,0,24,10284546,9314613,246829104,0.301,0,699538128,15000000,1,38.6,11482848.0,1198302.0,1
REQ-2026-01893,Design,Staff,79,31,1.13,1,0,0,Lenovo,IdeaPad Slim 3,Core i3,Integrated,8,256,1,0.45,0.65,1,3,18,9082773,8058858,163489914,0.246,1,4537429187,22500000,0,28.6,15838747.0,6755974.0,1
REQ-2026-01894,Finance,Manager,53,19,1.47,0,1,1,Lenovo,ThinkPad X1,Core i7,Iris Xe,24,1024,3,0.9,0.95,1,1,12,31492602,28582961,377911224,0.602,0,1360613982,27000000,1,47.3,35355462.0,3862860.0,1
REQ-2026-01895,Sales,Manager,39,34,9.62,0,1,0,Asus,ExpertBook B9,Core i7,Iris Xe,16,2048,2,0.8,0.95,1,4,10,26091832,29171247,260918320,0.565,1,333206326,24300000,1,27.0,34751781.0,8659949.0,1
REQ-2026-01896,Design,Director,7,61,0.57,0,0,0,Lenovo,ThinkPad X1,Core i7,Iris Xe,24,1024,3,0.9,0.95,3,0,24,34318355,29421363,823640520,0.277,0,1534790290,57000000,1,63.0,36048985.0,1730630.0,1
REQ-2026-01897,Medical Staff,Staff,23,41,1.0,1,1,1,Asus,ExpertBook B9,Core i7,Iris Xe,16,1536,2,0.8,0.95,3,0,23,29730324,28100555,683797452,0.388,0,1044652070,16500000,1,48.6,31024935.0,1294611.0,1
REQ-2026-01898,Design,Staff,64,48,0.99,0,0,0,Asus,Vivobook 14,Core i5,Integrated,8,512,1,0.5,0.7,1,3,21,9977320,10416293,209523720,0.294,0,3243843317,22500000,0,29.3,16335699.0,6358379.0,1
REQ-2026-01899,Design,Senior,52,42,0.16,1,0,0,Apple,MacBook Air 13,M3,Apple GPU,24,768,2,0.95,1.0,1,0,2,22533164,23422274,45066328,0.506,0,48552987,30000000,1,46.2,27315096.0,4781932.0,1
REQ-2026-01900,IT,Staff,8,48,0.79,1,1,1,Asus,ExpertBook B9,Core i7,Iris Xe,16,1024,2,0.8,0.95,2,2,21,28201615,25613448,592233915,0.276,1,1241024049,24000000,1,52.8,31522502.0,3320887.0,1
REQ-2026-01901,IT,Staff,79,34,0.71,0,0,0,HP,ZBook Firefly,Core i7,RTX A500,32,1536,3,0.8,0.6,2,1,13,32040352,32229199,416524576,0.33,1,309124132,24000000,1,48.6,34976626.0,2936274.0,0
REQ-2026-01902,IT,Staff,46,24,0.9,0,0,1,Dell,Inspiron 15,Core i5,Integrated,8,512,1,0.5,0.6,1,1,18,10460569,9152516,188290242,0.092,1,1370951372,24000000,0,24.6,15115921.0,4655352.0,1
REQ-2026-01903,Design,Staff,132,30,2.21,0,0,0,Apple,MacBook Air 13,M3,Apple GPU,8,768,2,0.95,1.0,2,0,19,21954432,20501265,417134208,0.166,1,1183101184,22500000,0,64.9,26840316.0,4885884.0,1
REQ-2026-01904,Finance,Senior,93,23,0.32,0,1,0,Asus,Vivobook 14,Core i5,Integrated,8,512,1,0.5,0.7,1,0,21,11356831,10056196,238493451,0.506,0,752108246,20000000,1,42.5,13042691.0,1685860.0,1
REQ-2026-01905,HR,Senior,30,35,0.07,0,1,0,Asus,Vivobook 14,Core i5,Integrated,16,512,1,0.5,0.7,1,2,9,10780597,11992649,97025373,0.377,1,64615781,15000000,1,30.9,16317308.0,5536711.0,1
REQ-2026-01906,Design,Staff,16,15,0.56,0,1,0,Lenovo,ThinkPad X1,Core i7,Iris Xe,16,1024,3,0.9,0.95,2,0,21,27151200,29657165,570175200,0.272,0,502381819,22500000,1,37.6,28636713.0,1485513.0,1
REQ-2026-01907,Design,Staff,15,43,0.36,1,0,0,HP,OmniBook 5,Ryzen 7,Radeon,24,512,2,0.65,0.8,2,1,4,22155995,19841694,88623980,0.126,1,187313512,22500000,1,42.5,25026114.0,2870119.0,1
REQ-2026-01908,Design,Manager,17,35,1.66,1,0,0,Apple,MacBook Air 13,M3,Apple GPU,24,256,2,0.95,1.0,3,0,22,22712006,24147598,499664132,0.264,0,5287535047,40500000,1,78.6,27009546.0,4297540.0,1
REQ-2026-01909,IT,Staff,20,40,0.01,0,0,0,Lenovo,ThinkPad P16,Core i9,RTX A2000,32,1024,4,0.9,0.25,1,0,25,44435094,35807421,1110877350,0.537,0,2844371512,24000000,0,41.7,45952163.0,1517069.0,0
REQ-2026-01910,Design,Staff,18,43,0.14,0,0,0,Asus,Vivobook 14,Core i5,Integrated,16,1536,1,0.5,0.7,1,2,10,16435349,16726322,164353490,0.106,0,322004029,22500000,0,30.6,20762320.0,4326971.0,1
REQ-2026-01911,HR,Senior,48,45,0.02,0,1,0,Lenovo,ThinkPad P16,Core i9,RTX A2000,32,2048,4,0.9,0.25,1,0,22,39304023,40133109,864688506,0.449,0,577780133,15000000,1,55.6,41038376.0,1734353.0,0
REQ-2026-01912,Medical Staff,Manager,71,34,1.23,0,1,0,Apple,MacBook Pro 14,M3 Pro,Apple GPU,26,512,4,0.95,0.85,2,3,11,35318240,34365151,388500640,0.485,1,544538894,29700000,0,63.3,42935975.0,7617735.0,1
REQ-2026-01913,Medical Staff,Staff,161,24,1.52,1,1,0,Asus,ROG Zephyrus,Core i9,RTX 4070,32,1536,4,0.55,0.3,2,1,6,40080202,38625097,240481212,0.388,1,206594604,16500000,1,43.0,42619546.0,2539344.0,0
REQ-2026-01914,Finance,Staff,43,59,0.3,0,1,0,Lenovo,ThinkPad X1,Core i7,Iris Xe,16,2048,3,0.9,0.95,1,0,2,37489214,31001529,74978428,0.412,1,37486895,15000000,1,34.1,39418534.0,1929320.0,0
REQ-2026-01915,HR,Staff,15,76,1.02,0,0,0,Asus,ExpertBook B9,Core i7,Iris Xe,16,1024,2,0.8,0.95,2,1,3,24785295,26784950,74355885,0.232,0,124559210,11250000,1,46.9,27785414.0,3000119.0,0
REQ-2026-01916,HR,Manager,31,31,0.72,1,0,0,Asus,Vivobook 14,Core i5,Integrated,8,512,1,0.5,0.7,2,0,19,11449318,11055229,217537042,0.38,0,673906568,20250000,1,32.0,13750163.0,2300845.0,1
REQ-2026-01917,Sales,Director,29,37,8.61,1,0,0,Apple,MacBook Pro 14,M3 Pro,Apple GPU,18,1024,4,0.95,0.85,1,4,19,36137752,30736576,686617288,0.583,1,716261754,34200000,1,31.4,54021734.0,17883982.0,1
REQ-2026-01918,IT,Manager,50,24,0.92,0,1,0,Asus,ROG Zephyrus,Core i9,RTX 4070,32,1536,4,0.55,0.3,3,1,3,43972021,37540144,131916063,0.295,1,149959814,43200000,1,45.4,46630521.0,2658500.0,1
REQ-2026-01919,Finance,Staff,233,60,0.4,2,0,0,Lenovo,ThinkPad T14,Core i5,Integrated,16,1024,2,0.92,0.75,3,0,15,18952966,22276313,284294490,0.2,1,262519135,15000000,1,87.3,20757386.0,1804420.0,1
REQ-2026-01920,Sales,Director,7,25,0.71,0,1,0,Apple,MacBook Pro 14,M3 Pro,Apple GPU,18,1024,4,0.95,0.85,3,0,20,35596090,37147305,711921800,0.315,0,917583816,34200000,1,68.1,40422278.0,4826188.0,0
REQ-2026-01921,Medical Staff,Staff,25,35,0.87,0,1,1,HP,ProBook 445,Ryzen 5,Radeon,16,512,1,0.6,0.7,2,0,8,14226748,14898301,113813984,0.47,1,367119768,16500000,1,30.3,16754499.0,2527751.0,1
REQ-2026-01922,Design,Manager,48,34,0.2,0,0,0,Asus,ExpertBook B9,Core i7,Iris Xe,16,1536,2,0.8,0.95,3,0,21,25586634,28925151,537319314,0.223,0,1941358218,40500000,1,34.0,26640462.0,1053828.0,1
REQ-2026-01923,Design,Staff,109,47,1.62,1,0,0,Lenovo,IdeaPad Slim 3,Core i3,Integrated,8,256,1,0.45,0.65,1,0,5,7886664,7856695,39433320,0.261,0,145073083,22500000,0,29.4,10485155.0,2598491.0,1
REQ-2026-01924,Medical Staff,Manager,136,47,1.44,0,1,1,Apple,MacBook Air 13,M3,Apple GPU,8,768,2,0.95,1.0,1,2,12,21411557,19739642,256938684,0.521,0,309219547,29700000,1,50.9,30446362.0,9034805.0,1
REQ-2026-01925,Medical Staff,Senior,5,23,1.07,1,0,0,Lenovo,IdeaPad Slim 3,Core i3,Integrated,16,256,1,0.45,0.65,1,2,16,9108572,9068573,145737152,0.815,1,712746197,22000000,1,28.9,14431409.0,5322837.0,1
REQ-2026-01926,Medical Staff,Senior,136,23,1.64,1,1,0,HP,ZBook Firefly,Core i7,RTX A500,32,1024,3,0.8,0.6,1,0,2,29540003,28622209,59080006,0.28,1,80340156,22000000,1,31.4,31869386.0,2329383.0,1
REQ-2026-01927,Design,Senior,32,30,0.7,0,1,0,HP,ZBook Firefly,Core i7,RTX A500,32,1024,3,0.8,0.6,2,1,22,31917753,28580969,702190566,0.142,0,1709919951,30000000,1,45.4,35483516.0,3565763.0,1
REQ-2026-01928,Design,Senior,36,43,0.25,0,0,0,HP,ProBook 445,Ryzen 5,Radeon,16,1024,1,0.6,0.7,3,2,19,19758586,18199733,375413134,0.18,1,764507898,30000000,0,42.2,25889618.0,6131032.0,1
REQ-2026-01929,IT,Senior,116,7,0.31,0,1,0,Asus,Vivobook 14,Core i5,Integrated,24,1536,1,0.5,0.7,1,2,19,18410280,18949283,349795320,0.438,0,3003223347,32000000,0,36.8,23860358.0,5450078.0,1
REQ-2026-01930,IT,Director,67,46,0.64,0,1,0,Dell,Inspiron 15,Core i5,Integrated,8,512,1,0.5,0.6,2,0,19,9617669,10187754,182735711,0.101,1,5840182198,60800000,0,40.7,10972557.0,1354888.0,1
REQ-2026-01931,Sales,Senior,42,36,1.31,0,0,0,Apple,MacBook Air 13,M3,Apple GPU,8,256,2,0.95,1.0,2,0,6,17938938,17450518,107633628,0.487,0,614061379,18000000,1,53.8,22548058.0,4609120.0,1
REQ-2026-01932,Finance,Staff,12,38,0.48,0,1,0,Asus,Vivobook 14,Core i5,Integrated,8,512,1,0.5,0.7,1,3,7,11375233,9889021,79626631,0.089,0,140807139,15000000,1,28.5,18183354.0,6808121.0,0
REQ-2026-01933,HR,Senior,39,41,0.58,0,1,0,Dell,Inspiron 15,Core i5,Integrated,16,512,1,0.5,0.6,3,1,2,15871058,13264935,31742116,0.508,0,54150744,15000000,1,37.2,19011190.0,3140132.0,1
REQ-2026-01934,HR,Staff,65,32,0.36,1,1,0,Dell,Inspiron 15,Core i5,Integrated,8,1024,1,0.5,0.6,2,0,19,11503593,12578799,218568267,0.38,0,486092712,11250000,1,39.2,13421019.0,1917426.0,1
REQ-2026-01935,Sales,Staff,33,17,0.27,0,1,0,Dell,Latitude 7450,Core i7,Integrated,24,512,2,0.85,0.85,2,2,8,30239639,24799890,241917112,0.296,0,178977550,13500000,1,46.5,33269818.0,3030179.0,0
REQ-2026-01936,Design,Senior,23,30,0.8,1,0,0,Lenovo,ThinkPad X1,Core i7,Iris Xe,16,1024,3,0.9,0.95,2,0,15,32821797,27502818,492326955,0.65,0,888399074,30000000,1,67.1,34685110.0,1863313.0,1
REQ-2026-01937,Sales,Staff,40,53,8.39,1,0,1,HP,ZBook Firefly,Core i7,RTX A500,48,1536,3,0.8,0.6,2,3,13,36803039,35169542,478439507,0.52,0,284263586,13500000,1,49.9,43343846.0,6540807.0,0
REQ-2026-01938,IT,Senior,73,35,1.2,0,0,0,Dell,Inspiron 15,Core i5,Integrated,16,512,1,0.5,0.6,2,4,24,13752570,12891704,330061680,0.179,0,1625213265,32000000,0,39.4,21701498.0,7948928.0,1
REQ-2026-01939,Medical Staff,Senior,130,28,3.98,1,0,0,Asus,Vivobook 14,Core i5,Integrated,8,1024,1,0.5,0.7,1,0,10,15126986,12125766,151269860,0.144,0,298284341,22000000,1,16.3,20490556.0,5363570.0,1
REQ-2026-01940,HR,Staff,55,16,0.31,1,1,0,Dell,Inspiron 15,Core i5,Integrated,24,512,1,0.5,0.6,3,2,24,16403656,15434642,393687744,0.531,0,1059578617,11250000,1,62.1,19477023.0,3073367.0,0
REQ-2026-01941,IT,Staff,17,30,0.6,1,1,0,Apple,MacBook Pro 14,M3 Pro,Apple GPU,18,1536,4,0.95,0.85,1,0,20,38106047,34298204,762120940,0.223,1,340728818,24000000,1,44.2,43107417.0,5001370.0,0
REQ-2026-01942,Design,Senior,30,58,0.32,1,0,0,Dell,Precision 5690,Core i9,RTX 3500,32,2048,4,0.85,0.35,2,1,23,44819172,45513991,1030840956,0.124,1,929429742,30000000,1,26.6,49188700.0,4369528.0,1
REQ-2026-01943,Design,Manager,35,31,0.48,0,0,1,Lenovo,ThinkPad X1,Core i7,Iris Xe,16,1024,3,0.9,0.95,1,1,18,31833585,26454654,573004530,0.641,1,1413578450,40500000,1,58.4,36367684.0,4534099.0,1
REQ-2026-01944,Finance,Staff,20,40,0.46,1,1,0,HP,OmniBook 5,Ryzen 7,Radeon,32,512,2,0.65,0.8,1,0,24,21712385,21207467,521097240,0.424,1,808213366,15000000,0,34.8,23703524.0,1991139.0,1
REQ-2026-01945,Design,Senior,20,49,0.87,2,0,0,Asus,ROG Zephyrus,Core i9,RTX 4070,40,1024,4,0.55,0.3,2,2,5,38509484,38254665,192547420,0.559,0,233039818,30000000,1,37.6,42592176.0,4082692.0,1
REQ-2026-01946,Medical Staff,Staff,50,37,1.16,0,0,0,Apple,MacBook Pro 14,M3 Pro,Apple GPU,26,512,4,0.95,0.85,2,0,23,34412931,34800655,791497413,0.385,1,1070064188,16500000,1,52.8,39008232.0,4595301.0,0
REQ-2026-01947,Sales,Manager,28,31,0.98,0,0,0,Lenovo,ThinkPad X1,Core i7,Iris Xe,24,2048,3,0.9,0.95,3,1,7,39621408,34276616,277349856,0.066,0,92904534,24300000,1,51.5,42826998.0,3205590.0,0
REQ-2026-01948,Design,Staff,107,64,0.08,0,0,0,Asus,ROG Zephyrus,Core i9,RTX 4070,40,1024,4,0.55,0.3,3,0,22,37016286,38272750,814358292,0.362,0,1035462262,22500000,1,31.8,38661901.0,1645615.0,1
REQ-2026-01949,HR,Staff,4,22,0.33,0,1,0,Dell,Latitude 7450,Core i7,Integrated,24,512,2,0.85,0.85,2,0,25,28320864,24824415,708021600,0.193,0,667774344,11250000,1,42.7,29994183.0,1673319.0,1
REQ-2026-01950,IT,Manager,23,29,1.46,1,0,1,HP,ProBook 445,Ryzen 5,Radeon,16,512,1,0.6,0.7,1,1,11,15193361,13277708,167126971,0.486,1,670845614,43200000,0,34.7,18093152.0,2899791.0,1
REQ-2026-01951,Finance,Senior,42,32,1.18,1,1,0,HP,ProBook 445,Ryzen 5,Radeon,16,1536,1,0.6,0.7,3,1,11,20439799,19596492,224837789,0.332,0,656670848,20000000,1,40.5,23709152.0,3269353.0,1
REQ-2026-01952,Finance,Staff,19,26,0.09,1,1,1,Asus,ROG Zephyrus,Core i9,RTX 4070,40,1536,4,0.55,0.3,2,0,12,39262818,39481605,471153816,0.345,1,271042219,15000000,1,33.2,41565987.0,2303169.0,0
REQ-2026-01953,IT,Manager,43,61,0.81,0,1,0,Dell,Latitude 7450,Core i7,Integrated,32,512,2,0.85,0.85,1,1,6,24916413,25071731,149498478,0.567,1,948767627,43200000,1,25.2,31002840.0,6086427.0,1
REQ-2026-01954,Sales,Director,41,36,1.93,2,1,1,HP,ProBook 445,Ryzen 5,Radeon,8,512,1,0.6,0.7,3,1,2,13683097,14344157,27366194,0.528,0,34147592,34200000,1,37.7,17837014.0,4153917.0,1
REQ-2026-01955,HR,Senior,24,17,0.4,0,0,0,Dell,Latitude 7450,Core i7,Integrated,32,512,2,0.85,0.85,2,2,2,30357371,26623103,60714742,0.367,0,36967971,15000000,1,48.0,35881904.0,5524533.0,0
REQ-2026-01956,Design,Senior,37,25,0.53,0,0,0,Dell,Inspiron 15,Core i5,Integrated,8,512,1,0.5,0.6,2,1,4,9613218,10477850,38452872,0.336,1,166124660,30000000,0,42.7,13000400.0,3387182.0,1
REQ-2026-01957,Design,Staff,49,1,0.78,0,0,0,Lenovo,ThinkPad P16,Core i9,RTX A2000,40,1536,4,0.9,0.25,2,2,10,45714731,39675119,457147310,0.454,1,477866803,22500000,1,61.7,49868975.0,4154244.0,0
REQ-2026-01958,Medical Staff,Manager,4,32,0.17,2,1,1,Lenovo,ThinkPad P16,Core i9,RTX A2000,32,1024,4,0.9,0.25,1,0,1,40808845,36878949,40808845,0.152,0,58390427,29700000,1,57.4,42346437.0,1537592.0,1
REQ-2026-01959,Design,Senior,77,39,0.82,0,0,0,Apple,MacBook Pro 14,M3 Pro,Apple GPU,18,512,4,0.95,0.85,1,1,13,36865948,31844542,479257324,0.451,0,228747830,30000000,0,50.4,43427033.0,6561085.0,0
REQ-2026-01960,Sales,Staff,103,35,1.07,0,1,0,HP,ZBook Firefly,Core i7,RTX A500,32,1536,3,0.8,0.6,2,0,14,32153261,32773953,450145654,0.442,1,106835729,13500000,0,79.1,33801784.0,1648523.0,0
REQ-2026-01961,Medical Staff,Staff,24,29,0.61,1,1,0,Lenovo,IdeaPad Slim 3,Core i3,Integrated,8,256,1,0.45,0.65,2,1,20,9449609,8797810,188992180,0.328,1,949637222,16500000,1,57.4,11760568.0,2310959.0,1
REQ-2026-01962,Finance,Manager,29,32,1.02,1,1,0,Lenovo,ThinkPad T14,Core i5,Integrated,16,512,2,0.92,0.75,3,0,7,21160926,20057535,148126482,0.034,1,203935447,27000000,1,44.9,22695076.0,1534150.0,1
REQ-2026-01963,Finance,Manager,35,21,1.09,0,1,0,HP,ProBook 445,Ryzen 5,Radeon,8,1024,1,0.6,0.7,1,1,7,15572705,14030114,109008935,0.647,0,436045456,27000000,0,30.2,20307550.0,4734845.0,1
REQ-2026-01964,Design,Senior,105,26,0.13,0,0,0,Dell,Latitude 7450,Core i7,Integrated,24,512,2,0.85,0.85,2,3,9,25324036,25226959,227916324,0.443,0,989518520,30000000,1,55.9,33229194.0,7905158.0,1
REQ-2026-01965,Sales,Senior,82,35,5.16,1,0,0,Asus,ROG Zephyrus,Core i9,RTX 4070,32,1536,4,0.55,0.3,2,4,18,36743864,36243087,661389552,0.254,0,2032648014,18000000,0,31.5,44947075.0,8203211.0,1
REQ-2026-01966,Medical Staff,Senior,17,32,0.3,2,1,0,HP,OmniBook 5,Ryzen 7,Radeon,32,1024,2,0.65,0.8,2,0,11,24638654,24776904,271025194,0.321,1,677431027,22000000,1,34.6,26281201.0,1642547.0,1
REQ-2026-01967,Sales,Senior,47,34,3.47,0,1,0,Apple,MacBook Air 13,M3,Apple GPU,8,768,2,0.95,1.0,1,1,20,21144050,19182954,422881000,0.283,0,448202423,18000000,1,52.3,27060094.0,5916044.0,1
REQ-2026-01968,Sales,Manager,102,53,7.85,3,1,1,Lenovo,ThinkPad T14,Core i5,Integrated,16,512,2,0.92,0.75,1,0,3,17290626,18013233,51871878,0.097,1,59412771,24300000,1,28.2,20335695.0,3045069.0,1
REQ-2026-01969,Design,Senior,19,50,0.88,1,0,0,Lenovo,ThinkPad T14,Core i5,Integrated,24,1024,2,0.92,0.75,1,0,25,21274590,22403326,531864750,0.393,1,1408026548,30000000,1,49.1,22712146.0,1437556.0,1
REQ-2026-01970,Sales,Staff,24,16,4.04,0,0,0,Apple,MacBook Pro 14,M3 Pro,Apple GPU,18,512,4,0.95,0.85,3,2,1,35671297,32811303,35671297,0.288,1,26611055,13500000,0,55.3,41981556.0,6310259.0,0
REQ-2026-01971,Design,Staff,69,1,1.15,1,0,0,Asus,ROG Zephyrus,Core i9,RTX 4070,48,1024,4,0.55,0.3,1,0,18,36572354,38475630,658302372,0.459,1,1002947350,22500000,1,26.8,39776540.0,3204186.0,0
REQ-2026-01972,Finance,Staff,6,44,0.21,0,1,0,Lenovo,ThinkPad X1,Core i7,Iris Xe,24,1024,3,0.9,0.95,3,0,16,34202240,30675191,547235840,0.333,1,123169612,15000000,1,65.7,35634502.0,1432262.0,0
REQ-2026-01973,Sales,Staff,70,42,0.89,0,0,0,Lenovo,IdeaPad Slim 3,Core i3,Integrated,8,256,1,0.45,0.65,2,2,24,8991497,8800372,215795928,0.614,1,297434633,13500000,1,38.5,13117593.0,4126096.0,1
REQ-2026-01974,HR,Manager,53,35,0.44,0,0,0,Dell,Latitude 7450,Core i7,Integrated,24,1024,2,0.85,0.85,1,1,4,25280800,25350918,101123200,0.11,1,486936285,20250000,1,41.1,28322890.0,3042090.0,1
REQ-2026-01975,IT,Senior,74,30,1.63,0,1,0,Asus,ExpertBook B9,Core i7,Iris Xe,24,1024,2,0.8,0.95,1,0,9,34968776,25633210,314718984,0.605,0,953029942,32000000,1,41.1,36267725.0,1298949.0,1
REQ-2026-01976,HR,Senior,31,25,0.2,0,1,0,Lenovo,IdeaPad Slim 3,Core i3,Integrated,16,256,1,0.45,0.65,2,2,6,11226336,10942963,67358016,0.308,1,97076469,15000000,1,23.7,17051521.0,5825185.0,1
REQ-2026-01977,Medical Staff,Staff,47,41,2.74,0,1,1,Asus,Vivobook 14,Core i5,Integrated,8,512,1,0.5,0.7,1,4,22,10619839,9998601,233636458,0.264,1,1161766310,16500000,1,31.9,16858565.0,6238726.0,1
REQ-2026-01978,HR,Staff,55,32,1.01,0,1,0,Dell,Latitude 7450,Core i7,Integrated,16,1536,2,0.85,0.85,1,1,18,24886393,25051748,447955074,0.062,1,634016266,11250000,1,36.0,28047358.0,3160965.0,0
REQ-2026-01979,Design,Staff,26,42,0.3,0,0,0,HP,ProBook 445,Ryzen 5,Radeon,24,512,1,0.6,0.7,2,0,7,16113117,15681881,112791819,0.078,1,225620952,22500000,0,35.4,17734145.0,1621028.0,1
REQ-2026-01980,HR,Manager,11,34,0.79,0,1,0,HP,ZBook Firefly,Core i7,RTX A500,32,1024,3,0.8,0.6,1,1,25,29824977,29734854,745624425,0.227,0,2917387945,20250000,0,30.6,34201505.0,4376528.0,1
REQ-2026-01981,Finance,Staff,43,34,1.8,2,1,0,Lenovo,ThinkPad X1,Core i7,Iris Xe,16,1024,3,0.9,0.95,2,1,9,26893074,29697846,242037666,0.213,1,137758374,15000000,1,43.5,29387098.0,2494024.0,1
REQ-2026-01982,Medical Staff,Staff,11,45,0.4,0,0,0,Asus,Vivobook 14,Core i5,Integrated,16,512,1,0.5,0.7,1,1,23,12902275,12198262,296752325,0.283,1,940501164,16500000,1,39.7,15314574.0,2412299.0,1
REQ-2026-01983,Medical Staff,Senior,53,42,0.98,1,1,0,Apple,MacBook Pro 14,M3 Pro,Apple GPU,18,1024,4,0.95,0.85,1,2,14,34164859,32385526,478308026,0.382,0,356492598,22000000,1,37.9,41464195.0,7299336.0,1
REQ-2026-01984,IT,Manager,33,48,1.88,0,0,0,HP,ProBook 445,Ryzen 5,Radeon,16,1024,1,0.6,0.7,3,1,10,20251588,18382145,202515880,0.213,0,1317996738,43200000,0,65.4,23328789.0,3077201.0,1
REQ-2026-01985,Sales,Staff,6,40,2.95,1,0,1,Lenovo,ThinkPad T14,Core i5,Integrated,16,512,2,0.92,0.75,2,0,12,19251741,19156115,231020892,0.207,0,149744752,13500000,1,58.0,21081662.0,1829921.0,1
REQ-2026-01986,Medical Staff,Senior,13,67,2.23,0,1,1,Lenovo,IdeaPad Slim 3,Core i3,Integrated,16,768,1,0.45,0.65,1,0,9,11716636,11192896,105449724,0.302,1,350560058,22000000,1,25.5,15217711.0,3501075.0,1
REQ-2026-01987,Sales,Staff,15,27,0.21,2,0,0,Dell,Precision 5690,Core i9,RTX 3500,32,3072,4,0.85,0.35,2,1,16,48878892,45273067,782062272,0.363,0,888447414,13500000,0,38.5,51806684.0,2927792.0,0
REQ-2026-01988,Medical Staff,Manager,61,10,1.9,1,0,0,Dell,Precision 5690,Core i9,RTX 3500,32,2048,4,0.85,0.35,3,1,6,42671938,44093949,256031628,0.255,0,468132673,29700000,0,54.3,45755696.0,3083758.0,1
REQ-2026-01989,IT,Staff,11,34,0.84,0,0,0,Lenovo,IdeaPad Slim 3,Core i3,Integrated,16,256,1,0.45,0.65,2,3,13,11635502,11081500,151261526,0.528,0,204850740,24000000,0,36.8,16322378.0,4686876.0,1
REQ-2026-01990,IT,Staff,16,22,1.72,1,1,0,Lenovo,ThinkPad T14,Core i5,Integrated,24,512,2,0.92,0.75,1,0,14,20765366,19850756,290715124,0.098,1,550091245,24000000,1,58.4,22229512.0,1464146.0,1
REQ-2026-01991,Finance,Staff,103,22,0.08,0,0,0,HP,ProBook 445,Ryzen 5,Radeon,8,1536,1,0.6,0.7,1,0,4,12734736,15803047,50938944,0.485,0,46576832,15000000,1,36.9,13865428.0,1130692.0,1
REQ-2026-01992,IT,Staff,165,51,0.88,0,0,1,HP,ProBook 445,Ryzen 5,Radeon,16,1024,1,0.6,0.7,2,0,3,18912547,16676713,56737641,0.196,1,147250885,24000000,0,55.5,20570339.0,1657792.0,1
REQ-2026-01993,IT,Manager,47,30,0.16,1,1,0,HP,OmniBook 5,Ryzen 7,Radeon,16,512,2,0.65,0.8,1,1,21,17543941,16248334,368422761,0.221,1,1749080393,43200000,1,31.9,21697705.0,4153764.0,1
REQ-2026-01994,Medical Staff,Senior,62,46,1.4,1,1,0,Asus,ExpertBook B9,Core i7,Iris Xe,16,1024,2,0.8,0.95,1,1,11,30902238,23574206,339924618,0.123,1,1001743308,22000000,1,34.3,33867466.0,2965228.0,1
REQ-2026-01995,Design,Senior,40,37,1.87,0,0,0,HP,ZBook Firefly,Core i7,RTX A500,32,1024,3,0.8,0.6,2,2,24,33423718,30582125,802169232,0.228,0,961396727,30000000,1,44.9,38475962.0,5052244.0,1
REQ-2026-01996,IT,Staff,151,25,0.34,0,0,0,HP,ProBook 445,Ryzen 5,Radeon,8,512,1,0.6,0.7,3,0,21,16083855,13448808,337760955,0.097,0,838320872,24000000,0,62.1,17580944.0,1497089.0,1
REQ-2026-01997,Medical Staff,Staff,29,49,0.63,0,0,0,Apple,MacBook Air 13,M3,Apple GPU,16,256,2,0.95,1.0,2,1,9,18535398,21582778,166818582,0.57,0,126699491,16500000,1,50.6,24728336.0,6192938.0,0
REQ-2026-01998,Sales,Staff,20,48,4.25,0,1,0,HP,ZBook Firefly,Core i7,RTX A500,32,1536,3,0.8,0.6,2,0,7,37005257,32649389,259036799,0.123,1,188398774,13500000,1,37.7,38224177.0,1218920.0,0
REQ-2026-01999,Medical Staff,Staff,42,20,0.57,0,0,1,Lenovo,ThinkPad X1,Core i7,Iris Xe,16,1024,3,0.9,0.95,2,1,7,28433714,27980130,199035998,0.247,0,269941712,16500000,0,68.0,31423675.0,2989961.0,1
REQ-2026-02000,Design,Staff,28,17,0.19,0,0,0,HP,OmniBook 5,Ryzen 7,Radeon,16,512,2,0.65,0.8,1,1,9,18199650,16932862,163796850,0.262,0,580602274,22500000,1,45.3,20694361.0,2494711.0,1
REQ-2026-02001,Design,Staff,62,41,0.8,0,0,1,Asus,Vivobook 14,Core i5,Integrated,8,1024,1,0.5,0.7,2,2,8,12624152,13148902,100993216,0.367,1,1235543036,22500000,0,59.5,16777748.0,4153596.0,1
REQ-2026-02002,IT,Senior,106,33,0.83,0,0,0,Asus,ExpertBook B9,Core i7,Iris Xe,32,1536,2,0.8,0.95,1,0,24,37758530,31904605,906204720,0.172,1,1607297792,32000000,0,53.8,39025044.0,1266514.0,1
REQ-2026-02003,Medical Staff,Staff,26,8,0.53,0,1,1,Dell,Precision 5690,Core i9,RTX 3500,40,2048,4,0.85,0.35,1,2,5,42593087,41130018,212965435,0.239,1,108439228,16500000,0,46.7,47446785.0,4853698.0,0
REQ-2026-02004,IT,Manager,61,36,0.71,1,0,0,Apple,MacBook Air 13,M3,Apple GPU,8,1280,2,0.95,1.0,1,0,20,23185317,23500009,463706340,0.52,1,3745004902,43200000,0,52.8,27726739.0,4541422.0,1
REQ-2026-02005,Medical Staff,Manager,82,34,0.81,0,1,1,Dell,Inspiron 15,Core i5,Integrated,16,1024,1,0.5,0.6,3,1,3,15764361,15890623,47293083,0.531,1,138484315,29700000,1,43.8,18239888.0,2475527.0,1
REQ-2026-02006,IT,Senior,62,39,0.76,0,1,0,HP,OmniBook 5,Ryzen 7,Radeon,32,1024,2,0.65,0.8,2,0,2,26011024,23585388,52022048,0.722,1,30590192,32000000,1,42.0,27708438.0,1697414.0,1
REQ-2026-02007,Design,Senior,74,47,0.89,0,0,1,Asus,ROG Zephyrus,Core i9,RTX 4070,32,1536,4,0.55,0.3,2,2,11,38715446,37189825,425869906,0.484,0,469287704,30000000,1,42.0,42381969.0,3666523.0,1
REQ-2026-02008,Finance,Staff,26,57,0.15,0,1,0,Apple,MacBook Air 13,M3,Apple GPU,8,256,2,0.95,1.0,1,1,18,19145637,19017381,344621466,0.297,1,1480569113,15000000,1,47.9,24956198.0,5810561.0,1
REQ-2026-02009,IT,Director,3,48,1.28,2,0,0,Lenovo,IdeaPad Slim 3,Core i3,Integrated,8,256,1,0.45,0.65,3,0,2,12056967,9966890,24113934,0.681,1,109834618,60800000,0,31.0,13414558.0,1357591.0,1
REQ-2026-02010,Design,Senior,38,21,1.29,1,0,0,Lenovo,ThinkPad T14,Core i5,Integrated,24,1024,2,0.92,0.75,3,0,23,26014218,23672046,598327014,0.266,1,966083885,30000000,1,61.8,27686659.0,1672441.0,1
REQ-2026-02011,HR,Staff,44,19,0.13,1,1,0,Apple,MacBook Pro 14,M3 Pro,Apple GPU,18,512,4,0.95,0.85,2,0,12,32042003,31939512,384504036,0.687,0,364519366,11250000,0,38.7,36308203.0,4266200.0,0
REQ-2026-02012,HR,Staff,19,24,0.17,0,1,1,Dell,Latitude 7450,Core i7,Integrated,16,512,2,0.85,0.85,2,1,20,28165147,22049259,563302940,0.064,0,670969085,11250000,1,53.3,30698307.0,2533160.0,0
REQ-2026-02013,Design,Staff,45,31,0.48,1,0,0,Dell,Latitude 7450,Core i7,Integrated,16,1024,2,0.85,0.85,3,0,15,27412092,25150289,411181380,0.325,0,428790637,22500000,0,61.1,28879695.0,1467603.0,1
REQ-2026-02014,IT,Senior,20,11,0.54,2,0,0,Lenovo,ThinkPad T14,Core i5,Integrated,16,512,2,0.92,0.75,2,1,13,18952601,18901040,246383813,0.065,1,406440397,32000000,1,62.6,22543537.0,3590936.0,1
REQ-2026-02015,IT,Staff,87,33,1.08,1,0,1,Apple,MacBook Air 13,M3,Apple GPU,8,256,2,0.95,1.0,1,1,18,19490621,18592523,350831178,0.371,1,1402562897,24000000,0,45.2,25251642.0,5761021.0,1
REQ-2026-02016,Finance,Staff,12,45,0.63,1,1,0,Lenovo,IdeaPad Slim 3,Core i3,Integrated,8,768,1,0.45,0.65,1,0,23,10208431,10243058,234793913,0.456,1,671800091,15000000,1,26.4,13569168.0,3360737.0,1
REQ-2026-02017,Design,Staff,42,38,1.36,0,0,0,HP,ZBook Firefly,Core i7,RTX A500,40,1536,3,0.8,0.6,2,1,12,35716627,33300046,428599524,0.114,1,888689424,22500000,1,63.8,38543494.0,2826867.0,0
REQ-2026-02018,Sales,Staff,14,34,1.25,0,1,0,Dell,Latitude 7450,Core i7,Integrated,16,512,2,0.85,0.85,2,1,16,17471336,21759676,279541376,0.468,1,403329211,13500000,1,43.2,19966436.0,2495100.0,1
REQ-2026-02019,Finance,Staff,101,44,0.77,2,1,0,HP,ProBook 445,Ryzen 5,Radeon,8,1024,1,0.6,0.7,1,1,18,14160197,13251272,254883546,0.097,0,222371275,15000000,0,34.6,17835598.0,3675401.0,1
REQ-2026-02020,IT,Manager,57,36,1.05,0,1,0,Asus,Vivobook 14,Core i5,Integrated,24,1536,1,0.5,0.7,2,3,11,20572890,19176327,226301790,0.057,0,826479793,43200000,0,38.7,27454866.0,6881976.0,1
REQ-2026-02021,Sales,Staff,6,19,2.8,0,0,0,Lenovo,ThinkPad T14,Core i5,Integrated,16,512,2,0.92,0.75,2,0,21,19519484,19081863,409909164,0.299,1,1232078568,13500000,1,56.5,20863827.0,1344343.0,1
REQ-2026-02022,HR,Staff,55,48,0.63,0,1,1,Lenovo,ThinkPad X1,Core i7,Iris Xe,32,1024,3,0.9,0.95,2,0,22,33687426,31962885,741123372,0.282,1,427468721,11250000,1,43.1,35252089.0,1564663.0,0
REQ-2026-02023,Finance,Staff,14,51,0.79,0,1,0,Apple,MacBook Air 13,M3,Apple GPU,16,256,2,0.95,1.0,3,1,3,22392577,23292222,67177731,0.372,0,76562090,15000000,0,40.5,27962138.0,5569561.0,1
REQ-2026-02024,Sales,Staff,85,35,1.07,1,0,1,Dell,Precision 5690,Core i9,RTX 3500,40,2048,4,0.85,0.35,3,4,14,47770906,44201705,668792684,0.396,1,325430064,13500000,0,56.6,52676272.0,4905366.0,0
REQ-2026-02025,IT,Staff,61,35,0.82,0,0,0,Lenovo,ThinkPad X1,Core i7,Iris Xe,16,1024,3,0.9,0.95,1,0,5,30263735,27743141,151318675,0.238,1,487144082,24000000,1,45.5,31495406.0,1231671.0,1
REQ-2026-02026,Finance,Staff,38,42,0.07,1,1,0,Dell,Latitude 7450,Core i7,Integrated,16,1024,2,0.85,0.85,2,0,22,27705999,24297401,609531978,0.669,0,382623331,15000000,1,43.5,28611027.0,905028.0,0
REQ-2026-02027,Medical Staff,Staff,6,20,0.88,0,1,1,Dell,Latitude 7450,Core i7,Integrated,24,512,2,0.85,0.85,1,2,19,25648217,23410323,487316123,0.428,0,545450189,16500000,1,55.0,29332894.0,3684677.0,1
REQ-2026-02028,IT,Manager,48,28,0.12,0,1,0,Lenovo,ThinkPad X1,Core i7,Iris Xe,16,1024,3,0.9,0.95,3,1,14,32573714,28625586,456031996,0.107,1,1747880836,43200000,1,62.5,36728883.0,4155169.0,1
REQ-2026-02029,Design,Director,128,20,0.39,1,0,1,Lenovo,IdeaPad Slim 3,Core i3,Integrated,8,1280,1,0.45,0.65,1,0,15,12460073,11780247,186901095,0.712,1,562295846,57000000,0,36.1,14588615.0,2128542.0,1
REQ-2026-02030,Finance,Staff,54,22,2.03,0,1,0,Apple,MacBook Pro 14,M3 Pro,Apple GPU,26,512,4,0.95,0.85,2,0,7,37398587,31669776,261790109,0.171,0,86508843,15000000,0,63.2,42190746.0,4792159.0,0
REQ-2026-02031,IT,Senior,114,31,0.85,1,1,0,HP,OmniBook 5,Ryzen 7,Radeon,16,512,2,0.65,0.8,3,2,3,20280936,19825330,60842808,0.25,1,65532913,32000000,0,47.1,25546648.0,5265712.0,1
REQ-2026-02032,Medical Staff,Staff,54,27,0.59,0,0,0,Asus,Vivobook 14,Core i5,Integrated,8,1024,1,0.5,0.7,1,0,20,13683723,12245605,273674460,0.257,1,374646888,16500000,0,29.5,16269704.0,2585981.0,1
REQ-2026-02033,Sales,Senior,22,46,3.33,0,0,0,Dell,Precision 5690,Core i9,RTX 3500,32,2048,4,0.85,0.35,3,0,15,40375384,46265204,605630760,0.767,0,2211267994,18000000,1,53.5,41746054.0,1370670.0,0
REQ-2026-02034,Finance,Senior,23,45,0.61,0,1,1,HP,OmniBook 5,Ryzen 7,Radeon,24,1536,2,0.65,0.8,2,1,5,21696829,25227814,108484145,0.33,0,65643200,20000000,1,45.3,24321095.0,2624266.0,1
REQ-2026-02035,HR,Director,19,32,1.12,0,1,0,HP,ZBook Firefly,Core i7,RTX A500,48,1536,3,0.8,0.6,1,0,13,36144147,33923981,469873911,0.302,1,414530113,28500000,0,34.2,38377133.0,2232986.0,1
REQ-2026-02036,Finance,Director,15,34,0.47,2,1,1,Dell,Precision 5690,Core i9,RTX 3500,32,3072,4,0.85,0.35,1,2,19,42290353,43318662,803516707,0.322,0,1212253809,38000000,1,52.4,50024645.0,7734292.0,1
REQ-2026-02037,IT,Director,8,60,0.44,0,1,0,Apple,MacBook Pro 14,M3 Pro,Apple GPU,34,512,4,0.95,0.85,2,1,14,33986670,35054271,475813380,0.45,0,816053609,60800000,0,70.2,40603587.0,6616917.0,1
REQ-2026-02038,HR,Staff,25,40,0.08,2,1,0,Lenovo,ThinkPad T14,Core i5,Integrated,24,512,2,0.92,0.75,2,0,1,20075405,21280027,20075405,0.1,0,17223906,11250000,1,43.1,21372321.0,1296916.0,0
REQ-2026-02039,Finance,Staff,60,22,0.67,0,1,0,Lenovo,IdeaPad Slim 3,Core i3,Integrated,8,256,1,0.45,0.65,2,2,6,9004444,8619181,54026664,0.358,1,335949751,15000000,0,34.4,13454766.0,4450322.0,1
REQ-2026-02040,Design,Staff,12,25,0.41,1,0,0,Asus,Vivobook 14,Core i5,Integrated,8,512,1,0.5,0.7,1,2,3,11185215,10245856,33555645,0.166,1,223728705,22500000,0,39.9,14710766.0,3525551.0,1
REQ-2026-02041,Design,Staff,22,26,0.49,1,0,0,HP,ProBook 445,Ryzen 5,Radeon,8,1024,1,0.6,0.7,1,1,22,14147604,14168158,311247288,0.266,1,714792437,22500000,0,29.2,18513757.0,4366153.0,1
REQ-2026-02042,IT,Senior,116,17,0.33,1,1,0,Lenovo,IdeaPad Slim 3,Core i3,Integrated,16,256,1,0.45,0.65,1,0,12,9620420,9881642,115445040,0.292,0,671096714,32000000,0,28.2,12498512.0,2878092.0,1
REQ-2026-02043,Finance,Staff,17,46,0.62,0,1,1,Lenovo,ThinkPad X1,Core i7,Iris Xe,16,1024,3,0.9,0.95,2,0,22,27332623,28596229,601317706,0.43,0,529170167,15000000,1,79.2,28584048.0,1251425.0,0
REQ-2026-02044,Sales,Senior,20,34,1.6,0,0,0,Dell,Precision 5690,Core i9,RTX 3500,32,2048,4,0.85,0.35,1,1,16,43783516,39479109,700536256,0.124,0,728256085,18000000,0,46.8,46619981.0,2836465.0,0
REQ-2026-02045,Finance,Senior,28,43,0.57,0,1,0,Lenovo,IdeaPad Slim 3,Core i3,Integrated,8,256,1,0.45,0.65,1,0,13,8477253,7829072,110204289,0.487,1,356721790,20000000,0,44.4,9592707.0,1115454.0,1
REQ-2026-02046,Design,Staff,79,35,0.28,0,0,1,Lenovo,IdeaPad Slim 3,Core i3,Integrated,8,768,1,0.45,0.65,1,1,20,10010945,10470089,200218900,0.411,0,1527834950,22500000,0,45.7,13546244.0,3535299.0,1
REQ-2026-02047,Design,Senior,8,48,0.56,0,0,0,Lenovo,IdeaPad Slim 3,Core i3,Integrated,8,256,1,0.45,0.65,2,1,1,9873216,8412164,9873216,0.561,0,127706634,30000000,0,39.3,12955320.0,3082104.0,0
REQ-2026-02048,Sales,Staff,68,35,18.77,0,1,0,Lenovo,ThinkPad P16,Core i9,RTX A2000,32,1024,4,0.9,0.25,2,4,17,42014805,38232054,714251685,0.168,1,520634471,13500000,0,35.1,50723821.0,8709016.0,0
REQ-2026-02049,Design,Manager,35,60,0.35,0,1,0,Asus,ExpertBook B9,Core i7,Iris Xe,16,1536,2,0.8,0.95,3,0,8,29148658,28249989,233189264,0.404,1,479862571,40500000,1,63.9,30595917.0,1447259.0,1
REQ-2026-02050,IT,Senior,88,14,0.88,0,0,0,Dell,Inspiron 15,Core i5,Integrated,8,1024,1,0.5,0.6,2,0,21,12581708,11932667,264215868,0.577,1,1029549918,32000000,0,41.6,14266450.0,1684742.0,1
REQ-2026-02051,Medical Staff,Staff,68,37,1.25,2,1,1,Asus,ExpertBook B9,Core i7,Iris Xe,24,1024,2,0.8,0.95,3,0,25,30357562,28376495,758939050,0.255,1,554151431,16500000,1,48.4,32292555.0,1934993.0,0
REQ-2026-02052,Medical Staff,Staff,126,40,0.59,0,0,0,Lenovo,ThinkPad T14,Core i5,Integrated,32,512,2,0.92,0.75,1,0,22,23696802,21330661,521329644,0.281,1,446932306,16500000,1,39.4,25433156.0,1736354.0,1
REQ-2026-02053,HR,Director,21,20,0.99,0,1,1,Dell,Precision 5690,Core i9,RTX 3500,40,2560,4,0.85,0.35,2,0,19,48010403,44533905,912197657,0.098,1,1289829830,28500000,1,63.8,49798114.0,1787711.0,1
REQ-2026-02054,HR,Staff,18,39,0.57,1,0,0,Asus,ExpertBook B9,Core i7,Iris Xe,24,1024,2,0.8,0.95,3,0,10,29644120,29251613,296441200,0.105,1,186066501,11250000,1,49.1,31127462.0,1483342.0,0
REQ-2026-02055,IT,Staff,73,24,0.61,2,0,0,HP,ProBook 445,Ryzen 5,Radeon,16,1536,1,0.6,0.7,2,0,4,19420748,19130319,77682992,0.516,1,135083539,24000000,0,33.6,21151459.0,1730711.0,1
REQ-2026-02056,Design,Senior,18,43,0.48,0,0,0,Dell,Precision 5690,Core i9,RTX 3500,32,2048,4,0.85,0.35,2,1,13,42561981,41591756,553305753,0.154,1,542513528,30000000,1,69.2,45382733.0,2820752.0,1
REQ-2026-02057,Medical Staff,Staff,28,12,2.12,0,1,0,HP,ProBook 445,Ryzen 5,Radeon,8,512,1,0.6,0.7,3,0,3,14590107,12952309,43770321,0.333,1,102953236,16500000,0,42.1,15807430.0,1217323.0,1
REQ-2026-02058,Design,Senior,66,38,1.27,0,0,0,Lenovo,ThinkPad T14,Core i5,Integrated,16,512,2,0.92,0.75,1,0,17,19212670,17719882,326615390,0.169,1,887427744,30000000,1,47.0,20625764.0,1413094.0,1
REQ-2026-02059,Design,Senior,60,51,0.43,1,0,1,Asus,ROG Zephyrus,Core i9,RTX 4070,32,1024,4,0.55,0.3,1,1,9,38941722,34764694,350475498,0.305,0,432059795,30000000,1,32.6,42599564.0,3657842.0,1
REQ-2026-02060,Sales,Manager,11,52,1.77,0,1,0,Apple,MacBook Pro 14,M3 Pro,Apple GPU,26,512,4,0.95,0.85,2,2,15,34337637,32783546,515064555,0.444,0,1809333982,24300000,0,61.6,42089178.0,7751541.0,1
REQ-2026-02061,Medical Staff,Director,64,37,0.48,0,1,0,Lenovo,ThinkPad T14,Core i5,Integrated,24,512,2,0.92,0.75,1,1,11,18276157,18395860,201037727,0.664,0,1680883234,41800000,1,42.9,22866591.0,4590434.0,1
REQ-2026-02062,Finance,Staff,30,42,0.05,0,1,0,Dell,Inspiron 15,Core i5,Integrated,16,512,1,0.5,0.6,3,1,9,10031200,14082107,90280800,0.605,1,320911103,15000000,1,40.6,12573874.0,2542674.0,1
REQ-2026-02063,IT,Manager,38,13,0.56,1,0,0,Asus,Vivobook 14,Core i5,Integrated,8,512,1,0.5,0.7,2,1,19,11716429,10962171,222612151,0.364,1,1400266385,43200000,0,35.1,14594308.0,2877879.0,1
REQ-2026-02064,Medical Staff,Staff,38,21,0.73,0,1,0,Asus,Vivobook 14,Core i5,Integrated,8,512,1,0.5,0.7,1,4,11,11029937,10000543,121329307,0.107,1,284586048,16500000,1,24.5,21111844.0,10081907.0,1
REQ-2026-02065,Medical Staff,Staff,19,55,0.26,0,1,0,Dell,Latitude 7450,Core i7,Integrated,16,512,2,0.85,0.85,2,1,11,19214402,21362443,211358422,0.592,1,454759290,16500000,1,67.2,22285260.0,3070858.0,1
REQ-2026-02066,IT,Staff,33,22,0.44,0,0,0,Apple,MacBook Air 13,M3,Apple GPU,8,256,2,0.95,1.0,3,0,4,18871098,20004701,75484392,0.77,0,59543489,24000000,0,47.2,23717953.0,4846855.0,1
REQ-2026-02067,Medical Staff,Senior,20,40,2.28,0,1,0,Dell,Inspiron 15,Core i5,Integrated,24,512,1,0.5,0.6,1,2,18,13428818,13504572,241718724,0.128,1,448887538,22000000,1,43.2,18977199.0,5548381.0,1
REQ-2026-02068,Finance,Staff,77,13,0.85,1,1,0,Dell,Latitude 7450,Core i7,Integrated,24,1024,2,0.85,0.85,3,2,13,27631418,29165762,359208434,0.232,0,457249690,15000000,1,42.9,31873662.0,4242244.0,1
REQ-2026-02069,IT,Staff,12,17,0.58,1,1,0,Lenovo,ThinkPad P16,Core i9,RTX A2000,32,1024,4,0.9,0.25,2,0,21,47638130,38118346,1000400730,0.231,1,660437959,24000000,0,62.8,49335493.0,1697363.0,1
REQ-2026-02070,HR,Senior,64,9,0.32,1,0,0,Apple,MacBook Pro 14,M3 Pro,Apple GPU,26,1024,4,0.95,0.85,1,2,22,35992977,34734180,791845494,0.776,1,1125637855,15000000,0,32.2,44923647.0,8930670.0,0
REQ-2026-02071,IT,Staff,104,22,0.67,0,1,1,Dell,Precision 5690,Core i9,RTX 3500,32,2048,4,0.85,0.35,1,0,2,42898308,41327571,85796616,0.364,1,26687116,24000000,1,61.4,44208288.0,1309980.0,0
REQ-2026-02072,Medical Staff,Staff,52,46,2.34,0,1,0,Asus,Vivobook 14,Core i5,Integrated,8,1024,1,0.5,0.7,1,0,14,12653576,11837041,177150064,0.086,1,479495879,16500000,0,25.9,15666046.0,3012470.0,1
REQ-2026-02073,Medical Staff,Staff,79,58,1.73,0,0,0,Asus,ExpertBook B9,Core i7,Iris Xe,32,2048,2,0.8,0.95,1,1,10,26479360,33529032,264793600,0.403,0,97625946,16500000,1,41.1,28830531.0,2351171.0,0
REQ-2026-02074,Medical Staff,Staff,37,1,1.34,1,1,1,Apple,MacBook Pro 14,M3 Pro,Apple GPU,26,1024,4,0.95,0.85,2,1,15,40077679,35795682,601165185,0.152,0,656159836,16500000,0,56.9,45660037.0,5582358.0,0
REQ-2026-02075,IT,Staff,45,34,1.11,1,0,0,Lenovo,ThinkPad T14,Core i5,Integrated,16,512,2,0.92,0.75,2,1,6,18094408,18761774,108566448,0.279,0,489305046,24000000,1,54.7,20974489.0,2880081.0,1
REQ-2026-02076,IT,Staff,11,2,0.23,1,0,0,Dell,Latitude 7450,Core i7,Integrated,16,1024,2,0.85,0.85,1,0,18,28586956,23166239,514565208,0.272,0,559966202,24000000,0,39.0,30450952.0,1863996.0,1
REQ-2026-02077,Sales,Manager,53,11,7.33,1,0,0,Asus,Vivobook 14,Core i5,Integrated,8,512,1,0.5,0.7,2,2,16,10923161,11398280,174770576,0.374,1,1283839234,24300000,1,23.4,17314480.0,6391319.0,1
REQ-2026-02078,Finance,Senior,27,13,0.46,0,1,0,Lenovo,ThinkPad T14,Core i5,Integrated,32,1536,2,0.92,0.75,1,0,12,29092016,24589240,349104192,0.168,1,482887574,20000000,1,37.1,30387750.0,1295734.0,1
REQ-2026-02079,Medical Staff,Staff,46,12,0.51,1,1,0,Lenovo,ThinkPad T14,Core i5,Integrated,16,512,2,0.92,0.75,3,0,3,18375779,18139627,55127337,0.531,0,72834969,16500000,1,46.5,20270352.0,1894573.0,0
REQ-2026-02080,Sales,Staff,48,22,1.3,0,0,1,Lenovo,ThinkPad T14,Core i5,Integrated,32,512,2,0.92,0.75,3,0,1,26297983,23145622,26297983,0.103,0,15697831,13500000,1,81.2,27787952.0,1489969.0,0
REQ-2026-02081,HR,Staff,14,39,1.01,0,0,0,Dell,Precision 5690,Core i9,RTX 3500,40,2048,4,0.85,0.35,1,0,6,46769814,43125262,280618884,0.221,1,288463849,11250000,0,42.1,48441418.0,1671604.0,0
REQ-2026-02082,Medical Staff,Senior,25,15,0.94,1,1,1,Apple,MacBook Pro 14,M3 Pro,Apple GPU,34,512,4,0.95,0.85,1,0,24,34622143,36035147,830931432,0.288,1,1284266192,22000000,0,47.4,39528733.0,4906590.0,0
REQ-2026-02083,Finance,Staff,59,28,0.96,1,1,0,Apple,MacBook Pro 14,M3 Pro,Apple GPU,18,512,4,0.95,0.85,2,1,25,35782047,32390141,894551175,0.084,0,205531203,15000000,0,48.2,41665550.0,5883503.0,0
REQ-2026-02084,HR,Senior,64,32,0.12,0,1,1,Dell,Latitude 7450,Core i7,Integrated,24,512,2,0.85,0.85,1,1,9,29468372,22415799,265215348,0.372,1,253885598,15000000,1,52.3,32181525.0,2713153.0,1
REQ-2026-02085,IT,Director,23,52,1.16,0,0,0,Lenovo,ThinkPad P16,Core i9,RTX A2000,32,1536,4,0.9,0.25,1,0,9,43025798,38617084,387232182,0.15,0,1028954476,60800000,1,38.6,44785576.0,1759778.0,1
REQ-2026-02086,Design,Staff,137,43,1.3,0,0,0,Apple,MacBook Air 13,M3,Apple GPU,8,256,2,0.95,1.0,3,0,13,23580593,20892487,306547709,0.161,0,1302834379,22500000,0,61.4,28389686.0,4809093.0,1
REQ-2026-02087,Medical Staff,Manager,78,27,2.86,0,1,1,HP,OmniBook 5,Ryzen 7,Radeon,16,1024,2,0.65,0.8,1,2,9,17573640,19523120,158162760,0.595,0,608618299,29700000,1,35.6,23287113.0,5713473.0,1
REQ-2026-02088,Sales,Senior,18,44,1.4,1,0,0,HP,OmniBook 5,Ryzen 7,Radeon,16,512,2,0.65,0.8,1,0,4,16933611,15832109,67734444,0.454,1,110944342,18000000,1,41.6,18763904.0,1830293.0,1
REQ-2026-02089,Medical Staff,Staff,97,29,2.2,0,1,0,Dell,Precision 5690,Core i9,RTX 3500,32,2048,4,0.85,0.35,1,2,24,41255511,42676500,990132264,0.359,1,529828954,16500000,1,41.2,45802730.0,4547219.0,0
REQ-2026-02090,IT,Senior,18,25,0.98,0,0,0,Dell,Latitude 7450,Core i7,Integrated,24,512,2,0.85,0.85,2,0,12,28394969,23838947,340739628,0.236,0,334163430,32000000,1,83.9,29815254.0,1420285.0,1
REQ-2026-02091,HR,Staff,84,37,0.5,0,0,0,Apple,MacBook Air 13,M3,Apple GPU,8,256,2,0.95,1.0,1,3,8,16592324,17908242,132738592,0.214,0,138547540,11250000,1,63.6,24145291.0,7552967.0,0
REQ-2026-02092,IT,Staff,56,54,1.73,0,0,0,HP,OmniBook 5,Ryzen 7,Radeon,16,1024,2,0.65,0.8,2,0,16,19184541,20779996,306952656,0.339,1,613049307,24000000,1,51.3,20734053.0,1549512.0,1
REQ-2026-02093,HR,Staff,25,39,0.43,0,1,0,HP,ProBook 445,Ryzen 5,Radeon,8,512,1,0.6,0.7,3,0,8,16527976,15008461,132223808,0.479,0,335395032,11250000,1,55.0,17951491.0,1423515.0,1
REQ-2026-02094,Medical Staff,Senior,58,25,0.68,0,0,0,Dell,Latitude 7450,Core i7,Integrated,16,1024,2,0.85,0.85,1,2,9,22100596,23687680,198905364,0.413,1,413220542,22000000,1,39.6,28011253.0,5910657.0,1
REQ-2026-02095,Design,Manager,42,17,0.65,0,1,1,Lenovo,ThinkPad P16,Core i9,RTX A2000,32,1024,4,0.9,0.25,3,0,9,35804247,38679273,322238223,0.336,0,2832361981,40500000,1,69.1,37411225.0,1606978.0,1
REQ-2026-02096,Sales,Staff,31,36,2.39,2,1,0,Lenovo,ThinkPad T14,Core i5,Integrated,24,512,2,0.92,0.75,1,1,21,22481625,19029015,472114125,0.492,1,643038896,13500000,1,35.1,25312714.0,2831089.0,0
REQ-2026-02097,Design,Manager,1,44,1.09,0,0,0,HP,ProBook 445,Ryzen 5,Radeon,16,512,1,0.6,0.7,1,1,13,13523843,13755936,175809959,0.233,1,419380251,40500000,0,47.7,17643274.0,4119431.0,1
REQ-2026-02098,HR,Director,20,28,0.4,0,0,0,Asus,ROG Zephyrus,Core i9,RTX 4070,40,1024,4,0.55,0.3,2,1,23,41534544,40032979,955294512,0.311,1,340530388,28500000,0,36.1,44703475.0,3168931.0,0
REQ-2026-02099,Finance,Staff,103,47,0.38,1,1,0,Lenovo,ThinkPad T14,Core i5,Integrated,32,512,2,0.92,0.75,2,0,12,26718454,22589471,320621448,0.312,0,264023225,15000000,1,31.1,29040512.0,2322058.0,0
REQ-2026-02100,Design,Manager,44,42,0.45,0,0,0,Dell,Precision 5690,Core i9,RTX 3500,32,2048,4,0.85,0.35,1,3,9,41140727,42126176,370266543,0.231,1,827211880,40500000,0,32.5,48443931.0,7303204.0,1
REQ-2026-02101,Finance,Senior,38,50,0.26,1,1,1,Apple,MacBook Air 13,M3,Apple GPU,16,256,2,0.95,1.0,1,2,10,21757665,20346771,217576650,0.373,0,406435978,20000000,1,51.4,29570782.0,7813117.0,1
REQ-2026-02102,Finance,Senior,73,40,0.72,1,1,1,HP,ZBook Firefly,Core i7,RTX A500,48,1024,3,0.8,0.6,3,2,8,41553680,33404412,332429440,0.336,0,702990554,20000000,1,69.2,46427932.0,4874252.0,0
REQ-2026-02103,Medical Staff,Staff,75,56,0.21,1,0,1,Lenovo,ThinkPad X1,Core i7,Iris Xe,16,2048,3,0.9,0.95,3,0,5,43036020,33212206,215180100,0.518,0,703321938,16500000,0,61.7,44405458.0,1369438.0,0
REQ-2026-02104,Sales,Staff,19,41,7.04,0,0,0,Lenovo,IdeaPad Slim 3,Core i3,Integrated,24,768,1,0.45,0.65,2,3,6,16349363,14813512,98096178,0.051,0,131214054,13500000,1,42.9,21553751.0,5204388.0,0
REQ-2026-02105,HR,Staff,12,22,0.59,0,0,0,Dell,Precision 5690,Core i9,RTX 3500,32,3072,4,0.85,0.35,2,0,24,54625592,46862321,1311014208,0.307,1,508743702,11250000,1,38.6,55987237.0,1361645.0,0
REQ-2026-02106,HR,Senior,28,45,0.88,0,0,0,HP,OmniBook 5,Ryzen 7,Radeon,32,512,2,0.65,0.8,3,1,16,25681563,23394742,410905008,0.173,1,219802515,15000000,1,41.6,28232262.0,2550699.0,1
REQ-2026-02107,Finance,Senior,10,40,0.77,1,1,0,Asus,ROG Zephyrus,Core i9,RTX 4070,32,1024,4,0.55,0.3,2,1,6,34587742,36075448,207526452,0.48,1,486502827,20000000,1,38.8,37426581.0,2838839.0,0
REQ-2026-02108,IT,Staff,19,36,0.29,0,0,0,HP,OmniBook 5,Ryzen 7,Radeon,24,512,2,0.65,0.8,1,1,11,20739089,18761843,228129979,0.113,1,482339821,24000000,1,36.8,23254581.0,2515492.0,1
REQ-2026-02109,HR,Senior,3,46,0.63,1,0,0,Lenovo,IdeaPad Slim 3,Core i3,Integrated,8,256,1,0.45,0.65,2,1,25,9145120,8722691,228628000,0.217,1,1473728305,15000000,1,37.8,12090454.0,2945334.0,1
REQ-2026-02110,Finance,Manager,19,5,0.6,0,1,0,Dell,Precision 5690,Core i9,RTX 3500,32,2560,4,0.85,0.35,2,1,17,45621378,43402866,775563426,0.453,1,1408622669,27000000,0,48.3,49427941.0,3806563.0,1
REQ-2026-02111,Finance,Staff,17,54,0.49,0,0,0,Apple,MacBook Pro 14,M3 Pro,Apple GPU,34,512,4,0.95,0.85,1,0,13,39696012,33382107,516048156,0.609,0,259680012,15000000,0,63.3,43850113.0,4154101.0,0
REQ-2026-02112,Design,Manager,31,40,1.58,1,0,0,Apple,MacBook Air 13,M3,Apple GPU,8,256,2,0.95,1.0,2,2,8,20613425,19178218,164907400,0.142,0,1055866651,40500000,1,49.9,30266996.0,9653571.0,1
REQ-2026-02113,HR,Manager,34,65,0.82,0,1,0,HP,ProBook 445,Ryzen 5,Radeon,16,1536,1,0.6,0.7,2,1,12,18450031,19710891,221400372,0.508,1,433846394,20250000,1,47.7,21787108.0,3337077.0,1
REQ-2026-02114,Design,Manager,20,44,0.56,0,0,0,Lenovo,ThinkPad X1,Core i7,Iris Xe,16,1536,3,0.9,0.95,2,0,6,26880045,31053635,161280270,0.351,0,415249244,40500000,1,46.8,28225091.0,1345046.0,1
REQ-2026-02115,Design,Manager,16,49,0.35,0,0,1,Lenovo,IdeaPad Slim 3,Core i3,Integrated,8,256,1,0.45,0.65,2,3,14,9218745,9335085,129062430,0.24,1,4313912683,40500000,0,41.6,14615828.0,5397083.0,1
REQ-2026-02116,Medical Staff,Senior,12,30,1.87,0,0,0,Asus,Vivobook 14,Core i5,Integrated,8,512,1,0.5,0.7,1,3,22,8438645,9910068,185650190,0.518,1,1221608779,22000000,0,35.3,13485765.0,5047120.0,1
REQ-2026-02117,Sales,Senior,25,18,0.54,0,0,0,Apple,MacBook Air 13,M3,Apple GPU,8,256,2,0.95,1.0,1,0,17,18707412,17574226,318026004,0.131,0,503680743,18000000,1,56.7,23166743.0,4459331.0,1
REQ-2026-02118,Design,Senior,16,18,0.66,0,0,0,Dell,Inspiron 15,Core i5,Integrated,8,512,1,0.5,0.6,3,2,23,11899281,11442792,273683463,0.586,0,687284010,30000000,0,40.5,17116401.0,5217120.0,1
REQ-2026-02119,Medical Staff,Senior,89,26,0.49,0,1,0,Dell,Inspiron 15,Core i5,Integrated,8,512,1,0.5,0.6,3,2,3,13554641,11967053,40663923,0.175,0,231839803,22000000,1,49.1,19667836.0,6113195.0,1
REQ-2026-02120,Medical Staff,Staff,64,40,1.42,0,1,0,Lenovo,ThinkPad T14,Core i5,Integrated,32,512,2,0.92,0.75,1,0,1,22901541,20352138,22901541,0.282,0,89583386,16500000,1,54.5,24532129.0,1630588.0,1
REQ-2026-02121,IT,Senior,63,25,1.05,0,1,0,Lenovo,ThinkPad T14,Core i5,Integrated,16,512,2,0.92,0.75,1,1,25,20625301,17544103,515632525,0.372,1,1001693868,32000000,1,60.0,23180350.0,2555049.0,1
REQ-2026-02122,Finance,Manager,48,44,0.3,1,1,0,Dell,Inspiron 15,Core i5,Integrated,24,512,1,0.5,0.6,1,3,20,14554970,12898024,291099400,0.405,0,1638439769,27000000,1,32.7,24062446.0,9507476.0,1
REQ-2026-02123,Design,Staff,39,58,0.96,0,0,0,HP,OmniBook 5,Ryzen 7,Radeon,24,512,2,0.65,0.8,2,0,6,21833441,20029190,131000646,0.066,1,149452828,22500000,1,42.8,22925703.0,1092262.0,1
REQ-2026-02124,Finance,Senior,54,52,1.99,0,1,1,Dell,Precision 5690,Core i9,RTX 3500,40,2560,4,0.85,0.35,1,1,12,44727338,41944159,536728056,0.178,0,393787368,20000000,0,45.7,47143921.0,2416583.0,0
REQ-2026-02125,Finance,Senior,57,37,0.3,0,1,0,HP,ZBook Firefly,Core i7,RTX A500,40,1024,3,0.8,0.6,2,1,20,30039514,32671274,600790280,0.271,1,533078243,20000000,0,31.0,33945746.0,3906232.0,0
REQ-2026-02126,Finance,Staff,47,39,0.33,1,1,1,Lenovo,IdeaPad Slim 3,Core i3,Integrated,16,256,1,0.45,0.65,1,1,19,9077302,9893800,172468738,0.645,0,362704060,15000000,1,27.3,13639209.0,4561907.0,1
REQ-2026-02127,IT,Senior,50,29,0.14,0,1,0,HP,ProBook 445,Ryzen 5,Radeon,16,512,1,0.6,0.7,1,1,10,12362415,13426769,123624150,0.497,1,769457964,32000000,0,42.9,15129752.0,2767337.0,1
REQ-2026-02128,Finance,Staff,12,18,1.16,0,1,0,Dell,Inspiron 15,Core i5,Integrated,24,1536,1,0.5,0.6,1,2,1,16601893,16175648,16601893,0.161,1,22472480,15000000,0,26.9,21975986.0,5374093.0,1
REQ-2026-02129,Medical Staff,Manager,41,16,0.82,0,0,0,Lenovo,ThinkPad X1,Core i7,Iris Xe,24,1024,3,0.9,0.95,1,0,17,26624454,30278640,452615718,0.299,1,424282438,29700000,1,48.0,28430235.0,1805781.0,1
REQ-2026-02130,Medical Staff,Staff,71,47,1.46,1,0,0,Dell,Inspiron 15,Core i5,Integrated,8,512,1,0.5,0.6,3,0,17,11384112,11262001,193529904,0.233,0,712691005,16500000,1,44.1,12493771.0,1109659.0,1
REQ-2026-02131,Medical Staff,Staff,50,30,1.11,1,0,0,Lenovo,ThinkPad P16,Core i9,RTX A2000,32,1024,4,0.9,0.25,1,0,3,38211922,37786899,114635766,0.048,1,40216298,16500000,1,42.5,39575977.0,1364055.0,0
REQ-2026-02132,HR,Staff,63,53,0.18,2,0,0,Lenovo,IdeaPad Slim 3,Core i3,Integrated,8,256,1,0.45,0.65,2,1,9,10039585,8642294,90356265,0.183,1,334153523,11250000,1,35.0,13107622.0,3068037.0,1
REQ-2026-02133,Medical Staff,Senior,39,37,1.13,0,1,0,Apple,MacBook Pro 14,M3 Pro,Apple GPU,18,512,4,0.95,0.85,1,2,21,33117755,31118559,695472855,0.354,1,1373118325,22000000,0,37.8,39310852.0,6193097.0,1
REQ-2026-02134,Design,Manager,82,34,0.28,1,1,0,Apple,MacBook Air 13,M3,Apple GPU,16,768,2,0.95,1.0,3,3,18,24193898,24571095,435490164,0.324,0,511933656,40500000,1,71.3,35225194.0,11031296.0,1
REQ-2026-02135,Medical Staff,Senior,18,37,0.16,1,1,0,Apple,MacBook Pro 14,M3 Pro,Apple GPU,18,512,4,0.95,0.85,1,1,6,29902035,32731426,179412210,0.34,1,90058445,22000000,0,39.0,35820277.0,5918242.0,0
REQ-2026-02136,HR,Staff,91,29,0.13,0,1,0,Lenovo,ThinkPad T14,Core i5,Integrated,16,1536,2,0.92,0.75,1,0,20,25757827,20451074,515156540,0.685,1,132662298,11250000,0,54.8,27599912.0,1842085.0,0
REQ-2026-02137,Sales,Staff,19,45,1.65,1,1,0,Dell,Inspiron 15,Core i5,Integrated,16,1024,1,0.5,0.6,3,3,23,17859589,15762380,410770547,0.266,1,1441799915,13500000,1,33.7,25463497.0,7603908.0,1
REQ-2026-02138,Finance,Staff,23,47,1.15,2,1,0,Apple,MacBook Air 13,M3,Apple GPU,8,256,2,0.95,1.0,3,2,4,21529296,20373689,86117184,0.447,1,335120891,15000000,1,56.6,28884311.0,7355015.0,1
REQ-2026-02139,Finance,Staff,14,58,0.16,0,0,0,Apple,MacBook Air 13,M3,Apple GPU,8,256,2,0.95,1.0,2,1,6,17671616,19153336,106029696,0.305,0,205891370,15000000,1,53.3,23342396.0,5670780.0,1
REQ-2026-02140,Medical Staff,Senior,60,28,0.7,0,1,0,Asus,ROG Zephyrus,Core i9,RTX 4070,40,1024,4,0.55,0.3,2,1,25,43822925,37109602,1095573125,0.284,0,2220888184,22000000,0,52.6,46591917.0,2768992.0,1
REQ-2026-02141,Sales,Staff,45,33,6.86,0,0,0,Dell,Latitude 7450,Core i7,Integrated,24,512,2,0.85,0.85,1,2,18,23009012,23975857,414162216,0.305,0,508107959,13500000,1,37.9,27390039.0,4381027.0,1
REQ-2026-02142,Medical Staff,Senior,157,50,1.69,1,0,0,Apple,MacBook Air 13,M3,Apple GPU,16,256,2,0.95,1.0,2,1,13,24140288,20465518,313823744,0.454,1,812654666,22000000,1,79.4,29723266.0,5582978.0,1
REQ-2026-02143,HR,Staff,30,62,0.34,1,1,0,Dell,Latitude 7450,Core i7,Integrated,16,512,2,0.85,0.85,1,0,17,22451837,22351833,381681229,0.345,0,177966998,11250000,1,45.6,24348589.0,1896752.0,0
REQ-2026-02144,Finance,Senior,10,29,0.15,1,1,0,Lenovo,ThinkPad P16,Core i9,RTX A2000,32,2048,4,0.9,0.25,1,1,25,46453861,39845249,1161346525,0.48,0,1027588436,20000000,1,45.3,49146669.0,2692808.0,0
REQ-2026-02145,Finance,Manager,129,54,0.36,0,1,0,Dell,Latitude 7450,Core i7,Integrated,16,512,2,0.85,0.85,2,1,19,23672749,24314503,449782231,0.309,1,879034523,27000000,1,54.9,26809415.0,3136666.0,1
REQ-2026-02146,Sales,Staff,63,26,3.9,1,1,0,Asus,ExpertBook B9,Core i7,Iris Xe,32,1024,2,0.8,0.95,1,1,9,23694742,27983359,213252678,0.027,1,379946621,13500000,1,41.6,26522498.0,2827756.0,1
REQ-2026-02147,Medical Staff,Staff,28,41,0.68,2,0,0,HP,ZBook Firefly,Core i7,RTX A500,32,1024,3,0.8,0.6,3,1,2,32862273,30451364,65724546,0.35,0,80666709,16500000,1,38.6,35876121.0,3013848.0,0
REQ-2026-02148,HR,Staff,72,14,1.15,1,0,0,HP,ProBook 445,Ryzen 5,Radeon,8,512,1,0.6,0.7,1,1,20,10792753,11858802,215855060,0.581,1,493479185,11250000,1,27.2,15078004.0,4285251.0,1
REQ-2026-02149,Finance,Staff,45,28,0.09,0,1,0,Lenovo,IdeaPad Slim 3,Core i3,Integrated,8,768,1,0.45,0.65,2,1,6,12174430,10497539,73046580,0.735,0,196352601,15000000,1,37.8,14694458.0,2520028.0,1
REQ-2026-02150,Medical Staff,Staff,70,28,0.95,0,0,1,Dell,Precision 5690,Core i9,RTX 3500,32,2048,4,0.85,0.35,1,1,7,42930458,40284160,300513206,0.066,1,245894229,16500000,1,32.7,47063463.0,4133005.0,0
REQ-2026-02151,Sales,Staff,21,64,7.58,1,1,0,Lenovo,ThinkPad P16,Core i9,RTX A2000,48,1536,4,0.9,0.25,1,1,14,43431346,44697770,608038844,0.137,1,394875707,13500000,0,41.6,45665379.0,2234033.0,0
REQ-2026-02152,IT,Staff,33,27,0.53,0,1,1,HP,ProBook 445,Ryzen 5,Radeon,8,1024,1,0.6,0.7,2,1,8,15990706,14734190,127925648,0.269,0,147642354,24000000,0,34.9,19287366.0,3296660.0,1
REQ-2026-02153,Design,Staff,56,35,1.34,0,0,0,HP,ProBook 445,Ryzen 5,Radeon,8,512,1,0.6,0.7,1,3,2,13585009,11031128,27170018,0.561,1,57590096,22500000,0,41.3,19218992.0,5633983.0,1
REQ-2026-02154,Medical Staff,Director,34,13,0.8,0,1,0,HP,ProBook 445,Ryzen 5,Radeon,16,512,1,0.6,0.7,2,4,6,16083662,14869270,96501972,0.535,0,926705779,41800000,1,53.6,20315374.0,4231712.0,1
REQ-2026-02155,Sales,Senior,12,30,3.05,0,1,1,Lenovo,ThinkPad T14,Core i5,Integrated,16,1536,2,0.92,0.75,1,2,6,25380493,21784957,152282958,0.119,1,256687306,18000000,1,51.0,29350756.0,3970263.0,0
REQ-2026-02156,Design,Staff,9,1,0.88,1,0,0,Lenovo,ThinkPad T14,Core i5,Integrated,24,512,2,0.92,0.75,1,0,17,20661461,19350874,351244837,0.39,0,713556439,22500000,1,65.7,21857830.0,1196369.0,1
REQ-2026-02157,IT,Staff,10,36,1.06,0,0,0,Lenovo,ThinkPad P16,Core i9,RTX A2000,32,1536,4,0.9,0.25,1,1,13,48003928,39936582,624051064,0.07,1,627629203,24000000,0,62.8,50185260.0,2181332.0,1
REQ-2026-02158,HR,Staff,47,38,1.13,1,1,0,Lenovo,IdeaPad Slim 3,Core i3,Integrated,8,256,1,0.45,0.65,3,1,11,10504860,10454542,115553460,0.229,1,212404323,11250000,1,34.5,13618224.0,3113364.0,1
REQ-2026-02159,Design,Staff,37,32,0.1,0,0,0,HP,OmniBook 5,Ryzen 7,Radeon,16,512,2,0.65,0.8,3,0,16,16585121,20124720,265361936,0.335,1,1322678695,22500000,0,48.2,17599819.0,1014698.0,1
REQ-2026-02160,HR,Director,46,11,1.0,2,1,0,Lenovo,ThinkPad X1,Core i7,Iris Xe,16,2048,3,0.9,0.95,1,0,16,33986539,30899410,543784624,0.394,1,289453457,28500000,1,34.2,36113271.0,2126732.0,0
REQ-2026-02161,Sales,Manager,24,43,1.85,0,0,0,Lenovo,IdeaPad Slim 3,Core i3,Integrated,8,256,1,0.45,0.65,1,2,2,7760730,7766525,15521460,0.635,0,52206890,24300000,1,26.5,13664919.0,5904189.0,0
REQ-2026-02162,Sales,Senior,26,55,2.97,0,1,0,Lenovo,ThinkPad T14,Core i5,Integrated,16,512,2,0.92,0.75,1,0,14,19644914,17800504,275028796,0.491,0,329863942,18000000,1,44.8,21396399.0,1751485.0,1
REQ-2026-02163,Finance,Manager,40,38,1.65,0,0,0,Lenovo,ThinkPad P16,Core i9,RTX A2000,32,1024,4,0.9,0.25,2,3,6,39771332,38925402,238627992,0.203,0,504855940,27000000,0,71.0,46870931.0,7099599.0,1
REQ-2026-02164,IT,Manager,16,18,1.34,0,0,0,HP,ProBook 445,Ryzen 5,Radeon,8,512,1,0.6,0.7,3,1,17,15336403,14238733,260718851,0.245,1,344231302,43200000,0,55.1,18611526.0,3275123.0,1
REQ-2026-02165,IT,Staff,4,12,1.12,0,1,0,Dell,Inspiron 15,Core i5,Integrated,8,512,1,0.5,0.6,1,2,24,9335693,8835495,224056632,0.11,0,379300444,24000000,0,37.7,12945427.0,3609734.0,1
REQ-2026-02166,Finance,Staff,30,31,1.03,0,1,0,Lenovo,ThinkPad T14,Core i5,Integrated,32,512,2,0.92,0.75,1,0,25,20530134,21126702,513253350,0.288,0,756457459,15000000,1,51.7,21996611.0,1466477.0,0
REQ-2026-02167,IT,Manager,10,3,0.26,0,0,0,Dell,Inspiron 15,Core i5,Integrated,8,512,1,0.5,0.6,3,0,7,13241186,11787088,92688302,0.453,0,907743738,43200000,0,26.3,15224366.0,1983180.0,1
REQ-2026-02168,Sales,Senior,43,29,8.95,1,0,1,HP,OmniBook 5,Ryzen 7,Radeon,16,512,2,0.65,0.8,1,1,4,21837290,17301077,87349160,0.406,1,142005599,18000000,1,26.9,25635757.0,3798467.0,1
REQ-2026-02169,IT,Manager,80,41,0.42,1,0,0,Asus,Vivobook 14,Core i5,Integrated,24,512,1,0.5,0.7,1,0,15,14860756,13884213,222911340,0.576,0,575960560,43200000,0,29.8,17187278.0,2326522.0,1
REQ-2026-02170,Finance,Staff,54,33,0.85,0,0,0,Lenovo,ThinkPad X1,Core i7,Iris Xe,16,1024,3,0.9,0.95,3,1,11,31330111,28978785,344631221,0.61,0,151199935,15000000,1,69.0,34453931.0,3123820.0,0
REQ-2026-02171,Sales,Manager,56,20,10.74,2,1,0,Asus,ROG Zephyrus,Core i9,RTX 4070,32,1024,4,0.55,0.3,2,1,20,38349557,35018581,766991140,0.303,1,1021900117,24300000,0,17.5,44295494.0,5945937.0,1
REQ-2026-02172,Design,Senior,41,59,0.03,0,0,0,Asus,ROG Zephyrus,Core i9,RTX 4070,32,1536,4,0.55,0.3,3,0,20,42699961,37890587,853999220,0.227,1,353777764,30000000,0,51.7,44287892.0,1587931.0,0
REQ-2026-02173,Design,Staff,26,16,0.61,0,0,0,Lenovo,ThinkPad X1,Core i7,Iris Xe,24,2048,3,0.9,0.95,1,0,18,36538188,33000045,657687384,0.382,0,358894659,22500000,1,38.5,38464366.0,1926178.0,0
REQ-2026-02174,Sales,Senior,71,16,13.36,0,0,0,Lenovo,IdeaPad Slim 3,Core i3,Integrated,16,256,1,0.45,0.65,2,6,13,10758968,11332057,139866584,0.615,0,297259861,18000000,1,15.2,25978165.0,15219197.0,1
REQ-2026-02175,IT,Staff,46,30,1.92,0,0,0,Dell,Latitude 7450,Core i7,Integrated,24,1024,2,0.85,0.85,1,1,18,28046667,25948051,504840006,0.343,0,371486197,24000000,1,40.8,30913142.0,2866475.0,0
REQ-2026-02176,Medical Staff,Director,87,38,1.06,0,1,0,Asus,Vivobook 14,Core i5,Integrated,8,512,1,0.5,0.7,2,1,23,12259786,11365140,281975078,0.691,0,850898272,41800000,1,41.7,15322718.0,3062932.0,1
REQ-2026-02177,HR,Staff,33,15,0.08,1,0,0,Dell,Inspiron 15,Core i5,Integrated,8,1536,1,0.5,0.6,1,2,17,13210985,12407404,224586745,0.165,1,520051482,11250000,1,31.9,18003069.0,4792084.0,1
REQ-2026-02178,Finance,Staff,81,31,1.36,0,1,1,Lenovo,ThinkPad P16,Core i9,RTX A2000,32,1536,4,0.9,0.25,1,1,7,41721235,40262875,292048645,0.462,1,310404845,15000000,0,62.3,44609372.0,2888137.0,0
REQ-2026-02179,Sales,Manager,46,32,1.48,0,1,1,Asus,Vivobook 14,Core i5,Integrated,16,512,1,0.5,0.7,1,3,1,13569055,11910365,13569055,0.242,1,14855524,24300000,1,36.6,21107557.0,7538502.0,1
REQ-2026-02180,Sales,Staff,54,16,18.41,0,1,0,Dell,Precision 5690,Core i9,RTX 3500,40,2560,4,0.85,0.35,2,2,4,51831396,44233365,207325584,0.091,1,67716381,13500000,0,32.4,55340266.0,3508870.0,0
REQ-2026-02181,HR,Staff,71,40,0.23,0,0,0,Dell,Latitude 7450,Core i7,Integrated,32,512,2,0.85,0.85,1,1,24,28850424,24404089,692410176,0.148,0,667096867,11250000,1,51.4,32051367.0,3200943.0,0
REQ-2026-02182,Medical Staff,Director,16,29,0.87,0,1,0,HP,ProBook 445,Ryzen 5,Radeon,8,512,1,0.6,0.7,1,2,13,12917280,12145858,167924640,0.624,1,1351336365,41800000,0,42.6,21433641.0,8516361.0,1
REQ-2026-02183,IT,Staff,39,18,0.07,3,1,1,Asus,ExpertBook B9,Core i7,Iris Xe,16,1536,2,0.8,0.95,3,0,4,28290749,28837234,113162996,0.374,1,316181210,24000000,1,45.6,30010225.0,1719476.0,1
REQ-2026-02184,Medical Staff,Staff,16,24,0.9,0,1,0,Asus,ExpertBook B9,Core i7,Iris Xe,16,1536,2,0.8,0.95,2,0,12,30700064,26412569,368400768,0.075,0,842864221,16500000,1,52.5,32429062.0,1728998.0,1
REQ-2026-02185,IT,Staff,48,28,0.78,0,0,0,Lenovo,ThinkPad X1,Core i7,Iris Xe,32,1024,3,0.9,0.95,2,0,12,35070934,31203414,420851208,0.197,0,1193530761,24000000,1,57.4,36423089.0,1352155.0,0
REQ-2026-02186,Medical Staff,Manager,110,37,0.83,1,1,0,Lenovo,IdeaPad Slim 3,Core i3,Integrated,16,256,1,0.45,0.65,3,3,15,12969427,11854154,194541405,0.018,1,963877884,29700000,1,44.3,21383840.0,8414413.0,1
REQ-2026-02187,Sales,Staff,78,37,2.0,1,1,1,Apple,MacBook Air 13,M3,Apple GPU,8,256,2,0.95,1.0,1,0,15,18216830,18144346,273252450,0.238,1,260051321,13500000,1,39.5,22761926.0,4545096.0,1
REQ-2026-02188,Finance,Staff,52,32,1.77,1,1,0,Lenovo,ThinkPad T14,Core i5,Integrated,16,512,2,0.92,0.75,1,0,16,18489594,16665963,295833504,0.268,1,619670837,15000000,1,36.9,19747656.0,1258062.0,1
REQ-2026-02189,Design,Manager,70,41,0.33,0,0,0,Asus,Vivobook 14,Core i5,Integrated,8,512,1,0.5,0.7,2,1,10,12164383,11013536,121643830,0.245,1,3433665320,40500000,0,47.7,15120235.0,2955852.0,1
REQ-2026-02190,Finance,Senior,60,44,0.11,2,1,0,Apple,MacBook Air 13,M3,Apple GPU,16,256,2,0.95,1.0,2,1,11,21378938,22018173,235168318,0.095,1,614295496,20000000,1,33.1,28113415.0,6734477.0,1
REQ-2026-02191,HR,Senior,6,52,0.88,0,1,0,Asus,Vivobook 14,Core i5,Integrated,8,512,1,0.5,0.7,1,3,20,11204792,10015994,224095840,0.239,1,318093740,15000000,1,50.6,18855227.0,7650435.0,1
REQ-2026-02192,HR,Senior,48,27,1.13,0,1,0,Asus,ROG Zephyrus,Core i9,RTX 4070,32,1024,4,0.55,0.3,2,0,19,38547677,35331182,732405863,0.304,0,380470675,15000000,0,36.8,39866102.0,1318425.0,0
REQ-2026-02193,Sales,Senior,22,42,6.59,0,1,0,Lenovo,IdeaPad Slim 3,Core i3,Integrated,16,256,1,0.45,0.65,3,0,8,14024017,12159926,112192136,0.236,1,228523223,18000000,1,34.8,15516623.0,1492606.0,1
REQ-2026-02194,Finance,Manager,122,42,0.2,0,1,1,Lenovo,IdeaPad Slim 3,Core i3,Integrated,16,1280,1,0.45,0.65,3,0,14,16891957,17302067,236487398,0.851,0,356487064,27000000,1,42.4,18416545.0,1524588.0,1
REQ-2026-02195,HR,Senior,71,23,0.44,0,1,0,HP,ProBook 445,Ryzen 5,Radeon,16,512,1,0.6,0.7,2,0,20,14996726,15397307,299934520,0.579,0,446606969,15000000,1,55.3,16373413.0,1376687.0,1
REQ-2026-02196,IT,Staff,71,26,0.46,1,0,0,Apple,MacBook Pro 14,M3 Pro,Apple GPU,18,512,4,0.95,0.85,1,2,24,37153264,29601330,891678336,0.284,1,386270461,24000000,0,51.7,44811022.0,7657758.0,0
REQ-2026-02197,Design,Staff,114,40,0.32,0,0,0,Apple,MacBook Pro 14,M3 Pro,Apple GPU,18,512,4,0.95,0.85,1,0,25,40357372,30003706,1008934300,0.189,0,367158077,22500000,1,60.3,44691107.0,4333735.0,0
REQ-2026-02198,Design,Staff,36,27,0.11,0,0,0,Lenovo,ThinkPad T14,Core i5,Integrated,16,1024,2,0.92,0.75,3,0,21,21002154,21477926,441045234,0.38,1,629979902,22500000,1,55.6,22341803.0,1339649.0,1
REQ-2026-02199,Design,Manager,30,31,0.76,1,0,1,Apple,MacBook Air 13,M3,Apple GPU,8,256,2,0.95,1.0,3,0,7,22156946,20610267,155098622,0.368,0,485593672,40500000,1,57.7,26392804.0,4235858.0,1
REQ-2026-02200,HR,Senior,77,39,0.58,1,0,1,HP,ProBook 445,Ryzen 5,Radeon,16,512,1,0.6,0.7,3,2,5,14672570,15844244,73362850,0.649,1,122463233,15000000,1,41.6,18178559.0,3505989.0,1
REQ-2026-02201,Medical Staff,Staff,59,29,1.01,0,1,0,Asus,ExpertBook B9,Core i7,Iris Xe,16,1536,2,0.8,0.95,1,0,13,25784401,28402253,335197213,0.473,0,695654719,16500000,1,54.5,27820933.0,2036532.0,1
REQ-2026-02202,Finance,Senior,9,10,0.55,0,1,1,Apple,MacBook Air 13,M3,Apple GPU,24,256,2,0.95,1.0,2,0,13,22843271,22006305,296962523,0.393,1,1164363580,20000000,0,60.9,27160293.0,4317022.0,1
REQ-2026-02203,Design,Staff,60,36,0.53,1,0,0,Asus,Vivobook 14,Core i5,Integrated,16,512,1,0.5,0.7,2,0,12,14561096,13320743,174733152,0.194,1,526908755,22500000,0,25.2,17813567.0,3252471.0,1
REQ-2026-02204,Design,Senior,37,43,0.08,1,0,0,HP,OmniBook 5,Ryzen 7,Radeon,16,1024,2,0.65,0.8,1,0,8,17484882,19108853,139879056,0.438,1,208441876,30000000,1,36.1,19295924.0,1811042.0,1
REQ-2026-02205,HR,Senior,30,24,0.46,0,0,0,Dell,Latitude 7450,Core i7,Integrated,16,1024,2,0.85,0.85,1,1,8,24224777,23587611,193798216,0.187,1,368987239,15000000,1,52.7,27745033.0,3520256.0,1
REQ-2026-02206,IT,Staff,10,39,0.89,0,0,0,Lenovo,ThinkPad P16,Core i9,RTX A2000,32,1024,4,0.9,0.25,2,2,4,35248056,39708750,140992224,0.58,0,239943152,24000000,1,45.9,38445930.0,3197874.0,1
REQ-2026-02207,Finance,Staff,22,31,0.98,0,0,0,Lenovo,ThinkPad T14,Core i5,Integrated,32,1024,2,0.92,0.75,3,0,19,29498231,27997798,560466389,0.15,1,681152517,15000000,1,66.1,30656739.0,1158508.0,0
REQ-2026-02208,Sales,Director,20,61,5.37,1,0,0,HP,ZBook Firefly,Core i7,RTX A500,32,1024,3,0.8,0.6,1,0,15,32092451,29475296,481386765,0.295,1,747107746,34200000,1,35.0,33695520.0,1603069.0,1
REQ-2026-02209,Sales,Staff,39,23,1.43,1,1,0,Apple,MacBook Pro 14,M3 Pro,Apple GPU,18,512,4,0.95,0.85,1,3,24,35886574,31759598,861277776,0.227,1,1551006238,13500000,0,45.4,44135391.0,8248817.0,1
REQ-2026-02210,Sales,Staff,15,27,12.31,1,1,1,Lenovo,ThinkPad P16,Core i9,RTX A2000,40,1024,4,0.9,0.25,3,1,10,41812689,39696590,418126890,0.052,1,229058636,13500000,1,45.0,44612220.0,2799531.0,0
REQ-2026-02211,IT,Staff,19,34,1.15,3,1,0,HP,ProBook 445,Ryzen 5,Radeon,8,1024,1,0.6,0.7,1,0,6,12853516,13515431,77121096,0.211,1,772873747,24000000,0,22.0,16977488.0,4123972.0,1
REQ-2026-02212,HR,Senior,7,28,0.18,0,0,1,Lenovo,IdeaPad Slim 3,Core i3,Integrated,16,256,1,0.45,0.65,2,1,11,13320224,11641568,146522464,0.346,0,70924650,15000000,1,41.2,16261993.0,2941769.0,0
REQ-2026-02213,HR,Senior,92,12,0.62,0,1,0,Asus,ExpertBook B9,Core i7,Iris Xe,16,1024,2,0.8,0.95,1,0,4,24335106,24032524,97340424,0.518,0,66310547,15000000,1,49.4,25795046.0,1459940.0,0
REQ-2026-02214,Finance,Manager,15,38,2.43,0,1,0,Dell,Precision 5690,Core i9,RTX 3500,40,2048,4,0.85,0.35,3,2,1,51557926,44883115,51557926,0.165,1,49608820,27000000,0,59.5,56196738.0,4638812.0,1
REQ-2026-02215,HR,Staff,106,48,0.65,0,1,1,Dell,Inspiron 15,Core i5,Integrated,16,1024,1,0.5,0.6,1,0,18,15867652,13635619,285617736,0.317,0,580595753,11250000,1,25.4,19248898.0,3381246.0,1
REQ-2026-02216,HR,Manager,61,51,0.17,1,1,0,HP,OmniBook 5,Ryzen 7,Radeon,24,512,2,0.65,0.8,2,3,21,21549176,19734825,452532696,0.449,0,642179725,20250000,1,38.5,29311174.0,7761998.0,1
REQ-2026-02217,Sales,Manager,41,37,1.91,0,0,0,Asus,Vivobook 14,Core i5,Integrated,24,512,1,0.5,0.7,3,1,22,16275373,15999174,358058206,0.469,1,2205084037,24300000,1,44.4,19865159.0,3589786.0,1
REQ-2026-02218,Sales,Senior,52,43,3.86,0,1,0,Asus,Vivobook 14,Core i5,Integrated,8,512,1,0.5,0.7,2,2,1,11198821,11687831,11198821,0.207,1,71892636,18000000,1,32.1,17398646.0,6199825.0,1
REQ-2026-02219,Design,Staff,56,25,0.29,0,0,0,Lenovo,IdeaPad Slim 3,Core i3,Integrated,16,256,1,0.45,0.65,3,2,17,13329271,11975281,226597607,0.311,1,3144059313,22500000,0,41.0,17606158.0,4276887.0,1
REQ-2026-02220,IT,Staff,7,63,0.55,0,0,0,HP,ZBook Firefly,Core i7,RTX A500,32,1536,3,0.8,0.6,1,0,14,32605545,31768667,456477630,0.298,1,131418104,24000000,1,42.4,33854108.0,1248563.0,0
REQ-2026-02221,Sales,Staff,66,23,7.01,0,0,0,HP,OmniBook 5,Ryzen 7,Radeon,16,512,2,0.65,0.8,1,0,22,16470855,16664008,362358810,0.217,1,794842933,13500000,1,28.3,19558193.0,3087338.0,1
REQ-2026-02222,Finance,Staff,6,20,0.58,0,0,0,Lenovo,ThinkPad P16,Core i9,RTX A2000,32,1024,4,0.9,0.25,1,1,19,45160739,37254319,858054041,0.395,1,736612945,15000000,0,39.3,47954791.0,2794052.0,0
REQ-2026-02223,HR,Staff,37,13,0.11,0,1,0,HP,ZBook Firefly,Core i7,RTX A500,32,1536,3,0.8,0.6,1,2,18,32304245,29940078,581476410,0.238,1,317577282,11250000,1,53.4,35509299.0,3205054.0,0
REQ-2026-02224,Finance,Senior,74,27,0.6,0,1,0,Lenovo,ThinkPad T14,Core i5,Integrated,32,1024,2,0.92,0.75,2,0,10,26264965,24965381,262649650,0.134,0,515678297,20000000,1,72.0,28117917.0,1852952.0,1
REQ-2026-02225,HR,Staff,30,31,0.83,0,0,0,Dell,Precision 5690,Core i9,RTX 3500,32,2048,4,0.85,0.35,3,0,13,47713184,41636815,620271392,0.386,0,192142021,11250000,0,98.6,49556153.0,1842969.0,0
REQ-2026-02226,IT,Manager,11,42,0.62,1,0,0,Dell,Latitude 7450,Core i7,Integrated,24,1024,2,0.85,0.85,2,0,3,28584389,27592066,85753167,0.127,1,246926092,43200000,1,48.0,29936194.0,1351805.0,1
REQ-2026-02227,Sales,Staff,16,48,4.5,1,1,0,HP,ProBook 445,Ryzen 5,Radeon,8,512,1,0.6,0.7,1,3,18,14177289,11810998,255191202,0.419,0,562592669,13500000,1,37.2,19966856.0,5789567.0,0
REQ-2026-02228,Sales,Staff,11,32,0.46,1,0,0,Asus,ROG Zephyrus,Core i9,RTX 4070,32,1024,4,0.55,0.3,2,2,18,36764806,35498807,661766508,0.321,0,195199039,13500000,1,52.9,40652412.0,3887606.0,0
REQ-2026-02229,Finance,Senior,75,61,0.8,0,1,0,Apple,MacBook Air 13,M3,Apple GPU,16,768,2,0.95,1.0,2,1,8,23385479,21538820,187083832,0.174,0,377860319,20000000,0,56.4,29647859.0,6262380.0,1
REQ-2026-02230,Medical Staff,Staff,47,45,3.65,1,1,1,Asus,ROG Zephyrus,Core i9,RTX 4070,40,1024,4,0.55,0.3,1,1,2,37597627,35750714,75195254,0.388,1,61908476,16500000,0,39.1,40533712.0,2936085.0,0
REQ-2026-02231,Finance,Staff,43,11,0.51,1,1,0,Apple,MacBook Air 13,M3,Apple GPU,8,256,2,0.95,1.0,3,0,24,21193909,20703690,508653816,0.725,0,829812566,15000000,1,51.1,25632015.0,4438106.0,0
REQ-2026-02232,Finance,Staff,26,62,0.52,0,1,1,Asus,ROG Zephyrus,Core i9,RTX 4070,32,1536,4,0.55,0.3,3,2,16,35378484,38146996,566055744,0.433,1,105121601,15000000,1,33.9,39468935.0,4090451.0,0
REQ-2026-02233,Finance,Senior,40,49,0.35,0,1,1,HP,ZBook Firefly,Core i7,RTX A500,32,1024,3,0.8,0.6,1,2,18,27808380,27540088,500550840,0.398,0,610513713,20000000,1,35.5,32578537.0,4770157.0,1
REQ-2026-02234,Finance,Senior,31,38,0.74,0,1,1,Asus,ExpertBook B9,Core i7,Iris Xe,32,1024,2,0.8,0.95,3,0,1,33114607,31151917,33114607,0.146,1,14047652,20000000,1,54.9,34686986.0,1572379.0,0
REQ-2026-02235,IT,Staff,48,15,0.56,0,0,0,Asus,ExpertBook B9,Core i7,Iris Xe,16,1024,2,0.8,0.95,1,0,16,27201654,25165052,435226464,0.19,1,1294245882,24000000,1,55.0,28946157.0,1744503.0,1
REQ-2026-02236,Sales,Senior,49,28,2.08,1,1,0,Dell,Precision 5690,Core i9,RTX 3500,32,2048,4,0.85,0.35,3,0,6,57625128,46075874,345750768,0.516,1,100877248,18000000,1,32.9,59150386.0,1525258.0,0
REQ-2026-02237,HR,Staff,9,29,0.32,0,0,0,Dell,Precision 5690,Core i9,RTX 3500,40,2048,4,0.85,0.35,2,2,8,46951598,46055293,375612784,0.212,0,43113171,11250000,1,43.3,51184753.0,4233155.0,0
REQ-2026-02238,Finance,Staff,47,51,0.7,2,1,0,Asus,ExpertBook B9,Core i7,Iris Xe,16,1024,2,0.8,0.95,3,1,16,29791630,28533503,476666080,0.117,0,213146588,15000000,1,46.9,31958391.0,2166761.0,0
REQ-2026-02239,IT,Manager,49,16,0.63,1,0,0,Apple,MacBook Air 13,M3,Apple GPU,8,768,2,0.95,1.0,2,0,13,22611845,20085593,293953985,0.353,1,3931293124,43200000,0,75.3,27327092.0,4715247.0,1
REQ-2026-02240,Finance,Staff,85,28,0.5,1,1,1,Lenovo,ThinkPad T14,Core i5,Integrated,24,1024,2,0.92,0.75,3,0,24,25136601,23778458,603278424,0.193,1,959042264,15000000,1,70.7,26590589.0,1453988.0,1
REQ-2026-02241,Medical Staff,Staff,21,31,1.72,0,1,0,Lenovo,ThinkPad T14,Core i5,Integrated,24,512,2,0.92,0.75,2,0,6,20878188,21597473,125269128,0.48,1,183004890,16500000,1,44.7,22457354.0,1579166.0,1
REQ-2026-02242,Sales,Staff,50,12,4.53,0,1,1,Lenovo,ThinkPad T14,Core i5,Integrated,24,512,2,0.92,0.75,2,1,16,19176122,20655369,306817952,0.296,1,306346966,13500000,1,36.6,22435791.0,3259669.0,1
REQ-2026-02243,Medical Staff,Senior,123,38,1.77,0,1,1,Lenovo,IdeaPad Slim 3,Core i3,Integrated,24,256,1,0.45,0.65,1,1,6,10453527,11679444,62721162,0.167,1,212163575,22000000,1,34.5,13338672.0,2885145.0,1
REQ-2026-02244,IT,Senior,103,32,0.98,0,1,0,Asus,Vivobook 14,Core i5,Integrated,16,512,1,0.5,0.7,2,2,4,13827369,14641507,55309476,0.33,1,384989733,32000000,0,28.3,20199670.0,6372301.0,1
REQ-2026-02245,HR,Senior,37,15,0.68,0,1,0,Lenovo,IdeaPad Slim 3,Core i3,Integrated,8,256,1,0.45,0.65,2,0,4,10207227,9045109,40828908,0.256,0,106930800,15000000,1,34.6,11719281.0,1512054.0,1
REQ-2026-02246,Medical Staff,Staff,51,16,0.84,2,0,1,Lenovo,ThinkPad P16,Core i9,RTX A2000,32,1024,4,0.9,0.25,1,1,22,36132700,38069819,794919400,0.163,0,1224957889,16500000,0,40.0,39296468.0,3163768.0,0
REQ-2026-02247,Finance,Manager,67,32,0.05,2,1,0,Asus,ROG Zephyrus,Core i9,RTX 4070,32,1536,4,0.55,0.3,2,2,2,32971058,35190811,65942116,0.308,1,68886910,27000000,0,41.3,39360472.0,6389414.0,1
REQ-2026-02248,Medical Staff,Director,68,30,1.29,0,1,0,Lenovo,ThinkPad X1,Core i7,Iris Xe,32,2048,3,0.9,0.95,2,0,21,38619165,37027925,811002465,0.029,0,1613713271,41800000,1,74.2,40361947.0,1742782.0,1
REQ-2026-02249,Medical Staff,Staff,12,33,0.33,1,1,1,Dell,Precision 5690,Core i9,RTX 3500,32,2560,4,0.85,0.35,2,0,25,45429753,44286489,1135743825,0.513,1,1244166827,16500000,1,53.4,47001102.0,1571349.0,0
REQ-2026-02250,Medical Staff,Manager,84,56,0.74,1,1,0,Dell,Latitude 7450,Core i7,Integrated,24,512,2,0.85,0.85,3,1,23,24637323,26324226,566658429,0.534,0,1519407332,29700000,1,58.8,28571246.0,3933923.0,1
REQ-2026-02251,Medical Staff,Staff,6,48,1.93,1,0,1,Lenovo,ThinkPad X1,Core i7,Iris Xe,16,1536,3,0.9,0.95,1,1,12,26093683,28036568,313124196,0.446,1,317971456,16500000,1,50.4,28112548.0,2018865.0,1
REQ-2026-02252,Finance,Staff,118,35,0.29,0,1,0,Lenovo,ThinkPad T14,Core i5,Integrated,16,512,2,0.92,0.75,2,0,14,19290341,18704660,270064774,0.241,1,526740102,15000000,1,67.0,20471891.0,1181550.0,1
REQ-2026-02253,Medical Staff,Staff,34,32,1.69,1,1,0,Dell,Latitude 7450,Core i7,Integrated,16,512,2,0.85,0.85,2,2,19,21028870,23566827,399548530,0.185,1,540889911,16500000,1,57.7,25659873.0,4631003.0,1
REQ-2026-02254,HR,Senior,13,52,0.19,1,1,0,Dell,Precision 5690,Core i9,RTX 3500,32,3072,4,0.85,0.35,1,1,22,44864645,45027698,987022190,0.363,0,508996585,15000000,0,72.8,47976145.0,3111500.0,0
REQ-2026-02255,Finance,Staff,45,34,1.97,0,1,0,Dell,Inspiron 15,Core i5,Integrated,8,512,1,0.5,0.6,3,1,13,12824044,11614207,166712572,0.34,1,1074898676,15000000,1,42.4,14910703.0,2086659.0,1
REQ-2026-02256,Medical Staff,Manager,89,28,1.51,1,1,0,Apple,MacBook Pro 14,M3 Pro,Apple GPU,18,512,4,0.95,0.85,1,1,13,38551811,33048849,501173543,0.312,0,467240216,29700000,1,46.0,45414234.0,6862423.0,0
REQ-2026-02257,HR,Staff,92,34,0.22,0,0,0,Dell,Inspiron 15,Core i5,Integrated,16,512,1,0.5,0.6,2,1,16,14593040,13113976,233488640,0.397,1,221168529,11250000,1,50.4,17804598.0,3211558.0,1
REQ-2026-02258,Finance,Senior,88,37,0.54,0,1,0,Apple,MacBook Air 13,M3,Apple GPU,8,256,2,0.95,1.0,2,1,24,21529021,19919077,516696504,0.229,1,999938251,20000000,0,38.9,28317931.0,6788910.0,1
REQ-2026-02259,Sales,Director,24,46,1.39,0,1,0,Lenovo,IdeaPad Slim 3,Core i3,Integrated,8,256,1,0.45,0.65,1,3,23,8332308,7724635,191643084,0.138,1,416471504,34200000,1,27.2,20845137.0,12512829.0,1
REQ-2026-02260,Finance,Staff,43,10,0.45,1,1,0,Lenovo,ThinkPad X1,Core i7,Iris Xe,32,1024,3,0.9,0.95,1,0,5,29587420,30322139,147937100,0.447,1,73174486,15000000,1,58.0,31086180.0,1498760.0,0
REQ-2026-02261,Medical Staff,Staff,11,37,1.51,0,0,0,Lenovo,ThinkPad T14,Core i5,Integrated,24,1024,2,0.92,0.75,1,1,1,22737239,20964588,22737239,0.244,1,26171688,16500000,1,49.9,25551054.0,2813815.0,1
REQ-2026-02262,IT,Director,66,40,1.05,0,1,0,Lenovo,ThinkPad P16,Core i9,RTX A2000,32,1024,4,0.9,0.25,2,1,15,43022519,36983390,645337785,0.097,1,993322601,60800000,1,53.8,46627023.0,3604504.0,1
REQ-2026-02263,HR,Manager,37,42,0.67,0,1,0,Dell,Latitude 7450,Core i7,Integrated,16,1536,2,0.85,0.85,1,1,20,29337771,27553656,586755420,0.268,0,1237526937,20250000,1,46.4,32668825.0,3331054.0,1
REQ-2026-02264,IT,Senior,17,45,1.76,0,0,1,Dell,Precision 5690,Core i9,RTX 3500,40,3072,4,0.85,0.35,3,1,25,58731369,49878071,1468284225,0.335,1,3021180506,32000000,1,44.6,62227061.0,3495692.0,1
REQ-2026-02265,Finance,Staff,54,22,0.33,0,1,0,Dell,Inspiron 15,Core i5,Integrated,16,512,1,0.5,0.6,2,0,16,12986709,12767349,207787344,0.33,0,385323128,15000000,1,31.2,14840630.0,1853921.0,1
REQ-2026-02266,IT,Senior,146,39,0.34,1,1,1,Asus,Vivobook 14,Core i5,Integrated,8,512,1,0.5,0.7,1,0,15,10079231,10211087,151188465,0.159,1,2298721810,32000000,0,30.8,12259469.0,2180238.0,1
REQ-2026-02267,Medical Staff,Staff,37,26,1.69,0,1,0,HP,ZBook Firefly,Core i7,RTX A500,32,1024,3,0.8,0.6,2,0,15,25196930,31140529,377953950,0.438,0,1125508987,16500000,1,57.9,26650259.0,1453329.0,0
REQ-2026-02268,Finance,Manager,12,27,0.85,0,1,0,Lenovo,ThinkPad P16,Core i9,RTX A2000,32,1024,4,0.9,0.25,1,0,25,36881843,35398424,922046075,0.63,0,918577869,27000000,1,52.6,38114227.0,1232384.0,1
REQ-2026-02269,HR,Manager,29,30,0.16,0,0,0,Apple,MacBook Pro 14,M3 Pro,Apple GPU,18,1536,4,0.95,0.85,1,0,16,38464953,34954412,615439248,0.098,1,271585411,20250000,1,38.1,43124180.0,4659227.0,0
REQ-2026-02270,Sales,Staff,10,42,8.51,1,1,0,Lenovo,ThinkPad T14,Core i5,Integrated,32,512,2,0.92,0.75,3,2,10,24548336,22188723,245483360,0.177,1,324556235,13500000,1,46.5,29612304.0,5063968.0,1
REQ-2026-02271,Medical Staff,Senior,20,40,1.41,0,0,1,Asus,Vivobook 14,Core i5,Integrated,24,1024,1,0.5,0.7,2,1,22,15830682,17295898,348275004,0.206,1,1819687273,22000000,1,52.8,18712266.0,2881584.0,1
REQ-2026-02272,IT,Senior,38,44,0.68,0,1,0,HP,OmniBook 5,Ryzen 7,Radeon,32,512,2,0.65,0.8,1,0,19,20899302,20932453,397086738,0.256,0,3034552520,32000000,1,30.3,23608897.0,2709595.0,1
REQ-2026-02273,Sales,Manager,32,29,1.34,0,1,1,Apple,MacBook Pro 14,M3 Pro,Apple GPU,18,1024,4,0.95,0.85,1,1,10,32470219,33954321,324702190,0.514,0,346547795,24300000,0,72.1,39418314.0,6948095.0,1
REQ-2026-02274,Sales,Senior,34,30,5.95,0,1,0,Apple,MacBook Pro 14,M3 Pro,Apple GPU,18,512,4,0.95,0.85,1,3,16,35111521,30035821,561784336,0.123,0,467916208,18000000,0,30.2,45493937.0,10382416.0,1
REQ-2026-02275,HR,Director,50,44,1.02,0,0,1,Asus,ExpertBook B9,Core i7,Iris Xe,24,1024,2,0.8,0.95,1,0,13,28599753,25344844,371796789,0.536,1,1089210087,28500000,1,54.2,29481492.0,881739.0,1
REQ-2026-02276,IT,Senior,53,45,1.38,0,1,0,Lenovo,ThinkPad T14,Core i5,Integrated,24,1024,2,0.92,0.75,2,0,18,22653790,22388079,407768220,0.271,0,831760720,32000000,1,70.3,24154869.0,1501079.0,1
REQ-2026-02277,Sales,Senior,34,33,2.87,0,0,1,Asus,Vivobook 14,Core i5,Integrated,16,512,1,0.5,0.7,2,2,15,12702638,13021725,190539570,0.273,1,143443425,18000000,1,35.9,17687428.0,4984790.0,1
REQ-2026-02278,Design,Manager,9,24,0.59,1,0,0,Lenovo,ThinkPad T14,Core i5,Integrated,24,512,2,0.92,0.75,2,0,13,21569952,20251894,280409376,0.826,0,1265742467,40500000,1,58.1,22911501.0,1341549.0,1
REQ-2026-02279,HR,Manager,14,45,0.17,0,0,0,HP,OmniBook 5,Ryzen 7,Radeon,24,1536,2,0.65,0.8,1,0,17,26551103,23682740,451368751,0.072,0,411744874,20250000,1,39.8,28407608.0,1856505.0,1
REQ-2026-02280,Design,Staff,34,1,0.19,0,0,0,Lenovo,ThinkPad T14,Core i5,Integrated,24,1024,2,0.92,0.75,2,0,13,24332841,22335699,316326933,0.19,1,354069898,22500000,1,67.0,25730459.0,1397618.0,1
REQ-2026-02281,Finance,Staff,38,74,0.82,0,1,0,Asus,ExpertBook B9,Core i7,Iris Xe,16,1024,2,0.8,0.95,1,0,20,24198938,24992512,483978760,0.466,1,1681090612,15000000,1,35.9,26291385.0,2092447.0,1
REQ-2026-02282,Finance,Staff,29,33,0.83,0,1,0,HP,ZBook Firefly,Core i7,RTX A500,40,1536,3,0.8,0.6,2,1,22,37514398,35274557,825316756,0.727,0,373554340,15000000,1,30.1,40944816.0,3430418.0,0
REQ-2026-02283,Medical Staff,Staff,53,44,0.35,0,1,0,Asus,ROG Zephyrus,Core i9,RTX 4070,32,1024,4,0.55,0.3,2,1,12,39616945,33588524,475403340,0.23,0,300581286,16500000,0,43.6,42667869.0,3050924.0,0
REQ-2026-02284,Sales,Senior,35,42,8.34,0,0,0,Lenovo,ThinkPad P16,Core i9,RTX A2000,40,1024,4,0.9,0.25,1,2,24,41010196,37828150,984244704,0.069,0,1259435858,18000000,0,29.8,47141838.0,6131642.0,1
REQ-2026-02285,Medical Staff,Senior,83,34,1.35,0,0,1,Asus,ROG Zephyrus,Core i9,RTX 4070,32,1024,4,0.55,0.3,2,1,5,38908286,35190467,194541430,0.301,1,330793975,22000000,0,33.9,41347562.0,2439276.0,1
REQ-2026-02286,IT,Staff,59,47,0.81,1,0,0,Asus,ExpertBook B9,Core i7,Iris Xe,24,1024,2,0.8,0.95,3,0,1,32064153,27859902,32064153,0.541,1,131626438,24000000,1,71.0,33559510.0,1495357.0,1
REQ-2026-02287,Sales,Staff,40,22,11.05,1,0,0,Lenovo,IdeaPad Slim 3,Core i3,Integrated,8,256,1,0.45,0.65,1,4,13,8951001,8442896,116363013,0.178,0,80205706,13500000,1,12.2,20870351.0,11919350.0,1
REQ-2026-02288,Sales,Staff,73,32,1.84,1,1,0,Dell,Inspiron 15,Core i5,Integrated,16,512,1,0.5,0.6,1,3,18,12335995,11181254,222047910,0.31,0,225161420,13500000,1,29.6,18355006.0,6019011.0,1
REQ-2026-02289,Medical Staff,Director,9,32,1.99,1,1,0,Dell,Latitude 7450,Core i7,Integrated,16,512,2,0.85,0.85,3,0,24,26278411,23493405,630681864,0.486,0,2630922884,41800000,1,55.5,27374059.0,1095648.0,1
REQ-2026-02290,IT,Staff,29,47,0.42,0,1,0,Asus,ExpertBook B9,Core i7,Iris Xe,24,1024,2,0.8,0.95,2,1,12,27871891,27105935,334462692,0.251,0,349187199,24000000,1,43.1,30919230.0,3047339.0,0
REQ-2026-02291,Sales,Manager,11,37,2.04,0,1,0,Asus,ROG Zephyrus,Core i9,RTX 4070,40,1536,4,0.55,0.3,1,1,11,45164188,37361490,496806068,0.254,0,941643239,24300000,0,45.1,48664215.0,3500027.0,0
REQ-2026-02292,Design,Manager,68,43,0.24,0,0,0,Lenovo,ThinkPad X1,Core i7,Iris Xe,16,1024,3,0.9,0.95,2,0,6,26352040,28212953,158112240,0.42,0,473921335,40500000,1,81.8,27818332.0,1466292.0,1
REQ-2026-02293,Medical Staff,Staff,58,32,0.64,0,1,1,HP,ProBook 445,Ryzen 5,Radeon,8,512,1,0.6,0.7,2,2,2,12133892,13049876,24267784,0.486,0,31189221,16500000,1,36.7,16972641.0,4838749.0,1
REQ-2026-02294,Design,Senior,87,46,0.45,0,1,0,Dell,Latitude 7450,Core i7,Integrated,16,512,2,0.85,0.85,1,1,21,24388430,21328457,512157030,0.243,1,2978512339,30000000,1,52.7,28415852.0,4027422.0,1
REQ-2026-02295,Design,Manager,28,32,1.54,1,0,0,Dell,Inspiron 15,Core i5,Integrated,8,512,1,0.5,0.6,1,2,9,10590120,9350971,95311080,0.375,0,245192540,40500000,0,23.0,18645003.0,8054883.0,1
REQ-2026-02296,IT,Manager,4,36,0.27,1,1,0,Lenovo,ThinkPad X1,Core i7,Iris Xe,16,1536,3,0.9,0.95,1,0,9,28808002,30152767,259272018,0.261,1,434708108,43200000,1,58.0,29997225.0,1189223.0,1
REQ-2026-02297,Sales,Staff,93,49,15.84,0,0,0,Asus,Vivobook 14,Core i5,Integrated,8,512,1,0.5,0.7,1,2,18,10361548,10071291,186507864,0.33,1,1947934688,13500000,1,14.0,17918582.0,7557034.0,1
REQ-2026-02298,HR,Staff,31,24,0.18,0,0,0,Asus,ROG Zephyrus,Core i9,RTX 4070,32,1024,4,0.55,0.3,1,1,7,37889245,35172765,265224715,0.643,1,224254442,11250000,0,48.2,41239130.0,3349885.0,0
REQ-2026-02299,IT,Manager,38,38,0.49,0,0,0,Asus,Vivobook 14,Core i5,Integrated,8,1024,1,0.5,0.7,1,4,7,12837133,11931087,89859931,0.277,1,494627663,43200000,0,43.0,19529722.0,6692589.0,1
REQ-2026-02300,Finance,Staff,30,38,0.21,0,1,0,Asus,ROG Zephyrus,Core i9,RTX 4070,40,1024,4,0.55,0.3,1,0,25,41869778,35565988,1046744450,0.269,0,605190994,15000000,1,37.0,43231791.0,1362013.0,0
REQ-2026-02301,Design,Staff,7,54,0.29,2,0,0,Dell,Inspiron 15,Core i5,Integrated,8,1024,1,0.5,0.6,2,0,16,12329490,12295229,197271840,0.261,1,336937862,22500000,0,28.5,14933492.0,2604002.0,1
REQ-2026-02302,Finance,Senior,18,33,0.11,2,1,0,Lenovo,ThinkPad T14,Core i5,Integrated,24,512,2,0.92,0.75,3,0,2,26359144,20672483,52718288,0.192,0,77655249,20000000,1,27.1,28612124.0,2252980.0,1
REQ-2026-02303,Design,Senior,103,64,0.22,0,0,0,Dell,Inspiron 15,Core i5,Integrated,8,512,1,0.5,0.6,1,1,9,8904582,8992260,80141238,0.396,0,726684194,30000000,0,32.1,12373553.0,3468971.0,1
REQ-2026-02304,Design,Senior,37,21,0.45,1,0,0,HP,OmniBook 5,Ryzen 7,Radeon,24,1024,2,0.65,0.8,1,3,15,26416873,20309668,396253095,0.174,1,877543193,30000000,0,51.6,32296616.0,5879743.0,1
REQ-2026-02305,IT,Staff,14,28,2.07,0,0,0,HP,OmniBook 5,Ryzen 7,Radeon,16,512,2,0.65,0.8,2,4,6,18571074,18681808,111426444,0.318,1,365245875,24000000,1,48.3,24543258.0,5972184.0,1
REQ-2026-02306,Sales,Senior,34,34,3.75,0,0,0,Lenovo,IdeaPad Slim 3,Core i3,Integrated,24,1280,1,0.45,0.65,1,1,4,16396614,15168755,65586456,0.086,0,52450509,18000000,1,23.6,21502580.0,5105966.0,0
REQ-2026-02307,Finance,Senior,16,20,0.37,0,1,1,Dell,Inspiron 15,Core i5,Integrated,8,512,1,0.5,0.6,1,0,25,10659274,9260263,266481850,0.406,1,329308846,20000000,1,31.5,12715618.0,2056344.0,1
REQ-2026-02308,Sales,Staff,87,53,3.97,0,1,0,Asus,ROG Zephyrus,Core i9,RTX 4070,40,1024,4,0.55,0.3,2,2,21,44541903,38167070,935379963,0.466,1,994600017,13500000,0,35.4,50306757.0,5764854.0,0
REQ-2026-02309,Finance,Senior,35,32,0.5,1,1,0,Asus,ExpertBook B9,Core i7,Iris Xe,16,1024,2,0.8,0.95,2,0,24,27813907,25121458,667533768,0.259,1,1370036935,20000000,1,39.0,29768007.0,1954100.0,1
REQ-2026-02310,Design,Senior,23,33,0.3,0,0,1,Lenovo,IdeaPad Slim 3,Core i3,Integrated,8,256,1,0.45,0.65,1,2,16,8443851,7712356,135101616,0.265,0,639556734,30000000,0,31.2,13951149.0,5507298.0,1
REQ-2026-02311,IT,Staff,46,21,0.98,0,1,0,Lenovo,ThinkPad X1,Core i7,Iris Xe,16,1536,3,0.9,0.95,1,1,16,26760903,29485658,428174448,0.602,1,2718603538,24000000,1,38.9,29688377.0,2927474.0,0
REQ-2026-02312,Finance,Senior,12,44,0.74,0,0,0,HP,OmniBook 5,Ryzen 7,Radeon,24,1024,2,0.65,0.8,2,2,9,20134517,21661952,181210653,0.162,1,207974959,20000000,1,49.0,23907653.0,3773136.0,1
REQ-2026-02313,Medical Staff,Staff,66,38,1.94,1,1,0,Dell,Latitude 7450,Core i7,Integrated,16,512,2,0.85,0.85,3,1,14,21677082,23419143,303479148,0.098,1,721086008,16500000,1,56.5,24300012.0,2622930.0,1
REQ-2026-02314,Medical Staff,Senior,45,62,0.41,0,0,0,HP,OmniBook 5,Ryzen 7,Radeon,24,512,2,0.65,0.8,1,1,24,22167294,18242494,532015056,0.381,0,1836166519,22000000,1,41.8,25105259.0,2937965.0,1
REQ-2026-02315,Finance,Staff,102,20,0.49,1,1,0,Lenovo,ThinkPad P16,Core i9,RTX A2000,32,1536,4,0.9,0.25,1,1,22,41651138,40228962,916325036,0.376,0,1228480398,15000000,0,46.5,44423998.0,2772860.0,0
REQ-2026-02316,HR,Manager,33,27,0.71,0,1,0,Lenovo,ThinkPad T14,Core i5,Integrated,16,512,2,0.92,0.75,1,0,11,16771542,17523938,184486962,0.785,1,316365748,20250000,1,69.8,18131534.0,1359992.0,1
REQ-2026-02317,Design,Staff,39,29,0.69,1,0,1,Dell,Latitude 7450,Core i7,Integrated,16,512,2,0.85,0.85,1,1,8,19524293,19907841,156194344,0.424,1,234525798,22500000,1,46.7,21949594.0,2425301.0,1
REQ-2026-02318,Design,Staff,122,32,0.24,1,0,0,Lenovo,ThinkPad P16,Core i9,RTX A2000,48,1024,4,0.9,0.25,1,0,5,44440893,40157694,222204465,0.298,0,38993912,22500000,1,47.4,45509664.0,1068771.0,0
REQ-2026-02319,Medical Staff,Staff,63,31,1.5,1,1,0,HP,ZBook Firefly,Core i7,RTX A500,40,1536,3,0.8,0.6,1,1,23,39021075,33093815,897484725,0.75,0,141289555,16500000,1,32.4,42600387.0,3579312.0,0
REQ-2026-02320,IT,Staff,9,43,0.85,0,0,1,HP,OmniBook 5,Ryzen 7,Radeon,24,512,2,0.65,0.8,1,0,23,19130049,18356109,439991127,0.514,1,2822380880,24000000,1,38.2,20475848.0,1345799.0,1
REQ-2026-02321,HR,Staff,58,29,0.35,1,1,0,Dell,Latitude 7450,Core i7,Integrated,16,512,2,0.85,0.85,2,0,21,26639910,23560491,559438110,0.323,0,607414493,11250000,1,62.2,28418461.0,1778551.0,0
REQ-2026-02322,Medical Staff,Director,46,52,2.25,0,0,0,Dell,Precision 5690,Core i9,RTX 3500,40,2560,4,0.85,0.35,1,1,21,40468137,43517657,849830877,0.444,1,1794431464,41800000,0,51.7,44399510.0,3931373.0,1
REQ-2026-02323,Finance,Senior,27,27,0.47,0,1,1,Lenovo,IdeaPad Slim 3,Core i3,Integrated,24,768,1,0.45,0.65,2,1,16,17825340,14492219,285205440,0.257,1,696408939,20000000,1,41.2,21040199.0,3214859.0,1
REQ-2026-02324,Finance,Manager,42,59,0.49,0,1,1,Lenovo,ThinkPad T14,Core i5,Integrated,24,1536,2,0.92,0.75,2,0,13,26657608,23956902,346548904,0.409,0,433846797,27000000,1,58.2,28504351.0,1846743.0,1
REQ-2026-02325,Medical Staff,Staff,64,41,0.22,1,1,1,Lenovo,ThinkPad X1,Core i7,Iris Xe,16,1536,3,0.9,0.95,1,0,15,31026888,29236599,465403320,0.01,1,687213549,16500000,0,57.7,32321664.0,1294776.0,1
REQ-2026-02326,HR,Staff,26,23,0.29,0,1,0,Lenovo,IdeaPad Slim 3,Core i3,Integrated,8,768,1,0.45,0.65,2,3,21,9929364,10875386,208516644,0.537,1,764308904,11250000,1,36.2,16479502.0,6550138.0,1
REQ-2026-02327,Sales,Staff,18,20,2.2,0,0,0,Lenovo,ThinkPad P16,Core i9,RTX A2000,32,1536,4,0.9,0.25,2,1,19,30132193,38371100,572511667,0.488,1,542933202,13500000,0,50.1,33566675.0,3434482.0,0
REQ-2026-02328,Design,Manager,90,37,0.64,0,0,0,HP,ProBook 445,Ryzen 5,Radeon,24,1024,1,0.6,0.7,1,0,1,21460567,17980345,21460567,0.191,1,83931362,40500000,0,29.8,23730990.0,2270423.0,1
REQ-2026-02329,IT,Staff,61,26,1.05,0,1,0,Lenovo,ThinkPad P16,Core i9,RTX A2000,32,1536,4,0.9,0.25,1,0,3,40345782,38211442,121037346,0.643,0,134363785,24000000,1,56.4,42055719.0,1709937.0,0
REQ-2026-02330,Medical Staff,Staff,43,29,0.35,1,0,0,HP,ProBook 445,Ryzen 5,Radeon,8,512,1,0.6,0.7,1,0,9,11295699,11737677,101661291,0.475,1,213811816,16500000,1,52.2,12784636.0,1488937.0,1
REQ-2026-02331,Design,Staff,43,38,0.84,0,0,0,Dell,Latitude 7450,Core i7,Integrated,16,512,2,0.85,0.85,1,0,11,22757348,20606393,250330828,0.06,0,1302900492,22500000,0,48.9,24545067.0,1787719.0,1
REQ-2026-02332,Finance,Staff,32,49,0.13,0,1,0,Apple,MacBook Air 13,M3,Apple GPU,8,256,2,0.95,1.0,2,1,20,21768005,19028351,435360100,0.063,0,661567619,15000000,1,51.2,27359605.0,5591600.0,1
REQ-2026-02333,Medical Staff,Senior,73,38,2.24,1,0,0,Asus,ExpertBook B9,Core i7,Iris Xe,16,1536,2,0.8,0.95,1,1,13,28066775,24709722,364868075,0.21,1,573221913,22000000,1,45.5,30317939.0,2251164.0,1
REQ-2026-02334,Finance,Staff,4,44,0.56,1,1,0,Dell,Latitude 7450,Core i7,Integrated,32,1024,2,0.85,0.85,1,0,24,28103855,28555211,674492520,0.336,1,534202159,15000000,1,41.8,29505185.0,1401330.0,1
REQ-2026-02335,IT,Senior,14,39,0.9,0,1,0,Asus,ExpertBook B9,Core i7,Iris Xe,16,1024,2,0.8,0.95,1,1,11,24992246,23756589,274914706,0.138,0,713775604,32000000,1,39.0,27625704.0,2633458.0,1
REQ-2026-02336,Finance,Manager,35,27,0.45,1,1,1,Lenovo,ThinkPad X1,Core i7,Iris Xe,24,1536,3,0.9,0.95,2,1,7,31643026,31707703,221501182,0.051,1,194427382,27000000,1,63.0,35452721.0,3809695.0,1
REQ-2026-02337,Finance,Director,1,26,0.56,0,1,0,Asus,Vivobook 14,Core i5,Integrated,24,512,1,0.5,0.7,1,1,7,14675719,14024276,102730033,0.293,1,423585260,38000000,1,36.5,18611786.0,3936067.0,1
REQ-2026-02338,Medical Staff,Director,33,34,1.47,0,1,1,Asus,Vivobook 14,Core i5,Integrated,8,1024,1,0.5,0.7,2,1,13,15415453,13105372,200400889,0.407,0,1575750173,41800000,1,31.5,19649581.0,4234128.0,1
REQ-2026-02339,Medical Staff,Senior,5,32,0.39,0,1,0,Asus,Vivobook 14,Core i5,Integrated,8,512,1,0.5,0.7,1,1,2,9538336,9609997,19076672,0.318,0,51378998,22000000,0,42.6,12534038.0,2995702.0,1
REQ-2026-02340,IT,Staff,53,74,0.03,0,0,1,Asus,ROG Zephyrus,Core i9,RTX 4070,40,1024,4,0.55,0.3,1,1,2,36503065,35574637,73006130,0.506,1,41998016,24000000,1,43.4,39237074.0,2734009.0,0
REQ-2026-02341,Finance,Director,38,30,0.05,1,1,1,Dell,Inspiron 15,Core i5,Integrated,8,512,1,0.5,0.6,2,1,17,11056177,10267247,187955009,0.045,1,1616496758,38000000,1,27.2,16231074.0,5174897.0,1
REQ-2026-02342,IT,Staff,65,46,0.65,0,1,0,Asus,ROG Zephyrus,Core i9,RTX 4070,32,1024,4,0.55,0.3,3,1,23,35208371,36125027,809792533,0.576,1,2209740410,24000000,0,62.3,37669352.0,2460981.0,1
REQ-2026-02343,Design,Staff,47,46,0.17,0,0,0,Lenovo,ThinkPad X1,Core i7,Iris Xe,16,1024,3,0.9,0.95,1,0,16,31484114,28038413,503745824,0.46,0,1147474597,22500000,1,45.6,33207818.0,1723704.0,1
REQ-2026-02344,IT,Staff,54,37,0.44,0,1,0,Dell,Precision 5690,Core i9,RTX 3500,48,2048,4,0.85,0.35,2,2,20,42796533,48608713,855930660,0.315,1,721890612,24000000,1,52.4,45572770.0,2776237.0,1
REQ-2026-02345,Design,Senior,50,27,0.13,0,0,0,Apple,MacBook Air 13,M3,Apple GPU,8,256,2,0.95,1.0,1,0,2,15245818,18441888,30491636,0.147,1,75578238,30000000,0,61.1,19654297.0,4408479.0,1
REQ-2026-02346,IT,Director,44,50,0.46,1,0,0,Dell,Inspiron 15,Core i5,Integrated,8,1024,1,0.5,0.6,1,2,14,9409906,11701389,131738684,0.397,1,2865726075,60800000,0,27.5,18534885.0,9124979.0,1
REQ-2026-02347,IT,Manager,27,21,1.0,0,1,0,Asus,Vivobook 14,Core i5,Integrated,16,512,1,0.5,0.7,1,1,11,11890630,11803721,130796930,0.376,0,1230825284,43200000,0,36.7,15822959.0,3932329.0,1
REQ-2026-02348,Sales,Staff,49,14,1.55,0,1,0,Apple,MacBook Air 13,M3,Apple GPU,8,768,2,0.95,1.0,1,1,7,20360023,19388003,142520161,0.076,1,346981407,13500000,0,41.2,26005339.0,5645316.0,1
REQ-2026-02349,IT,Staff,19,19,0.09,0,0,0,HP,ProBook 445,Ryzen 5,Radeon,8,1024,1,0.6,0.7,2,0,23,15044787,14149789,346030101,0.052,1,1725788686,24000000,0,32.3,16804795.0,1760008.0,1
REQ-2026-02350,Design,Staff,47,33,2.36,0,0,0,Asus,Vivobook 14,Core i5,Integrated,8,512,1,0.5,0.7,2,1,8,11648114,11331497,93184912,0.482,1,344314502,22500000,0,35.3,13498655.0,1850541.0,1
REQ-2026-02351,Finance,Staff,68,42,0.2,1,1,0,Lenovo,IdeaPad Slim 3,Core i3,Integrated,8,256,1,0.45,0.65,1,1,2,8776710,7715599,17553420,0.376,1,112241490,15000000,0,26.7,13274762.0,4498052.0,1
REQ-2026-02352,Sales,Senior,65,32,5.7,1,1,0,Apple,MacBook Pro 14,M3 Pro,Apple GPU,18,1024,4,0.95,0.85,1,1,21,30076367,32920789,631603707,0.371,1,1120396850,18000000,0,37.3,36097003.0,6020636.0,0
REQ-2026-02353,IT,Senior,23,11,0.74,0,0,0,Lenovo,ThinkPad X1,Core i7,Iris Xe,32,2048,3,0.9,0.95,1,1,21,37893296,34774384,795759216,0.475,0,1443836728,32000000,1,49.4,41712460.0,3819164.0,0
REQ-2026-02354,Sales,Senior,22,41,1.61,0,0,0,Asus,Vivobook 14,Core i5,Integrated,16,1024,1,0.5,0.7,2,2,25,17422099,16197984,435552475,0.013,1,1728068521,18000000,1,41.2,21621973.0,4199874.0,1
REQ-2026-02355,Medical Staff,Staff,18,49,0.94,1,0,0,Apple,MacBook Pro 14,M3 Pro,Apple GPU,26,512,4,0.95,0.85,1,2,23,33860085,34879862,778781955,0.088,0,1072326242,16500000,1,38.8,41141273.0,7281188.0,0
REQ-2026-02356,Design,Staff,46,9,0.45,0,0,0,Apple,MacBook Air 13,M3,Apple GPU,8,256,2,0.95,1.0,2,0,9,20418647,18468307,183767823,0.294,1,994272952,22500000,0,70.2,25134981.0,4716334.0,1
REQ-2026-02357,Finance,Senior,73,15,0.26,0,1,1,Apple,MacBook Air 13,M3,Apple GPU,16,768,2,0.95,1.0,3,2,14,23134779,25238808,323886906,0.176,1,587999907,20000000,1,78.1,30998569.0,7863790.0,1
REQ-2026-02358,HR,Director,78,16,0.33,0,1,0,Apple,MacBook Air 13,M3,Apple GPU,24,256,2,0.95,1.0,2,1,4,24730957,22766056,98923828,0.427,1,157859074,28500000,1,50.0,32413702.0,7682745.0,1
REQ-2026-02359,Sales,Manager,5,30,2.39,1,1,0,Apple,MacBook Pro 14,M3 Pro,Apple GPU,34,512,4,0.95,0.85,2,0,19,37795979,37033784,718123601,0.069,1,488487502,24300000,0,38.4,41800999.0,4005020.0,1
REQ-2026-02360,HR,Manager,62,47,0.08,0,0,0,Lenovo,IdeaPad Slim 3,Core i3,Integrated,8,256,1,0.45,0.65,2,5,11,7609338,9104882,83702718,0.274,1,260293288,20250000,1,44.4,19813131.0,12203793.0,1
REQ-2026-02361,IT,Staff,33,59,0.49,0,0,0,Asus,Vivobook 14,Core i5,Integrated,8,512,1,0.5,0.7,2,1,2,11756854,11319749,23513708,0.409,1,187083723,24000000,0,35.5,14723448.0,2966594.0,1
REQ-2026-02362,HR,Senior,39,28,1.06,0,1,0,HP,ProBook 445,Ryzen 5,Radeon,8,512,1,0.6,0.7,2,0,12,13005563,12466796,156066756,0.121,1,248118547,15000000,1,32.7,15020585.0,2015022.0,1
REQ-2026-02363,Design,Senior,37,52,0.62,0,0,0,Lenovo,ThinkPad P16,Core i9,RTX A2000,40,1024,4,0.9,0.25,2,2,14,37046474,39142108,518650636,0.439,0,1055728440,30000000,1,58.2,42458195.0,5411721.0,1
REQ-2026-02364,HR,Senior,67,11,0.52,1,0,0,HP,ZBook Firefly,Core i7,RTX A500,40,1024,3,0.8,0.6,1,0,21,30199485,31650679,634189185,0.368,0,217885250,15000000,1,28.6,32642863.0,2443378.0,0
REQ-2026-02365,Design,Staff,45,31,0.52,0,0,0,HP,ProBook 445,Ryzen 5,Radeon,24,512,1,0.6,0.7,3,0,7,21055037,17808355,147385259,0.477,1,573869017,22500000,0,46.8,22919878.0,1864841.0,1
REQ-2026-02366,IT,Senior,18,36,0.75,2,1,0,Apple,MacBook Air 13,M3,Apple GPU,16,256,2,0.95,1.0,2,0,21,21079029,21304803,442659609,0.188,1,1727135327,32000000,0,48.8,25533631.0,4454602.0,1
REQ-2026-02367,Design,Staff,11,22,0.79,1,0,0,Lenovo,ThinkPad T14,Core i5,Integrated,24,1024,2,0.92,0.75,1,0,7,22781477,22331316,159470339,0.271,0,660976796,22500000,1,42.0,24068961.0,1287484.0,1
REQ-2026-02368,Design,Staff,19,53,0.31,0,0,0,Lenovo,ThinkPad P16,Core i9,RTX A2000,32,1024,4,0.9,0.25,1,1,19,36386956,37594538,691352164,0.436,1,1308106085,22500000,1,56.9,38838546.0,2451590.0,1
REQ-2026-02369,Medical Staff,Staff,40,43,1.46,0,1,0,Dell,Latitude 7450,Core i7,Integrated,24,1024,2,0.85,0.85,1,0,7,23392276,25359545,163745932,0.11,0,522772418,16500000,0,67.8,25266078.0,1873802.0,1
REQ-2026-02370,Sales,Manager,36,53,1.54,0,1,0,Asus,ROG Zephyrus,Core i9,RTX 4070,40,1536,4,0.55,0.3,2,0,25,43888682,38589637,1097217050,0.495,1,646570862,24300000,0,56.6,45443264.0,1554582.0,0
REQ-2026-02371,HR,Manager,46,44,0.36,0,1,0,HP,OmniBook 5,Ryzen 7,Radeon,24,1536,2,0.65,0.8,3,1,13,26972907,26054656,350647791,0.13,1,209432845,20250000,1,46.9,30443947.0,3471040.0,1
REQ-2026-02372,Sales,Staff,3,24,3.26,0,0,0,Dell,Latitude 7450,Core i7,Integrated,16,512,2,0.85,0.85,2,1,21,21718943,22594625,456097803,0.076,0,497803680,13500000,1,44.4,24872854.0,3153911.0,1
REQ-2026-02373,IT,Staff,26,48,0.35,0,1,1,HP,OmniBook 5,Ryzen 7,Radeon,16,512,2,0.65,0.8,2,1,4,19072835,18811910,76291340,0.48,1,241865583,24000000,1,46.7,21591605.0,2518770.0,1
REQ-2026-02374,Medical Staff,Manager,72,50,0.34,1,1,0,Lenovo,ThinkPad X1,Core i7,Iris Xe,24,1024,3,0.9,0.95,1,0,14,29143281,28456270,408005934,0.323,0,385635122,29700000,1,43.3,30681758.0,1538477.0,1
REQ-2026-02375,Medical Staff,Senior,38,24,0.21,1,1,0,Dell,Inspiron 15,Core i5,Integrated,8,1536,1,0.5,0.6,1,2,1,15389865,12922054,15389865,0.302,0,32425592,22000000,1,30.6,21333375.0,5943510.0,1
REQ-2026-02376,HR,Staff,37,25,0.14,1,0,0,Lenovo,ThinkPad X1,Core i7,Iris Xe,16,2048,3,0.9,0.95,1,0,11,29802144,30676879,327823584,0.125,0,372842122,11250000,1,59.0,30963985.0,1161841.0,0
REQ-2026-02377,Medical Staff,Staff,23,25,0.61,0,1,0,Dell,Precision 5690,Core i9,RTX 3500,32,2048,4,0.85,0.35,3,0,17,43491079,43681443,739348343,0.766,0,1035229063,16500000,1,57.5,44936592.0,1445513.0,0
REQ-2026-02378,Medical Staff,Senior,71,38,1.9,1,1,0,Lenovo,IdeaPad Slim 3,Core i3,Integrated,8,256,1,0.45,0.65,2,0,15,9846114,9274043,147691710,0.245,0,391866206,22000000,1,41.2,11216290.0,1370176.0,1
REQ-2026-02379,Sales,Staff,10,38,1.19,0,0,0,Asus,ROG Zephyrus,Core i9,RTX 4070,32,1536,4,0.55,0.3,1,2,9,40337204,33881567,363034836,0.326,0,155283297,13500000,1,27.9,45929723.0,5592519.0,0
REQ-2026-02380,HR,Staff,23,19,0.25,1,0,0,HP,ZBook Firefly,Core i7,RTX A500,32,1024,3,0.8,0.6,1,3,18,31497756,29138957,566959608,0.158,0,270504807,11250000,0,50.8,36985455.0,5487699.0,0
REQ-2026-02381,Sales,Manager,41,23,6.08,0,1,0,Asus,ROG Zephyrus,Core i9,RTX 4070,32,1024,4,0.55,0.3,2,2,18,36098438,35787682,649771884,0.094,1,2455297404,24300000,0,37.0,42094260.0,5995822.0,1
REQ-2026-02382,Medical Staff,Staff,37,17,0.81,0,1,0,Apple,MacBook Pro 14,M3 Pro,Apple GPU,26,512,4,0.95,0.85,1,0,24,30923722,32220928,742169328,0.327,1,237615000,16500000,0,57.7,35434108.0,4510386.0,0
REQ-2026-02383,Finance,Senior,63,6,0.77,0,1,1,HP,ProBook 445,Ryzen 5,Radeon,8,512,1,0.6,0.7,2,0,15,13003306,12982721,195049590,0.386,1,342599723,20000000,1,39.1,14457238.0,1453932.0,1
REQ-2026-02384,Finance,Senior,22,31,0.76,1,1,0,Lenovo,ThinkPad X1,Core i7,Iris Xe,24,2048,3,0.9,0.95,1,0,3,31733319,32613290,95199957,0.302,1,133419093,20000000,1,51.9,33287774.0,1554455.0,1
REQ-2026-02385,HR,Director,56,28,0.2,1,1,1,HP,ZBook Firefly,Core i7,RTX A500,48,1024,3,0.8,0.6,2,0,7,37590584,35218472,263134088,0.632,0,900207796,28500000,1,60.4,39158584.0,1568000.0,0
REQ-2026-02386,Finance,Senior,84,30,0.59,1,1,0,HP,ProBook 445,Ryzen 5,Radeon,24,512,1,0.6,0.7,2,1,22,17004245,16629817,374093390,0.087,1,376080200,20000000,1,36.4,20130127.0,3125882.0,1
REQ-2026-02387,HR,Staff,53,58,0.22,0,1,0,Lenovo,ThinkPad P16,Core i9,RTX A2000,32,1024,4,0.9,0.25,2,1,16,35530747,37368033,568491952,0.278,1,290377912,11250000,0,56.3,37876230.0,2345483.0,0
REQ-2026-02388,Sales,Senior,50,32,11.01,0,0,0,Lenovo,ThinkPad T14,Core i5,Integrated,16,512,2,0.92,0.75,2,2,20,17653935,17590191,353078700,0.1,0,596062859,18000000,1,54.9,22003232.0,4349297.0,1
REQ-2026-02389,Sales,Staff,71,55,5.35,0,1,0,Lenovo,IdeaPad Slim 3,Core i3,Integrated,24,256,1,0.45,0.65,3,5,19,14033986,13711568,266645734,0.2,0,310453946,13500000,1,38.4,21087349.0,7053363.0,1
REQ-2026-02390,Medical Staff,Staff,8,30,2.02,0,0,1,Lenovo,ThinkPad P16,Core i9,RTX A2000,32,1024,4,0.9,0.25,2,0,19,36161786,36947670,687073934,0.252,0,296845420,16500000,0,47.3,37359518.0,1197732.0,0
REQ-2026-02391,Design,Manager,48,40,1.37,1,0,0,Dell,Latitude 7450,Core i7,Integrated,16,1024,2,0.85,0.85,1,2,20,24649908,24108108,492998160,0.213,1,596263515,40500000,1,37.6,30459792.0,5809884.0,1
REQ-2026-02392,Design,Senior,8,9,0.63,1,0,1,Asus,ExpertBook B9,Core i7,Iris Xe,16,1536,2,0.8,0.95,3,0,24,30587456,29299017,734098944,0.114,1,1059657426,30000000,1,48.2,32001415.0,1413959.0,1
REQ-2026-02393,Sales,Staff,35,15,7.38,0,0,0,Dell,Inspiron 15,Core i5,Integrated,8,512,1,0.5,0.6,1,3,2,10211888,9286265,20423776,0.334,0,67589797,13500000,1,36.3,15909059.0,5697171.0,1
REQ-2026-02394,Design,Senior,16,32,0.41,1,0,0,Lenovo,ThinkPad X1,Core i7,Iris Xe,16,1024,3,0.9,0.95,1,1,7,32879931,27420318,230159517,0.46,1,137914659,30000000,1,44.2,35695560.0,2815629.0,0
REQ-2026-02395,IT,Senior,76,41,0.86,1,0,0,HP,OmniBook 5,Ryzen 7,Radeon,16,512,2,0.65,0.8,1,0,13,17667998,18067837,229683974,0.491,1,857928572,32000000,1,29.5,20436944.0,2768946.0,1
REQ-2026-02396,Sales,Senior,24,33,2.69,1,0,0,Asus,Vivobook 14,Core i5,Integrated,16,1024,1,0.5,0.7,1,1,19,14913831,14402062,283362789,0.412,0,956837581,18000000,1,36.5,17993384.0,3079553.0,1
REQ-2026-02397,Sales,Director,22,55,4.33,1,0,0,Lenovo,ThinkPad X1,Core i7,Iris Xe,24,1536,3,0.9,0.95,2,2,4,31260033,30748528,125040132,0.463,0,168190597,34200000,1,53.3,38989960.0,7729927.0,1
REQ-2026-02398,Finance,Staff,45,23,0.29,0,0,0,Dell,Latitude 7450,Core i7,Integrated,16,512,2,0.85,0.85,2,0,9,23071284,21310479,207641556,0.107,0,407218892,15000000,1,51.1,24326293.0,1255009.0,1
REQ-2026-02399,Finance,Staff,5,36,1.81,0,1,0,Lenovo,ThinkPad T14,Core i5,Integrated,16,512,2,0.92,0.75,3,1,11,20360969,20196683,223970659,0.113,0,55792440,15000000,1,61.7,23098149.0,2737180.0,0
REQ-2026-02400,IT,Senior,101,29,0.11,0,1,0,Asus,ExpertBook B9,Core i7,Iris Xe,16,1024,2,0.8,0.95,1,0,11,30242610,24945194,332668710,0.373,1,1047776763,32000000,1,39.8,31930774.0,1688164.0,1
REQ-2026-02401,IT,Senior,25,37,0.79,0,1,0,HP,ZBook Firefly,Core i7,RTX A500,40,1024,3,0.8,0.6,3,2,4,33701607,34192705,134806428,0.132,1,662043329,32000000,1,58.1,38639084.0,4937477.0,1
REQ-2026-02402,Sales,Senior,70,40,2.86,0,1,0,Asus,Vivobook 14,Core i5,Integrated,24,512,1,0.5,0.7,2,1,5,17334419,14619731,86672095,0.217,1,116211958,18000000,1,33.2,21119596.0,3785177.0,1
REQ-2026-02403,HR,Staff,53,16,1.13,0,1,0,Lenovo,ThinkPad T14,Core i5,Integrated,24,1024,2,0.92,0.75,1,1,7,20891586,21102452,146241102,0.101,1,136290461,11250000,0,48.2,23683763.0,2792177.0,1
REQ-2026-02404,Design,Staff,45,1,1.41,1,0,1,Lenovo,IdeaPad Slim 3,Core i3,Integrated,16,768,1,0.45,0.65,1,1,7,13486992,11483759,94408944,0.32,1,318413434,22500000,0,19.8,19511192.0,6024200.0,1
REQ-2026-02405,Medical Staff,Staff,66,40,1.06,2,0,0,HP,OmniBook 5,Ryzen 7,Radeon,24,1024,2,0.65,0.8,3,1,16,26761774,22964521,428188384,0.647,0,392415955,16500000,1,46.8,29057134.0,2295360.0,0
REQ-2026-02406,Design,Manager,12,36,0.4,0,0,1,HP,ProBook 445,Ryzen 5,Radeon,16,1024,1,0.6,0.7,3,1,13,18990710,18738062,246879230,0.523,0,923175614,40500000,0,36.2,22495312.0,3504602.0,1
REQ-2026-02407,Finance,Staff,84,48,2.21,0,1,0,Dell,Precision 5690,Core i9,RTX 3500,40,2560,4,0.85,0.35,1,1,23,50017958,45646738,1150413034,0.602,1,664241017,15000000,0,47.5,52426002.0,2408044.0,0
REQ-2026-02408,Sales,Senior,64,39,3.65,1,0,0,Dell,Inspiron 15,Core i5,Integrated,8,1024,1,0.5,0.6,3,3,14,14776001,13329249,206864014,0.076,1,232916412,18000000,1,43.7,19857090.0,5081089.0,1
REQ-2026-02409,Design,Manager,65,46,0.31,2,0,0,Asus,ROG Zephyrus,Core i9,RTX 4070,32,1024,4,0.55,0.3,2,3,3,39748724,36110270,119246172,0.312,1,288076013,40500000,1,46.3,46659486.0,6910762.0,1
REQ-2026-02410,Finance,Director,15,33,0.53,1,1,0,Lenovo,ThinkPad X1,Core i7,Iris Xe,24,1024,3,0.9,0.95,1,0,14,35198678,29655031,492781492,0.533,1,335070050,38000000,0,56.1,36581783.0,1383105.0,1
REQ-2026-02411,Medical Staff,Manager,24,42,0.4,0,1,1,Asus,ROG Zephyrus,Core i9,RTX 4070,40,1024,4,0.55,0.3,1,1,8,40656729,34546735,325253832,0.436,0,602056082,29700000,1,32.9,45213589.0,4556860.0,1
REQ-2026-02412,IT,Staff,17,19,1.12,0,0,0,Asus,ROG Zephyrus,Core i9,RTX 4070,32,2048,4,0.55,0.3,3,1,11,44083097,37128628,484914067,0.331,1,361996832,24000000,0,31.5,46755221.0,2672124.0,0
REQ-2026-02413,HR,Senior,61,24,0.09,0,0,1,Lenovo,ThinkPad P16,Core i9,RTX A2000,32,1024,4,0.9,0.25,1,1,3,40235341,36430747,120706023,0.403,0,70707880,15000000,0,43.0,44580294.0,4344953.0,0
REQ-2026-02414,Medical Staff,Staff,73,14,1.85,0,1,0,HP,OmniBook 5,Ryzen 7,Radeon,16,512,2,0.65,0.8,2,1,15,17322016,17518003,259830240,0.173,1,198699424,16500000,1,47.4,20060262.0,2738246.0,1
REQ-2026-02415,Sales,Staff,20,17,3.92,1,0,0,Apple,MacBook Pro 14,M3 Pro,Apple GPU,26,512,4,0.95,0.85,3,1,15,38837052,33537673,582555780,0.119,0,178192031,13500000,0,46.5,44745976.0,5908924.0,0
REQ-2026-02416,Sales,Staff,115,34,4.62,0,0,1,Dell,Latitude 7450,Core i7,Integrated,16,1024,2,0.85,0.85,1,3,5,26982920,24878429,134914600,0.275,0,54893807,13500000,1,35.0,30883184.0,3900264.0,0
REQ-2026-02417,Medical Staff,Staff,56,33,1.25,0,1,0,HP,ProBook 445,Ryzen 5,Radeon,24,512,1,0.6,0.7,3,0,11,19953867,18341952,219492537,0.222,0,64298938,16500000,1,49.5,21516267.0,1562400.0,0
REQ-2026-02418,Medical Staff,Staff,76,46,1.7,0,1,1,Dell,Latitude 7450,Core i7,Integrated,16,1024,2,0.85,0.85,2,0,9,25110037,23799586,225990333,0.112,0,88008868,16500000,1,58.9,26532655.0,1422618.0,0
REQ-2026-02419,Design,Senior,16,61,0.27,0,0,0,Asus,Vivobook 14,Core i5,Integrated,16,512,1,0.5,0.7,1,3,23,11742226,11715354,270071198,0.242,1,2484360749,30000000,0,31.4,18534356.0,6792130.0,1
REQ-2026-02420,IT,Staff,34,50,0.43,0,0,0,Dell,Inspiron 15,Core i5,Integrated,16,512,1,0.5,0.6,2,5,24,11868284,12346424,284838816,0.011,1,438427460,24000000,0,40.0,22128189.0,10259905.0,1
REQ-2026-02421,Finance,Senior,17,22,0.95,1,1,0,Apple,MacBook Pro 14,M3 Pro,Apple GPU,18,1024,4,0.95,0.85,2,0,7,33888844,34521176,237221908,0.18,1,598256438,20000000,0,43.4,38232547.0,4343703.0,1
REQ-2026-02422,Medical Staff,Staff,44,33,0.59,0,1,0,Asus,ExpertBook B9,Core i7,Iris Xe,16,1536,2,0.8,0.95,2,0,21,25197483,27944703,529147143,0.196,0,501210044,16500000,1,42.3,26471542.0,1274059.0,0
REQ-2026-02423,Medical Staff,Senior,40,15,1.82,1,0,0,HP,ZBook Firefly,Core i7,RTX A500,32,1536,3,0.8,0.6,2,1,6,34582921,31989116,207497526,0.327,1,694255081,22000000,1,43.3,37564637.0,2981716.0,1
REQ-2026-02424,Finance,Senior,28,48,1.28,1,1,0,Dell,Inspiron 15,Core i5,Integrated,8,1024,1,0.5,0.6,2,1,23,11648175,12113522,267908025,0.156,1,1379438159,20000000,1,39.1,14872523.0,3224348.0,1
REQ-2026-02425,Medical Staff,Staff,26,49,1.59,0,1,0,HP,ZBook Firefly,Core i7,RTX A500,32,1024,3,0.8,0.6,1,1,23,30236388,28680389,695436924,0.329,0,1234659841,16500000,0,35.1,33087048.0,2850660.0,1
REQ-2026-02426,Sales,Staff,110,27,4.63,0,1,0,Dell,Inspiron 15,Core i5,Integrated,16,512,1,0.5,0.6,2,1,14,13291584,11940570,186082176,0.042,1,655422607,13500000,1,43.1,15716639.0,2425055.0,1
REQ-2026-02427,Medical Staff,Staff,14,42,0.63,1,0,0,Apple,MacBook Air 13,M3,Apple GPU,8,256,2,0.95,1.0,1,1,3,21450399,17690737,64351197,0.13,1,11723710,16500000,1,43.9,27271272.0,5820873.0,0
REQ-2026-02428,IT,Senior,7,3,0.7,0,0,0,HP,ZBook Firefly,Core i7,RTX A500,40,1024,3,0.8,0.6,1,0,24,35433864,29471669,850412736,0.041,1,2643889861,32000000,1,64.3,37272846.0,1838982.0,1
REQ-2026-02429,Sales,Staff,35,39,6.02,3,1,0,Asus,ROG Zephyrus,Core i9,RTX 4070,40,1024,4,0.55,0.3,2,1,19,36372500,37199179,691077500,0.455,0,456385264,13500000,0,30.0,40525044.0,4152544.0,0
REQ-2026-02430,IT,Staff,31,33,0.39,0,1,0,Lenovo,ThinkPad X1,Core i7,Iris Xe,16,1536,3,0.9,0.95,3,0,25,35409062,32959596,885226550,0.479,0,2776463096,24000000,1,76.6,36498563.0,1089501.0,0
REQ-2026-02431,Design,Manager,53,31,0.29,0,0,0,Lenovo,ThinkPad P16,Core i9,RTX A2000,40,1024,4,0.9,0.25,2,2,18,46100105,40758518,829801890,0.281,1,2602638519,40500000,1,36.9,50676171.0,4576066.0,1
REQ-2026-02432,Medical Staff,Senior,25,53,1.68,1,1,0,HP,ZBook Firefly,Core i7,RTX A500,32,1024,3,0.8,0.6,2,0,1,36432099,31390273,36432099,0.416,1,29093474,22000000,1,38.6,37921978.0,1489879.0,1
REQ-2026-02433,IT,Senior,8,59,1.27,0,0,0,HP,OmniBook 5,Ryzen 7,Radeon,16,512,2,0.65,0.8,2,2,18,15198657,18086190,273575826,0.298,0,1359580543,32000000,1,47.6,20359459.0,5160802.0,1
REQ-2026-02434,Design,Senior,35,45,0.22,0,0,0,Lenovo,IdeaPad Slim 3,Core i3,Integrated,16,256,1,0.45,0.65,1,3,16,11155089,9488716,178481424,0.725,0,401974441,30000000,0,35.3,16629491.0,5474402.0,1
REQ-2026-02435,Finance,Manager,52,18,0.39,1,1,0,Asus,Vivobook 14,Core i5,Integrated,8,1024,1,0.5,0.7,3,4,25,15454623,14509843,386365575,0.773,0,1709896986,27000000,1,50.6,25894189.0,10439566.0,1
REQ-2026-02436,IT,Senior,30,38,0.09,0,1,0,Lenovo,ThinkPad T14,Core i5,Integrated,32,1024,2,0.92,0.75,1,0,8,24937426,22880445,199499408,0.133,1,532068909,32000000,1,54.9,26425350.0,1487924.0,1
REQ-2026-02437,Design,Senior,5,47,0.36,0,0,0,Dell,Precision 5690,Core i9,RTX 3500,48,2048,4,0.85,0.35,1,0,2,49623308,42937213,99246616,0.056,1,124972533,30000000,1,33.7,51562743.0,1939435.0,1
REQ-2026-02438,IT,Staff,11,26,1.19,1,0,0,Asus,ROG Zephyrus,Core i9,RTX 4070,32,1024,4,0.55,0.3,1,1,6,35398163,34395323,212388978,0.036,0,423508618,24000000,0,32.8,38476955.0,3078792.0,1
REQ-2026-02439,HR,Senior,31,11,1.31,0,0,0,Lenovo,ThinkPad P16,Core i9,RTX A2000,32,1024,4,0.9,0.25,1,1,5,37909184,37714515,189545920,0.59,0,244892186,15000000,1,47.0,41285309.0,3376125.0,0
REQ-2026-02440,IT,Staff,20,10,1.23,1,0,0,Apple,MacBook Pro 14,M3 Pro,Apple GPU,18,1536,4,0.95,0.85,3,0,2,41270844,34907297,82541688,0.485,1,41740935,24000000,1,57.7,45627749.0,4356905.0,0
REQ-2026-02441,HR,Staff,123,60,0.12,0,0,0,Asus,ExpertBook B9,Core i7,Iris Xe,16,1536,2,0.8,0.95,1,2,6,26772245,25608296,160633470,0.165,1,95915040,11250000,1,43.4,31774880.0,5002635.0,0
REQ-2026-02442,Medical Staff,Senior,72,44,0.97,0,1,0,Lenovo,IdeaPad Slim 3,Core i3,Integrated,8,256,1,0.45,0.65,1,0,18,8298683,7463312,149376294,0.075,1,396469806,22000000,1,31.6,10504468.0,2205785.0,1
REQ-2026-02443,Sales,Director,49,11,6.13,0,1,0,Lenovo,ThinkPad P16,Core i9,RTX A2000,32,1024,4,0.9,0.25,3,3,14,41018451,38989395,574258314,0.177,1,667286999,34200000,0,41.6,50808720.0,9790269.0,1
REQ-2026-02444,IT,Staff,52,16,0.94,0,0,0,Asus,ExpertBook B9,Core i7,Iris Xe,16,2048,2,0.8,0.95,1,0,8,30444539,28679031,243556312,0.346,0,589808111,24000000,1,47.9,31838403.0,1393864.0,1
REQ-2026-02445,Design,Senior,17,6,0.29,0,0,0,Lenovo,IdeaPad Slim 3,Core i3,Integrated,16,256,1,0.45,0.65,3,1,2,12593149,11847309,25186298,0.313,1,420524176,30000000,0,44.9,15666448.0,3073299.0,1
REQ-2026-02446,Finance,Senior,30,38,1.18,0,0,0,HP,ZBook Firefly,Core i7,RTX A500,32,1536,3,0.8,0.6,3,0,22,32276279,31756667,710078138,0.17,1,627672160,20000000,1,47.9,33688590.0,1412311.0,1
REQ-2026-02447,Design,Senior,110,19,0.1,0,0,0,Asus,Vivobook 14,Core i5,Integrated,16,512,1,0.5,0.7,1,3,3,10793203,12302170,32379609,0.135,1,334416252,30000000,1,51.6,15618511.0,4825308.0,1
REQ-2026-02448,HR,Senior,4,40,0.31,1,1,0,Asus,ExpertBook B9,Core i7,Iris Xe,16,1024,2,0.8,0.95,1,0,3,27131852,23665486,81395556,0.059,1,32667087,15000000,1,39.9,28731085.0,1599233.0,0
REQ-2026-02449,Sales,Director,45,27,7.69,1,0,0,Asus,Vivobook 14,Core i5,Integrated,8,1024,1,0.5,0.7,1,1,4,12069464,11960028,48277856,0.498,0,211771695,34200000,1,19.0,19284946.0,7215482.0,1
REQ-2026-02450,IT,Staff,5,32,0.37,1,1,0,HP,ProBook 445,Ryzen 5,Radeon,8,1024,1,0.6,0.7,3,0,10,17450371,16070650,174503710,0.135,1,332729904,24000000,0,46.4,18855795.0,1405424.0,1
REQ-2026-02451,Design,Senior,74,35,0.2,0,0,1,Dell,Inspiron 15,Core i5,Integrated,8,512,1,0.5,0.6,1,1,10,10359756,9344518,103597560,0.128,1,529813388,30000000,0,46.9,13805084.0,3445328.0,1
REQ-2026-02452,Design,Senior,31,26,0.47,0,0,0,Asus,Vivobook 14,Core i5,Integrated,8,512,1,0.5,0.7,2,2,14,12953427,11858665,181347978,0.328,0,268605703,30000000,0,41.0,18345918.0,5392491.0,1
REQ-2026-02453,HR,Staff,23,30,0.4,1,0,0,Lenovo,ThinkPad T14,Core i5,Integrated,16,1536,2,0.92,0.75,3,1,22,26513917,23412887,583306174,0.24,1,623193696,11250000,1,47.6,29123316.0,2609399.0,0
REQ-2026-02454,Finance,Staff,52,16,0.59,1,1,0,Lenovo,ThinkPad X1,Core i7,Iris Xe,16,1024,3,0.9,0.95,1,0,14,30841860,26945780,431786040,0.241,1,263748580,15000000,0,53.0,32321931.0,1480071.0,0
REQ-2026-02455,Design,Staff,4,47,0.3,1,0,1,Lenovo,ThinkPad X1,Core i7,Iris Xe,16,1024,3,0.9,0.95,1,1,7,27017226,27777843,189120582,0.232,1,283040041,22500000,1,34.1,30466255.0,3449029.0,1
REQ-2026-02456,Finance,Senior,7,23,0.83,1,1,1,Lenovo,ThinkPad P16,Core i9,RTX A2000,32,1536,4,0.9,0.25,1,1,4,44477419,34728087,177909676,0.245,0,113508545,20000000,0,35.0,47785385.0,3307966.0,0
REQ-2026-02457,Medical Staff,Director,40,19,0.36,0,1,0,Asus,ROG Zephyrus,Core i9,RTX 4070,32,2048,4,0.55,0.3,1,2,25,38765426,38780528,969135650,0.506,0,2795922174,41800000,1,30.6,45491448.0,6726022.0,0
REQ-2026-02458,Design,Senior,54,24,0.86,0,0,0,HP,ZBook Firefly,Core i7,RTX A500,40,1024,3,0.8,0.6,1,0,1,33323871,31760379,33323871,0.286,1,34408139,30000000,1,44.6,34698754.0,1374883.0,1
REQ-2026-02459,HR,Manager,74,51,0.35,0,0,1,Lenovo,ThinkPad X1,Core i7,Iris Xe,16,1024,3,0.9,0.95,1,0,20,23767334,28596742,475346680,0.221,1,1355633204,20250000,1,53.7,25420720.0,1653386.0,1
REQ-2026-02460,Medical Staff,Staff,33,55,1.75,0,1,0,Lenovo,ThinkPad X1,Core i7,Iris Xe,16,2048,3,0.9,0.95,1,1,20,32210264,31325610,644205280,0.413,1,919138848,16500000,1,35.4,35642932.0,3432668.0,0
REQ-2026-02461,Finance,Staff,85,35,0.52,0,1,0,Lenovo,ThinkPad P16,Core i9,RTX A2000,48,1024,4,0.9,0.25,1,1,14,47081994,37732942,659147916,0.19,1,253396042,15000000,0,65.8,49916739.0,2834745.0,0
REQ-2026-02462,Finance,Senior,59,55,1.19,0,1,0,Apple,MacBook Pro 14,M3 Pro,Apple GPU,18,512,4,0.95,0.85,1,1,3,30086115,31464556,90258345,0.395,0,60963255,20000000,0,39.1,36184945.0,6098830.0,0
REQ-2026-02463,Finance,Senior,40,18,0.75,0,1,0,HP,ProBook 445,Ryzen 5,Radeon,16,512,1,0.6,0.7,1,0,25,13414414,12973953,335360350,0.418,0,1483797190,20000000,1,38.7,14974809.0,1560395.0,1
REQ-2026-02464,Finance,Staff,87,39,1.16,0,1,0,Lenovo,IdeaPad Slim 3,Core i3,Integrated,8,256,1,0.45,0.65,2,3,3,8003600,8590140,24010800,0.702,1,222663052,15000000,0,36.8,12266840.0,4263240.0,0
REQ-2026-02465,Sales,Staff,49,41,3.24,0,1,0,Lenovo,ThinkPad P16,Core i9,RTX A2000,40,1536,4,0.9,0.25,3,2,14,50846485,42983196,711850790,0.327,1,364322096,13500000,1,56.9,54228017.0,3381532.0,0
REQ-2026-02466,IT,Manager,28,29,0.94,1,0,1,Dell,Inspiron 15,Core i5,Integrated,8,512,1,0.5,0.6,2,1,4,10393709,10363298,41574836,0.124,1,310292844,43200000,0,34.9,14626885.0,4233176.0,1
REQ-2026-02467,IT,Senior,13,40,0.6,1,0,0,Apple,MacBook Pro 14,M3 Pro,Apple GPU,18,1024,4,0.95,0.85,1,1,15,30663091,33765547,459946365,0.542,1,1894993654,32000000,1,43.1,36116321.0,5453230.0,1
REQ-2026-02468,IT,Staff,26,40,1.06,1,0,0,Asus,ROG Zephyrus,Core i9,RTX 4070,32,1536,4,0.55,0.3,1,1,18,35951981,35694430,647135658,0.335,0,481870120,24000000,1,39.9,39232680.0,3280699.0,0
REQ-2026-02469,Medical Staff,Staff,39,56,1.43,2,1,0,Apple,MacBook Pro 14,M3 Pro,Apple GPU,18,512,4,0.95,0.85,1,0,12,30399210,30585961,364790520,0.3,1,217069389,16500000,1,46.5,35028130.0,4628920.0,1
REQ-2026-02470,IT,Manager,35,43,0.23,0,1,0,Dell,Precision 5690,Core i9,RTX 3500,32,2048,4,0.85,0.35,1,1,16,43690905,41647418,699054480,0.384,1,1400832513,43200000,0,53.0,47341941.0,3651036.0,1
REQ-2026-02471,Medical Staff,Manager,3,35,0.47,0,1,0,Asus,ExpertBook B9,Core i7,Iris Xe,32,1024,2,0.8,0.95,1,1,6,30876027,27677709,185256162,0.276,1,376804281,29700000,1,56.5,34147213.0,3271186.0,1
REQ-2026-02472,Design,Senior,75,38,0.08,1,0,1,Dell,Latitude 7450,Core i7,Integrated,16,512,2,0.85,0.85,1,0,8,24994865,21390782,199958920,0.221,0,768167079,30000000,1,48.3,26428708.0,1433843.0,1
REQ-2026-02473,HR,Senior,51,26,0.6,0,1,0,Asus,ExpertBook B9,Core i7,Iris Xe,16,1024,2,0.8,0.95,1,1,5,24982775,23980644,124913875,0.122,1,262534729,15000000,1,33.5,29117393.0,4134618.0,1
REQ-2026-02474,Design,Senior,73,35,0.69,0,0,0,Asus,ROG Zephyrus,Core i9,RTX 4070,40,1024,4,0.55,0.3,1,0,12,35602768,35137045,427233216,0.228,1,459137170,30000000,1,29.5,38258105.0,2655337.0,1
REQ-2026-02475,Medical Staff,Manager,17,22,2.03,0,1,0,Asus,ExpertBook B9,Core i7,Iris Xe,32,1024,2,0.8,0.95,3,1,14,32091537,31291827,449281518,0.184,0,1151425571,29700000,1,45.7,35055914.0,2964377.0,1
REQ-2026-02476,Design,Manager,29,31,0.97,0,0,0,Lenovo,IdeaPad Slim 3,Core i3,Integrated,16,1280,1,0.45,0.65,3,2,22,18332470,16253895,403314340,0.309,1,2619827616,40500000,0,34.1,24606143.0,6273673.0,1
REQ-2026-02477,Finance,Senior,57,37,0.24,0,1,0,HP,ProBook 445,Ryzen 5,Radeon,8,512,1,0.6,0.7,2,0,9,12432676,13093239,111894084,0.367,1,223936161,20000000,1,32.8,14327545.0,1894869.0,1
REQ-2026-02478,Medical Staff,Senior,35,34,1.18,0,1,0,Lenovo,IdeaPad Slim 3,Core i3,Integrated,8,256,1,0.45,0.65,2,0,3,7974399,8912104,23923197,0.201,0,329629942,22000000,1,35.1,9826314.0,1851915.0,1
REQ-2026-02479,IT,Staff,39,18,0.33,0,0,0,Asus,ExpertBook B9,Core i7,Iris Xe,16,2048,2,0.8,0.95,3,1,16,30413432,31290431,486614912,0.319,0,2748587720,24000000,1,48.0,32687633.0,2274201.0,1
REQ-2026-02480,Sales,Senior,18,27,2.98,0,1,0,Asus,Vivobook 14,Core i5,Integrated,24,1024,1,0.5,0.7,3,2,3,17947166,17747005,53841498,0.657,1,224678663,18000000,1,46.0,21243405.0,3296239.0,1
REQ-2026-02481,HR,Staff,13,18,0.43,1,1,0,Dell,Inspiron 15,Core i5,Integrated,16,1024,1,0.5,0.6,2,1,7,12950650,13963730,90654550,0.17,0,37014348,11250000,1,27.5,17585623.0,4634973.0,0
REQ-2026-02482,Design,Senior,33,7,0.91,0,1,0,Apple,MacBook Air 13,M3,Apple GPU,8,256,2,0.95,1.0,2,1,19,19819911,18963564,376578309,0.464,1,972976130,30000000,0,65.2,25779079.0,5959168.0,1
REQ-2026-02483,Sales,Staff,86,25,3.74,0,1,0,Dell,Latitude 7450,Core i7,Integrated,16,512,2,0.85,0.85,2,3,15,23346748,21972536,350201220,0.471,0,226815098,13500000,1,43.5,28807907.0,5461159.0,0
REQ-2026-02484,Design,Staff,153,21,0.16,1,0,0,Asus,ExpertBook B9,Core i7,Iris Xe,16,1024,2,0.8,0.95,3,2,11,25642389,26469778,282066279,0.435,0,159333091,22500000,1,61.3,29227005.0,3584616.0,0
REQ-2026-02485,Design,Manager,58,48,0.47,1,0,0,Dell,Inspiron 15,Core i5,Integrated,8,512,1,0.5,0.6,3,0,6,12919271,11144237,77515626,0.326,1,1152889540,40500000,0,41.8,14401697.0,1482426.0,1
REQ-2026-02486,Design,Senior,36,13,0.58,0,0,0,Dell,Precision 5690,Core i9,RTX 3500,40,2048,4,0.85,0.35,1,0,25,42160113,42377538,1054002825,0.404,1,2166289147,30000000,1,36.8,43377716.0,1217603.0,1
REQ-2026-02487,HR,Senior,165,21,0.19,0,1,1,HP,ZBook Firefly,Core i7,RTX A500,48,1024,3,0.8,0.6,3,0,22,35974908,36538311,791447976,0.193,1,470009208,15000000,0,67.0,37599734.0,1624826.0,0
REQ-2026-02488,Sales,Director,14,19,5.3,0,1,0,Asus,Vivobook 14,Core i5,Integrated,8,512,1,0.5,0.7,2,2,24,11306069,11635325,271345656,0.414,1,2961819031,34200000,1,28.4,19540718.0,8234649.0,1
REQ-2026-02489,IT,Staff,10,25,0.39,1,0,0,Apple,MacBook Air 13,M3,Apple GPU,16,256,2,0.95,1.0,1,0,20,21306584,19527741,426131680,0.293,1,1985588985,24000000,0,48.5,25497967.0,4191383.0,1
REQ-2026-02490,HR,Senior,46,28,1.02,0,1,0,Lenovo,IdeaPad Slim 3,Core i3,Integrated,16,256,1,0.45,0.65,1,1,13,10055253,9649173,130718289,0.212,1,446363697,15000000,1,29.1,14873138.0,4817885.0,1
REQ-2026-02491,Medical Staff,Staff,67,38,2.06,0,1,0,Asus,ROG Zephyrus,Core i9,RTX 4070,40,1024,4,0.55,0.3,2,0,21,39057606,37226607,820209726,0.325,1,996724274,16500000,1,34.6,41229413.0,2171807.0,0
REQ-2026-02492,HR,Senior,12,39,0.03,0,1,0,Lenovo,ThinkPad P16,Core i9,RTX A2000,32,1024,4,0.9,0.25,3,1,1,41771958,37052350,41771958,0.212,0,45439609,15000000,0,63.8,44874744.0,3102786.0,0
REQ-2026-02493,Finance,Staff,36,23,0.22,1,1,0,Lenovo,IdeaPad Slim 3,Core i3,Integrated,24,256,1,0.45,0.65,1,2,21,11334147,11895552,238017087,0.388,0,769901598,15000000,1,40.4,15423383.0,4089236.0,1
REQ-2026-02494,Sales,Manager,30,12,0.81,0,1,0,Asus,ROG Zephyrus,Core i9,RTX 4070,32,1024,4,0.55,0.3,1,2,19,36081356,35175563,685545764,0.361,0,1335513634,24300000,1,31.6,41920731.0,5839375.0,1
REQ-2026-02495,Sales,Manager,38,46,5.46,2,0,0,Lenovo,ThinkPad T14,Core i5,Integrated,16,1024,2,0.92,0.75,3,1,18,22552947,20910943,405953046,0.129,1,806943076,24300000,1,52.7,25653883.0,3100936.0,1
REQ-2026-02496,Finance,Staff,35,3,2.64,0,0,0,HP,ZBook Firefly,Core i7,RTX A500,32,1024,3,0.8,0.6,1,0,24,31656561,27622427,759757464,0.325,0,1084491975,15000000,1,46.1,33258710.0,1602149.0,0
REQ-2026-02497,HR,Senior,34,38,0.95,0,0,0,Apple,MacBook Air 13,M3,Apple GPU,16,256,2,0.95,1.0,2,3,8,20707993,19953704,165663944,0.348,0,111657438,15000000,1,59.9,30098837.0,9390844.0,0
REQ-2026-02498,Sales,Senior,71,27,7.36,0,1,0,Asus,ExpertBook B9,Core i7,Iris Xe,32,1536,2,0.8,0.95,1,2,6,28267158,30326597,169602948,0.472,0,383479739,18000000,1,35.9,33898546.0,5631388.0,0
REQ-2026-02499,Sales,Manager,17,26,5.23,0,1,0,HP,OmniBook 5,Ryzen 7,Radeon,24,1024,2,0.65,0.8,2,3,25,23398127,22487764,584953175,0.308,1,697114541,24300000,1,37.7,29944110.0,6545983.0,1
REQ-2026-02500,HR,Director,91,18,0.23,0,1,1,Apple,MacBook Pro 14,M3 Pro,Apple GPU,18,1024,4,0.95,0.85,1,1,11,38356916,32111840,421926076,0.18,1,521874254,28500000,1,65.8,45637053.0,7280137.0,1
REQ-2026-02501,Finance,Senior,108,52,1.37,0,1,0,Dell,Inspiron 15,Core i5,Integrated,8,512,1,0.5,0.6,1,1,18,10732554,9152968,193185972,0.189,1,603765221,20000000,1,32.0,15014847.0,4282293.0,1
REQ-2026-02502,Design,Manager,9,53,0.7,1,0,0,Apple,MacBook Pro 14,M3 Pro,Apple GPU,34,1024,4,0.95,0.85,2,1,4,39500435,39648115,158001740,0.37,0,134607204,40500000,1,60.4,45715910.0,6215475.0,1
REQ-2026-02503,Sales,Senior,39,53,8.09,3,0,0,Asus,Vivobook 14,Core i5,Integrated,8,1536,1,0.5,0.7,1,3,16,16711448,13461786,267383168,0.339,1,354009584,18000000,1,15.3,25822504.0,9111056.0,0
REQ-2026-02504,Design,Staff,29,49,0.94,1,0,0,Dell,Inspiron 15,Core i5,Integrated,8,1024,1,0.5,0.6,2,1,20,11737515,12701820,234750300,0.312,0,637036403,22500000,0,28.9,15209200.0,3471685.0,1
REQ-2026-02505,HR,Staff,65,30,1.55,2,1,1,Apple,MacBook Air 13,M3,Apple GPU,16,256,2,0.95,1.0,1,1,9,23561507,19355401,212053563,0.378,0,82046737,11250000,0,24.0,31915619.0,8354112.0,0
REQ-2026-02506,IT,Staff,46,28,1.38,0,0,0,Lenovo,ThinkPad T14,Core i5,Integrated,16,1024,2,0.92,0.75,3,0,17,20586500,21573619,349970500,0.355,1,333071867,24000000,1,61.9,22007447.0,1420947.0,1
REQ-2026-02507,Medical Staff,Manager,17,28,1.35,0,1,0,HP,ZBook Firefly,Core i7,RTX A500,40,1024,3,0.8,0.6,2,0,6,34014718,31117960,204088308,0.293,1,712392360,29700000,1,58.1,35754546.0,1739828.0,1
REQ-2026-02508,HR,Staff,41,19,0.29,0,0,1,HP,ZBook Firefly,Core i7,RTX A500,32,2048,3,0.8,0.6,1,1,3,33459401,33360801,100378203,0.295,1,76781584,11250000,0,52.6,36341767.0,2882366.0,0
REQ-2026-02509,Sales,Manager,9,39,5.45,2,0,0,HP,ZBook Firefly,Core i7,RTX A500,48,1536,3,0.8,0.6,2,1,11,38106371,36904590,419170081,0.433,0,341302253,24300000,1,44.0,41670105.0,3563734.0,0
REQ-2026-02510,IT,Staff,124,12,1.65,0,0,0,Lenovo,ThinkPad T14,Core i5,Integrated,24,512,2,0.92,0.75,1,0,25,19341203,19008698,483530075,0.411,1,890270622,24000000,1,43.7,21270319.0,1929116.0,1
REQ-2026-02511,Sales,Director,153,34,4.67,1,0,0,Apple,MacBook Air 13,M3,Apple GPU,8,256,2,0.95,1.0,2,0,13,17336710,19183607,225377230,0.276,1,873627798,34200000,1,31.0,22076168.0,4739458.0,1
REQ-2026-02512,Design,Staff,31,62,0.18,1,0,0,Apple,MacBook Air 13,M3,Apple GPU,16,768,2,0.95,1.0,1,1,17,26553738,21030569,451413546,0.034,1,785199177,22500000,1,48.3,32446956.0,5893218.0,1
REQ-2026-02513,IT,Manager,27,28,1.15,0,0,0,Lenovo,ThinkPad X1,Core i7,Iris Xe,24,2048,3,0.9,0.95,1,1,5,37395664,32644439,186978320,0.171,1,541029135,43200000,1,43.2,41471671.0,4076007.0,1
REQ-2026-02514,Design,Staff,29,31,2.59,0,0,0,Dell,Inspiron 15,Core i5,Integrated,8,512,1,0.5,0.6,1,1,3,10396225,9181124,31188675,0.409,0,231722004,22500000,0,25.3,16045617.0,5649392.0,1
REQ-2026-02515,Medical Staff,Senior,65,18,0.6,0,0,0,Lenovo,ThinkPad X1,Core i7,Iris Xe,16,1024,3,0.9,0.95,2,0,21,28370197,28731283,595774137,0.312,0,1476676139,22000000,1,79.8,29475843.0,1105646.0,1
REQ-2026-02516,HR,Senior,14,21,0.93,1,0,0,Dell,Latitude 7450,Core i7,Integrated,16,512,2,0.85,0.85,1,0,7,25589225,22806638,179124575,0.237,1,260877647,15000000,1,42.5,27071451.0,1482226.0,1
REQ-2026-02517,Sales,Staff,66,32,2.19,0,1,0,HP,OmniBook 5,Ryzen 7,Radeon,16,512,2,0.65,0.8,2,1,8,19813877,17996077,158511016,0.629,0,95297568,13500000,0,46.3,22951377.0,3137500.0,0
REQ-2026-02518,HR,Director,39,21,0.2,1,0,0,HP,ZBook Firefly,Core i7,RTX A500,40,1024,3,0.8,0.6,1,2,6,30249437,31687186,181496622,0.133,1,316638431,28500000,1,33.2,38831298.0,8581861.0,1
REQ-2026-02519,Design,Director,33,41,0.2,1,0,0,Asus,ExpertBook B9,Core i7,Iris Xe,24,1536,2,0.8,0.95,1,1,8,28757584,27746097,230060672,0.47,0,700111077,57000000,1,37.0,32282119.0,3524535.0,1
REQ-2026-02520,Finance,Senior,19,54,0.31,0,1,0,HP,ProBook 445,Ryzen 5,Radeon,8,1024,1,0.6,0.7,1,1,24,13598686,13226802,326368464,0.274,0,833648239,20000000,1,22.9,19287788.0,5689102.0,1
REQ-2026-02521,Sales,Staff,49,47,1.92,0,1,0,Lenovo,ThinkPad T14,Core i5,Integrated,32,1536,2,0.92,0.75,1,0,24,27731803,24950084,665563272,0.313,0,602622326,13500000,1,52.8,29163933.0,1432130.0,0
REQ-2026-02522,HR,Senior,41,39,0.51,0,1,0,Lenovo,ThinkPad P16,Core i9,RTX A2000,48,2048,4,0.9,0.25,2,1,7,48671037,46475819,340697259,0.454,1,42867089,15000000,0,54.7,52377950.0,3706913.0,0
REQ-2026-02523,Finance,Staff,44,17,0.3,0,1,0,Asus,Vivobook 14,Core i5,Integrated,24,512,1,0.5,0.7,3,2,25,19760056,16125266,494001400,0.232,1,1166290051,15000000,1,53.4,22724139.0,2964083.0,1
REQ-2026-02524,Sales,Staff,8,31,0.11,1,0,0,Apple,MacBook Air 13,M3,Apple GPU,16,768,2,0.95,1.0,2,0,15,26052371,23705661,390785565,0.251,0,720933967,13500000,1,53.0,30076049.0,4023678.0,1
REQ-2026-02525,Sales,Senior,15,33,1.11,0,0,1,Asus,ExpertBook B9,Core i7,Iris Xe,24,1536,2,0.8,0.95,1,1,3,30238925,27925892,90716775,0.548,0,135185455,18000000,1,43.3,32411051.0,2172126.0,1
REQ-2026-02526,HR,Senior,24,13,0.23,0,0,1,Dell,Latitude 7450,Core i7,Integrated,32,512,2,0.85,0.85,1,1,17,26051231,24116537,442870927,0.257,1,623861434,15000000,1,27.5,30029840.0,3978609.0,1
REQ-2026-02527,Sales,Director,87,56,4.28,0,1,0,Dell,Inspiron 15,Core i5,Integrated,24,1024,1,0.5,0.6,3,1,13,19475707,17964793,253184191,0.348,0,452148762,34200000,1,35.7,22840956.0,3365249.0,1
REQ-2026-02528,Medical Staff,Staff,57,36,1.79,0,0,0,Asus,ROG Zephyrus,Core i9,RTX 4070,32,1024,4,0.55,0.3,2,1,24,40301088,36272508,967226112,0.261,1,902060221,16500000,1,48.6,42405881.0,2104793.0,0
REQ-2026-02529,HR,Staff,50,17,0.83,0,1,0,HP,OmniBook 5,Ryzen 7,Radeon,24,512,2,0.65,0.8,1,1,12,19496736,19553113,233960832,0.39,1,190899894,11250000,1,63.7,21909702.0,2412966.0,1
REQ-2026-02530,Finance,Manager,32,2,0.47,0,1,0,HP,OmniBook 5,Ryzen 7,Radeon,16,1024,2,0.65,0.8,1,1,15,20282124,19174413,304231860,0.274,1,292653135,27000000,1,29.7,24475785.0,4193661.0,1
REQ-2026-02531,IT,Senior,14,16,1.12,1,1,0,Lenovo,ThinkPad X1,Core i7,Iris Xe,16,1024,3,0.9,0.95,3,0,11,30337507,30048476,333712577,0.206,1,585895703,32000000,1,51.7,32000987.0,1663480.0,1
REQ-2026-02532,IT,Manager,162,9,0.23,0,1,0,Dell,Precision 5690,Core i9,RTX 3500,48,2048,4,0.85,0.35,2,1,16,43226019,47863450,691616304,0.337,1,2201523962,43200000,1,46.5,46855994.0,3629975.0,1
REQ-2026-02533,Finance,Senior,51,63,0.68,0,1,0,Lenovo,IdeaPad Slim 3,Core i3,Integrated,24,768,1,0.45,0.65,2,3,24,17434046,14821830,418417104,0.641,1,368852409,20000000,1,24.4,25142205.0,7708159.0,1
REQ-2026-02534,HR,Manager,79,39,0.05,0,1,0,Lenovo,IdeaPad Slim 3,Core i3,Integrated,24,768,1,0.45,0.65,2,1,4,15821828,14936030,63287312,0.133,0,124508078,20250000,1,34.2,19146357.0,3324529.0,1
REQ-2026-02535,Design,Staff,29,27,0.47,0,1,0,Lenovo,IdeaPad Slim 3,Core i3,Integrated,24,256,1,0.45,0.65,2,0,14,13655388,13279024,191175432,0.345,0,663826945,22500000,1,36.1,14950394.0,1295006.0,1
REQ-2026-02536,Finance,Senior,52,47,0.57,1,1,0,Dell,Inspiron 15,Core i5,Integrated,8,512,1,0.5,0.6,3,1,1,10122259,12016686,10122259,0.297,1,52692078,20000000,0,40.2,12681728.0,2559469.0,1
REQ-2026-02537,HR,Staff,53,32,0.67,0,1,1,HP,ProBook 445,Ryzen 5,Radeon,8,512,1,0.6,0.7,2,0,11,13697807,13159711,150675877,0.125,1,653492166,11250000,1,35.6,15714660.0,2016853.0,1
REQ-2026-02538,Design,Manager,77,38,0.17,0,0,0,Lenovo,ThinkPad X1,Core i7,Iris Xe,16,1024,3,0.9,0.95,3,0,17,33948212,28487261,577119604,0.133,0,2562118987,40500000,1,75.8,34904045.0,955833.0,1
REQ-2026-02539,Medical Staff,Senior,33,24,2.47,0,0,1,Apple,MacBook Pro 14,M3 Pro,Apple GPU,18,1536,4,0.95,0.85,3,2,24,36929642,37521126,886311408,0.088,1,736206786,22000000,1,58.3,44978571.0,8048929.0,0
REQ-2026-02540,Design,Staff,94,4,1.4,1,0,0,Dell,Inspiron 15,Core i5,Integrated,16,512,1,0.5,0.6,1,4,18,11371181,11262412,204681258,0.309,1,759547654,22500000,0,35.1,17767524.0,6396343.0,1
REQ-2026-02541,Medical Staff,Senior,168,2,0.45,0,1,0,Apple,MacBook Pro 14,M3 Pro,Apple GPU,18,512,4,0.95,0.85,2,1,8,26262857,32284507,210102856,0.287,0,596665875,22000000,0,62.3,32618483.0,6355626.0,1
REQ-2026-02542,Medical Staff,Staff,26,5,1.55,0,0,0,Dell,Precision 5690,Core i9,RTX 3500,32,2560,4,0.85,0.35,2,1,22,53219614,43829399,1170831508,0.586,1,551408951,16500000,0,50.0,56363997.0,3144383.0,0
REQ-2026-02543,HR,Director,69,35,1.38,2,1,0,Lenovo,ThinkPad X1,Core i7,Iris Xe,16,2048,3,0.9,0.95,1,2,21,27299578,31074950,573291138,0.422,1,811660392,28500000,1,41.2,33045873.0,5746295.0,1
REQ-2026-02544,Finance,Senior,133,49,0.35,1,1,0,Dell,Latitude 7450,Core i7,Integrated,24,512,2,0.85,0.85,1,2,3,25431737,21374676,76295211,0.454,1,159460612,20000000,1,39.1,29345660.0,3913923.0,1
REQ-2026-02545,Design,Staff,45,26,0.14,0,1,1,Lenovo,ThinkPad T14,Core i5,Integrated,16,1024,2,0.92,0.75,2,1,2,19886270,21630069,39772540,0.363,1,101871398,22500000,0,69.7,22011013.0,2124743.0,1
REQ-2026-02546,Sales,Staff,70,54,5.06,1,1,0,Lenovo,ThinkPad T14,Core i5,Integrated,16,512,2,0.92,0.75,3,0,16,20167505,20743475,322680080,0.3,1,494547507,13500000,1,56.0,21826778.0,1659273.0,1
REQ-2026-02547,Medical Staff,Senior,75,55,1.27,1,1,0,Lenovo,IdeaPad Slim 3,Core i3,Integrated,8,256,1,0.45,0.65,2,3,1,10611844,9033710,10611844,0.121,0,27702142,22000000,1,41.5,18545095.0,7933251.0,1
REQ-2026-02548,IT,Staff,51,25,0.53,0,1,1,Apple,MacBook Air 13,M3,Apple GPU,16,256,2,0.95,1.0,3,3,6,23522411,21420507,141134466,0.505,0,501311404,24000000,0,60.8,30235243.0,6712832.0,1
REQ-2026-02549,Medical Staff,Staff,42,24,1.36,1,1,0,HP,OmniBook 5,Ryzen 7,Radeon,16,512,2,0.65,0.8,2,2,21,17477613,17652048,367029873,0.518,1,312589993,16500000,1,52.6,21108389.0,3630776.0,1
REQ-2026-02550,IT,Senior,47,22,0.37,1,0,0,Lenovo,ThinkPad X1,Core i7,Iris Xe,24,1024,3,0.9,0.95,3,0,11,31474251,32012630,346216761,0.158,1,1575199002,32000000,1,34.4,33052118.0,1577867.0,1
REQ-2026-02551,Design,Manager,3,15,1.11,0,0,0,Lenovo,IdeaPad Slim 3,Core i3,Integrated,16,256,1,0.45,0.65,2,2,21,10918688,10793720,229292448,0.152,0,1377369433,40500000,0,59.0,17705807.0,6787119.0,1
REQ-2026-02552,IT,Senior,49,30,0.43,0,0,0,Lenovo,ThinkPad T14,Core i5,Integrated,32,512,2,0.92,0.75,2,0,3,24400702,22228327,73202106,0.582,1,214120089,32000000,0,57.7,25730337.0,1329635.0,1
REQ-2026-02553,IT,Staff,17,31,1.16,0,0,0,HP,ProBook 445,Ryzen 5,Radeon,8,512,1,0.6,0.7,1,0,7,10949506,11375175,76646542,0.364,1,340582907,24000000,0,25.0,14252597.0,3303091.0,1
REQ-2026-02554,Medical Staff,Senior,48,26,1.54,0,1,0,Lenovo,ThinkPad X1,Core i7,Iris Xe,16,1024,3,0.9,0.95,3,0,19,33431469,30219416,635197911,0.387,1,688110626,22000000,1,55.6,35139264.0,1707795.0,0
REQ-2026-02555,Design,Staff,94,21,0.3,0,0,0,HP,OmniBook 5,Ryzen 7,Radeon,16,512,2,0.65,0.8,1,0,9,17189331,17790350,154703979,0.267,0,350174650,22500000,0,36.5,18630110.0,1440779.0,1
REQ-2026-02556,IT,Director,56,33,0.33,0,1,0,Lenovo,ThinkPad X1,Core i7,Iris Xe,32,1024,3,0.9,0.95,1,1,19,31412799,29823762,596843181,0.195,0,2267507089,60800000,1,59.3,35492668.0,4079869.0,1
REQ-2026-02557,IT,Staff,37,48,0.33,0,0,0,Lenovo,ThinkPad T14,Core i5,Integrated,24,512,2,0.92,0.75,3,0,5,24280675,21645324,121403375,0.274,0,344502861,24000000,0,58.6,25772116.0,1491441.0,1
REQ-2026-02558,Sales,Staff,64,18,1.57,0,1,0,Apple,MacBook Air 13,M3,Apple GPU,8,256,2,0.95,1.0,2,0,20,23480354,19332993,469607080,0.164,1,508873155,13500000,1,65.1,27991488.0,4511134.0,1
REQ-2026-02559,Sales,Senior,46,36,1.16,1,0,0,Lenovo,ThinkPad X1,Core i7,Iris Xe,24,1536,3,0.9,0.95,3,0,22,32057126,34836698,705256772,0.248,0,581901694,18000000,0,67.6,33150397.0,1093271.0,0
REQ-2026-02560,Finance,Staff,44,19,0.46,0,1,0,Asus,ExpertBook B9,Core i7,Iris Xe,16,1024,2,0.8,0.95,2,1,8,27436368,26133048,219490944,0.192,1,169563265,15000000,1,51.4,30114756.0,2678388.0,0
REQ-2026-02561,Sales,Senior,13,44,3.2,0,0,0,Lenovo,ThinkPad X1,Core i7,Iris Xe,24,1024,3,0.9,0.95,2,1,17,36354022,30087260,618018374,0.167,0,720085019,18000000,1,49.2,39728361.0,3374339.0,0
REQ-2026-02562,Medical Staff,Staff,27,32,1.56,3,1,0,HP,ZBook Firefly,Core i7,RTX A500,32,1024,3,0.8,0.6,3,1,25,34875560,31853681,871889000,0.229,1,415943350,16500000,1,49.6,37929896.0,3054336.0,0
REQ-2026-02563,Finance,Staff,61,34,0.48,0,1,0,Asus,ExpertBook B9,Core i7,Iris Xe,32,1024,2,0.8,0.95,1,0,13,28913295,27648993,375872835,0.303,0,656543613,15000000,1,48.7,30679855.0,1766560.0,0
REQ-2026-02564,Finance,Staff,80,32,0.67,1,0,0,Lenovo,ThinkPad T14,Core i5,Integrated,32,1536,2,0.92,0.75,2,0,15,26213620,25609184,393204300,0.578,0,300996713,15000000,1,62.7,27378231.0,1164611.0,1
REQ-2026-02565,HR,Staff,20,43,0.09,1,1,0,Asus,Vivobook 14,Core i5,Integrated,8,512,1,0.5,0.7,2,1,6,12312619,11206447,73875714,0.321,1,129391704,11250000,1,53.3,15114925.0,2802306.0,1
REQ-2026-02566,IT,Senior,28,36,0.29,0,0,0,HP,ZBook Firefly,Core i7,RTX A500,32,1024,3,0.8,0.6,2,1,20,30556231,29867426,611124620,0.32,0,1071148603,32000000,1,29.4,34756926.0,4200695.0,1
REQ-2026-02567,IT,Manager,60,40,2.29,0,0,1,Dell,Precision 5690,Core i9,RTX 3500,40,2048,4,0.85,0.35,1,1,6,39040492,42586957,234242952,0.176,1,414374958,43200000,1,46.0,42672468.0,3631976.0,1
REQ-2026-02568,Finance,Director,40,38,0.36,0,1,0,Apple,MacBook Air 13,M3,Apple GPU,8,768,2,0.95,1.0,2,0,25,24253690,20868117,606342250,0.415,1,1801635459,38000000,1,53.5,28927318.0,4673628.0,1
REQ-2026-02569,IT,Manager,29,36,0.37,0,0,0,Lenovo,ThinkPad X1,Core i7,Iris Xe,16,1024,3,0.9,0.95,1,0,24,32054751,26300161,769314024,0.344,1,2514274434,43200000,1,50.9,33082294.0,1027543.0,1
REQ-2026-02570,Medical Staff,Senior,44,11,0.91,0,1,0,Dell,Inspiron 15,Core i5,Integrated,8,512,1,0.5,0.6,2,0,22,13114778,10125916,288525116,0.406,0,2630689351,22000000,1,33.4,14625262.0,1510484.0,1
REQ-2026-02571,Finance,Senior,4,33,0.9,0,1,1,Lenovo,ThinkPad P16,Core i9,RTX A2000,32,2048,4,0.9,0.25,3,0,10,44759013,43256612,447590130,0.227,1,692328287,20000000,0,86.8,46340181.0,1581168.0,1
REQ-2026-02572,Sales,Manager,85,47,3.71,0,1,0,Dell,Latitude 7450,Core i7,Integrated,16,512,2,0.85,0.85,1,1,13,20754651,21506837,269810463,0.326,1,750911847,24300000,1,32.3,24032470.0,3277819.0,1
REQ-2026-02573,Finance,Staff,51,37,0.59,1,1,1,HP,OmniBook 5,Ryzen 7,Radeon,24,512,2,0.65,0.8,3,1,5,23665091,20134748,118325455,0.164,1,132131618,15000000,1,62.0,26161672.0,2496581.0,1
REQ-2026-02574,Finance,Staff,100,29,0.85,1,1,0,Dell,Latitude 7450,Core i7,Integrated,16,1024,2,0.85,0.85,3,2,20,24251375,26218774,485027500,0.83,0,176325790,15000000,1,93.6,28718882.0,4467507.0,0
REQ-2026-02575,Sales,Staff,20,50,5.5,0,0,0,Dell,Latitude 7450,Core i7,Integrated,16,512,2,0.85,0.85,2,0,19,23004779,22806511,437090801,0.409,1,704236104,13500000,1,26.0,26419142.0,3414363.0,1
REQ-2026-02576,Finance,Staff,47,23,0.81,2,1,0,HP,ZBook Firefly,Core i7,RTX A500,48,1536,3,0.8,0.6,3,0,14,43351493,36770368,606920902,0.531,1,645218984,15000000,0,38.3,44563998.0,1212505.0,0
REQ-2026-02577,Sales,Senior,53,31,3.38,0,0,1,Lenovo,ThinkPad P16,Core i9,RTX A2000,32,1024,4,0.9,0.25,1,0,4,32755029,35966625,131020116,0.263,0,231506907,18000000,0,36.7,34085400.0,1330371.0,1
REQ-2026-02578,Finance,Staff,58,30,1.06,0,1,0,HP,ZBook Firefly,Core i7,RTX A500,32,1536,3,0.8,0.6,2,1,21,35097500,32977020,737047500,0.177,0,350628420,15000000,0,64.1,37857632.0,2760132.0,0
REQ-2026-02579,HR,Staff,94,33,0.66,0,0,0,Dell,Inspiron 15,Core i5,Integrated,8,512,1,0.5,0.6,3,3,8,13295024,11371050,106360192,0.213,1,103359031,11250000,1,50.0,18427649.0,5132625.0,1
REQ-2026-02580,Design,Staff,125,34,0.67,0,0,0,Apple,MacBook Air 13,M3,Apple GPU,8,256,2,0.95,1.0,2,1,9,19026468,19103208,171238212,0.461,0,407757978,22500000,0,53.3,25243219.0,6216751.0,1
REQ-2026-02581,IT,Staff,66,22,1.67,0,0,1,Apple,MacBook Pro 14,M3 Pro,Apple GPU,18,512,4,0.95,0.85,2,2,10,31185628,32782831,311856280,0.33,1,896412529,24000000,1,52.4,38348317.0,7162689.0,1
REQ-2026-02582,IT,Staff,35,34,0.5,0,1,0,Asus,Vivobook 14,Core i5,Integrated,8,512,1,0.5,0.7,2,2,16,11576626,11195216,185226016,0.679,1,508680689,24000000,0,30.4,16782619.0,5205993.0,1
REQ-2026-02583,Finance,Senior,31,43,0.54,3,1,1,HP,OmniBook 5,Ryzen 7,Radeon,16,512,2,0.65,0.8,3,0,8,17746652,19431338,141973216,0.263,0,310675865,20000000,1,46.0,19518272.0,1771620.0,1
REQ-2026-02584,Design,Staff,81,26,0.76,1,0,0,Asus,ExpertBook B9,Core i7,Iris Xe,16,1024,2,0.8,0.95,2,0,19,31147679,25966504,591805901,0.081,1,632732600,22500000,1,52.7,32415791.0,1268112.0,1
REQ-2026-02585,Sales,Director,9,34,5.73,0,0,0,Dell,Precision 5690,Core i9,RTX 3500,32,2560,4,0.85,0.35,3,1,13,49238823,43107459,640104699,0.087,1,1302436636,34200000,1,52.9,52581891.0,3343068.0,1
REQ-2026-02586,Sales,Staff,22,11,1.59,0,0,0,Apple,MacBook Air 13,M3,Apple GPU,8,768,2,0.95,1.0,1,1,13,23040742,20224771,299529646,0.401,1,346251606,13500000,1,47.8,28902158.0,5861416.0,0
REQ-2026-02587,Sales,Senior,79,35,4.29,0,1,0,Asus,ROG Zephyrus,Core i9,RTX 4070,32,1536,4,0.55,0.3,2,3,23,35485708,36851146,816171284,0.283,1,946963366,18000000,1,45.1,41692659.0,6206951.0,1
REQ-2026-02588,Sales,Staff,37,48,6.61,1,1,0,HP,ProBook 445,Ryzen 5,Radeon,8,512,1,0.6,0.7,3,1,16,17016306,13429315,272260896,0.326,0,272669375,13500000,1,53.6,20065330.0,3049024.0,1
REQ-2026-02589,HR,Staff,47,43,0.33,0,1,0,Apple,MacBook Air 13,M3,Apple GPU,8,256,2,0.95,1.0,3,1,7,22422718,21415087,156959026,0.112,1,160922434,11250000,0,63.7,27720866.0,5298148.0,0
REQ-2026-02590,HR,Senior,81,53,0.27,2,0,0,Dell,Inspiron 15,Core i5,Integrated,8,512,1,0.5,0.6,3,0,15,13168850,11911110,197532750,0.383,1,323663249,15000000,1,34.4,14464874.0,1296024.0,1
REQ-2026-02591,Sales,Staff,56,25,6.24,0,1,0,Lenovo,ThinkPad X1,Core i7,Iris Xe,16,1024,3,0.9,0.95,3,0,17,27292476,30448935,463972092,0.445,0,530277151,13500000,1,62.4,28846804.0,1554328.0,0
REQ-2026-02592,Design,Director,3,35,0.11,0,0,0,Asus,ExpertBook B9,Core i7,Iris Xe,16,1024,2,0.8,0.95,3,1,8,26612894,25123940,212903152,0.297,0,1414351098,57000000,0,51.8,30240649.0,3627755.0,1
REQ-2026-02593,Finance,Staff,30,69,0.97,0,1,1,Apple,MacBook Pro 14,M3 Pro,Apple GPU,26,512,4,0.95,0.85,3,1,17,37337109,34772012,634730853,0.319,1,287927985,15000000,0,51.8,42139264.0,4802155.0,0
REQ-2026-02594,Finance,Staff,50,41,0.47,0,1,0,Apple,MacBook Pro 14,M3 Pro,Apple GPU,18,1024,4,0.95,0.85,2,1,25,41639414,36752852,1040985350,0.475,0,1008609903,15000000,0,39.8,47714550.0,6075136.0,0
REQ-2026-02595,Sales,Senior,26,33,4.67,0,0,0,HP,OmniBook 5,Ryzen 7,Radeon,24,1024,2,0.65,0.8,1,4,9,22481243,20207535,202331187,0.518,0,217404793,18000000,1,44.0,28098142.0,5616899.0,1
REQ-2026-02596,HR,Manager,22,16,0.41,1,0,0,Apple,MacBook Air 13,M3,Apple GPU,16,768,2,0.95,1.0,3,1,1,25531573,23209361,25531573,0.632,0,71425666,20250000,1,68.2,32913081.0,7381508.0,1
REQ-2026-02597,HR,Staff,44,34,0.34,0,1,0,Asus,ROG Zephyrus,Core i9,RTX 4070,48,1024,4,0.55,0.3,3,1,9,45652369,39196642,410871321,0.243,0,128939955,11250000,0,39.3,48714182.0,3061813.0,0
REQ-2026-02598,Design,Manager,87,22,0.25,0,0,0,HP,ProBook 445,Ryzen 5,Radeon,8,512,1,0.6,0.7,2,1,4,14833257,12161119,59333028,0.71,1,548062421,40500000,0,46.8,18379348.0,3546091.0,1
REQ-2026-02599,Finance,Senior,90,19,0.3,0,1,0,Asus,ROG Zephyrus,Core i9,RTX 4070,32,1024,4,0.55,0.3,1,3,21,38047925,32542663,799006425,0.426,0,680616107,20000000,1,36.5,43972495.0,5924570.0,0
REQ-2026-02600,Finance,Staff,3,28,0.85,1,1,0,Apple,MacBook Air 13,M3,Apple GPU,8,256,2,0.95,1.0,3,1,7,19707071,19977838,137949497,0.347,0,220618555,15000000,1,84.5,25630400.0,5923329.0,1
REQ-2026-02601,Design,Staff,11,40,0.52,0,0,1,Dell,Precision 5690,Core i9,RTX 3500,32,2048,4,0.85,0.35,1,0,16,42963887,41759146,687422192,0.334,1,235075428,22500000,1,60.0,44192683.0,1228796.0,0
REQ-2026-02602,Sales,Staff,66,44,6.66,1,0,0,Apple,MacBook Pro 14,M3 Pro,Apple GPU,18,1536,4,0.95,0.85,3,2,23,39146786,35806538,900376078,0.642,0,1184005006,13500000,0,60.2,46106225.0,6959439.0,0
REQ-2026-02603,Design,Staff,57,34,0.41,3,0,0,HP,OmniBook 5,Ryzen 7,Radeon,16,512,2,0.65,0.8,3,1,10,22326243,19306496,223262430,0.818,0,856963267,22500000,1,57.8,24573835.0,2247592.0,1
REQ-2026-02604,Finance,Senior,45,37,0.85,0,0,0,Asus,ExpertBook B9,Core i7,Iris Xe,32,1536,2,0.8,0.95,1,1,25,33074661,30407081,826866525,0.064,0,171475030,20000000,1,47.2,36639284.0,3564623.0,0
REQ-2026-02605,Sales,Staff,33,23,1.29,0,1,0,Asus,ROG Zephyrus,Core i9,RTX 4070,32,1024,4,0.55,0.3,1,2,7,28065484,32062049,196458388,0.381,1,53409609,13500000,1,41.6,33075990.0,5010506.0,0
REQ-2026-02606,IT,Senior,64,36,0.24,0,0,0,Lenovo,ThinkPad X1,Core i7,Iris Xe,16,1024,3,0.9,0.95,2,0,24,26261867,26699919,630284808,0.453,1,982374745,32000000,1,66.6,27577199.0,1315332.0,1
REQ-2026-02607,Design,Staff,48,41,0.58,1,0,0,Dell,Latitude 7450,Core i7,Integrated,16,512,2,0.85,0.85,1,1,12,27022492,21388703,324269904,0.263,1,2772525763,22500000,0,45.2,30177920.0,3155428.0,1
REQ-2026-02608,Sales,Staff,88,31,2.14,0,1,0,Asus,Vivobook 14,Core i5,Integrated,8,512,1,0.5,0.7,1,2,21,11008544,10529058,231179424,0.275,0,469892617,13500000,1,38.7,14332104.0,3323560.0,1
REQ-2026-02609,HR,Senior,99,23,1.56,0,1,0,Dell,Inspiron 15,Core i5,Integrated,8,512,1,0.5,0.6,3,2,17,10935373,11243267,185901341,0.476,1,174460889,15000000,1,39.0,14695072.0,3759699.0,1
REQ-2026-02610,Finance,Senior,16,47,0.59,0,1,0,Lenovo,ThinkPad P16,Core i9,RTX A2000,40,1024,4,0.9,0.25,2,2,19,39781368,37991115,755845992,0.347,0,1214786100,20000000,1,41.8,42874827.0,3093459.0,1
REQ-2026-02611,Finance,Director,37,23,0.84,0,0,0,HP,ZBook Firefly,Core i7,RTX A500,32,1024,3,0.8,0.6,2,3,7,36633176,30247315,256432232,0.48,0,191701914,38000000,1,63.4,44720078.0,8086902.0,1
REQ-2026-02612,Medical Staff,Staff,35,21,0.35,1,0,0,Lenovo,ThinkPad P16,Core i9,RTX A2000,40,1024,4,0.9,0.25,3,2,23,43986910,41496765,1011698930,0.56,1,1285562273,16500000,0,54.6,48033194.0,4046284.0,0
REQ-2026-02613,Finance,Staff,27,56,0.14,0,1,0,Lenovo,IdeaPad Slim 3,Core i3,Integrated,8,768,1,0.45,0.65,3,1,9,12132778,11751625,109195002,0.276,1,82042833,15000000,0,36.4,15747571.0,3614793.0,0
REQ-2026-02614,Design,Senior,28,29,0.92,1,0,0,Lenovo,IdeaPad Slim 3,Core i3,Integrated,8,256,1,0.45,0.65,3,0,3,11126558,10291079,33379674,0.17,1,113886038,30000000,0,28.2,13345550.0,2218992.0,1
REQ-2026-02615,Sales,Senior,36,40,2.51,2,0,1,Asus,ROG Zephyrus,Core i9,RTX 4070,32,1024,4,0.55,0.3,1,1,20,29721085,34060871,594421700,0.313,1,408963100,18000000,0,12.6,37518698.0,7797613.0,0
REQ-2026-02616,IT,Manager,20,27,0.76,1,0,0,HP,OmniBook 5,Ryzen 7,Radeon,16,512,2,0.65,0.8,1,2,1,18894705,16533792,18894705,0.344,1,137800621,43200000,1,36.7,24200072.0,5305367.0,1
REQ-2026-02617,Sales,Senior,28,16,4.63,0,1,0,Dell,Latitude 7450,Core i7,Integrated,24,1536,2,0.85,0.85,2,2,6,27766729,28865248,166600374,0.468,1,284652543,18000000,1,51.6,32433032.0,4666303.0,1
REQ-2026-02618,Medical Staff,Manager,75,27,0.17,0,0,0,Apple,MacBook Air 13,M3,Apple GPU,16,256,2,0.95,1.0,2,0,1,22120252,20755105,22120252,0.113,0,13699325,29700000,1,60.4,26440796.0,4320544.0,1
REQ-2026-02619,HR,Director,34,1,0.04,0,1,0,Lenovo,ThinkPad T14,Core i5,Integrated,24,512,2,0.92,0.75,1,0,24,17242334,19622400,413816016,0.261,0,494537147,28500000,1,51.7,18796854.0,1554520.0,1
REQ-2026-02620,HR,Manager,35,28,0.23,0,0,1,Apple,MacBook Pro 14,M3 Pro,Apple GPU,26,512,4,0.95,0.85,1,0,23,38469786,32399457,884805078,0.139,1,1393039090,20250000,1,56.4,42981464.0,4511678.0,1
REQ-2026-02621,Medical Staff,Staff,111,55,0.12,0,1,0,Apple,MacBook Pro 14,M3 Pro,Apple GPU,26,1536,4,0.95,0.85,1,2,14,36593434,37479464,512308076,0.203,1,213523221,16500000,0,51.6,43765477.0,7172043.0,0
REQ-2026-02622,Design,Senior,75,57,1.94,0,0,0,Apple,MacBook Air 13,M3,Apple GPU,8,256,2,0.95,1.0,2,3,18,19833261,19456582,356998698,0.221,0,760086736,30000000,0,37.3,27463604.0,7630343.0,1
REQ-2026-02623,Sales,Staff,57,33,3.64,0,1,1,Lenovo,ThinkPad X1,Core i7,Iris Xe,32,1024,3,0.9,0.95,2,1,17,31914567,32422152,542547639,0.471,0,301394656,13500000,1,48.2,34703027.0,2788460.0,0
REQ-2026-02624,Finance,Senior,71,42,0.89,0,1,0,Dell,Inspiron 15,Core i5,Integrated,8,512,1,0.5,0.6,1,0,8,10107312,9606605,80858496,0.18,1,297927611,20000000,1,33.5,12024859.0,1917547.0,1
REQ-2026-02625,Medical Staff,Staff,56,45,0.54,0,0,0,HP,OmniBook 5,Ryzen 7,Radeon,16,1024,2,0.65,0.8,1,1,24,19304117,18766837,463298808,0.311,0,494855098,16500000,1,49.3,21437220.0,2133103.0,1
REQ-2026-02626,Medical Staff,Manager,154,9,0.39,0,1,0,Asus,ROG Zephyrus,Core i9,RTX 4070,40,1024,4,0.55,0.3,1,0,25,40627869,34784287,1015696725,0.254,0,1304087119,29700000,0,37.1,42226130.0,1598261.0,1
REQ-2026-02627,Finance,Manager,183,27,0.43,0,1,0,Lenovo,ThinkPad T14,Core i5,Integrated,16,1024,2,0.92,0.75,2,0,18,20773223,20728818,373918014,0.505,0,455838122,27000000,1,71.4,22827825.0,2054602.0,1
REQ-2026-02628,Medical Staff,Senior,50,43,1.08,1,1,0,Dell,Precision 5690,Core i9,RTX 3500,40,2560,4,0.85,0.35,1,3,3,39889391,45052104,119668173,0.087,1,170485255,22000000,1,39.9,47090706.0,7201315.0,0
REQ-2026-02629,IT,Staff,11,23,0.01,0,0,0,Asus,Vivobook 14,Core i5,Integrated,8,512,1,0.5,0.7,3,0,17,10276401,12309151,174698817,0.29,1,347351890,24000000,0,62.3,11943270.0,1666869.0,1
REQ-2026-02630,Medical Staff,Staff,55,38,1.0,0,1,0,Lenovo,IdeaPad Slim 3,Core i3,Integrated,8,256,1,0.45,0.65,3,1,18,9275071,10300842,166951278,0.279,0,618601429,16500000,1,41.9,11851106.0,2576035.0,1
REQ-2026-02631,Design,Senior,31,30,0.78,0,0,0,Dell,Latitude 7450,Core i7,Integrated,24,512,2,0.85,0.85,2,0,21,29840498,23909292,626650458,0.118,1,1875278989,30000000,1,51.4,31216941.0,1376443.0,1
REQ-2026-02632,Finance,Staff,51,34,0.61,0,1,0,Asus,Vivobook 14,Core i5,Integrated,8,1024,1,0.5,0.7,1,2,24,11416954,12497473,274006896,0.124,1,321711199,15000000,1,26.3,16228866.0,4811912.0,1
REQ-2026-02633,Medical Staff,Senior,126,50,0.43,1,1,0,HP,ZBook Firefly,Core i7,RTX A500,32,1024,3,0.8,0.6,1,1,1,32304967,29605708,32304967,0.596,0,315057364,22000000,1,30.6,36696616.0,4391649.0,0
REQ-2026-02634,HR,Senior,108,23,1.2,0,1,0,Lenovo,ThinkPad P16,Core i9,RTX A2000,40,1024,4,0.9,0.25,2,0,12,40106317,39002440,481275804,0.314,0,580757793,15000000,0,62.7,41621021.0,1514704.0,1
REQ-2026-02635,Finance,Staff,56,25,0.22,0,0,1,HP,OmniBook 5,Ryzen 7,Radeon,16,512,2,0.65,0.8,1,0,11,15252806,17814451,167780866,0.13,0,174177953,15000000,1,28.9,17889382.0,2636576.0,1
REQ-2026-02636,Medical Staff,Staff,31,29,1.4,0,1,0,Lenovo,ThinkPad P16,Core i9,RTX A2000,48,1024,4,0.9,0.25,1,1,7,44803065,40124032,313621455,0.533,0,145442799,16500000,0,42.6,47589160.0,2786095.0,0
REQ-2026-02637,IT,Senior,30,23,1.99,0,0,0,Apple,MacBook Air 13,M3,Apple GPU,8,256,2,0.95,1.0,2,2,11,21751786,18785094,239269646,0.408,0,339481747,32000000,0,61.7,30620445.0,8868659.0,1
REQ-2026-02638,Sales,Senior,20,37,8.91,1,1,1,Asus,ExpertBook B9,Core i7,Iris Xe,32,1024,2,0.8,0.95,3,0,20,34806032,30407742,696120640,0.354,1,997977560,18000000,1,32.1,36764574.0,1958542.0,1
REQ-2026-02639,Medical Staff,Staff,43,30,0.67,0,0,1,Apple,MacBook Air 13,M3,Apple GPU,16,256,2,0.95,1.0,2,1,8,23912692,22359641,191301536,0.391,0,268751123,16500000,0,75.0,30450559.0,6537867.0,1
REQ-2026-02640,Design,Staff,65,7,0.31,0,0,0,Dell,Latitude 7450,Core i7,Integrated,16,512,2,0.85,0.85,2,0,6,22670303,21686498,136021818,0.646,0,224912543,22500000,1,70.5,24100300.0,1429997.0,1
REQ-2026-02641,Design,Senior,15,47,0.38,0,0,0,Dell,Inspiron 15,Core i5,Integrated,8,512,1,0.5,0.6,1,1,12,10515084,9575123,126181008,0.01,1,568919676,30000000,0,45.9,13602789.0,3087705.0,1
REQ-2026-02642,Sales,Senior,21,46,2.64,0,1,1,Dell,Inspiron 15,Core i5,Integrated,8,512,1,0.5,0.6,1,0,25,11094362,9063534,277359050,0.064,1,915773178,18000000,1,34.4,12592168.0,1497806.0,1
REQ-2026-02643,HR,Staff,2,10,0.48,0,0,0,Asus,Vivobook 14,Core i5,Integrated,8,512,1,0.5,0.7,2,0,15,10992201,11517904,164883015,0.382,1,345695288,11250000,1,39.3,12900057.0,1907856.0,1
REQ-2026-02644,IT,Manager,77,25,1.5,0,1,0,Apple,MacBook Pro 14,M3 Pro,Apple GPU,26,1024,4,0.95,0.85,1,2,22,36456330,34584734,802039260,0.348,0,503977619,43200000,0,53.2,45995637.0,9539307.0,1
REQ-2026-02645,Sales,Senior,32,42,5.37,0,0,0,HP,OmniBook 5,Ryzen 7,Radeon,16,512,2,0.65,0.8,1,0,25,16789695,16688669,419742375,0.308,1,974518909,18000000,1,48.1,18215644.0,1425949.0,1
REQ-2026-02646,Design,Staff,51,1,0.17,0,0,1,Apple,MacBook Air 13,M3,Apple GPU,8,256,2,0.95,1.0,3,1,7,17940711,20617675,125584977,0.217,1,243739520,22500000,0,83.5,24127675.0,6186964.0,1
REQ-2026-02647,Medical Staff,Senior,38,20,1.27,2,1,0,Apple,MacBook Pro 14,M3 Pro,Apple GPU,18,512,4,0.95,0.85,1,0,21,30473162,30200586,639936402,0.312,1,564253288,22000000,0,40.2,35099842.0,4626680.0,1
REQ-2026-02648,Sales,Staff,23,38,19.81,1,0,1,HP,OmniBook 5,Ryzen 7,Radeon,16,512,2,0.65,0.8,2,2,6,19596894,17337298,117581364,0.037,1,99887091,13500000,1,13.3,26745244.0,7148350.0,1
REQ-2026-02649,HR,Manager,96,44,0.51,0,0,0,Lenovo,ThinkPad X1,Core i7,Iris Xe,32,1024,3,0.9,0.95,3,0,18,33180982,34447728,597257676,0.536,0,221260317,20250000,1,55.8,34722510.0,1541528.0,0
REQ-2026-02650,HR,Manager,49,30,0.2,0,1,0,Asus,ExpertBook B9,Core i7,Iris Xe,16,2048,2,0.8,0.95,1,0,1,28261251,28510180,28261251,0.37,0,13150382,20250000,1,32.1,30334045.0,2072794.0,0
REQ-2026-02651,Finance,Senior,51,25,0.56,0,1,0,Asus,ExpertBook B9,Core i7,Iris Xe,16,1024,2,0.8,0.95,2,0,13,22161042,26640312,288093546,0.451,0,592618876,20000000,1,47.6,23793768.0,1632726.0,0
REQ-2026-02652,Finance,Staff,116,43,0.57,1,1,1,Lenovo,ThinkPad X1,Core i7,Iris Xe,24,2048,3,0.9,0.95,2,0,14,35186708,35623589,492613912,0.332,1,148579757,15000000,1,32.7,36476569.0,1289861.0,0
REQ-2026-02653,Design,Manager,66,59,0.68,0,0,0,Dell,Inspiron 15,Core i5,Integrated,24,512,1,0.5,0.6,3,3,21,14210929,15859891,298429509,0.637,1,1221310929,40500000,0,43.4,23726843.0,9515914.0,1
REQ-2026-02654,Design,Manager,44,54,0.22,0,0,0,HP,ZBook Firefly,Core i7,RTX A500,40,1024,3,0.8,0.6,2,1,3,40652837,31827478,121958511,0.287,1,148650850,40500000,1,57.0,44342255.0,3689418.0,1
REQ-2026-02655,Finance,Staff,67,3,0.38,0,0,0,HP,ZBook Firefly,Core i7,RTX A500,32,1536,3,0.8,0.6,3,1,16,32233976,33747681,515743616,0.414,1,374236115,15000000,1,52.4,34161627.0,1927651.0,0
REQ-2026-02656,Medical Staff,Senior,16,34,1.17,0,1,0,Lenovo,ThinkPad P16,Core i9,RTX A2000,40,1536,4,0.9,0.25,2,1,11,41025234,42637337,451277574,0.3,1,629049800,22000000,1,47.6,44709371.0,3684137.0,1
REQ-2026-02657,Sales,Staff,19,31,3.21,0,1,0,HP,OmniBook 5,Ryzen 7,Radeon,16,512,2,0.65,0.8,1,2,9,16295615,16821763,146660535,0.16,0,213463057,13500000,1,38.1,19617344.0,3321729.0,1
REQ-2026-02658,IT,Manager,18,26,0.67,0,0,0,HP,ProBook 445,Ryzen 5,Radeon,16,512,1,0.6,0.7,2,0,12,13261125,15226107,159133500,0.161,1,1838426455,43200000,0,46.9,14644808.0,1383683.0,1
REQ-2026-02659,Sales,Staff,20,40,4.23,1,0,0,Apple,MacBook Air 13,M3,Apple GPU,8,256,2,0.95,1.0,1,3,7,18244602,18559856,127712214,0.277,0,284349562,13500000,1,37.1,25329192.0,7084590.0,1
REQ-2026-02660,Finance,Senior,87,21,0.21,0,1,0,Dell,Precision 5690,Core i9,RTX 3500,32,2560,4,0.85,0.35,3,1,22,49031074,43721787,1078683628,0.485,0,481971247,20000000,0,49.7,51666489.0,2635415.0,0
REQ-2026-02661,Finance,Senior,51,33,1.03,0,1,0,HP,ProBook 445,Ryzen 5,Radeon,16,1536,1,0.6,0.7,1,1,7,20684239,17541537,144789673,0.405,1,405809383,20000000,0,37.0,24103571.0,3419332.0,1
REQ-2026-02662,Sales,Manager,5,52,4.51,0,1,0,Apple,MacBook Pro 14,M3 Pro,Apple GPU,18,512,4,0.95,0.85,1,0,18,29003434,30817190,522061812,0.055,0,523309346,24300000,1,33.6,33638743.0,4635309.0,1
REQ-2026-02663,Sales,Staff,111,68,1.84,1,1,1,Lenovo,IdeaPad Slim 3,Core i3,Integrated,24,256,1,0.45,0.65,2,0,23,11454822,12322213,263460906,0.661,0,408368258,13500000,1,27.7,14384106.0,2929284.0,1
REQ-2026-02664,Medical Staff,Director,30,39,1.44,0,0,0,Apple,MacBook Air 13,M3,Apple GPU,8,256,2,0.95,1.0,3,1,1,20134141,19407957,20134141,0.322,1,44652145,41800000,1,46.5,27096473.0,6962332.0,1
REQ-2026-02665,Finance,Staff,54,28,0.58,2,1,1,Lenovo,ThinkPad X1,Core i7,Iris Xe,16,2048,3,0.9,0.95,1,1,11,35370157,30564600,389071727,0.448,0,825159431,15000000,1,52.7,37953705.0,2583548.0,0
REQ-2026-02666,Design,Staff,65,24,0.8,0,0,0,Asus,ExpertBook B9,Core i7,Iris Xe,24,2048,2,0.8,0.95,2,1,11,33964703,32068961,373611733,0.489,0,304721475,22500000,1,53.7,36919160.0,2954457.0,1
REQ-2026-02667,HR,Staff,140,30,0.58,0,0,0,Lenovo,IdeaPad Slim 3,Core i3,Integrated,8,256,1,0.45,0.65,1,4,8,7399857,7550360,59198856,0.376,0,267965991,11250000,0,24.5,16485124.0,9085267.0,1
REQ-2026-02668,Design,Staff,155,27,0.12,1,0,0,Asus,ExpertBook B9,Core i7,Iris Xe,16,1024,2,0.8,0.95,1,0,11,27381598,23582929,301197578,0.357,0,472765111,22500000,1,50.4,28714858.0,1333260.0,1
REQ-2026-02669,IT,Director,74,27,0.77,0,0,0,Asus,ExpertBook B9,Core i7,Iris Xe,24,1024,2,0.8,0.95,1,0,22,32651270,25848860,718327940,0.104,1,1611170279,60800000,1,53.5,34338366.0,1687096.0,1
REQ-2026-02670,Design,Staff,86,14,0.54,1,0,0,Apple,MacBook Pro 14,M3 Pro,Apple GPU,26,1024,4,0.95,0.85,1,1,8,33487545,34869248,267900360,0.469,0,215007121,22500000,1,57.4,39537384.0,6049839.0,0
REQ-2026-02671,Design,Senior,48,39,0.83,1,0,1,Dell,Latitude 7450,Core i7,Integrated,16,512,2,0.85,0.85,1,0,8,22847761,21321734,182782088,0.528,1,877575044,30000000,1,63.8,23920247.0,1072486.0,1
REQ-2026-02672,HR,Senior,34,34,0.39,0,1,0,Lenovo,ThinkPad P16,Core i9,RTX A2000,40,1024,4,0.9,0.25,2,1,7,45975556,40920298,321828892,0.648,0,86861634,15000000,0,74.2,49162067.0,3186511.0,0
REQ-2026-02673,Finance,Manager,39,17,0.31,0,1,1,Dell,Inspiron 15,Core i5,Integrated,8,1024,1,0.5,0.6,2,2,7,11977754,13093640,83844278,0.16,0,428352847,27000000,1,34.5,16736145.0,4758391.0,1
REQ-2026-02674,HR,Staff,115,34,0.25,0,1,0,Asus,ExpertBook B9,Core i7,Iris Xe,24,2048,2,0.8,0.95,1,0,25,30718439,30245522,767960975,0.572,1,698864689,11250000,1,48.2,32112120.0,1393681.0,0
REQ-2026-02675,Medical Staff,Senior,29,35,0.31,0,1,0,Lenovo,ThinkPad T14,Core i5,Integrated,24,512,2,0.92,0.75,1,0,13,21536505,18863658,279974565,0.552,1,490475800,22000000,1,60.9,22964793.0,1428288.0,1
REQ-2026-02676,IT,Senior,119,43,1.06,0,0,0,Dell,Precision 5690,Core i9,RTX 3500,40,2048,4,0.85,0.35,2,1,10,50303474,43443698,503034740,0.319,0,401048349,32000000,0,53.5,53917416.0,3613942.0,0
REQ-2026-02677,Sales,Manager,13,34,9.08,0,1,1,Lenovo,ThinkPad T14,Core i5,Integrated,16,512,2,0.92,0.75,1,3,13,19860417,17379607,258185421,0.494,1,1179132777,24300000,1,34.9,28862901.0,9002484.0,1
REQ-2026-02678,Sales,Senior,17,43,4.56,1,1,0,Dell,Precision 5690,Core i9,RTX 3500,32,2048,4,0.85,0.35,2,1,4,45845771,40204047,183383084,0.18,0,323974077,18000000,1,41.0,48945673.0,3099902.0,0
REQ-2026-02679,Medical Staff,Manager,190,35,3.16,1,0,0,Apple,MacBook Pro 14,M3 Pro,Apple GPU,26,512,4,0.95,0.85,1,2,11,30839118,32241622,339230298,0.276,0,338509523,29700000,1,42.0,39582854.0,8743736.0,1
REQ-2026-02680,HR,Senior,96,22,0.14,1,1,0,Asus,ROG Zephyrus,Core i9,RTX 4070,32,1024,4,0.55,0.3,2,3,25,35992737,36498986,899818425,0.433,1,436372339,15000000,0,58.9,41792229.0,5799492.0,0
REQ-2026-02681,Medical Staff,Director,49,42,0.13,2,1,0,Asus,ROG Zephyrus,Core i9,RTX 4070,32,1024,4,0.55,0.3,1,2,9,33550592,34816626,301955328,0.134,1,871868972,41800000,1,24.9,44005807.0,10455215.0,1
REQ-2026-02682,Sales,Senior,71,41,1.81,0,0,0,Apple,MacBook Air 13,M3,Apple GPU,24,768,2,0.95,1.0,3,1,5,26248837,26709930,131244185,0.253,1,578059494,18000000,1,48.3,32135594.0,5886757.0,1
REQ-2026-02683,Medical Staff,Senior,33,22,1.88,0,0,0,HP,ZBook Firefly,Core i7,RTX A500,32,2048,3,0.8,0.6,2,1,20,35340489,33908320,706809780,0.364,0,1148119458,22000000,1,60.5,38418746.0,3078257.0,0
REQ-2026-02684,HR,Senior,113,31,0.97,0,1,0,HP,ZBook Firefly,Core i7,RTX A500,40,1024,3,0.8,0.6,1,3,19,28124985,29691632,534374715,0.086,0,536870617,15000000,0,31.4,34245659.0,6120674.0,0
REQ-2026-02685,Medical Staff,Manager,32,52,0.32,0,1,0,Lenovo,IdeaPad Slim 3,Core i3,Integrated,8,256,1,0.45,0.65,2,2,1,10954503,8209839,10954503,0.569,0,54238566,29700000,1,38.4,17791005.0,6836502.0,1
REQ-2026-02686,HR,Staff,30,37,1.38,0,0,0,Lenovo,IdeaPad Slim 3,Core i3,Integrated,16,768,1,0.45,0.65,1,1,6,12540814,11337785,75244884,0.352,0,243880167,11250000,1,34.5,14913194.0,2372380.0,1
REQ-2026-02687,HR,Staff,89,1,0.2,0,1,1,Dell,Precision 5690,Core i9,RTX 3500,40,3072,4,0.85,0.35,2,1,15,51403179,50926616,771047685,0.213,0,256146119,11250000,0,63.2,54754911.0,3351732.0,0
REQ-2026-02688,Finance,Staff,41,29,0.24,1,1,0,HP,OmniBook 5,Ryzen 7,Radeon,24,512,2,0.65,0.8,2,3,1,19269606,20759733,19269606,0.265,1,19832064,15000000,1,67.2,24731775.0,5462169.0,1
REQ-2026-02689,Medical Staff,Staff,51,51,0.14,0,1,0,Asus,Vivobook 14,Core i5,Integrated,8,512,1,0.5,0.7,1,1,13,11183220,9729775,145381860,0.822,1,352090140,16500000,0,29.5,15222617.0,4039397.0,1
REQ-2026-02690,IT,Director,11,22,0.5,1,1,0,HP,ProBook 445,Ryzen 5,Radeon,8,1024,1,0.6,0.7,3,2,16,14956202,16633912,239299232,0.208,0,2829961905,60800000,0,44.0,20513825.0,5557623.0,1
REQ-2026-02691,Design,Staff,15,80,0.25,0,1,0,Dell,Precision 5690,Core i9,RTX 3500,40,2048,4,0.85,0.35,2,0,5,41757098,44446432,208785490,0.261,1,142749757,22500000,1,41.1,42600467.0,843369.0,0
REQ-2026-02692,Design,Senior,17,15,0.95,0,0,0,Asus,ExpertBook B9,Core i7,Iris Xe,16,1024,2,0.8,0.95,1,0,7,24504764,23356214,171533348,0.126,1,907508829,30000000,1,61.3,25972543.0,1467779.0,1
REQ-2026-02693,Finance,Senior,88,56,0.62,1,1,1,Lenovo,ThinkPad X1,Core i7,Iris Xe,16,2048,3,0.9,0.95,2,0,18,34736722,31507959,625260996,0.219,1,422295689,20000000,1,45.3,35826837.0,1090115.0,1
REQ-2026-02694,IT,Manager,81,16,1.14,2,0,1,Dell,Latitude 7450,Core i7,Integrated,16,512,2,0.85,0.85,2,0,13,20902803,22617961,271736439,0.456,0,1081012959,43200000,1,30.9,22753362.0,1850559.0,1
REQ-2026-02695,HR,Director,40,1,0.72,0,1,1,HP,ProBook 445,Ryzen 5,Radeon,8,512,1,0.6,0.7,1,2,25,12863923,12438517,321598075,0.246,0,1333624942,28500000,1,40.3,18415409.0,5551486.0,1
REQ-2026-02696,Finance,Staff,29,18,0.24,1,1,0,Asus,Vivobook 14,Core i5,Integrated,8,512,1,0.5,0.7,1,2,18,10509054,9519275,189162972,0.254,0,440659958,15000000,1,24.6,17106440.0,6597386.0,1
REQ-2026-02697,IT,Staff,116,53,0.28,0,1,0,Asus,ROG Zephyrus,Core i9,RTX 4070,40,1024,4,0.55,0.3,2,1,6,38052300,34862798,228313800,0.397,1,179688036,24000000,1,64.2,40571230.0,2518930.0,0
REQ-2026-02698,Sales,Senior,24,9,3.27,1,1,0,HP,OmniBook 5,Ryzen 7,Radeon,24,512,2,0.65,0.8,2,0,14,18375036,19663888,257250504,0.198,1,485406806,18000000,1,45.8,19734964.0,1359928.0,1
REQ-2026-02699,Medical Staff,Senior,89,35,2.65,0,1,0,Lenovo,IdeaPad Slim 3,Core i3,Integrated,24,256,1,0.45,0.65,2,2,10,11623721,12607676,116237210,0.262,1,596884566,22000000,1,48.6,15643090.0,4019369.0,1
REQ-2026-02700,Design,Senior,18,37,0.73,0,0,0,Apple,MacBook Air 13,M3,Apple GPU,8,256,2,0.95,1.0,2,2,9,22514917,18680111,202634253,0.546,1,1022640970,30000000,0,82.0,29615906.0,7100989.0,1
REQ-2026-02701,Medical Staff,Director,19,63,1.08,0,1,0,HP,ZBook Firefly,Core i7,RTX A500,40,1024,3,0.8,0.6,2,3,3,35255864,33181514,105767592,0.074,0,386263999,41800000,1,40.0,44365556.0,9109692.0,1
REQ-2026-02702,Medical Staff,Senior,79,5,2.47,0,0,0,Apple,MacBook Pro 14,M3 Pro,Apple GPU,18,1024,4,0.95,0.85,2,3,11,30743942,33838697,338183362,0.181,0,297058952,22000000,1,60.6,40070321.0,9326379.0,1
REQ-2026-02703,Medical Staff,Staff,60,21,3.67,0,1,0,Lenovo,ThinkPad P16,Core i9,RTX A2000,40,1024,4,0.9,0.25,1,1,8,43735923,39051814,349887384,0.018,0,505229384,16500000,0,54.5,47286911.0,3550988.0,0
REQ-2026-02704,Medical Staff,Staff,53,48,3.26,2,1,0,Lenovo,IdeaPad Slim 3,Core i3,Integrated,8,768,1,0.45,0.65,1,0,24,9433680,9782168,226408320,0.351,0,540627150,16500000,1,19.1,13893676.0,4459996.0,1
REQ-2026-02705,Finance,Senior,14,46,2.55,1,0,0,Asus,Vivobook 14,Core i5,Integrated,8,512,1,0.5,0.7,1,5,8,10377812,9929255,83022496,0.507,1,337019250,20000000,1,22.6,20893159.0,10515347.0,1
REQ-2026-02706,Medical Staff,Staff,12,1,1.21,0,1,0,HP,OmniBook 5,Ryzen 7,Radeon,16,512,2,0.65,0.8,2,0,18,21622482,18172374,389204676,0.308,1,1059022213,16500000,1,43.9,22888360.0,1265878.0,1
REQ-2026-02707,Design,Senior,23,51,0.94,1,0,0,Asus,Vivobook 14,Core i5,Integrated,8,1024,1,0.5,0.7,1,1,9,13391303,12093399,120521727,0.457,1,591799728,30000000,0,29.1,17093441.0,3702138.0,1
REQ-2026-02708,IT,Staff,106,24,0.49,0,0,0,HP,ZBook Firefly,Core i7,RTX A500,32,1024,3,0.8,0.6,3,1,8,35103842,30756865,280830736,0.441,1,301736582,24000000,1,54.2,37683928.0,2580086.0,0
REQ-2026-02709,Finance,Director,76,30,0.41,0,1,0,Lenovo,ThinkPad X1,Core i7,Iris Xe,24,1536,3,0.9,0.95,2,0,8,34761437,32200081,278091496,0.251,1,858889368,38000000,1,46.3,36572699.0,1811262.0,1
REQ-2026-02710,Finance,Senior,98,39,0.85,0,1,1,Asus,Vivobook 14,Core i5,Integrated,8,512,1,0.5,0.7,2,2,2,13399742,11053731,26799484,0.233,1,124486715,20000000,1,43.6,17272469.0,3872727.0,1
REQ-2026-02711,Medical Staff,Senior,76,57,0.74,1,1,1,Asus,ExpertBook B9,Core i7,Iris Xe,24,2048,2,0.8,0.95,2,2,2,30239119,31499023,60478238,0.351,1,66202133,22000000,1,58.9,35411378.0,5172259.0,0
REQ-2026-02712,Design,Senior,48,34,0.58,0,0,0,HP,ZBook Firefly,Core i7,RTX A500,32,2048,3,0.8,0.6,1,0,8,34312339,33672301,274498712,0.366,1,522641415,30000000,1,39.8,36212816.0,1900477.0,1
REQ-2026-02713,IT,Staff,72,6,1.3,1,1,0,Apple,MacBook Air 13,M3,Apple GPU,16,768,2,0.95,1.0,1,0,20,20791305,23091533,415826100,0.428,1,682615476,24000000,1,46.1,25186917.0,4395612.0,1
REQ-2026-02714,Design,Director,41,49,0.84,1,0,0,Asus,Vivobook 14,Core i5,Integrated,8,512,1,0.5,0.7,1,0,21,10502059,10163608,220543239,0.202,1,958133269,57000000,0,28.6,13410656.0,2908597.0,1
REQ-2026-02715,Design,Senior,86,14,0.14,1,0,0,Lenovo,IdeaPad Slim 3,Core i3,Integrated,16,256,1,0.45,0.65,2,0,14,10581092,10736310,148135288,0.636,0,3312526444,30000000,0,31.7,12484353.0,1903261.0,1
REQ-2026-02716,HR,Staff,58,33,0.78,1,1,0,Lenovo,ThinkPad P16,Core i9,RTX A2000,32,1024,4,0.9,0.25,1,0,12,41204198,38025102,494450376,0.313,1,140918154,11250000,0,36.4,42492288.0,1288090.0,0
REQ-2026-02717,Sales,Manager,74,58,1.42,0,1,0,Dell,Inspiron 15,Core i5,Integrated,8,512,1,0.5,0.6,2,0,2,10839713,10669540,21679426,0.405,1,92310438,24300000,1,52.9,12705113.0,1865400.0,1
REQ-2026-02718,HR,Staff,76,3,0.45,1,1,0,Lenovo,IdeaPad Slim 3,Core i3,Integrated,16,256,1,0.45,0.65,1,0,16,10224240,9872657,163587840,0.068,1,569307560,11250000,1,31.1,12770040.0,2545800.0,1
REQ-2026-02719,IT,Staff,29,39,3.51,1,1,0,Apple,MacBook Air 13,M3,Apple GPU,8,256,2,0.95,1.0,2,0,1,19156414,19088210,19156414,0.145,1,49022774,24000000,0,60.6,23587271.0,4430857.0,1
REQ-2026-02720,Finance,Senior,16,26,0.38,0,1,0,Lenovo,ThinkPad P16,Core i9,RTX A2000,40,1024,4,0.9,0.25,3,1,12,46075425,41171169,552905100,0.324,1,538734052,20000000,0,68.5,48635441.0,2560016.0,1
REQ-2026-02721,Sales,Senior,56,30,6.82,0,1,0,Asus,ExpertBook B9,Core i7,Iris Xe,24,1024,2,0.8,0.95,1,1,5,24798404,26631371,123992020,0.496,0,251244703,18000000,1,23.2,30239229.0,5440825.0,1
REQ-2026-02722,Design,Staff,80,35,0.14,1,1,1,HP,OmniBook 5,Ryzen 7,Radeon,24,512,2,0.65,0.8,2,1,17,21975876,19630591,373589892,0.219,0,887315488,22500000,1,47.7,24187198.0,2211322.0,1
REQ-2026-02723,Finance,Staff,26,55,0.12,1,1,0,HP,ProBook 445,Ryzen 5,Radeon,16,1536,1,0.6,0.7,1,1,2,18714583,17212163,37429166,0.167,1,30620767,15000000,1,31.1,22595222.0,3880639.0,1
REQ-2026-02724,Design,Staff,7,31,0.37,2,1,0,Apple,MacBook Air 13,M3,Apple GPU,16,768,2,0.95,1.0,2,1,25,21350876,22776083,533771900,0.636,0,402493123,22500000,0,37.1,26583205.0,5232329.0,1
REQ-2026-02725,Medical Staff,Staff,110,43,0.02,0,1,0,Apple,MacBook Pro 14,M3 Pro,Apple GPU,18,512,4,0.95,0.85,2,1,10,30333138,32501789,303331380,0.149,0,320745699,16500000,0,47.9,36417419.0,6084281.0,0
REQ-2026-02726,Design,Manager,5,53,0.61,0,0,0,Apple,MacBook Pro 14,M3 Pro,Apple GPU,18,1024,4,0.95,0.85,2,0,15,37794408,34564376,566916120,0.64,0,1184026089,40500000,1,69.1,41756781.0,3962373.0,1
REQ-2026-02727,Finance,Manager,95,30,0.46,0,1,0,HP,ProBook 445,Ryzen 5,Radeon,8,1024,1,0.6,0.7,3,1,5,16549909,15059272,82749545,0.296,0,134787214,27000000,1,46.5,19997415.0,3447506.0,1
REQ-2026-02728,IT,Director,27,34,0.86,1,1,0,Lenovo,ThinkPad X1,Core i7,Iris Xe,16,1024,3,0.9,0.95,2,0,18,28515080,27952198,513271440,0.429,0,1209097707,60800000,1,70.1,30171686.0,1656606.0,1
REQ-2026-02729,IT,Senior,34,19,1.11,0,1,1,Lenovo,IdeaPad Slim 3,Core i3,Integrated,8,256,1,0.45,0.65,2,2,19,9483687,8923449,180190053,0.404,0,573546144,32000000,0,43.5,14021986.0,4538299.0,1
REQ-2026-02730,Finance,Senior,73,51,0.61,0,1,1,Asus,Vivobook 14,Core i5,Integrated,16,512,1,0.5,0.7,3,1,13,15810544,14236916,205537072,0.532,1,200028759,20000000,1,43.7,19062178.0,3251634.0,1
REQ-2026-02731,Finance,Senior,27,28,0.59,0,1,0,Lenovo,IdeaPad Slim 3,Core i3,Integrated,16,256,1,0.45,0.65,3,4,12,14455810,11651738,173469720,0.646,0,479582443,20000000,1,34.7,22762215.0,8306405.0,1
REQ-2026-02732,Sales,Manager,10,28,5.3,0,0,0,Lenovo,ThinkPad X1,Core i7,Iris Xe,16,1024,3,0.9,0.95,1,2,13,28326742,26744331,368247646,0.591,1,337103108,24300000,1,60.5,33719575.0,5392833.0,1
REQ-2026-02733,Design,Staff,105,36,2.32,0,0,0,Asus,ROG Zephyrus,Core i9,RTX 4070,40,1024,4,0.55,0.3,3,2,15,43262584,37069384,648938760,0.306,0,251293685,22500000,1,57.6,47922172.0,4659588.0,0
REQ-2026-02734,IT,Senior,35,55,1.06,0,0,0,Lenovo,ThinkPad P16,Core i9,RTX A2000,32,1024,4,0.9,0.25,2,0,1,39525964,38063012,39525964,0.359,1,123801946,32000000,1,43.5,41059295.0,1533331.0,0
REQ-2026-02735,Sales,Director,64,41,1.49,1,0,0,HP,OmniBook 5,Ryzen 7,Radeon,32,1536,2,0.65,0.8,1,2,16,27909860,24764407,446557760,0.364,1,2829431976,34200000,1,33.3,35576448.0,7666588.0,1
REQ-2026-02736,Sales,Manager,55,39,4.99,0,1,0,Lenovo,ThinkPad X1,Core i7,Iris Xe,32,1024,3,0.9,0.95,1,2,16,31384089,31364684,502145424,0.576,0,1023303818,24300000,1,56.7,39355089.0,7971000.0,1
REQ-2026-02737,Finance,Staff,67,14,0.21,2,0,0,Apple,MacBook Air 13,M3,Apple GPU,8,256,2,0.95,1.0,1,1,7,20235468,18060545,141648276,0.506,0,72677134,15000000,1,43.0,26137241.0,5901773.0,0
REQ-2026-02738,Finance,Staff,115,31,1.17,0,0,0,HP,ZBook Firefly,Core i7,RTX A500,40,1024,3,0.8,0.6,3,0,14,25684229,33589631,359579206,0.398,0,222878605,15000000,1,44.9,27005282.0,1321053.0,0
REQ-2026-02739,HR,Staff,35,47,0.11,0,1,1,Apple,MacBook Air 13,M3,Apple GPU,8,256,2,0.95,1.0,1,1,21,16995150,16948272,356898150,0.327,1,339063005,11250000,1,68.9,22757548.0,5762398.0,1
REQ-2026-02740,HR,Manager,74,38,0.39,1,1,0,HP,ProBook 445,Ryzen 5,Radeon,16,512,1,0.6,0.7,2,0,10,15112342,15010658,151123420,0.34,1,1352967106,20250000,1,48.5,16847684.0,1735342.0,1
REQ-2026-02741,Sales,Manager,46,48,3.4,1,1,0,Asus,ROG Zephyrus,Core i9,RTX 4070,32,2048,4,0.55,0.3,2,6,7,36465400,38555941,255257800,0.461,0,1091437495,24300000,1,24.7,49095486.0,12630086.0,0
REQ-2026-02742,Medical Staff,Staff,84,26,0.54,0,0,0,Lenovo,ThinkPad P16,Core i9,RTX A2000,32,1024,4,0.9,0.25,3,2,8,41199684,40390570,329597472,0.343,1,125910264,16500000,0,54.2,45902303.0,4702619.0,0
REQ-2026-02743,Design,Staff,51,33,0.75,1,0,0,Dell,Precision 5690,Core i9,RTX 3500,32,2048,4,0.85,0.35,2,0,20,47664640,43029368,953292800,0.309,1,727621965,22500000,1,45.1,49186373.0,1521733.0,0
REQ-2026-02744,IT,Senior,80,33,1.22,0,0,0,HP,OmniBook 5,Ryzen 7,Radeon,16,512,2,0.65,0.8,3,0,22,18461216,19990671,406146752,0.171,0,1270335543,32000000,1,57.7,20148082.0,1686866.0,1
REQ-2026-02745,Sales,Staff,18,46,2.61,0,0,1,Lenovo,ThinkPad T14,Core i5,Integrated,16,1024,2,0.92,0.75,1,0,12,19888305,19642345,238659660,0.296,1,78605702,13500000,1,52.7,21057165.0,1168860.0,0
REQ-2026-02746,HR,Staff,55,27,0.28,0,1,1,HP,ZBook Firefly,Core i7,RTX A500,32,1024,3,0.8,0.6,2,0,6,30788256,28323247,184729536,0.356,1,70136372,11250000,0,35.6,32609895.0,1821639.0,0
REQ-2026-02747,Design,Senior,29,28,1.03,0,0,0,Apple,MacBook Pro 14,M3 Pro,Apple GPU,18,1024,4,0.95,0.85,1,1,20,35530558,33445647,710611160,0.15,1,1525160449,30000000,1,59.4,41990488.0,6459930.0,1
REQ-2026-02748,Medical Staff,Staff,121,43,1.05,1,1,0,Lenovo,ThinkPad X1,Core i7,Iris Xe,16,1024,3,0.9,0.95,2,0,1,29457877,29769484,29457877,0.432,1,9634575,16500000,1,50.6,30896304.0,1438427.0,0
REQ-2026-02749,Finance,Manager,84,28,1.1,0,0,0,Asus,ROG Zephyrus,Core i9,RTX 4070,32,1024,4,0.55,0.3,1,1,11,36248134,34386176,398729474,0.396,1,428253834,27000000,1,35.2,39294834.0,3046700.0,1
REQ-2026-02750,IT,Staff,67,41,0.22,1,1,0,Lenovo,ThinkPad T14,Core i5,Integrated,24,512,2,0.92,0.75,3,0,12,24098362,21913164,289180344,0.366,0,416740939,24000000,1,47.0,25618845.0,1520483.0,1
REQ-2026-02751,Sales,Director,81,22,4.55,0,0,0,Apple,MacBook Air 13,M3,Apple GPU,8,256,2,0.95,1.0,1,2,6,17676111,18918242,106056666,0.068,1,299803678,34200000,1,39.6,27431464.0,9755353.0,1
REQ-2026-02752,Finance,Staff,41,39,0.38,0,1,0,Dell,Latitude 7450,Core i7,Integrated,16,512,2,0.85,0.85,1,2,5,19918729,21540222,99593645,0.392,0,81961263,15000000,1,52.3,24749747.0,4831018.0,0
REQ-2026-02753,Design,Director,13,41,1.41,3,0,0,Dell,Inspiron 15,Core i5,Integrated,16,1024,1,0.5,0.6,1,4,9,16165342,13734270,145488078,0.405,0,332665659,57000000,0,27.6,29674980.0,13509638.0,1
REQ-2026-02754,IT,Staff,65,34,1.55,0,0,0,Apple,MacBook Pro 14,M3 Pro,Apple GPU,26,512,4,0.95,0.85,1,3,12,32713305,32260210,392559660,0.353,1,581094515,24000000,1,56.5,41505394.0,8792089.0,1
REQ-2026-02755,Medical Staff,Senior,18,45,0.57,0,0,0,Asus,ExpertBook B9,Core i7,Iris Xe,16,1024,2,0.8,0.95,3,0,16,29275180,25790629,468402880,0.281,0,241288516,22000000,1,38.7,30627494.0,1352314.0,0
REQ-2026-02756,Finance,Senior,100,26,0.56,0,1,0,Lenovo,ThinkPad T14,Core i5,Integrated,16,512,2,0.92,0.75,2,0,22,19901510,19093999,437833220,0.205,1,585825626,20000000,1,50.9,21545949.0,1644439.0,1
REQ-2026-02757,Medical Staff,Senior,53,43,1.61,0,1,1,Asus,ROG Zephyrus,Core i9,RTX 4070,32,1024,4,0.55,0.3,1,1,18,34359339,33186748,618468102,0.58,0,371311355,22000000,1,39.0,37448440.0,3089101.0,1
REQ-2026-02758,Design,Manager,38,37,1.09,2,0,0,Asus,ROG Zephyrus,Core i9,RTX 4070,32,1536,4,0.55,0.3,1,1,18,37051525,36301692,666927450,0.172,1,1178091876,40500000,1,29.6,41764971.0,4713446.0,1
REQ-2026-02759,Sales,Staff,32,34,3.95,0,0,0,Dell,Inspiron 15,Core i5,Integrated,24,1024,1,0.5,0.6,1,3,23,17570639,14967916,404124697,0.291,1,200740084,13500000,1,41.5,22105171.0,4534532.0,1
REQ-2026-02760,HR,Staff,60,45,0.44,0,1,0,Apple,MacBook Air 13,M3,Apple GPU,8,256,2,0.95,1.0,2,0,7,19632856,18066707,137429992,0.168,0,114035335,11250000,0,87.0,24168935.0,4536079.0,0
REQ-2026-02761,Design,Manager,45,59,0.12,0,0,0,Asus,Vivobook 14,Core i5,Integrated,8,512,1,0.5,0.7,1,2,4,11207096,9574305,44828384,0.21,1,520833666,40500000,0,35.7,16494099.0,5287003.0,1
REQ-2026-02762,IT,Senior,31,65,0.37,0,0,0,Dell,Precision 5690,Core i9,RTX 3500,32,2048,4,0.85,0.35,3,0,8,44815830,41811361,358526640,0.525,1,796252180,32000000,1,50.1,46568786.0,1752956.0,1
REQ-2026-02763,Medical Staff,Senior,15,21,1.45,1,1,0,HP,OmniBook 5,Ryzen 7,Radeon,16,512,2,0.65,0.8,2,2,7,19397875,17460720,135785125,0.332,1,147179283,22000000,1,40.2,23660495.0,4262620.0,1
REQ-2026-02764,Finance,Manager,34,28,0.11,1,1,0,Asus,ExpertBook B9,Core i7,Iris Xe,16,1536,2,0.8,0.95,1,0,21,27803181,26664823,583866801,0.464,0,613603741,27000000,1,46.3,28964923.0,1161742.0,1
REQ-2026-02765,IT,Staff,10,33,1.12,0,0,0,Apple,MacBook Pro 14,M3 Pro,Apple GPU,18,512,4,0.95,0.85,1,1,4,30604151,30319943,122416604,0.406,0,315366492,24000000,1,49.0,35956975.0,5352824.0,1
REQ-2026-02766,Design,Director,53,42,0.41,1,0,0,Apple,MacBook Pro 14,M3 Pro,Apple GPU,18,512,4,0.95,0.85,1,3,24,31065180,32901305,745564320,0.264,1,1054423193,57000000,1,44.7,43359231.0,12294051.0,1
REQ-2026-02767,Sales,Staff,57,37,3.89,0,0,0,HP,OmniBook 5,Ryzen 7,Radeon,24,512,2,0.65,0.8,3,1,22,18878590,21020803,415328980,0.159,1,313691532,13500000,1,45.8,21869626.0,2991036.0,1
REQ-2026-02768,Sales,Senior,147,8,3.78,0,1,0,Dell,Precision 5690,Core i9,RTX 3500,32,2048,4,0.85,0.35,1,3,2,39933246,39024444,79866492,0.645,0,194785277,18000000,1,52.8,47177534.0,7244288.0,0
REQ-2026-02769,HR,Senior,12,27,2.41,0,0,0,Lenovo,ThinkPad X1,Core i7,Iris Xe,16,1536,3,0.9,0.95,3,2,23,32567175,31510146,749045025,0.361,0,429610047,15000000,0,48.0,37351597.0,4784422.0,0
REQ-2026-02770,IT,Manager,19,29,0.21,0,1,0,Dell,Latitude 7450,Core i7,Integrated,16,512,2,0.85,0.85,1,2,1,22690737,20942134,22690737,0.246,0,142759509,43200000,1,42.0,28583397.0,5892660.0,1
REQ-2026-02771,Sales,Senior,29,27,3.39,1,0,1,Lenovo,IdeaPad Slim 3,Core i3,Integrated,8,256,1,0.45,0.65,1,2,13,8396935,7563996,109160155,0.323,1,589007634,18000000,1,20.4,16415857.0,8018922.0,1
REQ-2026-02772,Medical Staff,Director,60,16,0.14,0,1,0,Apple,MacBook Air 13,M3,Apple GPU,16,256,2,0.95,1.0,3,0,2,20990242,21352682,41980484,0.148,1,155486569,41800000,1,53.7,25408790.0,4418548.0,1
REQ-2026-02773,Design,Staff,32,51,0.52,1,0,0,Asus,ROG Zephyrus,Core i9,RTX 4070,48,1024,4,0.55,0.3,1,2,2,32978707,37613667,65957414,0.079,1,38083600,22500000,1,30.9,37314895.0,4336188.0,1
REQ-2026-02774,Medical Staff,Senior,22,19,1.12,0,1,1,Asus,Vivobook 14,Core i5,Integrated,16,1024,1,0.5,0.7,2,7,8,15539655,15179283,124317240,0.277,0,91501019,22000000,1,37.0,29511344.0,13971689.0,1
REQ-2026-02775,Finance,Senior,55,34,0.84,1,1,1,Apple,MacBook Air 13,M3,Apple GPU,8,256,2,0.95,1.0,1,1,20,18018672,19174674,360373440,0.376,1,1044783888,20000000,1,43.1,24502808.0,6484136.0,1
REQ-2026-02776,Finance,Staff,74,8,1.56,0,1,0,Lenovo,ThinkPad T14,Core i5,Integrated,16,1024,2,0.92,0.75,1,0,22,19139332,19521851,421065304,0.419,0,844805415,15000000,1,44.7,20790756.0,1651424.0,0
REQ-2026-02777,HR,Staff,26,14,0.47,1,1,0,Lenovo,ThinkPad T14,Core i5,Integrated,24,512,2,0.92,0.75,1,0,15,16562605,19148338,248439075,0.279,1,847451816,11250000,1,44.3,18161037.0,1598432.0,1
REQ-2026-02778,HR,Staff,19,34,0.66,1,0,0,Dell,Latitude 7450,Core i7,Integrated,16,1024,2,0.85,0.85,1,1,20,25455439,22786609,509108780,0.225,1,595957021,11250000,1,29.5,29413567.0,3958128.0,0
REQ-2026-02779,Sales,Staff,63,48,4.85,0,1,0,Asus,Vivobook 14,Core i5,Integrated,8,1024,1,0.5,0.7,1,1,15,13404464,12440911,201066960,0.676,1,232571950,13500000,1,24.4,18559635.0,5155171.0,1
REQ-2026-02780,Design,Staff,15,11,0.82,1,0,0,HP,ZBook Firefly,Core i7,RTX A500,32,1024,3,0.8,0.6,1,0,17,31017762,28588349,527301954,0.345,1,1562715763,22500000,1,36.4,32040162.0,1022400.0,1
REQ-2026-02781,Medical Staff,Senior,122,49,0.39,1,1,0,Lenovo,ThinkPad T14,Core i5,Integrated,16,1024,2,0.92,0.75,1,0,19,20945089,20132350,397956691,0.284,0,2539647364,22000000,1,61.0,21970141.0,1025052.0,1
REQ-2026-02782,Sales,Staff,14,16,5.98,0,1,0,Asus,Vivobook 14,Core i5,Integrated,16,512,1,0.5,0.7,1,3,11,12728552,12131820,140014072,0.567,0,415940428,13500000,1,33.1,19490859.0,6762307.0,1
REQ-2026-02783,Design,Director,13,71,0.35,1,0,1,Apple,MacBook Air 13,M3,Apple GPU,16,256,2,0.95,1.0,1,0,9,20710934,19344100,186398406,0.546,1,840049813,57000000,0,43.0,25487207.0,4776273.0,1
REQ-2026-02784,Medical Staff,Staff,3,49,0.04,1,1,0,Asus,Vivobook 14,Core i5,Integrated,8,1536,1,0.5,0.7,1,1,21,15472887,13010584,324930627,0.287,0,465082938,16500000,0,36.2,18416521.0,2943634.0,1
REQ-2026-02785,Design,Manager,39,42,1.35,0,0,0,Asus,ExpertBook B9,Core i7,Iris Xe,16,1536,2,0.8,0.95,1,1,3,24599574,25934156,73798722,0.142,0,315110877,40500000,0,67.1,28822761.0,4223187.0,1
REQ-2026-02786,IT,Senior,52,46,0.85,0,0,0,Dell,Precision 5690,Core i9,RTX 3500,48,2560,4,0.85,0.35,2,3,18,49840558,47776751,897130044,0.268,1,1075598985,32000000,0,53.9,56047655.0,6207097.0,1
REQ-2026-02787,Sales,Staff,45,27,4.96,1,1,0,Apple,MacBook Pro 14,M3 Pro,Apple GPU,18,512,4,0.95,0.85,2,0,13,31661721,32887703,411602373,0.039,1,276549438,13500000,0,53.3,36012321.0,4350600.0,0
REQ-2026-02788,Finance,Director,12,45,2.19,0,1,1,Asus,ExpertBook B9,Core i7,Iris Xe,24,1024,2,0.8,0.95,3,1,16,32014980,27753933,512239680,0.71,0,536947869,38000000,1,60.8,36845033.0,4830053.0,1
REQ-2026-02789,IT,Manager,58,48,0.33,1,0,1,Dell,Precision 5690,Core i9,RTX 3500,40,2560,4,0.85,0.35,1,0,19,52322160,45435914,994121040,0.038,1,1799136748,43200000,1,29.2,55400140.0,3077980.0,1
REQ-2026-02790,Medical Staff,Staff,27,42,1.17,2,0,0,HP,OmniBook 5,Ryzen 7,Radeon,32,512,2,0.65,0.8,1,1,25,20079139,20597934,501978475,0.199,1,1257307823,16500000,1,27.9,23910181.0,3831042.0,1
REQ-2026-02791,Sales,Senior,18,3,3.99,0,1,0,Dell,Inspiron 15,Core i5,Integrated,8,512,1,0.5,0.6,2,0,3,10024408,10641148,30073224,0.37,0,30540577,18000000,1,45.5,11578729.0,1554321.0,1
REQ-2026-02792,Sales,Senior,30,25,4.64,2,0,1,Asus,ExpertBook B9,Core i7,Iris Xe,16,1024,2,0.8,0.95,2,0,6,24803223,26033528,148819338,0.142,1,388202666,18000000,1,46.2,26693779.0,1890556.0,1
REQ-2026-02793,Finance,Senior,31,22,0.33,0,1,0,Apple,MacBook Air 13,M3,Apple GPU,8,768,2,0.95,1.0,2,0,7,23903423,20212087,167323961,0.377,1,150968267,20000000,1,55.6,28424452.0,4521029.0,1
REQ-2026-02794,Design,Staff,59,28,0.44,0,0,0,HP,ProBook 445,Ryzen 5,Radeon,8,512,1,0.6,0.7,2,1,18,11780084,13806718,212041512,0.397,1,315324702,22500000,0,41.9,14731730.0,2951646.0,1
REQ-2026-02795,HR,Senior,26,43,0.44,0,1,1,Dell,Inspiron 15,Core i5,Integrated,16,1024,1,0.5,0.6,2,0,16,16973817,13380678,271581072,0.403,0,192858297,15000000,1,42.3,18525425.0,1551608.0,1
REQ-2026-02796,Medical Staff,Staff,47,31,1.16,0,1,0,Lenovo,ThinkPad X1,Core i7,Iris Xe,16,1024,3,0.9,0.95,2,1,23,34817342,29346855,800798866,0.581,1,626959588,16500000,1,48.6,37317653.0,2500311.0,0
REQ-2026-02797,Finance,Staff,68,33,1.05,0,0,0,Apple,MacBook Air 13,M3,Apple GPU,8,256,2,0.95,1.0,3,2,24,20666104,19728351,495986496,0.481,0,484275013,15000000,1,60.5,29597372.0,8931268.0,1
REQ-2026-02798,Sales,Manager,34,43,0.22,1,1,0,HP,ProBook 445,Ryzen 5,Radeon,8,1024,1,0.6,0.7,1,4,3,14351081,13826586,43053243,0.411,1,86432497,24300000,0,39.2,23715510.0,9364429.0,1
REQ-2026-02799,HR,Staff,19,48,0.82,0,0,0,Asus,ExpertBook B9,Core i7,Iris Xe,16,1024,2,0.8,0.95,1,0,8,23774680,23307711,190197440,0.099,1,70549556,11250000,1,49.9,25429925.0,1655245.0,0
REQ-2026-02800,HR,Staff,17,52,0.38,0,0,0,Apple,MacBook Pro 14,M3 Pro,Apple GPU,18,512,4,0.95,0.85,2,3,1,37667889,34400501,37667889,0.351,1,13826088,11250000,1,65.8,45735155.0,8067266.0,0
REQ-2026-02801,Sales,Staff,58,31,1.77,0,1,0,Dell,Latitude 7450,Core i7,Integrated,16,1024,2,0.85,0.85,2,0,13,25694999,23640343,334034987,0.232,0,367846575,13500000,1,50.1,27146431.0,1451432.0,0
REQ-2026-02802,IT,Staff,45,30,0.3,0,1,0,Lenovo,ThinkPad T14,Core i5,Integrated,16,1536,2,0.92,0.75,1,0,19,21375605,22197106,406136495,0.181,1,403867381,24000000,1,47.9,22803481.0,1427876.0,1
REQ-2026-02803,IT,Senior,49,9,0.46,0,1,0,HP,OmniBook 5,Ryzen 7,Radeon,16,1024,2,0.65,0.8,2,2,23,24751687,20629033,569288801,0.248,0,2841925496,32000000,0,42.3,29336218.0,4584531.0,1
REQ-2026-02804,Medical Staff,Senior,50,47,0.73,1,1,0,Lenovo,ThinkPad X1,Core i7,Iris Xe,16,1536,3,0.9,0.95,2,0,3,26570598,31894407,79711794,0.615,1,100135416,22000000,1,72.0,27955217.0,1384619.0,1
REQ-2026-02805,Medical Staff,Staff,36,21,1.85,1,1,0,HP,OmniBook 5,Ryzen 7,Radeon,32,1024,2,0.65,0.8,2,4,13,28158007,24124241,366054091,0.192,1,453122021,16500000,1,49.9,33355317.0,5197310.0,0
REQ-2026-02806,Medical Staff,Staff,34,38,0.33,0,0,1,Apple,MacBook Air 13,M3,Apple GPU,16,256,2,0.95,1.0,3,0,5,22488575,22439249,112442875,0.478,1,144019782,16500000,1,56.9,26565068.0,4076493.0,1
REQ-2026-02807,Medical Staff,Senior,22,20,1.82,0,1,1,Apple,MacBook Pro 14,M3 Pro,Apple GPU,18,512,4,0.95,0.85,1,1,12,36310569,30545838,435726828,0.33,1,252166964,22000000,1,48.3,41493225.0,5182656.0,0
REQ-2026-02808,Finance,Senior,20,39,0.15,0,1,0,Lenovo,ThinkPad P16,Core i9,RTX A2000,40,1024,4,0.9,0.25,2,2,15,32728109,38701727,490921635,0.208,1,575246083,20000000,0,66.5,38491141.0,5763032.0,1
REQ-2026-02809,Finance,Staff,40,12,0.97,0,1,1,Apple,MacBook Air 13,M3,Apple GPU,8,1280,2,0.95,1.0,3,1,1,25205365,24681459,25205365,0.372,1,42620676,15000000,0,46.8,31353621.0,6148256.0,1
REQ-2026-02810,Finance,Staff,48,31,0.26,0,1,0,Lenovo,IdeaPad Slim 3,Core i3,Integrated,16,256,1,0.45,0.65,1,0,13,9279365,9579633,120631745,0.055,1,165703426,15000000,1,40.9,10433583.0,1154218.0,1
REQ-2026-02811,Finance,Staff,24,27,0.55,0,1,0,Dell,Precision 5690,Core i9,RTX 3500,32,2048,4,0.85,0.35,3,2,4,41461535,43331938,165846140,0.593,1,115671066,15000000,0,45.1,46293806.0,4832271.0,0
REQ-2026-02812,HR,Senior,55,44,0.24,0,1,0,Dell,Latitude 7450,Core i7,Integrated,16,1024,2,0.85,0.85,3,0,16,29137003,25669774,466192048,0.458,1,158368126,15000000,1,55.9,30775872.0,1638869.0,0
REQ-2026-02813,IT,Manager,20,47,0.75,1,1,0,HP,ZBook Firefly,Core i7,RTX A500,40,1024,3,0.8,0.6,2,1,16,34158044,31839020,546528704,0.599,0,1040442973,43200000,1,63.3,38239708.0,4081664.0,1
REQ-2026-02814,IT,Manager,29,37,0.37,1,0,0,Lenovo,IdeaPad Slim 3,Core i3,Integrated,16,768,1,0.45,0.65,1,2,8,13242941,11407877,105943528,0.232,1,421847957,43200000,0,28.8,18954685.0,5711744.0,1
REQ-2026-02815,Medical Staff,Staff,66,27,0.65,1,1,0,Lenovo,IdeaPad Slim 3,Core i3,Integrated,16,256,1,0.45,0.65,1,2,17,9933742,9834291,168873614,0.131,1,782972859,16500000,1,29.7,15074197.0,5140455.0,1
REQ-2026-02816,Design,Senior,29,53,0.38,0,0,0,Dell,Inspiron 15,Core i5,Integrated,24,512,1,0.5,0.6,2,1,4,16027274,13759779,64109096,0.25,0,361351562,30000000,1,32.9,19025127.0,2997853.0,1
REQ-2026-02817,IT,Staff,29,27,0.8,1,0,0,Lenovo,ThinkPad X1,Core i7,Iris Xe,24,1024,3,0.9,0.95,3,0,10,36281079,30268891,362810790,0.1,1,847706509,24000000,1,57.2,37639058.0,1357979.0,0
REQ-2026-02818,Medical Staff,Staff,20,9,0.51,0,0,1,Lenovo,ThinkPad T14,Core i5,Integrated,16,1024,2,0.92,0.75,1,1,7,23164710,18889377,162152970,0.263,0,349847697,16500000,1,46.9,25639724.0,2475014.0,1
REQ-2026-02819,Design,Manager,44,43,0.81,3,0,0,Lenovo,ThinkPad X1,Core i7,Iris Xe,16,1024,3,0.9,0.95,2,0,11,27110760,28525370,298218360,0.515,0,1997352689,40500000,1,62.2,29120702.0,2009942.0,1
REQ-2026-02820,Sales,Staff,54,32,6.51,0,0,0,Asus,Vivobook 14,Core i5,Integrated,16,1024,1,0.5,0.7,2,2,3,15253622,14726595,45760866,0.347,1,88572060,13500000,1,41.5,19482865.0,4229243.0,1
REQ-2026-02821,IT,Staff,59,61,0.48,0,1,0,Lenovo,ThinkPad X1,Core i7,Iris Xe,32,1536,3,0.9,0.95,3,1,16,33061207,33984741,528979312,0.257,1,981601490,24000000,1,40.0,35749200.0,2687993.0,1
REQ-2026-02822,Finance,Senior,16,19,1.46,0,1,1,Asus,ExpertBook B9,Core i7,Iris Xe,24,1024,2,0.8,0.95,1,0,8,23928557,25300023,191428456,0.399,1,253750949,20000000,1,49.7,25338039.0,1409482.0,1
REQ-2026-02823,Sales,Staff,34,50,2.12,1,1,0,Asus,ExpertBook B9,Core i7,Iris Xe,16,1024,2,0.8,0.95,3,0,8,28447255,25525501,227578040,0.418,0,335052016,13500000,1,33.5,30206868.0,1759613.0,0
REQ-2026-02824,Sales,Staff,22,18,11.43,0,0,0,Dell,Precision 5690,Core i9,RTX 3500,32,3072,4,0.85,0.35,1,3,21,47991425,44351286,1007819925,0.061,1,1095055586,13500000,1,40.7,54319475.0,6328050.0,0
REQ-2026-02825,HR,Staff,45,29,0.91,2,0,1,Asus,ExpertBook B9,Core i7,Iris Xe,24,1024,2,0.8,0.95,2,0,3,25521595,25814614,76564785,0.294,0,238861806,11250000,1,40.8,27361429.0,1839834.0,0
REQ-2026-02826,Medical Staff,Manager,50,70,2.62,0,0,0,HP,OmniBook 5,Ryzen 7,Radeon,24,512,2,0.65,0.8,2,2,1,20142743,19180308,20142743,0.525,1,90056684,29700000,1,47.9,25748999.0,5606256.0,1
REQ-2026-02827,Finance,Manager,32,32,0.68,0,1,0,Dell,Latitude 7450,Core i7,Integrated,24,512,2,0.85,0.85,1,2,13,22829702,22840357,296786126,0.341,1,754390875,27000000,1,51.3,28655703.0,5826001.0,0
REQ-2026-02828,Design,Senior,44,60,0.2,0,0,0,Dell,Precision 5690,Core i9,RTX 3500,48,2560,4,0.85,0.35,1,0,6,46327888,45989450,277967328,0.704,1,503534680,30000000,1,41.6,47947941.0,1620053.0,1
REQ-2026-02829,IT,Senior,31,47,1.14,0,0,1,Lenovo,IdeaPad Slim 3,Core i3,Integrated,24,256,1,0.45,0.65,3,7,2,16389909,14031625,32779818,0.401,1,48928784,32000000,0,45.8,31799578.0,15409669.0,1
REQ-2026-02830,Finance,Staff,22,52,1.37,1,1,1,Asus,Vivobook 14,Core i5,Integrated,8,512,1,0.5,0.7,1,1,13,11122171,10129247,144588223,0.09,1,200769377,15000000,1,28.5,15070601.0,3948430.0,1
REQ-2026-02831,Medical Staff,Manager,74,43,0.43,0,0,0,Apple,MacBook Pro 14,M3 Pro,Apple GPU,26,512,4,0.95,0.85,2,0,6,33402828,35261662,200416968,0.286,0,565946232,29700000,1,72.8,37509487.0,4106659.0,1
REQ-2026-02832,HR,Manager,35,28,0.29,1,0,1,Dell,Inspiron 15,Core i5,Integrated,8,1024,1,0.5,0.6,1,4,4,11548095,11560402,46192380,0.179,1,241660172,20250000,1,38.0,24776848.0,13228753.0,1
REQ-2026-02833,HR,Manager,18,55,0.33,0,0,0,HP,ProBook 445,Ryzen 5,Radeon,8,512,1,0.6,0.7,1,0,18,11795975,11721071,212327550,0.153,1,689824902,20250000,1,38.5,13197469.0,1401494.0,1
REQ-2026-02834,Sales,Senior,83,49,3.54,0,1,0,Asus,ExpertBook B9,Core i7,Iris Xe,16,1536,2,0.8,0.95,2,2,4,30272059,27266060,121088236,0.177,1,56615786,18000000,1,32.1,36241885.0,5969826.0,1
REQ-2026-02835,Medical Staff,Senior,34,31,0.51,1,0,0,Asus,ROG Zephyrus,Core i9,RTX 4070,40,1024,4,0.55,0.3,1,2,9,37046644,36959803,333419796,0.464,1,823076124,22000000,0,37.2,42459538.0,5412894.0,1
REQ-2026-02836,Sales,Senior,23,38,5.06,0,1,1,Lenovo,ThinkPad T14,Core i5,Integrated,24,512,2,0.92,0.75,3,1,16,24770253,21708321,396324048,0.135,0,462639256,18000000,1,37.4,28587237.0,3816984.0,1
REQ-2026-02837,Medical Staff,Staff,52,34,0.28,0,0,0,Asus,Vivobook 14,Core i5,Integrated,8,1024,1,0.5,0.7,1,2,8,12784056,12410353,102272448,0.227,0,366265089,16500000,0,32.8,17363324.0,4579268.0,1
REQ-2026-02838,Design,Staff,40,45,0.41,0,0,0,Dell,Inspiron 15,Core i5,Integrated,24,1536,1,0.5,0.6,2,0,8,18683600,16791864,149468800,0.374,0,388532709,22500000,0,45.0,19781249.0,1097649.0,1
REQ-2026-02839,Sales,Staff,19,35,2.46,1,1,1,Lenovo,ThinkPad P16,Core i9,RTX A2000,32,1024,4,0.9,0.25,3,0,6,40407321,39683831,242443926,0.518,1,181999932,13500000,1,49.1,41918262.0,1510941.0,0
REQ-2026-02840,Medical Staff,Staff,14,38,1.27,0,1,0,Lenovo,ThinkPad T14,Core i5,Integrated,32,512,2,0.92,0.75,2,0,25,24435921,22069470,610898025,0.13,1,1556552682,16500000,1,52.0,26122304.0,1686383.0,1
REQ-2026-02841,Sales,Senior,20,43,1.73,0,1,0,Apple,MacBook Air 13,M3,Apple GPU,8,256,2,0.95,1.0,1,2,1,19683132,17949308,19683132,0.32,1,141402744,18000000,1,33.9,27593359.0,7910227.0,0
REQ-2026-02842,Design,Senior,31,39,0.92,0,0,0,Dell,Inspiron 15,Core i5,Integrated,16,512,1,0.5,0.6,2,0,16,12221692,12421053,195547072,0.148,1,817047223,30000000,0,38.1,13642852.0,1421160.0,1
REQ-2026-02843,Medical Staff,Manager,14,36,0.73,0,0,0,Lenovo,ThinkPad P16,Core i9,RTX A2000,40,2048,4,0.9,0.25,3,0,14,49129095,44641840,687807330,0.183,1,449064244,29700000,1,99.8,50579408.0,1450313.0,0
REQ-2026-02844,Finance,Senior,41,13,0.69,0,1,0,Lenovo,ThinkPad X1,Core i7,Iris Xe,16,1024,3,0.9,0.95,3,0,1,31421387,29519688,31421387,0.268,1,43440259,20000000,1,88.0,32500407.0,1079020.0,1
REQ-2026-02845,Medical Staff,Manager,70,16,0.41,0,1,0,HP,ZBook Firefly,Core i7,RTX A500,40,1024,3,0.8,0.6,2,3,9,36214088,32332188,325926792,0.438,1,283724637,29700000,1,48.8,43569897.0,7355809.0,1
REQ-2026-02846,Finance,Senior,70,27,0.07,1,1,0,HP,ProBook 445,Ryzen 5,Radeon,8,1024,1,0.6,0.7,1,0,15,14030771,13163865,210461565,0.692,0,1728601960,20000000,1,44.4,15590225.0,1559454.0,1
REQ-2026-02847,Design,Staff,54,41,0.25,0,0,0,Apple,MacBook Air 13,M3,Apple GPU,16,256,2,0.95,1.0,1,5,1,24479158,20172316,24479158,0.39,0,52535230,22500000,0,46.9,34767239.0,10288081.0,1
REQ-2026-02848,Finance,Director,8,50,0.48,0,1,0,Apple,MacBook Pro 14,M3 Pro,Apple GPU,18,512,4,0.95,0.85,1,1,14,33471128,28741572,468595792,0.541,0,869696362,38000000,0,47.6,40601212.0,7130084.0,1
REQ-2026-02849,HR,Manager,68,32,0.17,1,1,1,Apple,MacBook Air 13,M3,Apple GPU,16,256,2,0.95,1.0,2,1,16,20038456,21169826,320615296,0.595,0,539490274,20250000,1,66.1,25921767.0,5883311.0,1
REQ-2026-02850,Finance,Manager,33,14,0.36,0,0,0,Asus,ROG Zephyrus,Core i9,RTX 4070,32,1024,4,0.55,0.3,2,1,8,40994409,36374955,327955272,0.136,0,121945941,27000000,0,45.5,44635985.0,3641576.0,0
REQ-2026-02851,Medical Staff,Staff,18,62,2.12,0,0,0,Lenovo,ThinkPad P16,Core i9,RTX A2000,32,1024,4,0.9,0.25,2,1,2,41992806,38185089,83985612,0.42,0,16024594,16500000,0,59.0,44744552.0,2751746.0,0
REQ-2026-02852,IT,Senior,17,38,0.73,1,1,0,HP,OmniBook 5,Ryzen 7,Radeon,16,512,2,0.65,0.8,1,0,17,17070656,17195679,290201152,0.193,1,1686841993,32000000,1,31.9,19407611.0,2336955.0,1
REQ-2026-02853,IT,Staff,49,44,0.08,0,1,1,Asus,ROG Zephyrus,Core i9,RTX 4070,40,1024,4,0.55,0.3,1,2,14,35839198,35489522,501748772,0.213,0,545790810,24000000,1,36.9,39450713.0,3611515.0,1
REQ-2026-02854,HR,Staff,24,24,0.55,1,1,0,Lenovo,ThinkPad X1,Core i7,Iris Xe,16,2048,3,0.9,0.95,1,0,22,36891070,31799778,811603540,0.636,1,352799104,11250000,1,53.9,38734947.0,1843877.0,0
REQ-2026-02855,IT,Senior,16,33,0.77,3,0,0,Asus,Vivobook 14,Core i5,Integrated,8,1024,1,0.5,0.7,1,1,24,11693864,12018925,280652736,0.125,0,733359968,32000000,0,32.3,14937386.0,3243522.0,1
REQ-2026-02856,Finance,Senior,21,42,1.15,0,1,0,Apple,MacBook Pro 14,M3 Pro,Apple GPU,18,1024,4,0.95,0.85,2,2,18,34169485,34391233,615050730,0.253,1,1178622174,20000000,0,43.3,43148998.0,8979513.0,1
REQ-2026-02857,Sales,Staff,30,24,1.14,0,1,0,Asus,ROG Zephyrus,Core i9,RTX 4070,32,1024,4,0.55,0.3,2,0,11,41046652,33989266,451513172,0.376,1,269830949,13500000,0,31.0,42972372.0,1925720.0,0
REQ-2026-02858,IT,Staff,53,10,0.92,1,0,0,Asus,Vivobook 14,Core i5,Integrated,8,512,1,0.5,0.7,2,4,16,12243970,11516668,195903520,0.155,1,1212947954,24000000,0,30.3,19565552.0,7321582.0,1
REQ-2026-02859,Medical Staff,Staff,34,20,1.67,0,1,0,Asus,Vivobook 14,Core i5,Integrated,8,512,1,0.5,0.7,1,3,3,11413030,9840618,34239090,0.462,1,71078817,16500000,1,21.6,20167205.0,8754175.0,1
REQ-2026-02860,HR,Staff,32,26,0.65,1,0,1,Asus,Vivobook 14,Core i5,Integrated,16,512,1,0.5,0.7,2,0,2,14834884,14220707,29669768,0.137,0,38905085,11250000,1,36.0,16334129.0,1499245.0,1
REQ-2026-02861,HR,Staff,44,28,0.16,0,1,0,HP,OmniBook 5,Ryzen 7,Radeon,16,512,2,0.65,0.8,1,0,7,16677463,16396050,116742241,0.421,0,243586478,11250000,1,46.7,18076564.0,1399101.0,0
REQ-2026-02862,Medical Staff,Senior,63,25,1.34,2,1,0,Lenovo,ThinkPad X1,Core i7,Iris Xe,24,1536,3,0.9,0.95,1,0,13,34404327,30731931,447256251,0.334,1,315526156,22000000,1,43.8,35920305.0,1515978.0,0
REQ-2026-02863,IT,Staff,52,1,0.27,1,0,0,Apple,MacBook Pro 14,M3 Pro,Apple GPU,18,512,4,0.95,0.85,2,0,24,35556701,32704357,853360824,0.136,1,388474043,24000000,1,46.8,39960715.0,4404014.0,0
REQ-2026-02864,IT,Manager,26,24,0.05,2,0,0,Lenovo,ThinkPad P16,Core i9,RTX A2000,40,1024,4,0.9,0.25,1,0,24,34334372,38301136,824024928,0.113,1,623699465,43200000,0,39.0,35999110.0,1664738.0,1
REQ-2026-02865,Design,Staff,18,60,0.23,1,0,0,HP,OmniBook 5,Ryzen 7,Radeon,16,1024,2,0.65,0.8,3,1,12,22465946,21464764,269591352,0.322,0,432271071,22500000,1,23.2,26017215.0,3551269.0,1
REQ-2026-02866,Design,Director,43,24,0.12,1,0,0,HP,ProBook 445,Ryzen 5,Radeon,16,1024,1,0.6,0.7,1,0,24,16582401,15522171,397977624,0.415,0,4919290311,57000000,1,35.0,18319049.0,1736648.0,1
REQ-2026-02867,HR,Staff,29,41,0.18,0,1,0,HP,ProBook 445,Ryzen 5,Radeon,16,1024,1,0.6,0.7,3,1,6,19162236,17819263,114973416,0.06,1,505378557,11250000,1,46.8,21654675.0,2492439.0,1
REQ-2026-02868,Design,Senior,12,27,0.41,0,1,0,Dell,Latitude 7450,Core i7,Integrated,24,512,2,0.85,0.85,1,1,6,23169518,24362107,139017108,0.114,1,315441881,30000000,1,31.2,26654874.0,3485356.0,1
REQ-2026-02869,Sales,Staff,18,43,6.3,2,0,0,Lenovo,ThinkPad P16,Core i9,RTX A2000,40,1024,4,0.9,0.25,1,2,9,42664307,37897149,383978763,0.3,0,143568865,13500000,0,29.5,48365072.0,5700765.0,0
REQ-2026-02870,IT,Staff,32,47,0.44,0,0,0,HP,ZBook Firefly,Core i7,RTX A500,48,1024,3,0.8,0.6,3,3,5,31564879,36738225,157824395,0.592,0,198732935,24000000,1,57.9,35950268.0,4385389.0,1
REQ-2026-02871,Finance,Staff,6,50,1.66,1,1,0,Dell,Inspiron 15,Core i5,Integrated,8,512,1,0.5,0.6,3,2,13,11782723,12181037,153175399,0.28,1,206495248,15000000,1,49.5,15339290.0,3556567.0,1
REQ-2026-02872,IT,Manager,19,43,0.67,1,0,0,Dell,Inspiron 15,Core i5,Integrated,16,512,1,0.5,0.6,2,0,11,13321823,12394135,146540053,0.233,1,1333693358,43200000,0,37.7,14941588.0,1619765.0,1
REQ-2026-02873,Finance,Staff,48,15,0.44,1,1,0,HP,ProBook 445,Ryzen 5,Radeon,8,512,1,0.6,0.7,2,1,19,12363371,12714162,234904049,0.101,0,479026456,15000000,1,44.6,15331601.0,2968230.0,1
REQ-2026-02874,HR,Staff,164,23,0.77,0,1,0,HP,ProBook 445,Ryzen 5,Radeon,8,512,1,0.6,0.7,2,2,23,13814904,12678689,317742792,0.33,0,280492360,11250000,1,48.6,17870268.0,4055364.0,1
REQ-2026-02875,Finance,Staff,3,15,1.14,0,0,0,Dell,Inspiron 15,Core i5,Integrated,16,512,1,0.5,0.6,2,1,13,12065097,12379609,156846261,0.577,0,292560474,15000000,1,32.6,15331265.0,3266168.0,1
REQ-2026-02876,HR,Senior,37,22,0.84,0,0,1,HP,ProBook 445,Ryzen 5,Radeon,8,512,1,0.6,0.7,1,0,14,12416814,11663056,173835396,0.357,1,424465833,15000000,1,45.5,14229206.0,1812392.0,1
REQ-2026-02877,Design,Director,92,44,0.37,0,0,0,Apple,MacBook Air 13,M3,Apple GPU,8,256,2,0.95,1.0,1,1,3,21867655,18573162,65602965,0.084,1,116159834,57000000,0,42.2,27539246.0,5671591.0,1
REQ-2026-02878,Finance,Staff,41,61,0.75,0,1,0,Asus,ExpertBook B9,Core i7,Iris Xe,16,1024,2,0.8,0.95,1,0,25,24531750,22702075,613293750,0.191,1,810491200,15000000,1,58.2,25753742.0,1221992.0,1
REQ-2026-02879,Design,Senior,76,51,0.13,0,0,0,Lenovo,ThinkPad X1,Core i7,Iris Xe,32,1536,3,0.9,0.95,2,1,17,34495757,34537175,586427869,0.088,1,225778726,30000000,1,57.3,38267333.0,3771576.0,0
REQ-2026-02880,IT,Senior,52,35,0.62,0,0,0,Asus,ExpertBook B9,Core i7,Iris Xe,16,1024,2,0.8,0.95,3,1,23,26562314,26833227,610933222,0.669,1,2243776790,32000000,0,43.3,29923405.0,3361091.0,1
REQ-2026-02881,IT,Staff,60,41,0.52,0,0,0,Asus,ExpertBook B9,Core i7,Iris Xe,16,1024,2,0.8,0.95,1,1,9,25995229,24717773,233957061,0.529,1,332552861,24000000,1,49.8,28859481.0,2864252.0,1
REQ-2026-02882,Sales,Senior,48,39,2.18,0,0,1,HP,ZBook Firefly,Core i7,RTX A500,32,1024,3,0.8,0.6,1,0,23,36576099,29646986,841250277,0.478,0,726677595,18000000,0,49.8,38341752.0,1765653.0,0
REQ-2026-02883,IT,Staff,37,39,0.82,1,0,0,Lenovo,ThinkPad P16,Core i9,RTX A2000,40,1536,4,0.9,0.25,1,0,19,45404589,39976846,862687191,0.149,0,740262786,24000000,1,55.3,46715061.0,1310472.0,0
REQ-2026-02884,Sales,Staff,107,15,8.07,0,0,0,Lenovo,IdeaPad Slim 3,Core i3,Integrated,8,256,1,0.45,0.65,1,3,3,9617872,7902340,28853616,0.1,1,135809701,13500000,1,14.5,18248756.0,8630884.0,0
REQ-2026-02885,Finance,Staff,59,58,0.61,0,0,1,Lenovo,IdeaPad Slim 3,Core i3,Integrated,8,768,1,0.45,0.65,2,2,9,12238459,10823344,110146131,0.414,1,171300484,15000000,1,37.6,17069388.0,4830929.0,1
REQ-2026-02886,HR,Staff,10,33,0.31,0,0,0,HP,ProBook 445,Ryzen 5,Radeon,16,1024,1,0.6,0.7,2,2,5,20634407,17297150,103172035,0.423,0,68168609,11250000,1,30.1,25040444.0,4406037.0,0
REQ-2026-02887,HR,Staff,92,41,0.8,2,1,0,Apple,MacBook Air 13,M3,Apple GPU,8,256,2,0.95,1.0,1,1,4,15530416,18003438,62121664,0.027,1,166461586,11250000,0,26.1,23186551.0,7656135.0,1
REQ-2026-02888,IT,Staff,85,54,0.29,3,0,0,Dell,Inspiron 15,Core i5,Integrated,24,1024,1,0.5,0.6,3,0,1,17111132,16706999,17111132,0.22,1,240676037,24000000,0,31.5,18986233.0,1875101.0,1
REQ-2026-02889,Sales,Director,41,48,4.39,2,0,1,Lenovo,ThinkPad X1,Core i7,Iris Xe,16,1536,3,0.9,0.95,2,1,2,30981976,29585239,61963952,0.756,1,154712383,34200000,0,36.4,34924823.0,3942847.0,1
REQ-2026-02890,Design,Manager,105,31,0.24,1,0,0,Lenovo,ThinkPad T14,Core i5,Integrated,16,512,2,0.92,0.75,1,0,3,19955722,18496390,59867166,0.01,1,358100616,40500000,1,45.0,21559853.0,1604131.0,1
REQ-2026-02891,Finance,Senior,96,25,1.05,0,1,0,Dell,Latitude 7450,Core i7,Integrated,16,512,2,0.85,0.85,2,1,15,25106317,20996802,376594755,0.137,0,150733792,20000000,1,46.8,28340939.0,3234622.0,0
REQ-2026-02892,IT,Staff,125,6,1.76,1,0,0,Asus,ExpertBook B9,Core i7,Iris Xe,32,1024,2,0.8,0.95,1,0,15,34804385,27078990,522065775,0.134,1,237331315,24000000,0,44.7,36106550.0,1302165.0,0
REQ-2026-02893,Finance,Senior,9,34,2.11,1,1,0,HP,OmniBook 5,Ryzen 7,Radeon,16,512,2,0.65,0.8,1,1,25,17792105,18237207,444802625,0.178,0,1595399702,20000000,1,23.3,22942752.0,5150647.0,1
REQ-2026-02894,Sales,Staff,48,34,7.36,0,1,0,Lenovo,IdeaPad Slim 3,Core i3,Integrated,16,256,1,0.45,0.65,1,3,4,11069461,9877206,44277844,0.551,1,55709017,13500000,1,24.5,17664169.0,6594708.0,1
REQ-2026-02895,Medical Staff,Staff,7,21,1.7,0,1,0,Asus,Vivobook 14,Core i5,Integrated,8,1536,1,0.5,0.7,1,1,16,17314061,13742362,277024976,0.183,0,276932575,16500000,1,41.7,19922326.0,2608265.0,1
REQ-2026-02896,Design,Staff,46,39,1.07,1,1,0,HP,ProBook 445,Ryzen 5,Radeon,8,512,1,0.6,0.7,1,1,6,14480514,11126634,86883084,0.601,0,602616914,22500000,0,23.9,19750665.0,5270151.0,0
REQ-2026-02897,IT,Director,102,25,0.26,1,0,0,Lenovo,ThinkPad T14,Core i5,Integrated,24,512,2,0.92,0.75,1,0,17,21622713,19334660,367586121,0.147,1,3409912496,60800000,1,45.6,23116595.0,1493882.0,1
REQ-2026-02898,HR,Staff,57,22,0.75,0,0,0,Asus,Vivobook 14,Core i5,Integrated,8,1024,1,0.5,0.7,1,2,9,12819408,11782583,115374672,0.214,0,165747222,11250000,1,28.1,18876282.0,6056874.0,1
REQ-2026-02899,IT,Senior,50,61,1.33,0,1,0,HP,ProBook 445,Ryzen 5,Radeon,8,512,1,0.6,0.7,3,0,11,13758037,14228456,151338407,0.153,1,952209201,32000000,0,49.5,15150848.0,1392811.0,1
REQ-2026-02900,IT,Senior,17,20,1.04,0,1,0,Asus,Vivobook 14,Core i5,Integrated,8,512,1,0.5,0.7,1,3,14,11375006,10317383,159250084,0.448,0,538206557,32000000,0,21.1,22265891.0,10890885.0,1
REQ-2026-02901,Medical Staff,Staff,15,34,0.81,0,0,0,Dell,Precision 5690,Core i9,RTX 3500,48,2048,4,0.85,0.35,2,1,1,53630488,44621056,53630488,0.358,1,23577837,16500000,0,45.8,55865419.0,2234931.0,0
REQ-2026-02902,Design,Staff,25,46,0.3,0,0,0,Asus,Vivobook 14,Core i5,Integrated,8,1024,1,0.5,0.7,2,1,25,12161727,13493814,304043175,0.224,1,2219309444,22500000,0,31.1,14889262.0,2727535.0,1
REQ-2026-02903,Medical Staff,Senior,42,64,2.3,0,1,0,Lenovo,IdeaPad Slim 3,Core i3,Integrated,8,256,1,0.45,0.65,2,0,20,10125418,8798059,202508360,0.39,1,900696811,22000000,1,38.9,11560662.0,1435244.0,1
REQ-2026-02904,Design,Senior,35,12,1.26,0,0,1,Dell,Inspiron 15,Core i5,Integrated,16,512,1,0.5,0.6,2,4,12,13307243,12221959,159686916,0.238,1,181585288,30000000,0,33.7,22324715.0,9017472.0,1
REQ-2026-02905,HR,Senior,8,50,0.59,0,0,0,Lenovo,ThinkPad P16,Core i9,RTX A2000,40,1024,4,0.9,0.25,2,1,19,38973589,41347007,740498191,0.476,1,393395980,15000000,0,51.9,41775527.0,2801938.0,0
REQ-2026-02906,Medical Staff,Director,47,29,0.83,0,1,0,Dell,Latitude 7450,Core i7,Integrated,32,512,2,0.85,0.85,3,1,22,27184732,28659115,598064104,0.057,1,2584393572,41800000,1,45.4,31608300.0,4423568.0,1
REQ-2026-02907,IT,Senior,54,33,0.78,0,0,0,Dell,Precision 5690,Core i9,RTX 3500,32,2560,4,0.85,0.35,1,1,25,46168165,43919913,1154204125,0.275,0,452067121,32000000,1,37.3,49712945.0,3544780.0,0
REQ-2026-02908,Medical Staff,Director,25,22,1.1,0,1,0,Apple,MacBook Pro 14,M3 Pro,Apple GPU,34,1024,4,0.95,0.85,3,0,20,45706950,38790150,914139000,0.406,1,1236715354,41800000,0,59.1,50169606.0,4462656.0,1
REQ-2026-02909,IT,Staff,16,17,1.44,0,0,0,Asus,Vivobook 14,Core i5,Integrated,8,512,1,0.5,0.7,2,1,3,12157902,10958767,36473706,0.023,1,88851765,24000000,0,29.0,16239292.0,4081390.0,1
REQ-2026-02910,Sales,Staff,37,49,5.47,2,0,0,Dell,Precision 5690,Core i9,RTX 3500,32,2560,4,0.85,0.35,3,0,2,45078062,46565428,90156124,0.71,1,86455136,13500000,0,47.0,46783129.0,1705067.0,0
REQ-2026-02911,Sales,Senior,45,16,0.27,0,0,0,Apple,MacBook Air 13,M3,Apple GPU,8,256,2,0.95,1.0,2,0,21,20112366,18267078,422359686,0.626,0,897952715,18000000,1,57.6,24793107.0,4680741.0,1
REQ-2026-02912,Design,Manager,58,45,0.59,0,0,0,Dell,Latitude 7450,Core i7,Integrated,16,512,2,0.85,0.85,1,1,20,20320108,21684962,406402160,0.13,1,3568182394,40500000,0,58.1,22754550.0,2434442.0,1
REQ-2026-02913,Sales,Manager,74,58,2.01,0,1,0,Asus,Vivobook 14,Core i5,Integrated,24,1024,1,0.5,0.7,3,0,19,20964904,18974010,398333176,0.613,0,867881753,24300000,1,28.8,23039371.0,2074467.0,1
REQ-2026-02914,IT,Staff,3,36,1.55,0,1,0,Dell,Inspiron 15,Core i5,Integrated,16,1536,1,0.5,0.6,1,0,4,14833773,14761161,59335092,0.419,1,361313909,24000000,0,38.9,16678300.0,1844527.0,1
REQ-2026-02915,Finance,Senior,61,36,0.11,2,1,0,Asus,ExpertBook B9,Core i7,Iris Xe,24,2048,2,0.8,0.95,1,0,23,31159512,30508959,716668776,0.317,0,432580338,20000000,1,32.3,33285078.0,2125566.0,0
REQ-2026-02916,HR,Staff,38,23,1.22,0,1,0,HP,OmniBook 5,Ryzen 7,Radeon,24,512,2,0.65,0.8,1,0,3,17255314,19501704,51765942,0.183,1,35109279,11250000,1,35.0,19015244.0,1759930.0,0
REQ-2026-02917,IT,Staff,35,40,0.98,0,1,0,HP,ZBook Firefly,Core i7,RTX A500,40,1024,3,0.8,0.6,2,2,2,35514623,31003670,71029246,0.628,1,42698180,24000000,1,57.8,39431646.0,3917023.0,0
REQ-2026-02918,IT,Senior,47,42,0.2,1,0,1,HP,ZBook Firefly,Core i7,RTX A500,40,1024,3,0.8,0.6,1,0,23,27713759,31478784,637416457,0.694,0,1190754090,32000000,1,42.4,29755934.0,2042175.0,1
REQ-2026-02919,IT,Manager,3,31,1.37,2,0,0,HP,ZBook Firefly,Core i7,RTX A500,40,1024,3,0.8,0.6,3,1,8,33575636,31854709,268605088,0.397,1,3133028083,43200000,1,52.6,36753493.0,3177857.0,1
REQ-2026-02920,Medical Staff,Director,28,49,0.77,0,1,0,Asus,ROG Zephyrus,Core i9,RTX 4070,40,2048,4,0.55,0.3,1,0,14,45500047,40057504,637000658,0.187,0,1121911469,41800000,1,35.9,46888957.0,1388910.0,1
REQ-2026-02921,Design,Staff,30,41,0.46,1,1,0,HP,ZBook Firefly,Core i7,RTX A500,40,2048,3,0.8,0.6,3,1,3,34493982,35932785,103481946,0.323,1,42028503,22500000,1,48.1,37087519.0,2593537.0,0
REQ-2026-02922,HR,Senior,36,23,0.43,1,1,0,Apple,MacBook Air 13,M3,Apple GPU,16,256,2,0.95,1.0,2,0,17,22224559,21087041,377817503,0.632,0,428989285,15000000,1,35.6,26520742.0,4296183.0,1
REQ-2026-02923,Medical Staff,Senior,48,36,1.88,0,1,0,Lenovo,IdeaPad Slim 3,Core i3,Integrated,8,768,1,0.45,0.65,1,0,17,8832039,9493521,150144663,0.351,0,997613707,22000000,1,27.8,11723776.0,2891737.0,1
REQ-2026-02924,HR,Staff,50,26,0.34,0,1,0,Lenovo,ThinkPad T14,Core i5,Integrated,32,512,2,0.92,0.75,1,0,13,23288211,22570895,302746743,0.14,1,186450776,11250000,1,48.1,24679177.0,1390966.0,0
REQ-2026-02925,Medical Staff,Staff,23,37,2.2,0,1,0,Apple,MacBook Air 13,M3,Apple GPU,8,256,2,0.95,1.0,1,4,24,18184998,17964843,436439952,0.125,1,1255270971,16500000,1,59.0,27390035.0,9205037.0,1
REQ-2026-02926,HR,Senior,1,29,0.54,0,0,0,Asus,ExpertBook B9,Core i7,Iris Xe,24,1536,2,0.8,0.95,1,1,12,23803025,29857585,285636300,0.458,1,523679815,15000000,1,44.0,26804324.0,3001299.0,1
REQ-2026-02927,Sales,Director,31,35,4.86,0,0,0,HP,ZBook Firefly,Core i7,RTX A500,40,1536,3,0.8,0.6,1,0,12,38527263,32663366,462327156,0.369,1,552330667,34200000,1,47.8,40295859.0,1768596.0,1
REQ-2026-02928,IT,Manager,31,36,1.39,0,0,0,HP,ZBook Firefly,Core i7,RTX A500,32,2048,3,0.8,0.6,2,0,21,43452682,36903638,912506322,0.509,1,590092337,43200000,1,49.5,44783606.0,1330924.0,1
REQ-2026-02929,HR,Staff,32,6,1.72,0,0,0,HP,ZBook Firefly,Core i7,RTX A500,32,1024,3,0.8,0.6,1,0,2,32153118,31188706,64306236,0.091,1,23816757,11250000,0,59.8,33735027.0,1581909.0,0
REQ-2026-02930,IT,Senior,50,23,1.29,0,1,0,Apple,MacBook Pro 14,M3 Pro,Apple GPU,18,512,4,0.95,0.85,1,1,5,33384182,28986271,166920910,0.211,1,240110308,32000000,0,66.5,39257800.0,5873618.0,1
REQ-2026-02931,Medical Staff,Senior,51,22,0.67,1,1,1,Lenovo,IdeaPad Slim 3,Core i3,Integrated,24,768,1,0.45,0.65,2,1,17,15407901,14640576,261934317,0.093,1,371673499,22000000,1,25.0,19673384.0,4265483.0,1
REQ-2026-02932,HR,Senior,22,46,1.48,0,0,0,Apple,MacBook Air 13,M3,Apple GPU,24,768,2,0.95,1.0,2,0,17,27495065,24713283,467416105,0.21,1,213093592,15000000,1,47.8,31903711.0,4408646.0,0
REQ-2026-02933,Medical Staff,Senior,41,19,1.35,0,1,0,Asus,ExpertBook B9,Core i7,Iris Xe,24,1024,2,0.8,0.95,1,0,19,26964075,27173152,512317425,0.462,1,321053484,22000000,1,35.2,28119647.0,1155572.0,0
REQ-2026-02934,Design,Manager,58,47,0.14,0,0,0,Dell,Latitude 7450,Core i7,Integrated,16,512,2,0.85,0.85,1,0,9,24684260,21411319,222158340,0.2,0,879181986,40500000,0,55.2,25882065.0,1197805.0,1
REQ-2026-02935,Medical Staff,Manager,105,20,1.8,0,0,1,HP,OmniBook 5,Ryzen 7,Radeon,24,512,2,0.65,0.8,2,0,25,19613671,21146251,490341775,0.1,0,925240598,29700000,1,46.7,21139818.0,1526147.0,1
REQ-2026-02936,HR,Staff,22,41,0.85,1,1,0,Lenovo,ThinkPad P16,Core i9,RTX A2000,32,2048,4,0.9,0.25,2,2,22,44018004,43143463,968396088,0.164,0,385705302,11250000,1,45.4,47656553.0,3638549.0,0
REQ-2026-02937,Sales,Senior,136,26,1.04,1,0,0,Lenovo,ThinkPad P16,Core i9,RTX A2000,32,2048,4,0.9,0.25,1,1,17,44243349,40068912,752136933,0.22,0,1122201853,18000000,0,42.9,47136288.0,2892939.0,0
REQ-2026-02938,Finance,Staff,35,35,0.65,0,0,0,Dell,Precision 5690,Core i9,RTX 3500,40,2048,4,0.85,0.35,1,0,23,40099858,39862305,922296734,0.079,1,480316384,15000000,1,54.8,41805945.0,1706087.0,0
REQ-2026-02939,Medical Staff,Director,57,31,2.37,1,0,0,HP,ProBook 445,Ryzen 5,Radeon,16,1024,1,0.6,0.7,1,2,2,17507194,15677267,35014388,0.329,1,373606605,41800000,1,31.1,23943952.0,6436758.0,1
REQ-2026-02940,HR,Staff,26,15,0.38,0,0,0,HP,ProBook 445,Ryzen 5,Radeon,8,1536,1,0.6,0.7,1,1,3,16184723,15109253,48554169,0.781,0,39681483,11250000,1,32.6,19450444.0,3265721.0,0
REQ-2026-02941,Medical Staff,Staff,30,36,1.35,0,1,0,Asus,ROG Zephyrus,Core i9,RTX 4070,40,1536,4,0.55,0.3,2,2,6,49934046,38233991,299604276,0.073,0,272413114,16500000,1,36.9,54282804.0,4348758.0,0
REQ-2026-02942,Finance,Staff,23,32,0.23,2,0,0,HP,OmniBook 5,Ryzen 7,Radeon,16,512,2,0.65,0.8,1,2,7,18776218,16378385,131433526,0.514,0,1051158198,15000000,1,27.5,22537628.0,3761410.0,1
REQ-2026-02943,Sales,Staff,5,55,2.09,0,1,1,Apple,MacBook Air 13,M3,Apple GPU,8,768,2,0.95,1.0,1,1,10,18782227,20478912,187822270,0.189,0,87058116,13500000,1,52.4,24939714.0,6157487.0,0
REQ-2026-02944,HR,Staff,18,20,0.27,1,0,0,Asus,ROG Zephyrus,Core i9,RTX 4070,40,1024,4,0.55,0.3,1,2,1,33881574,34504436,33881574,0.347,1,13258165,11250000,1,28.9,39675269.0,5793695.0,0
REQ-2026-02945,IT,Manager,47,45,1.35,0,0,1,HP,ZBook Firefly,Core i7,RTX A500,32,2048,3,0.8,0.6,1,1,8,37941281,32450357,303530248,0.585,0,560101950,43200000,1,48.3,40603425.0,2662144.0,0
REQ-2026-02946,IT,Staff,40,45,0.48,0,0,0,HP,ZBook Firefly,Core i7,RTX A500,40,1024,3,0.8,0.6,1,0,19,30602231,30846691,581442389,0.127,1,370377143,24000000,1,47.3,32385557.0,1783326.0,1
REQ-2026-02947,Sales,Senior,35,18,3.38,1,0,0,Apple,MacBook Pro 14,M3 Pro,Apple GPU,26,512,4,0.95,0.85,1,2,2,36914980,33523570,73829960,0.406,1,80839557,18000000,0,45.9,45044073.0,8129093.0,0
REQ-2026-02948,Design,Director,44,34,0.07,0,0,0,Lenovo,ThinkPad T14,Core i5,Integrated,24,1536,2,0.92,0.75,1,0,9,23829017,23842341,214461153,0.516,0,810806788,57000000,1,55.1,25058445.0,1229428.0,1
REQ-2026-02949,IT,Director,52,32,0.25,0,1,0,HP,ZBook Firefly,Core i7,RTX A500,40,1024,3,0.8,0.6,3,0,22,30403592,32893368,668879024,0.128,1,1964804180,60800000,1,55.6,31753569.0,1349977.0,1
REQ-2026-02950,Medical Staff,Staff,69,31,2.48,0,0,0,Dell,Precision 5690,Core i9,RTX 3500,40,3072,4,0.85,0.35,2,1,3,48229880,45072192,144689640,0.272,1,93315729,16500000,1,50.2,51504700.0,3274820.0,0
REQ-2026-02951,Finance,Staff,22,12,0.32,1,1,0,Asus,ROG Zephyrus,Core i9,RTX 4070,32,1024,4,0.55,0.3,1,2,9,27968317,33310015,251714853,0.049,1,138324191,15000000,0,32.7,32185931.0,4217614.0,1
REQ-2026-02952,Design,Director,55,37,0.53,0,0,0,Dell,Inspiron 15,Core i5,Integrated,8,1024,1,0.5,0.6,1,1,25,11384212,11016528,284605300,0.375,0,1769335567,57000000,0,46.9,15532348.0,4148136.0,1
REQ-2026-02953,Medical Staff,Staff,19,31,0.84,1,1,0,Dell,Inspiron 15,Core i5,Integrated,8,512,1,0.5,0.6,1,3,13,9631848,9643507,125214024,0.253,0,1148716898,16500000,0,25.8,16615930.0,6984082.0,1
REQ-2026-02954,Design,Staff,48,32,0.11,1,0,1,Dell,Precision 5690,Core i9,RTX 3500,32,2048,4,0.85,0.35,1,1,4,40460167,42492000,161840668,0.433,0,208807254,22500000,1,43.6,43686382.0,3226215.0,0
REQ-2026-02955,Medical Staff,Senior,51,2,0.66,1,1,0,HP,ProBook 445,Ryzen 5,Radeon,16,1024,1,0.6,0.7,1,3,6,17793117,15962305,106758702,0.264,0,438065401,22000000,1,39.3,23899154.0,6106037.0,1
REQ-2026-02956,IT,Staff,23,19,0.34,2,1,0,Dell,Latitude 7450,Core i7,Integrated,16,512,2,0.85,0.85,1,3,3,23241725,21381245,69725175,0.382,0,186149902,24000000,1,51.5,27557484.0,4315759.0,1
REQ-2026-02957,Finance,Senior,17,28,0.41,1,1,0,Dell,Latitude 7450,Core i7,Integrated,16,512,2,0.85,0.85,1,0,16,21158807,21490528,338540912,0.146,1,299097681,20000000,1,39.6,22641638.0,1482831.0,1
REQ-2026-02958,IT,Staff,48,34,0.51,0,1,0,Apple,MacBook Pro 14,M3 Pro,Apple GPU,18,512,4,0.95,0.85,1,2,15,33397626,30800097,500964390,0.148,0,599027373,24000000,0,46.5,40392204.0,6994578.0,1
REQ-2026-02959,IT,Manager,75,36,0.22,1,1,1,Lenovo,IdeaPad Slim 3,Core i3,Integrated,16,256,1,0.45,0.65,1,0,5,9559562,9099189,47797810,0.034,1,425321428,43200000,0,30.9,11749023.0,2189461.0,1
REQ-2026-02960,Design,Senior,2,12,1.22,1,0,1,Lenovo,IdeaPad Slim 3,Core i3,Integrated,8,256,1,0.45,0.65,1,1,15,8650763,7815784,129761445,0.682,1,803135801,30000000,0,30.8,13561653.0,4910890.0,0
REQ-2026-02961,Sales,Staff,53,33,2.02,0,1,0,HP,ProBook 445,Ryzen 5,Radeon,8,1536,1,0.6,0.7,3,0,1,17329908,17776929,17329908,0.013,1,22471814,13500000,1,54.0,18724855.0,1394947.0,1
REQ-2026-02962,Design,Senior,38,20,0.83,0,0,0,Asus,Vivobook 14,Core i5,Integrated,16,512,1,0.5,0.7,1,3,21,13377516,11581017,280927836,0.26,0,1003012098,30000000,0,42.6,19685989.0,6308473.0,1
REQ-2026-02963,Sales,Staff,42,30,6.18,0,1,0,Dell,Inspiron 15,Core i5,Integrated,24,1024,1,0.5,0.6,1,1,9,15912111,14432826,143208999,0.602,1,142994987,13500000,1,36.5,18457335.0,2545224.0,1
REQ-2026-02964,Design,Director,33,21,0.5,0,0,0,Dell,Latitude 7450,Core i7,Integrated,16,512,2,0.85,0.85,1,0,11,23033031,22738284,253363341,0.358,0,1254549784,57000000,1,52.8,24650856.0,1617825.0,1
REQ-2026-02965,Finance,Manager,74,65,0.28,0,0,0,HP,ProBook 445,Ryzen 5,Radeon,8,1024,1,0.6,0.7,3,1,14,16827409,16071971,235583726,0.199,0,448526857,27000000,0,33.5,19321358.0,2493949.0,1
REQ-2026-02966,Medical Staff,Staff,83,40,1.08,0,1,0,Lenovo,ThinkPad T14,Core i5,Integrated,16,1024,2,0.92,0.75,1,0,6,19033688,18407760,114202128,0.161,1,258352011,16500000,1,54.8,21033581.0,1999893.0,1
REQ-2026-02967,Medical Staff,Staff,20,31,0.78,0,1,0,Lenovo,ThinkPad X1,Core i7,Iris Xe,24,1536,3,0.9,0.95,3,0,2,38551327,32890022,77102654,0.401,1,79660161,16500000,0,67.3,40233854.0,1682527.0,0
REQ-2026-02968,Design,Senior,87,32,1.5,1,1,1,Lenovo,IdeaPad Slim 3,Core i3,Integrated,8,768,1,0.45,0.65,2,0,14,12563798,10562830,175893172,0.429,0,758116458,30000000,0,34.4,14144677.0,1580879.0,1
REQ-2026-02969,Sales,Staff,122,35,0.3,1,0,0,HP,ProBook 445,Ryzen 5,Radeon,8,1024,1,0.6,0.7,3,2,10,15842408,16314258,158424080,0.21,1,144291529,13500000,1,57.6,20731484.0,4889076.0,1
REQ-2026-02970,Design,Manager,82,44,0.38,1,0,0,Dell,Latitude 7450,Core i7,Integrated,32,512,2,0.85,0.85,3,1,13,29695786,27597646,386045218,0.192,0,795706247,40500000,1,46.6,34440037.0,4744251.0,1
REQ-2026-02971,Sales,Staff,124,26,3.48,0,0,0,Dell,Precision 5690,Core i9,RTX 3500,32,2560,4,0.85,0.35,1,0,17,45809813,42155574,778766821,0.451,1,346445994,13500000,0,33.0,47885126.0,2075313.0,0
REQ-2026-02972,Sales,Staff,57,34,10.19,0,1,0,Apple,MacBook Pro 14,M3 Pro,Apple GPU,18,1536,4,0.95,0.85,2,2,6,36809480,35848808,220856880,0.329,0,92260038,13500000,0,33.5,43352523.0,6543043.0,0
REQ-2026-02973,Sales,Staff,28,45,14.62,0,1,0,Apple,MacBook Air 13,M3,Apple GPU,8,256,2,0.95,1.0,3,2,20,18855483,20761390,377109660,0.501,1,424280404,13500000,1,35.5,25774441.0,6918958.0,1
REQ-2026-02974,IT,Senior,20,28,0.46,1,0,0,Dell,Precision 5690,Core i9,RTX 3500,32,2048,4,0.85,0.35,1,0,3,45135109,40707320,135405327,0.115,1,210957255,32000000,1,59.9,47142156.0,2007047.0,1
REQ-2026-02975,Medical Staff,Staff,32,38,1.39,0,1,0,Lenovo,ThinkPad X1,Core i7,Iris Xe,16,1536,3,0.9,0.95,1,1,23,31808403,29773099,731593269,0.323,1,567604088,16500000,1,54.0,35254394.0,3445991.0,0
REQ-2026-02976,IT,Manager,18,28,0.41,0,0,0,HP,OmniBook 5,Ryzen 7,Radeon,16,512,2,0.65,0.8,2,0,18,18553491,18188321,333962838,0.757,0,2957270877,43200000,1,50.1,20274741.0,1721250.0,1
REQ-2026-02977,HR,Staff,5,1,0.26,1,1,0,Lenovo,IdeaPad Slim 3,Core i3,Integrated,8,256,1,0.45,0.65,2,0,6,9563390,9172265,57380340,0.334,1,184828378,11250000,1,37.3,11150483.0,1587093.0,1
REQ-2026-02978,Medical Staff,Staff,55,33,1.52,2,0,0,HP,ProBook 445,Ryzen 5,Radeon,8,1024,1,0.6,0.7,2,1,14,14424214,14467435,201938996,0.097,1,550970812,16500000,1,34.7,16904867.0,2480653.0,1
REQ-2026-02979,IT,Senior,10,55,1.77,0,0,0,Dell,Inspiron 15,Core i5,Integrated,16,1024,1,0.5,0.6,3,0,16,16130324,16156029,258085184,0.28,0,750638005,32000000,1,62.1,17518350.0,1388026.0,1
REQ-2026-02980,Design,Staff,15,40,0.23,1,0,0,Lenovo,ThinkPad X1,Core i7,Iris Xe,32,1024,3,0.9,0.95,1,0,18,34236465,30402890,616256370,0.246,1,515051012,22500000,1,50.1,35428269.0,1191804.0,0
REQ-2026-02981,HR,Senior,92,35,0.43,0,1,0,HP,ZBook Firefly,Core i7,RTX A500,40,2048,3,0.8,0.6,1,0,4,42402156,36525514,169608624,0.308,0,85339873,15000000,1,33.5,44268793.0,1866637.0,0
REQ-2026-02982,Sales,Staff,30,42,5.57,0,1,1,Asus,ROG Zephyrus,Core i9,RTX 4070,32,1024,4,0.55,0.3,3,1,13,38686027,38482602,502918351,0.162,0,244539385,13500000,0,45.5,41141287.0,2455260.0,0
REQ-2026-02983,Design,Staff,67,42,0.41,0,0,1,Dell,Latitude 7450,Core i7,Integrated,32,512,2,0.85,0.85,1,3,4,25838325,24839264,103353300,0.539,1,162304462,22500000,1,62.0,29511311.0,3672986.0,1
REQ-2026-02984,Finance,Director,41,34,0.19,1,1,0,HP,ZBook Firefly,Core i7,RTX A500,40,1536,3,0.8,0.6,3,1,25,36185178,36053673,904629450,0.338,1,1718105968,38000000,1,36.5,40694211.0,4509033.0,1
REQ-2026-02985,IT,Senior,26,31,1.09,0,1,0,Lenovo,IdeaPad Slim 3,Core i3,Integrated,24,1280,1,0.45,0.65,2,1,6,18143369,16337950,108860214,0.512,0,1058595540,32000000,0,43.6,21428647.0,3285278.0,1
REQ-2026-02986,HR,Manager,61,24,0.38,0,0,0,HP,ZBook Firefly,Core i7,RTX A500,40,2048,3,0.8,0.6,2,0,2,38023278,35465681,76046556,0.196,1,111735161,20250000,1,57.8,39127503.0,1104225.0,1
REQ-2026-02987,Design,Staff,71,42,0.36,0,0,0,Lenovo,ThinkPad P16,Core i9,RTX A2000,32,1024,4,0.9,0.25,3,0,12,40673858,39072494,488086296,0.378,1,958778353,22500000,0,59.7,42240640.0,1566782.0,1
REQ-2026-02988,Medical Staff,Staff,66,30,1.33,0,1,0,HP,OmniBook 5,Ryzen 7,Radeon,16,1024,2,0.65,0.8,2,0,6,17693589,19944214,106161534,0.638,0,111828179,16500000,1,37.0,19023295.0,1329706.0,1
REQ-2026-02989,Medical Staff,Director,24,55,0.15,0,1,0,Dell,Latitude 7450,Core i7,Integrated,24,512,2,0.85,0.85,1,2,14,21752180,23797577,304530520,0.452,1,1538292481,41800000,1,74.3,28933948.0,7181768.0,1
REQ-2026-02990,Finance,Manager,56,33,0.48,2,1,1,Lenovo,ThinkPad X1,Core i7,Iris Xe,24,1024,3,0.9,0.95,2,1,23,28555018,31518108,656765414,0.29,0,1425208967,27000000,0,48.8,32168708.0,3613690.0,1
REQ-2026-02991,Medical Staff,Staff,53,26,3.51,1,0,0,Asus,ExpertBook B9,Core i7,Iris Xe,32,1024,2,0.8,0.95,3,0,25,29520712,30834613,738017800,0.336,0,2189016135,16500000,1,44.5,30819068.0,1298356.0,0
REQ-2026-02992,Design,Senior,42,32,0.36,1,0,1,Lenovo,ThinkPad X1,Core i7,Iris Xe,16,1536,3,0.9,0.95,3,0,1,30865128,32227296,30865128,0.301,1,107580003,30000000,1,64.8,32329669.0,1464541.0,1
REQ-2026-02993,Sales,Senior,28,36,3.09,0,0,0,Asus,Vivobook 14,Core i5,Integrated,24,512,1,0.5,0.7,2,1,13,13799646,15057777,179395398,0.121,1,356543174,18000000,1,32.8,17468728.0,3669082.0,1
REQ-2026-02994,Design,Manager,22,26,0.15,1,1,0,Lenovo,ThinkPad X1,Core i7,Iris Xe,16,1024,3,0.9,0.95,3,0,12,26463963,29931524,317567556,0.296,0,1093210489,40500000,1,60.6,27974910.0,1510947.0,1
REQ-2026-02995,Medical Staff,Staff,50,34,2.77,0,0,0,HP,ProBook 445,Ryzen 5,Radeon,8,1024,1,0.6,0.7,3,1,24,13842688,15756419,332224512,0.227,1,858686871,16500000,1,35.9,16654164.0,2811476.0,1
REQ-2026-02996,HR,Staff,51,35,0.35,0,0,1,Asus,ExpertBook B9,Core i7,Iris Xe,32,1024,2,0.8,0.95,1,0,4,30359347,27726199,121437388,0.437,1,77759543,11250000,1,46.6,31777676.0,1418329.0,0
REQ-2026-02997,Finance,Staff,10,41,0.19,0,0,0,Dell,Latitude 7450,Core i7,Integrated,16,1024,2,0.85,0.85,3,1,5,22223030,25861783,111115150,0.38,1,184672627,15000000,1,63.8,24888370.0,2665340.0,1
REQ-2026-02998,Finance,Senior,70,33,0.51,0,1,1,Lenovo,ThinkPad P16,Core i9,RTX A2000,32,2048,4,0.9,0.25,1,1,22,39705843,39741655,873528546,0.412,1,873696913,20000000,0,52.3,43030839.0,3324996.0,1
REQ-2026-02999,Finance,Senior,52,53,0.4,0,1,0,Apple,MacBook Pro 14,M3 Pro,Apple GPU,26,512,4,0.95,0.85,1,0,12,33424234,32773668,401090808,0.171,0,506471349,20000000,0,55.3,38148350.0,4724116.0,1
REQ-2026-03000,IT,Staff,111,12,0.56,1,0,0,Dell,Precision 5690,Core i9,RTX 3500,32,3072,4,0.85,0.35,2,0,14,44939456,44811560,629152384,0.254,0,874837168,24000000,1,57.0,46819452.0,1879996.0,1
REQ-2026-03001,Medical Staff,Senior,96,20,0.52,1,1,0,Lenovo,ThinkPad T14,Core i5,Integrated,24,1536,2,0.92,0.75,1,0,18,26328787,22953989,473918166,0.192,1,711094688,22000000,1,61.8,27606167.0,1277380.0,1
REQ-2026-03002,HR,Staff,22,30,0.01,0,0,0,HP,OmniBook 5,Ryzen 7,Radeon,24,1536,2,0.65,0.8,1,0,12,25062179,22305936,300746148,0.667,1,522178331,11250000,1,43.6,26540277.0,1478098.0,0
REQ-2026-03003,Design,Staff,14,19,0.57,0,0,0,Asus,ExpertBook B9,Core i7,Iris Xe,16,1536,2,0.8,0.95,3,0,20,29204179,28886560,584083580,0.532,1,899025286,22500000,1,38.7,31159880.0,1955701.0,0
REQ-2026-03004,IT,Manager,174,31,2.36,1,0,1,Asus,ExpertBook B9,Core i7,Iris Xe,32,1536,2,0.8,0.95,2,0,4,33240713,31538548,132962852,0.234,0,301499642,43200000,1,31.6,35305984.0,2065271.0,1
REQ-2026-03005,Sales,Staff,15,31,2.05,0,1,0,Apple,MacBook Air 13,M3,Apple GPU,8,256,2,0.95,1.0,2,0,18,20583340,19889446,370500120,0.364,0,538155749,13500000,1,50.5,24828180.0,4244840.0,1
REQ-2026-03006,HR,Senior,7,16,0.78,0,1,1,Dell,Inspiron 15,Core i5,Integrated,8,1024,1,0.5,0.6,2,1,20,13636814,12316297,272736280,0.205,1,870664679,15000000,1,35.5,16963496.0,3326682.0,1
REQ-2026-03007,IT,Staff,67,16,0.45,0,1,0,Asus,Vivobook 14,Core i5,Integrated,16,512,1,0.5,0.7,2,1,2,15353938,13862166,30707876,0.515,1,91797409,24000000,0,36.9,17895062.0,2541124.0,1
REQ-2026-03008,Design,Staff,162,40,0.25,1,0,0,Lenovo,ThinkPad T14,Core i5,Integrated,16,512,2,0.92,0.75,1,0,19,17596116,18342482,334326204,0.465,1,472206849,22500000,0,52.0,19430296.0,1834180.0,1
REQ-2026-03009,IT,Senior,54,38,0.5,0,0,0,Asus,Vivobook 14,Core i5,Integrated,16,512,1,0.5,0.7,1,0,10,11585767,12162034,115857670,0.533,0,776571748,32000000,0,39.6,13155656.0,1569889.0,1
REQ-2026-03010,Medical Staff,Staff,35,18,2.86,0,1,0,Lenovo,ThinkPad X1,Core i7,Iris Xe,16,1024,3,0.9,0.95,3,0,11,31462381,28929345,346086191,0.122,1,251222516,16500000,1,53.1,33042620.0,1580239.0,0
REQ-2026-03011,Design,Manager,16,16,1.29,0,0,0,Lenovo,ThinkPad T14,Core i5,Integrated,24,1536,2,0.92,0.75,1,0,18,22145047,23956647,398610846,0.565,0,589438988,40500000,1,53.7,23440864.0,1295817.0,1
REQ-2026-03012,Sales,Senior,38,25,10.78,1,1,0,Lenovo,ThinkPad T14,Core i5,Integrated,16,512,2,0.92,0.75,3,3,22,21966930,18939664,483272460,0.143,1,447058463,18000000,1,35.0,27478084.0,5511154.0,1
REQ-2026-03013,Design,Senior,22,48,0.12,1,0,0,HP,ZBook Firefly,Core i7,RTX A500,32,1024,3,0.8,0.6,1,0,1,29646423,29529843,29646423,0.249,0,49230859,30000000,1,54.6,31010480.0,1364057.0,1
REQ-2026-03014,Sales,Senior,133,1,10.79,1,1,1,Asus,Vivobook 14,Core i5,Integrated,8,512,1,0.5,0.7,3,3,1,11966603,12516177,11966603,0.663,0,34660112,18000000,1,21.1,18650459.0,6683856.0,1
REQ-2026-03015,Medical Staff,Staff,32,43,0.59,1,1,0,Apple,MacBook Pro 14,M3 Pro,Apple GPU,18,512,4,0.95,0.85,2,1,18,35714624,30503166,642863232,0.334,1,376295964,16500000,0,63.9,41956346.0,6241722.0,0
REQ-2026-03016,Design,Staff,6,27,0.23,1,0,0,Dell,Precision 5690,Core i9,RTX 3500,32,2560,4,0.85,0.35,1,1,4,46157444,42849518,184629776,0.453,1,86389425,22500000,0,52.3,48506588.0,2349144.0,0
REQ-2026-03017,Finance,Staff,35,34,1.69,0,1,0,Dell,Latitude 7450,Core i7,Integrated,24,512,2,0.85,0.85,2,1,21,30266531,24544352,635597151,0.163,1,207046314,15000000,1,68.2,33037606.0,2771075.0,0
REQ-2026-03018,IT,Staff,42,44,0.44,0,1,0,Asus,Vivobook 14,Core i5,Integrated,8,1536,1,0.5,0.7,3,2,24,19795725,16446781,475097400,0.273,0,374216650,24000000,0,44.5,24072169.0,4276444.0,1
REQ-2026-03019,HR,Staff,39,42,1.09,1,0,0,Dell,Precision 5690,Core i9,RTX 3500,32,2560,4,0.85,0.35,3,2,21,49238644,42876694,1034011524,0.257,1,254356834,11250000,0,52.5,53211064.0,3972420.0,0
REQ-2026-03020,HR,Senior,30,52,0.45,0,0,0,Dell,Inspiron 15,Core i5,Integrated,16,512,1,0.5,0.6,2,1,25,12357312,11949872,308932800,0.258,1,466134233,15000000,1,41.7,15621154.0,3263842.0,1
REQ-2026-03021,IT,Staff,11,55,1.45,0,1,0,Asus,Vivobook 14,Core i5,Integrated,8,1536,1,0.5,0.7,1,0,14,12830626,14405364,179628764,0.013,1,727938751,24000000,0,36.4,14274265.0,1443639.0,1
REQ-2026-03022,Medical Staff,Manager,54,25,0.33,2,1,0,Dell,Latitude 7450,Core i7,Integrated,16,512,2,0.85,0.85,1,0,20,22964698,20782373,459293960,0.323,1,510829815,29700000,1,43.3,24129582.0,1164884.0,1
REQ-2026-03023,Finance,Director,39,56,0.26,2,1,0,Lenovo,ThinkPad X1,Core i7,Iris Xe,16,1024,3,0.9,0.95,2,0,17,28009128,28848083,476155176,0.718,1,2048357755,38000000,0,55.5,29710278.0,1701150.0,1
REQ-2026-03024,Medical Staff,Senior,81,35,1.97,1,1,0,Dell,Latitude 7450,Core i7,Integrated,16,512,2,0.85,0.85,2,2,19,22323982,23260023,424155658,0.327,0,706437431,22000000,1,44.9,26314098.0,3990116.0,1
REQ-2026-03025,HR,Staff,42,29,0.32,0,1,0,HP,ZBook Firefly,Core i7,RTX A500,32,1536,3,0.8,0.6,2,1,18,33062265,32858892,595120770,0.194,0,165283999,11250000,0,50.5,35866871.0,2804606.0,0
REQ-2026-03026,Design,Staff,11,19,0.09,1,0,0,Dell,Inspiron 15,Core i5,Integrated,16,512,1,0.5,0.6,1,3,17,11893195,11065668,202184315,0.218,0,1229963657,22500000,0,30.0,18663561.0,6770366.0,1
REQ-2026-03027,Finance,Staff,31,39,0.7,1,1,1,Asus,Vivobook 14,Core i5,Integrated,24,1536,1,0.5,0.7,1,0,19,22067545,17708251,419283355,0.539,1,216806430,15000000,1,20.6,26315675.0,4248130.0,1
REQ-2026-03028,Medical Staff,Staff,79,18,1.44,0,1,0,Lenovo,ThinkPad X1,Core i7,Iris Xe,16,1024,3,0.9,0.95,2,0,14,30039118,27908741,420547652,0.285,1,440438696,16500000,1,42.1,31503058.0,1463940.0,0
REQ-2026-03029,HR,Staff,78,45,0.42,2,0,0,Lenovo,ThinkPad T14,Core i5,Integrated,16,512,2,0.92,0.75,1,0,13,18257750,17820246,237350750,0.199,1,221403979,11250000,1,61.0,19727581.0,1469831.0,0
REQ-2026-03030,IT,Staff,29,39,3.45,0,1,0,Lenovo,ThinkPad P16,Core i9,RTX A2000,32,1024,4,0.9,0.25,3,0,16,38283402,38333023,612534432,0.133,1,732894580,24000000,1,45.2,39581855.0,1298453.0,1
REQ-2026-03031,IT,Staff,22,39,0.95,1,1,1,Lenovo,ThinkPad T14,Core i5,Integrated,32,1024,2,0.92,0.75,2,0,15,24556486,24932288,368347290,0.146,1,404350171,24000000,1,51.8,25675138.0,1118652.0,1
REQ-2026-03032,Medical Staff,Director,8,26,2.29,0,0,0,Lenovo,ThinkPad X1,Core i7,Iris Xe,24,1024,3,0.9,0.95,1,1,1,25007856,29266568,25007856,0.212,0,79001214,41800000,1,41.5,28266249.0,3258393.0,1
REQ-2026-03033,Design,Manager,56,37,0.74,1,0,0,Asus,ExpertBook B9,Core i7,Iris Xe,16,1024,2,0.8,0.95,3,0,3,29340009,26168534,88020027,0.347,1,464761299,40500000,1,57.2,30892099.0,1552090.0,1
REQ-2026-03034,Medical Staff,Manager,36,53,0.24,1,1,0,Dell,Precision 5690,Core i9,RTX 3500,40,2560,4,0.85,0.35,1,1,15,44730626,45781361,670959390,0.36,0,454665064,29700000,1,58.0,47800610.0,3069984.0,0
REQ-2026-03035,Medical Staff,Staff,52,52,0.31,0,0,0,HP,OmniBook 5,Ryzen 7,Radeon,16,512,2,0.65,0.8,2,0,22,18785297,18649901,413276534,0.46,0,271230214,16500000,1,39.8,19910642.0,1125345.0,1
REQ-2026-03036,Sales,Director,104,36,3.6,0,1,1,Dell,Inspiron 15,Core i5,Integrated,8,512,1,0.5,0.6,1,1,9,10030352,9361204,90273168,0.075,1,563447731,34200000,1,39.4,13673033.0,3642681.0,1
REQ-2026-03037,HR,Staff,32,41,0.1,0,1,0,Dell,Precision 5690,Core i9,RTX 3500,40,2048,4,0.85,0.35,3,2,19,43924962,45647431,834574278,0.362,1,462128993,11250000,1,60.7,48214376.0,4289414.0,0
REQ-2026-03038,Finance,Senior,20,45,0.58,0,1,0,Asus,Vivobook 14,Core i5,Integrated,8,1024,1,0.5,0.7,2,2,23,14459545,13108992,332569535,0.605,0,972484846,20000000,1,29.5,18440860.0,3981315.0,1
REQ-2026-03039,Finance,Staff,16,20,0.26,3,1,1,Asus,ExpertBook B9,Core i7,Iris Xe,16,1536,2,0.8,0.95,2,1,10,25965689,25131481,259656890,0.167,0,576798402,15000000,1,56.1,28980237.0,3014548.0,1
REQ-2026-03040,Sales,Manager,4,25,6.76,1,1,0,Lenovo,IdeaPad Slim 3,Core i3,Integrated,8,256,1,0.45,0.65,3,2,19,10204742,10363980,193890098,0.316,0,389696013,24300000,1,39.3,14770864.0,4566122.0,1
REQ-2026-03041,Sales,Staff,13,31,9.57,0,1,1,HP,ZBook Firefly,Core i7,RTX A500,40,2048,3,0.8,0.6,2,3,11,38265047,34714282,420915517,0.369,1,215212382,13500000,1,35.8,45510217.0,7245170.0,0
REQ-2026-03042,Sales,Staff,76,53,6.23,1,0,0,Lenovo,ThinkPad P16,Core i9,RTX A2000,32,1024,4,0.9,0.25,3,1,14,38302133,40377908,536229862,0.729,0,210308762,13500000,0,37.9,41145057.0,2842924.0,0
REQ-2026-03043,IT,Staff,68,42,0.8,0,1,0,Dell,Latitude 7450,Core i7,Integrated,16,512,2,0.85,0.85,1,1,15,23856969,20581554,357854535,0.481,0,407468432,24000000,1,43.4,26020410.0,2163441.0,1
REQ-2026-03044,Design,Senior,9,10,0.5,0,0,0,HP,OmniBook 5,Ryzen 7,Radeon,16,1024,2,0.65,0.8,3,1,5,23124230,20855387,115621150,0.346,1,482744309,30000000,0,40.5,26564878.0,3440648.0,1
REQ-2026-03045,IT,Manager,61,26,0.99,2,1,0,Dell,Latitude 7450,Core i7,Integrated,16,512,2,0.85,0.85,1,1,6,19869313,20943977,119215878,0.539,0,378224443,43200000,1,29.3,24866742.0,4997429.0,1
REQ-2026-03046,Medical Staff,Senior,38,29,1.42,0,1,0,Asus,ExpertBook B9,Core i7,Iris Xe,24,1536,2,0.8,0.95,2,1,15,29905992,28249047,448589880,0.285,1,823891736,22000000,1,66.6,33102973.0,3196981.0,1
REQ-2026-03047,Medical Staff,Staff,29,25,0.02,0,1,0,Dell,Inspiron 15,Core i5,Integrated,8,512,1,0.5,0.6,1,1,5,9245891,9592375,46229455,0.443,1,125656435,16500000,1,35.0,12175776.0,2929885.0,1
REQ-2026-03048,IT,Staff,18,14,0.62,0,1,0,Lenovo,ThinkPad P16,Core i9,RTX A2000,32,1024,4,0.9,0.25,1,0,5,36955827,37352880,184779135,0.42,1,298924076,24000000,1,51.8,38583213.0,1627386.0,1
REQ-2026-03049,Sales,Staff,43,42,0.85,0,1,1,Lenovo,IdeaPad Slim 3,Core i3,Integrated,16,768,1,0.45,0.65,1,1,7,11997970,12053763,83985790,0.363,1,307222013,13500000,1,24.5,17139588.0,5141618.0,1
REQ-2026-03050,Medical Staff,Director,18,42,1.01,1,1,0,Lenovo,IdeaPad Slim 3,Core i3,Integrated,16,256,1,0.45,0.65,2,3,24,11807994,11044409,283391856,0.215,1,1373128592,41800000,1,33.8,23322828.0,11514834.0,1
REQ-2026-03051,IT,Director,137,29,0.1,1,0,1,Dell,Inspiron 15,Core i5,Integrated,16,512,1,0.5,0.6,3,1,18,13421753,13997623,241591554,0.132,1,5860583142,60800000,0,55.7,17312454.0,3890701.0,1
REQ-2026-03052,HR,Staff,35,56,0.04,0,1,1,Lenovo,ThinkPad T14,Core i5,Integrated,16,512,2,0.92,0.75,3,0,13,18968231,19410923,246587003,0.504,0,269733828,11250000,1,52.8,20795432.0,1827201.0,0
REQ-2026-03053,Medical Staff,Staff,28,35,2.41,0,1,0,Lenovo,ThinkPad P16,Core i9,RTX A2000,32,1024,4,0.9,0.25,1,2,8,37700876,36410579,301607008,0.287,0,534143316,16500000,0,46.1,42305809.0,4604933.0,1
REQ-2026-03054,HR,Senior,27,35,0.66,0,0,0,Lenovo,ThinkPad X1,Core i7,Iris Xe,32,1024,3,0.9,0.95,1,1,23,30180095,29834490,694142185,0.464,1,424158440,15000000,1,47.2,33225222.0,3045127.0,0
REQ-2026-03055,HR,Staff,15,39,0.14,1,0,0,Lenovo,ThinkPad X1,Core i7,Iris Xe,16,1536,3,0.9,0.95,1,2,14,28286254,29528603,396007556,0.492,1,415842065,11250000,0,54.3,32895912.0,4609658.0,0
REQ-2026-03056,Design,Staff,75,51,0.82,0,0,1,Asus,Vivobook 14,Core i5,Integrated,16,1536,1,0.5,0.7,2,0,19,18506777,17635831,351628763,0.251,0,365331867,22500000,0,41.8,20174617.0,1667840.0,1
REQ-2026-03057,IT,Senior,51,34,0.82,1,1,0,Asus,Vivobook 14,Core i5,Integrated,8,512,1,0.5,0.7,1,1,15,10742376,9840990,161135640,0.103,1,989597507,32000000,0,35.3,13655798.0,2913422.0,1
REQ-2026-03058,Medical Staff,Staff,28,1,1.85,2,1,0,Lenovo,ThinkPad P16,Core i9,RTX A2000,32,1024,4,0.9,0.25,1,1,11,39634677,36265072,435981447,0.224,0,86330045,16500000,1,38.2,42069909.0,2435232.0,0
REQ-2026-03059,IT,Manager,67,38,0.31,1,1,1,HP,ZBook Firefly,Core i7,RTX A500,40,2048,3,0.8,0.6,1,1,5,38292410,35346639,191462050,0.15,0,275466750,43200000,1,35.9,41386963.0,3094553.0,1
REQ-2026-03060,Sales,Staff,109,1,2.49,1,1,1,Lenovo,ThinkPad X1,Core i7,Iris Xe,24,1024,3,0.9,0.95,1,0,22,32183547,29886181,708038034,0.339,1,239656757,13500000,1,41.0,33824523.0,1640976.0,0
REQ-2026-03061,IT,Manager,61,32,0.61,1,0,0,Lenovo,ThinkPad X1,Core i7,Iris Xe,24,1024,3,0.9,0.95,1,0,6,27614250,29861761,165685500,0.675,1,265331843,43200000,1,58.2,28971662.0,1357412.0,1
REQ-2026-03062,Sales,Senior,44,22,6.71,1,0,0,Dell,Precision 5690,Core i9,RTX 3500,32,2560,4,0.85,0.35,1,2,7,42204764,44882257,295433348,0.682,0,437363217,18000000,0,43.6,46145642.0,3940878.0,0
REQ-2026-03063,IT,Staff,36,72,0.43,0,1,0,Lenovo,ThinkPad P16,Core i9,RTX A2000,32,1536,4,0.9,0.25,3,0,15,49705381,40626413,745580715,0.317,0,259482529,24000000,1,88.8,50799554.0,1094173.0,0
REQ-2026-03064,Sales,Senior,93,22,4.62,2,1,0,Apple,MacBook Pro 14,M3 Pro,Apple GPU,18,1024,4,0.95,0.85,1,1,14,31646454,31086599,443050356,0.093,1,533784881,18000000,0,57.6,37788838.0,6142384.0,1
REQ-2026-03065,IT,Senior,27,34,2.29,0,0,0,Dell,Latitude 7450,Core i7,Integrated,24,1536,2,0.85,0.85,3,1,4,31460143,29152388,125840572,0.531,0,149231257,32000000,1,64.4,34748941.0,3288798.0,1
REQ-2026-03066,Design,Senior,6,34,0.25,0,0,0,Asus,Vivobook 14,Core i5,Integrated,8,512,1,0.5,0.7,2,3,14,12404120,11759993,173657680,0.245,1,747334248,30000000,0,32.7,18741938.0,6337818.0,1
REQ-2026-03067,Design,Senior,71,35,0.55,0,0,0,Lenovo,ThinkPad T14,Core i5,Integrated,16,512,2,0.92,0.75,1,1,16,18951528,17166866,303224448,0.066,1,1012382860,30000000,1,29.9,22726539.0,3775011.0,1
REQ-2026-03068,IT,Senior,37,39,0.49,0,0,0,Asus,Vivobook 14,Core i5,Integrated,8,512,1,0.5,0.7,2,1,1,10324946,11427806,10324946,0.351,0,19049150,32000000,0,31.8,13877784.0,3552838.0,1
REQ-2026-03069,Medical Staff,Manager,35,26,0.68,0,0,0,Lenovo,ThinkPad T14,Core i5,Integrated,16,512,2,0.92,0.75,1,0,2,18891245,16916085,37782490,0.133,1,110851474,29700000,1,48.3,20524959.0,1633714.0,1
REQ-2026-03070,Medical Staff,Staff,26,29,1.15,0,0,0,Lenovo,ThinkPad X1,Core i7,Iris Xe,16,1024,3,0.9,0.95,2,0,2,27005813,27280113,54011626,0.177,0,94569919,16500000,1,66.4,28641325.0,1635512.0,1
REQ-2026-03071,Design,Manager,40,45,1.22,0,1,0,Asus,ExpertBook B9,Core i7,Iris Xe,16,1024,2,0.8,0.95,2,0,5,27088742,26705922,135443710,0.229,0,137935460,40500000,1,42.0,28390361.0,1301619.0,1
REQ-2026-03072,Medical Staff,Staff,45,38,2.05,2,0,0,Asus,ROG Zephyrus,Core i9,RTX 4070,32,1536,4,0.55,0.3,2,1,15,40191638,36322830,602874570,0.488,1,686490249,16500000,1,38.5,43064168.0,2872530.0,0
REQ-2026-03073,Design,Senior,10,25,1.04,0,0,0,Lenovo,IdeaPad Slim 3,Core i3,Integrated,8,256,1,0.45,0.65,2,1,8,10200242,8554924,81601936,0.329,1,398423652,30000000,0,26.7,13635535.0,3435293.0,1
REQ-2026-03074,Sales,Staff,36,52,5.37,0,1,1,Dell,Precision 5690,Core i9,RTX 3500,32,3072,4,0.85,0.35,1,3,16,42809907,43980889,684958512,0.343,0,183452881,13500000,0,52.4,48240151.0,5430244.0,0
REQ-2026-03075,Finance,Staff,21,32,0.98,0,1,0,Lenovo,ThinkPad T14,Core i5,Integrated,16,1024,2,0.92,0.75,2,1,23,22535561,20731078,518317903,0.454,1,928167951,15000000,1,58.1,25234143.0,2698582.0,0
REQ-2026-03076,HR,Senior,37,39,0.18,1,1,0,Dell,Inspiron 15,Core i5,Integrated,8,1024,1,0.5,0.6,1,2,12,10519842,11917255,126238104,0.154,1,345134799,15000000,1,35.2,15223400.0,4703558.0,1
REQ-2026-03077,HR,Staff,88,16,0.39,0,0,0,Lenovo,ThinkPad X1,Core i7,Iris Xe,16,1024,3,0.9,0.95,3,0,15,32017352,29908191,480260280,0.089,1,237954320,11250000,0,55.6,33088632.0,1071280.0,0
REQ-2026-03078,IT,Director,23,30,0.56,1,0,0,Apple,MacBook Pro 14,M3 Pro,Apple GPU,18,1024,4,0.95,0.85,1,0,14,36584916,35183156,512188824,0.556,0,3316641946,60800000,1,56.4,41202208.0,4617292.0,1
REQ-2026-03079,Medical Staff,Director,50,42,1.09,0,1,0,Lenovo,ThinkPad P16,Core i9,RTX A2000,32,2048,4,0.9,0.25,2,3,23,40800068,43415878,938401564,0.249,1,1298262902,41800000,1,41.7,50006509.0,9206441.0,1
REQ-2026-03080,Sales,Senior,25,39,4.41,0,1,0,HP,OmniBook 5,Ryzen 7,Radeon,16,1024,2,0.65,0.8,1,2,2,17907808,18898855,35815616,0.294,0,64132980,18000000,1,43.2,23264967.0,5357159.0,1
REQ-2026-03081,Medical Staff,Staff,70,64,0.34,0,0,0,Dell,Latitude 7450,Core i7,Integrated,16,512,2,0.85,0.85,1,1,19,23790242,21602185,452014598,0.145,1,197280884,16500000,1,50.1,26378569.0,2588327.0,0
REQ-2026-03082,HR,Staff,12,26,0.13,1,0,0,Asus,ROG Zephyrus,Core i9,RTX 4070,32,1536,4,0.55,0.3,2,0,10,45831818,35561658,458318180,0.356,1,138031720,11250000,0,37.9,47497275.0,1665457.0,0
REQ-2026-03083,HR,Staff,55,53,0.12,0,0,0,Apple,MacBook Pro 14,M3 Pro,Apple GPU,18,512,4,0.95,0.85,1,1,14,37283634,31031177,521970876,0.304,1,225187004,11250000,0,41.2,44189744.0,6906110.0,0
REQ-2026-03084,Finance,Staff,122,24,0.94,0,1,0,Lenovo,ThinkPad X1,Core i7,Iris Xe,16,1024,3,0.9,0.95,1,0,3,27813292,27152821,83439876,0.425,1,64761299,15000000,1,46.0,29946066.0,2132774.0,0
REQ-2026-03085,Medical Staff,Staff,16,27,1.15,0,1,0,HP,ZBook Firefly,Core i7,RTX A500,32,1024,3,0.8,0.6,2,2,25,35265394,28844627,881634850,0.256,1,2170246669,16500000,1,54.7,39585585.0,4320191.0,1
REQ-2026-03086,HR,Staff,46,54,0.25,0,1,0,HP,ProBook 445,Ryzen 5,Radeon,8,512,1,0.6,0.7,3,1,5,10350090,14542483,51750450,0.727,0,169774821,11250000,0,46.8,12678005.0,2327915.0,1
REQ-2026-03087,HR,Staff,63,45,0.24,0,1,0,HP,ProBook 445,Ryzen 5,Radeon,8,512,1,0.6,0.7,2,0,16,14619105,13040288,233905680,0.11,0,401781537,11250000,1,38.8,16013294.0,1394189.0,1
REQ-2026-03088,IT,Senior,125,59,0.3,0,0,0,Asus,ROG Zephyrus,Core i9,RTX 4070,32,2048,4,0.55,0.3,3,0,16,45488926,42320993,727822816,0.273,0,950779396,32000000,1,41.0,47400095.0,1911169.0,1
REQ-2026-03089,Sales,Staff,32,13,20.13,0,0,0,Apple,MacBook Pro 14,M3 Pro,Apple GPU,26,1024,4,0.95,0.85,3,7,17,42996531,37381369,730941027,0.28,1,288010664,13500000,1,24.3,56578346.0,13581815.0,0
REQ-2026-03090,Medical Staff,Staff,8,32,0.36,0,1,0,HP,ProBook 445,Ryzen 5,Radeon,8,1024,1,0.6,0.7,1,2,17,12754824,13947444,216832008,0.205,1,441710318,16500000,1,24.0,18308521.0,5553697.0,1
REQ-2026-03091,HR,Staff,83,51,0.88,0,0,0,Apple,MacBook Air 13,M3,Apple GPU,8,256,2,0.95,1.0,1,1,16,15327129,16671112,245234064,0.323,1,225731953,11250000,1,44.1,20991868.0,5664739.0,1
REQ-2026-03092,Medical Staff,Manager,111,64,0.84,0,0,0,HP,ZBook Firefly,Core i7,RTX A500,32,1024,3,0.8,0.6,1,1,7,31378763,28869595,219651341,0.656,0,527569569,29700000,1,44.1,35162751.0,3783988.0,1
REQ-2026-03093,IT,Staff,52,64,1.3,0,0,0,HP,ProBook 445,Ryzen 5,Radeon,8,1024,1,0.6,0.7,3,1,23,19246726,15909010,442674698,0.218,1,489566087,24000000,0,48.8,21833649.0,2586923.0,1
REQ-2026-03094,Design,Manager,113,28,1.0,0,0,0,Lenovo,IdeaPad Slim 3,Core i3,Integrated,8,256,1,0.45,0.65,1,2,2,7703537,8406027,15407074,0.156,1,80685503,40500000,0,38.2,12251190.0,4547653.0,1
REQ-2026-03095,Design,Staff,120,50,0.13,0,0,0,Apple,MacBook Pro 14,M3 Pro,Apple GPU,26,512,4,0.95,0.85,1,1,18,33752462,32668755,607544316,0.559,0,362713776,22500000,0,80.9,39739521.0,5987059.0,0
REQ-2026-03096,Finance,Staff,16,49,2.07,1,1,1,Dell,Inspiron 15,Core i5,Integrated,24,512,1,0.5,0.6,1,2,19,12005521,12769642,228104899,0.222,1,770716917,15000000,0,34.5,16543847.0,4538326.0,1
REQ-2026-03097,Sales,Staff,144,31,4.03,0,1,0,Apple,MacBook Pro 14,M3 Pro,Apple GPU,26,1024,4,0.95,0.85,2,3,5,37832900,37785108,189164500,0.381,1,121506455,13500000,0,50.2,45262288.0,7429388.0,0
REQ-2026-03098,Finance,Staff,140,54,0.96,0,1,0,HP,ZBook Firefly,Core i7,RTX A500,40,1024,3,0.8,0.6,3,0,23,35136226,32260795,808133198,0.537,0,205389373,15000000,0,61.0,36803552.0,1667326.0,0
REQ-2026-03099,HR,Senior,92,48,0.47,2,0,0,Dell,Latitude 7450,Core i7,Integrated,16,1536,2,0.85,0.85,1,1,22,25151451,26962621,553331922,0.706,1,868156640,15000000,1,48.3,28426708.0,3275257.0,1
REQ-2026-03100,Medical Staff,Staff,47,25,0.72,0,1,0,Lenovo,ThinkPad X1,Core i7,Iris Xe,24,2048,3,0.9,0.95,1,0,3,34181212,32212827,102543636,0.21,0,228338653,16500000,1,47.2,35513907.0,1332695.0,0
REQ-2026-03101,HR,Senior,10,37,0.14,0,0,1,Lenovo,IdeaPad Slim 3,Core i3,Integrated,16,256,1,0.45,0.65,1,3,21,11374323,9623190,238860783,0.321,1,864612074,15000000,1,26.9,19855430.0,8481107.0,1
REQ-2026-03102,Sales,Staff,42,21,6.09,1,1,0,Dell,Latitude 7450,Core i7,Integrated,16,1024,2,0.85,0.85,3,0,16,24898174,25670918,398370784,0.113,0,757553317,13500000,1,42.4,25990315.0,1092141.0,0
REQ-2026-03103,Design,Staff,76,25,0.12,0,1,1,Asus,ExpertBook B9,Core i7,Iris Xe,24,1536,2,0.8,0.95,2,0,25,32268866,30453784,806721650,0.232,0,727870227,22500000,1,39.8,33565916.0,1297050.0,1
REQ-2026-03104,IT,Senior,34,34,1.68,0,0,0,Dell,Precision 5690,Core i9,RTX 3500,32,2560,4,0.85,0.35,3,0,18,49892381,45696394,898062858,0.275,0,1698182615,32000000,1,59.5,51154184.0,1261803.0,1
REQ-2026-03105,Sales,Manager,32,26,6.24,2,1,1,Asus,ROG Zephyrus,Core i9,RTX 4070,40,1024,4,0.55,0.3,3,3,4,36781153,36783069,147124612,0.448,1,333052514,24300000,0,38.5,45352112.0,8570959.0,1
REQ-2026-03106,IT,Manager,45,15,0.49,2,1,0,HP,OmniBook 5,Ryzen 7,Radeon,16,512,2,0.65,0.8,3,1,12,21640220,18668938,259682640,0.397,1,790750623,43200000,1,45.6,24643916.0,3003696.0,0
REQ-2026-03107,IT,Staff,34,47,0.04,1,0,1,HP,ZBook Firefly,Core i7,RTX A500,32,1024,3,0.8,0.6,1,1,25,27865338,28526150,696633450,0.229,1,1679466056,24000000,1,53.1,30047277.0,2181939.0,1
REQ-2026-03108,Sales,Staff,15,23,3.35,0,0,1,HP,ZBook Firefly,Core i7,RTX A500,32,1024,3,0.8,0.6,1,1,24,32447225,30084793,778733400,0.034,1,627448286,13500000,1,48.3,34963015.0,2515790.0,1
REQ-2026-03109,HR,Senior,47,41,1.64,0,1,0,HP,ZBook Firefly,Core i7,RTX A500,32,1024,3,0.8,0.6,3,0,6,34975141,32808462,209850846,0.253,1,85361231,15000000,0,62.3,36572648.0,1597507.0,0
REQ-2026-03110,Finance,Senior,7,37,0.19,0,0,0,HP,ZBook Firefly,Core i7,RTX A500,32,1024,3,0.8,0.6,3,2,1,33103084,29735252,33103084,0.233,1,21258536,20000000,1,61.8,37582958.0,4479874.0,0
REQ-2026-03111,Design,Staff,56,2,0.15,0,0,0,Lenovo,IdeaPad Slim 3,Core i3,Integrated,16,256,1,0.45,0.65,2,2,13,11669109,11566340,151698417,0.305,1,1241819814,22500000,0,40.7,15854191.0,4185082.0,1
REQ-2026-03112,IT,Senior,108,34,0.19,0,0,0,Lenovo,IdeaPad Slim 3,Core i3,Integrated,8,1280,1,0.45,0.65,2,1,18,12581822,12335026,226472796,0.214,0,397284169,32000000,0,32.0,16206837.0,3625015.0,1
REQ-2026-03113,Medical Staff,Manager,46,42,2.34,0,1,0,HP,OmniBook 5,Ryzen 7,Radeon,24,1536,2,0.65,0.8,1,0,22,23694159,22137557,521271498,0.177,0,767344378,29700000,1,37.7,25032047.0,1337888.0,1
REQ-2026-03114,IT,Staff,48,36,0.11,2,0,0,Dell,Latitude 7450,Core i7,Integrated,32,512,2,0.85,0.85,1,0,24,26928880,24103174,646293120,0.492,1,2931497479,24000000,1,53.5,28258429.0,1329549.0,0
REQ-2026-03115,Finance,Manager,46,32,0.59,0,1,0,HP,OmniBook 5,Ryzen 7,Radeon,24,512,2,0.65,0.8,1,0,23,20123285,19584284,462835555,0.046,1,1048109550,27000000,1,33.3,21894872.0,1771587.0,1
REQ-2026-03116,Medical Staff,Staff,64,30,2.23,0,1,0,HP,ProBook 445,Ryzen 5,Radeon,24,1024,1,0.6,0.7,2,0,5,19049228,18420344,95246140,0.17,1,92229637,16500000,1,44.9,20596161.0,1546933.0,1
REQ-2026-03117,Medical Staff,Manager,25,28,0.8,0,1,0,Dell,Inspiron 15,Core i5,Integrated,8,512,1,0.5,0.6,2,1,24,11694852,10784936,280676448,0.63,1,1299940791,29700000,0,45.5,15039555.0,3344703.0,1
REQ-2026-03118,Design,Staff,85,39,0.13,1,0,1,Apple,MacBook Air 13,M3,Apple GPU,8,256,2,0.95,1.0,2,1,15,18307143,18361146,274607145,0.369,0,519615752,22500000,1,64.9,24750624.0,6443481.0,1
REQ-2026-03119,Sales,Staff,40,24,0.98,0,0,1,Asus,ExpertBook B9,Core i7,Iris Xe,16,1024,2,0.8,0.95,1,1,10,27200480,23340617,272004800,0.608,0,125678272,13500000,1,30.9,30886724.0,3686244.0,0
REQ-2026-03120,HR,Staff,28,22,0.44,1,1,0,Dell,Precision 5690,Core i9,RTX 3500,32,2048,4,0.85,0.35,1,0,10,44785212,38171474,447852120,0.39,1,111625994,11250000,0,46.9,46478408.0,1693196.0,0
REQ-2026-03121,Medical Staff,Senior,13,23,1.49,0,1,0,Lenovo,ThinkPad P16,Core i9,RTX A2000,40,2048,4,0.9,0.25,2,1,8,53525164,42784246,428201312,0.491,1,439427078,22000000,0,43.0,56226322.0,2701158.0,0
REQ-2026-03122,Finance,Manager,69,37,0.17,2,1,1,Asus,Vivobook 14,Core i5,Integrated,8,1024,1,0.5,0.7,1,1,2,12533396,12722405,25066792,0.335,0,176991025,27000000,1,27.8,17077884.0,4544488.0,1
REQ-2026-03123,HR,Staff,39,22,0.51,0,1,0,Dell,Latitude 7450,Core i7,Integrated,16,1024,2,0.85,0.85,1,1,9,22761833,24146604,204856497,0.323,1,134274526,11250000,1,49.6,25227818.0,2465985.0,0
REQ-2026-03124,Sales,Staff,6,54,1.59,0,0,0,Asus,ExpertBook B9,Core i7,Iris Xe,24,1536,2,0.8,0.95,1,0,11,31324103,28384983,344565133,0.577,0,132535456,13500000,1,47.2,32763515.0,1439412.0,0
REQ-2026-03125,HR,Manager,55,57,0.54,0,1,0,Dell,Inspiron 15,Core i5,Integrated,8,512,1,0.5,0.6,1,0,11,11076099,9381476,121837089,0.124,1,398822562,20250000,1,39.7,12691249.0,1615150.0,1
REQ-2026-03126,Sales,Staff,94,43,2.34,0,0,0,Dell,Latitude 7450,Core i7,Integrated,32,512,2,0.85,0.85,1,1,4,27623694,26721156,110494776,0.455,0,150764890,13500000,1,48.0,30079960.0,2456266.0,1
REQ-2026-03127,Design,Senior,36,32,0.07,0,0,0,Apple,MacBook Air 13,M3,Apple GPU,8,256,2,0.95,1.0,3,1,6,20887034,20006304,125322204,0.049,1,283603718,30000000,1,55.0,26510725.0,5623691.0,1
REQ-2026-03128,Design,Senior,57,33,0.4,0,0,0,Dell,Precision 5690,Core i9,RTX 3500,32,2560,4,0.85,0.35,1,1,22,43369868,42628174,954137096,0.304,1,712341257,30000000,1,40.7,46763315.0,3393447.0,0
REQ-2026-03129,Design,Senior,18,22,0.41,0,1,0,Apple,MacBook Pro 14,M3 Pro,Apple GPU,26,1536,4,0.95,0.85,2,2,8,41250587,35129357,330004696,0.435,1,145622242,30000000,1,46.5,49096471.0,7845884.0,0
REQ-2026-03130,Sales,Staff,8,17,6.63,0,0,1,Asus,ExpertBook B9,Core i7,Iris Xe,32,1024,2,0.8,0.95,1,1,10,30584138,28709324,305841380,0.112,1,197219321,13500000,1,36.8,33426778.0,2842640.0,0
REQ-2026-03131,Design,Director,29,46,0.51,0,0,0,Apple,MacBook Pro 14,M3 Pro,Apple GPU,18,1536,4,0.95,0.85,1,0,21,35938196,34859076,754702116,0.363,1,1503329210,57000000,1,48.7,40334441.0,4396245.0,1
REQ-2026-03132,Finance,Director,18,17,0.17,2,1,0,Asus,Vivobook 14,Core i5,Integrated,16,1536,1,0.5,0.7,3,1,2,19707193,18609782,39414386,0.354,1,313959359,38000000,1,36.5,23623286.0,3916093.0,1
REQ-2026-03133,Finance,Manager,109,50,0.43,0,1,0,Lenovo,ThinkPad T14,Core i5,Integrated,16,512,2,0.92,0.75,1,0,5,17685056,17903103,88425280,0.672,1,690446974,27000000,1,51.8,19306063.0,1621007.0,1
REQ-2026-03134,Medical Staff,Senior,10,28,0.97,0,1,0,Asus,ExpertBook B9,Core i7,Iris Xe,16,1024,2,0.8,0.95,1,0,24,22084734,24262870,530033616,0.508,0,1263449561,22000000,1,40.2,23389259.0,1304525.0,1
REQ-2026-03135,Sales,Staff,10,43,5.96,2,0,1,Lenovo,IdeaPad Slim 3,Core i3,Integrated,8,256,1,0.45,0.65,2,3,5,9299242,9091619,46496210,0.131,1,187799521,13500000,1,20.7,16652942.0,7353700.0,1
REQ-2026-03136,HR,Staff,76,32,0.26,1,1,0,Dell,Latitude 7450,Core i7,Integrated,16,1536,2,0.85,0.85,3,1,19,32728670,29307516,621844730,0.352,0,165135666,11250000,1,54.8,35348952.0,2620282.0,0
REQ-2026-03137,Sales,Staff,144,20,4.53,1,0,0,Lenovo,ThinkPad T14,Core i5,Integrated,16,512,2,0.92,0.75,2,1,5,20582319,18849558,102911595,0.466,1,45081389,13500000,1,27.2,24048505.0,3466186.0,0
REQ-2026-03138,Medical Staff,Senior,64,46,1.07,0,0,1,Dell,Inspiron 15,Core i5,Integrated,16,512,1,0.5,0.6,1,2,13,12123332,11823166,157603316,0.4,1,1003270732,22000000,1,25.8,19702474.0,7579142.0,1
REQ-2026-03139,Finance,Staff,20,39,1.24,0,1,1,HP,ProBook 445,Ryzen 5,Radeon,8,512,1,0.6,0.7,3,0,2,13221167,14118855,26442334,0.102,0,30941429,15000000,0,54.3,14619047.0,1397880.0,1
REQ-2026-03140,Medical Staff,Manager,26,65,1.15,0,1,0,HP,ProBook 445,Ryzen 5,Radeon,24,512,1,0.6,0.7,1,0,23,16458895,15487432,378554585,0.488,1,988329129,29700000,1,38.1,18004711.0,1545816.0,1
REQ-2026-03141,Medical Staff,Staff,32,34,0.62,2,1,0,Apple,MacBook Air 13,M3,Apple GPU,16,256,2,0.95,1.0,1,0,3,18896296,19744175,56688888,0.346,1,116486584,16500000,1,42.8,23262021.0,4365725.0,1
REQ-2026-03142,HR,Staff,25,32,0.84,0,0,0,Lenovo,IdeaPad Slim 3,Core i3,Integrated,24,1280,1,0.45,0.65,2,0,16,17807599,16650776,284921584,0.425,0,1129690746,11250000,1,41.8,19180766.0,1373167.0,1
REQ-2026-03143,HR,Senior,214,14,0.13,0,0,0,Lenovo,ThinkPad X1,Core i7,Iris Xe,16,1024,3,0.9,0.95,2,0,8,29743831,29188641,237950648,0.184,1,175261001,15000000,1,45.9,30861167.0,1117336.0,0
REQ-2026-03144,Medical Staff,Senior,34,34,0.28,0,1,0,Apple,MacBook Air 13,M3,Apple GPU,8,256,2,0.95,1.0,2,1,14,18447061,17833291,258258854,0.026,0,343018144,22000000,1,54.3,24488975.0,6041914.0,1
REQ-2026-03145,Sales,Manager,48,27,10.12,0,0,0,HP,OmniBook 5,Ryzen 7,Radeon,24,1024,2,0.65,0.8,2,1,8,22946414,21001740,183571312,0.32,0,665805091,24300000,1,33.5,26319789.0,3373375.0,1
REQ-2026-03146,Finance,Senior,25,33,1.55,0,1,0,HP,ProBook 445,Ryzen 5,Radeon,8,1024,1,0.6,0.7,1,1,8,12526585,14107977,100212680,0.286,1,281807869,20000000,1,59.8,15719067.0,3192482.0,1
REQ-2026-03147,Sales,Senior,39,31,2.65,0,1,1,Lenovo,ThinkPad T14,Core i5,Integrated,24,1536,2,0.92,0.75,1,0,1,24781746,23495483,24781746,0.5,0,57964760,18000000,1,56.8,26262960.0,1481214.0,1
REQ-2026-03148,Sales,Manager,31,50,6.16,0,0,0,Lenovo,ThinkPad P16,Core i9,RTX A2000,40,1536,4,0.9,0.25,3,2,7,41210021,42880585,288470147,0.347,0,131486568,24300000,1,43.1,46003163.0,4793142.0,0
REQ-2026-03149,Finance,Senior,40,46,1.27,0,1,0,Asus,Vivobook 14,Core i5,Integrated,8,512,1,0.5,0.7,2,1,16,12551050,11581220,200816800,0.273,0,400917581,20000000,1,29.2,17307519.0,4756469.0,1
REQ-2026-03150,Medical Staff,Manager,67,40,0.48,1,1,0,Lenovo,ThinkPad P16,Core i9,RTX A2000,32,1024,4,0.9,0.25,3,1,2,42215139,42243677,84430278,0.368,0,91909701,29700000,0,50.4,45483215.0,3268076.0,1
REQ-2026-03151,Design,Senior,94,30,0.58,1,1,0,Asus,Vivobook 14,Core i5,Integrated,24,512,1,0.5,0.7,1,3,11,16191738,13671960,178109118,0.134,1,1030441714,30000000,0,30.9,24863655.0,8671917.0,1
REQ-2026-03152,HR,Staff,66,33,0.1,2,1,0,Dell,Latitude 7450,Core i7,Integrated,16,512,2,0.85,0.85,1,0,13,22794881,21962221,296333453,0.571,0,201655360,11250000,1,50.9,24386746.0,1591865.0,0
REQ-2026-03153,HR,Manager,92,40,0.26,2,1,0,Asus,ROG Zephyrus,Core i9,RTX 4070,40,1024,4,0.55,0.3,1,0,7,31307666,35630383,219153662,0.25,0,170916308,20250000,1,33.7,33396928.0,2089262.0,0
REQ-2026-03154,HR,Manager,49,47,0.66,0,1,0,HP,ProBook 445,Ryzen 5,Radeon,16,512,1,0.6,0.7,1,2,4,16580184,13510680,66320736,0.179,0,71183683,20250000,1,41.1,22390564.0,5810380.0,1
REQ-2026-03155,Medical Staff,Senior,45,12,0.76,0,0,0,Apple,MacBook Air 13,M3,Apple GPU,8,256,2,0.95,1.0,1,2,22,22018090,17904880,484397980,0.585,1,366701416,22000000,1,45.0,31164007.0,9145917.0,0
REQ-2026-03156,Sales,Manager,18,33,1.26,1,0,0,Dell,Latitude 7450,Core i7,Integrated,16,1536,2,0.85,0.85,3,1,1,29544344,28221235,29544344,0.295,0,50694248,24300000,1,59.2,33631996.0,4087652.0,1
REQ-2026-03157,Design,Manager,100,25,0.32,1,0,0,Lenovo,IdeaPad Slim 3,Core i3,Integrated,8,256,1,0.45,0.65,1,0,4,9613407,7914876,38453628,0.296,0,198354485,40500000,0,22.9,13418600.0,3805193.0,1
REQ-2026-03158,Medical Staff,Staff,52,52,0.92,0,1,1,Asus,ROG Zephyrus,Core i9,RTX 4070,32,1024,4,0.55,0.3,1,1,5,38308757,32986054,191543785,0.365,1,100645663,16500000,0,25.2,42867436.0,4558679.0,0
REQ-2026-03159,Sales,Senior,73,23,6.55,0,1,0,Dell,Inspiron 15,Core i5,Integrated,8,512,1,0.5,0.6,2,0,14,11169981,11022091,156379734,0.305,0,542977699,18000000,1,40.1,12600645.0,1430664.0,1
REQ-2026-03160,IT,Director,43,37,0.02,1,1,1,Asus,ROG Zephyrus,Core i9,RTX 4070,40,1024,4,0.55,0.3,3,0,18,36548266,37149008,657868788,0.098,1,1743444765,60800000,1,52.9,38193954.0,1645688.0,1
REQ-2026-03161,Finance,Manager,17,35,0.94,0,1,0,Dell,Precision 5690,Core i9,RTX 3500,40,2560,4,0.85,0.35,2,1,14,45515718,46333041,637220052,0.608,0,481301706,27000000,0,38.3,48193341.0,2677623.0,0
REQ-2026-03162,IT,Manager,12,24,0.62,1,1,0,Dell,Precision 5690,Core i9,RTX 3500,40,2048,4,0.85,0.35,1,0,17,41638376,41129885,707852392,0.24,0,1562254176,43200000,1,45.7,42903059.0,1264683.0,1
REQ-2026-03163,Finance,Director,12,28,1.89,1,1,0,Asus,Vivobook 14,Core i5,Integrated,16,1024,1,0.5,0.7,1,3,7,14328513,14860357,100299591,0.345,1,578501859,38000000,1,45.0,24173433.0,9844920.0,1
REQ-2026-03164,Design,Manager,24,43,1.02,0,0,0,Dell,Latitude 7450,Core i7,Integrated,24,1536,2,0.85,0.85,2,1,4,32984108,27231066,131936432,0.107,1,165287653,40500000,1,48.5,36838437.0,3854329.0,1
REQ-2026-03165,Medical Staff,Staff,17,29,1.4,0,1,0,Asus,Vivobook 14,Core i5,Integrated,8,512,1,0.5,0.7,1,2,14,11010060,10569650,154140840,0.502,0,204636572,16500000,1,32.1,15918909.0,4908849.0,1
REQ-2026-03166,Finance,Staff,11,54,0.09,3,1,0,Lenovo,ThinkPad P16,Core i9,RTX A2000,32,1024,4,0.9,0.25,2,1,14,39880145,37310273,558322030,0.186,1,322907562,15000000,0,48.0,42916849.0,3036704.0,0
REQ-2026-03167,HR,Staff,91,41,0.33,2,0,1,Dell,Inspiron 15,Core i5,Integrated,8,1024,1,0.5,0.6,2,0,14,12053726,12341837,168752164,0.163,1,345974571,11250000,1,35.7,13401134.0,1347408.0,1
REQ-2026-03168,Sales,Staff,22,32,2.62,1,1,0,Apple,MacBook Air 13,M3,Apple GPU,8,768,2,0.95,1.0,1,2,24,17123628,21126086,410967072,0.063,0,501564086,13500000,1,42.8,24367985.0,7244357.0,1
REQ-2026-03169,Finance,Manager,55,23,0.87,0,1,0,Lenovo,ThinkPad P16,Core i9,RTX A2000,32,1024,4,0.9,0.25,3,1,15,40279408,39662783,604191120,0.25,1,486986980,27000000,1,39.9,43988113.0,3708705.0,1
REQ-2026-03170,HR,Senior,101,16,0.27,0,1,0,Apple,MacBook Pro 14,M3 Pro,Apple GPU,26,512,4,0.95,0.85,3,0,2,33423556,34570740,66847112,0.171,0,123474750,15000000,1,77.9,37748808.0,4325252.0,0
REQ-2026-03171,Finance,Staff,17,35,0.29,0,1,0,Apple,MacBook Pro 14,M3 Pro,Apple GPU,26,512,4,0.95,0.85,2,1,23,31451341,33812708,723380843,0.439,1,358265733,15000000,1,55.2,37512941.0,6061600.0,0
REQ-2026-03172,Sales,Senior,40,35,3.17,0,1,0,Dell,Latitude 7450,Core i7,Integrated,16,512,2,0.85,0.85,2,3,17,18016178,23090034,306275026,0.481,0,602752975,18000000,1,40.0,24499773.0,6483595.0,1
REQ-2026-03173,Finance,Senior,48,24,1.21,1,1,1,Asus,Vivobook 14,Core i5,Integrated,8,512,1,0.5,0.7,1,2,9,10541110,10290754,94869990,0.058,0,147022569,20000000,1,36.8,16053469.0,5512359.0,1
REQ-2026-03174,Finance,Staff,31,37,0.84,1,1,0,Lenovo,ThinkPad T14,Core i5,Integrated,24,512,2,0.92,0.75,2,1,6,23841660,19233222,143049960,0.091,0,266803185,15000000,1,67.9,26538318.0,2696658.0,0
REQ-2026-03175,IT,Staff,59,28,0.63,0,1,0,Dell,Precision 5690,Core i9,RTX 3500,32,2560,4,0.85,0.35,1,0,17,53451898,43095386,908682266,0.487,0,537405594,24000000,0,49.4,54753294.0,1301396.0,0
REQ-2026-03176,HR,Staff,32,32,1.52,0,1,0,Apple,MacBook Air 13,M3,Apple GPU,8,256,2,0.95,1.0,1,1,7,16884526,17511000,118191682,0.217,1,94274224,11250000,1,44.7,22620913.0,5736387.0,1
REQ-2026-03177,Design,Senior,39,22,0.33,2,0,0,Dell,Inspiron 15,Core i5,Integrated,24,1024,1,0.5,0.6,1,1,5,15942874,15456303,79714370,0.453,1,221807330,30000000,1,18.6,21455488.0,5512614.0,1
REQ-2026-03178,IT,Staff,12,33,0.45,0,0,0,Lenovo,IdeaPad Slim 3,Core i3,Integrated,8,256,1,0.45,0.65,3,0,14,10359083,10535418,145027162,0.086,1,587472736,24000000,0,63.4,12163345.0,1804262.0,1
REQ-2026-03179,IT,Senior,15,8,0.49,0,0,0,Lenovo,ThinkPad P16,Core i9,RTX A2000,48,1024,4,0.9,0.25,2,1,20,44752255,42702155,895045100,0.385,1,1521826294,32000000,1,72.2,47437132.0,2684877.0,0
REQ-2026-03180,Sales,Senior,30,35,3.66,0,0,0,Apple,MacBook Air 13,M3,Apple GPU,24,256,2,0.95,1.0,3,5,17,24456722,23327239,415764274,0.09,1,640069072,18000000,1,44.3,37022065.0,12565343.0,1
REQ-2026-03181,Finance,Senior,129,8,0.25,1,1,1,Lenovo,ThinkPad T14,Core i5,Integrated,32,512,2,0.92,0.75,3,0,16,24420533,24191371,390728528,0.141,1,451883454,20000000,1,75.4,25438626.0,1018093.0,1
REQ-2026-03182,IT,Staff,50,44,0.57,1,0,0,Lenovo,ThinkPad X1,Core i7,Iris Xe,16,1024,3,0.9,0.95,1,0,3,25990674,27993701,77972022,0.294,0,106639628,24000000,1,46.5,27700881.0,1710207.0,1
REQ-2026-03183,Medical Staff,Staff,74,45,2.31,0,1,0,Apple,MacBook Air 13,M3,Apple GPU,16,256,2,0.95,1.0,1,0,15,16983757,19387578,254756355,0.355,1,413398845,16500000,1,40.7,21563347.0,4579590.0,1
REQ-2026-03184,HR,Staff,13,31,0.35,1,0,0,HP,OmniBook 5,Ryzen 7,Radeon,16,512,2,0.65,0.8,2,1,15,20079715,18410208,301195725,0.173,1,200318304,11250000,1,48.3,22514492.0,2434777.0,1
REQ-2026-03185,Medical Staff,Senior,72,39,1.06,0,1,0,Lenovo,ThinkPad P16,Core i9,RTX A2000,32,1536,4,0.9,0.25,1,5,7,31859504,39506487,223016528,0.04,1,101804395,22000000,0,55.8,41814707.0,9955203.0,1
REQ-2026-03186,Finance,Staff,31,49,0.78,2,1,1,Asus,ROG Zephyrus,Core i9,RTX 4070,32,1024,4,0.55,0.3,1,1,17,33433095,33233143,568362615,0.257,0,872250328,15000000,0,33.3,36423093.0,2989998.0,1
REQ-2026-03187,Finance,Director,60,53,0.59,1,1,0,Lenovo,IdeaPad Slim 3,Core i3,Integrated,16,256,1,0.45,0.65,3,1,1,13922274,11707474,13922274,0.792,1,54084914,38000000,1,39.4,18231651.0,4309377.0,1
REQ-2026-03188,Sales,Senior,35,12,5.07,2,1,0,Apple,MacBook Air 13,M3,Apple GPU,8,768,2,0.95,1.0,3,0,15,22278725,21222670,334180875,0.299,1,515502692,18000000,0,64.1,27102337.0,4823612.0,1
REQ-2026-03189,IT,Director,23,27,0.82,1,1,0,Lenovo,IdeaPad Slim 3,Core i3,Integrated,8,768,1,0.45,0.65,1,1,22,11081292,10038249,243788424,0.094,1,2096112997,60800000,0,23.6,17083419.0,6002127.0,1
REQ-2026-03190,Design,Staff,6,33,0.6,0,0,0,Dell,Precision 5690,Core i9,RTX 3500,40,2048,4,0.85,0.35,1,0,16,41676089,43032113,666817424,0.128,0,352884730,22500000,0,31.3,44388140.0,2712051.0,1
REQ-2026-03191,Medical Staff,Staff,48,19,0.14,1,1,0,Lenovo,ThinkPad P16,Core i9,RTX A2000,32,1024,4,0.9,0.25,2,0,24,38056491,35060577,913355784,0.423,1,1281444130,16500000,1,50.2,39678197.0,1621706.0,0
REQ-2026-03192,Medical Staff,Staff,80,27,2.11,1,0,0,Dell,Latitude 7450,Core i7,Integrated,16,512,2,0.85,0.85,1,0,12,24750059,20978903,297000708,0.382,0,343767817,16500000,1,53.4,26445496.0,1695437.0,0
REQ-2026-03193,Finance,Senior,41,25,1.47,0,1,1,Dell,Latitude 7450,Core i7,Integrated,16,1536,2,0.85,0.85,2,2,5,26470152,25535796,132350760,0.693,0,157538220,20000000,0,53.4,32504069.0,6033917.0,1
REQ-2026-03194,HR,Senior,42,33,0.39,0,0,0,HP,ProBook 445,Ryzen 5,Radeon,8,512,1,0.6,0.7,3,1,7,14062243,14452494,98435701,0.063,1,221140486,15000000,1,47.8,17287911.0,3225668.0,1
REQ-2026-03195,Finance,Staff,46,42,0.69,1,1,0,Dell,Latitude 7450,Core i7,Integrated,16,512,2,0.85,0.85,1,1,5,23021693,20263422,115108465,0.193,1,145893904,15000000,1,51.7,26229815.0,3208122.0,0
REQ-2026-03196,Design,Staff,38,42,0.86,1,0,0,HP,OmniBook 5,Ryzen 7,Radeon,24,512,2,0.65,0.8,2,1,23,18403328,19774790,423276544,0.27,1,470834261,22500000,1,40.2,21219736.0,2816408.0,1
REQ-2026-03197,Finance,Senior,35,25,0.53,1,1,0,Lenovo,ThinkPad X1,Core i7,Iris Xe,24,1024,3,0.9,0.95,3,0,7,36264623,30227706,253852361,0.463,0,829288520,20000000,0,50.5,37689883.0,1425260.0,1
REQ-2026-03198,Finance,Senior,32,17,0.53,0,1,0,Dell,Latitude 7450,Core i7,Integrated,16,512,2,0.85,0.85,2,1,10,19064110,22816202,190641100,0.195,1,220909211,20000000,1,59.5,23248710.0,4184600.0,1
REQ-2026-03199,Design,Senior,34,56,0.24,0,0,0,Dell,Inspiron 15,Core i5,Integrated,16,512,1,0.5,0.6,1,2,4,11149929,12061457,44599716,0.293,1,220878171,30000000,0,44.6,15746925.0,4596996.0,1
REQ-2026-03200,Medical Staff,Manager,18,68,1.53,1,1,0,Dell,Inspiron 15,Core i5,Integrated,8,512,1,0.5,0.6,1,1,9,10582926,9149490,95246334,0.47,1,453768787,29700000,0,37.4,13517629.0,2934703.0,1
REQ-2026-03201,Medical Staff,Staff,54,36,0.57,1,1,1,Lenovo,ThinkPad P16,Core i9,RTX A2000,32,1536,4,0.9,0.25,1,0,10,44546642,37810879,445466420,0.265,1,294800581,16500000,0,49.5,46112942.0,1566300.0,0
REQ-2026-03202,IT,Staff,29,50,1.38,0,0,0,Dell,Precision 5690,Core i9,RTX 3500,32,2560,4,0.85,0.35,2,0,3,49667786,44343230,149003358,0.296,1,96862442,24000000,1,45.9,51492875.0,1825089.0,0
REQ-2026-03203,Finance,Staff,40,40,1.07,0,1,0,Asus,ROG Zephyrus,Core i9,RTX 4070,40,1024,4,0.55,0.3,2,1,25,39095445,37592374,977386125,0.3,1,286213286,15000000,1,40.7,41610167.0,2514722.0,0
REQ-2026-03204,Finance,Manager,62,27,0.36,1,1,0,HP,OmniBook 5,Ryzen 7,Radeon,24,1024,2,0.65,0.8,2,1,13,20372966,23392038,264848558,0.415,0,697695652,27000000,1,32.8,24523396.0,4150430.0,1
REQ-2026-03205,Medical Staff,Manager,74,37,0.71,0,1,0,HP,OmniBook 5,Ryzen 7,Radeon,24,512,2,0.65,0.8,2,1,5,20919518,20207261,104597590,0.487,1,153334727,29700000,1,47.0,24507056.0,3587538.0,1
REQ-2026-03206,Medical Staff,Staff,58,43,1.02,0,1,0,Lenovo,ThinkPad X1,Core i7,Iris Xe,16,1536,3,0.9,0.95,3,0,12,31322759,31012923,375873108,0.585,1,133912811,16500000,1,49.0,33554754.0,2231995.0,0
REQ-2026-03207,HR,Staff,54,34,0.11,0,0,0,Apple,MacBook Air 13,M3,Apple GPU,8,256,2,0.95,1.0,3,0,3,17277841,19788997,51833523,0.476,0,88300025,11250000,1,75.8,21900141.0,4622300.0,1
REQ-2026-03208,IT,Senior,33,50,1.43,1,1,0,Apple,MacBook Pro 14,M3 Pro,Apple GPU,18,512,4,0.95,0.85,1,2,6,34558839,30386085,207353034,0.307,0,212829777,32000000,0,54.6,42853418.0,8294579.0,1
REQ-2026-03209,IT,Staff,14,50,0.33,0,0,0,Asus,ROG Zephyrus,Core i9,RTX 4070,32,2048,4,0.55,0.3,1,2,12,43772756,37242914,525273072,0.409,1,521633301,24000000,0,37.0,47156140.0,3383384.0,1
REQ-2026-03210,IT,Senior,51,30,0.14,1,0,1,Lenovo,ThinkPad P16,Core i9,RTX A2000,48,1024,4,0.9,0.25,1,0,10,36907881,41342768,369078810,0.217,1,1293149146,32000000,1,43.3,38648268.0,1740387.0,1
REQ-2026-03211,IT,Staff,87,69,1.11,1,0,0,Lenovo,ThinkPad P16,Core i9,RTX A2000,32,1024,4,0.9,0.25,2,0,11,39321003,37902811,432531033,0.024,0,417019193,24000000,0,66.7,40904129.0,1583126.0,1
REQ-2026-03212,Finance,Staff,26,34,1.26,0,1,0,Apple,MacBook Pro 14,M3 Pro,Apple GPU,18,512,4,0.95,0.85,3,1,5,37277434,33852925,186387170,0.434,0,153308962,15000000,0,75.1,43285093.0,6007659.0,0
REQ-2026-03213,Medical Staff,Manager,55,22,2.86,1,1,1,HP,ZBook Firefly,Core i7,RTX A500,32,1024,3,0.8,0.6,1,2,13,35036502,28980928,455474526,0.257,1,498132007,29700000,1,26.7,41325753.0,6289251.0,1
REQ-2026-03214,Medical Staff,Manager,33,48,0.18,0,1,0,Dell,Precision 5690,Core i9,RTX 3500,40,3072,4,0.85,0.35,1,4,22,53610409,46455876,1179428998,0.105,1,942390285,29700000,0,39.3,65196842.0,11586433.0,0
REQ-2026-03215,Medical Staff,Staff,24,29,1.32,0,1,1,Dell,Inspiron 15,Core i5,Integrated,8,512,1,0.5,0.6,2,1,23,9545046,10686324,219536058,0.252,0,634118656,16500000,0,39.3,12571997.0,3026951.0,1
REQ-2026-03216,Sales,Manager,8,25,1.2,1,0,0,Dell,Latitude 7450,Core i7,Integrated,16,512,2,0.85,0.85,2,4,22,20181910,21810587,444002020,0.6,1,911523235,24300000,1,52.3,27212250.0,7030340.0,1
REQ-2026-03217,IT,Senior,48,31,0.31,1,1,1,Asus,ExpertBook B9,Core i7,Iris Xe,16,1024,2,0.8,0.95,2,0,21,29095124,26667782,610997604,0.412,0,2224003781,32000000,1,45.1,30264341.0,1169217.0,1
REQ-2026-03218,Finance,Senior,79,28,1.13,0,1,0,Asus,Vivobook 14,Core i5,Integrated,24,512,1,0.5,0.7,2,1,11,14743072,15735043,162173792,0.494,1,1037742805,20000000,1,47.7,17466042.0,2722970.0,1
REQ-2026-03219,Design,Staff,15,34,0.1,0,0,0,Lenovo,ThinkPad X1,Core i7,Iris Xe,24,1536,3,0.9,0.95,2,0,12,30436421,32605562,365237052,0.078,0,341246117,22500000,1,72.1,32176380.0,1739959.0,1
REQ-2026-03220,Sales,Staff,28,1,1.81,1,1,0,Lenovo,ThinkPad X1,Core i7,Iris Xe,16,1024,3,0.9,0.95,1,0,20,24131917,27788794,482638340,0.544,1,889907418,13500000,0,45.6,25860497.0,1728580.0,0
REQ-2026-03221,Sales,Senior,89,13,1.56,0,1,0,Dell,Latitude 7450,Core i7,Integrated,32,512,2,0.85,0.85,1,0,22,25550954,24479931,562120988,0.387,0,403110339,18000000,0,57.6,27306921.0,1755967.0,1
REQ-2026-03222,Finance,Manager,63,36,0.84,2,0,1,Asus,Vivobook 14,Core i5,Integrated,8,1536,1,0.5,0.7,1,1,2,15374685,14824679,30749370,0.426,1,122607549,27000000,0,15.7,21888847.0,6514162.0,1
REQ-2026-03223,Medical Staff,Manager,26,29,0.95,0,1,1,Lenovo,ThinkPad X1,Core i7,Iris Xe,32,1024,3,0.9,0.95,1,0,7,34846895,30437183,243928265,0.277,0,370753692,29700000,1,48.4,36940238.0,2093343.0,1
REQ-2026-03224,Finance,Staff,15,22,1.1,0,1,0,Lenovo,ThinkPad P16,Core i9,RTX A2000,32,1024,4,0.9,0.25,1,4,16,40345738,35915625,645531808,0.22,1,624447757,15000000,1,40.2,46282680.0,5936942.0,0
REQ-2026-03225,Finance,Staff,14,4,1.43,0,1,0,Asus,Vivobook 14,Core i5,Integrated,16,512,1,0.5,0.7,2,4,6,14798275,13753335,88789650,0.194,0,161887909,15000000,1,43.8,21032454.0,6234179.0,1
REQ-2026-03226,Sales,Staff,54,15,11.7,0,1,0,Asus,Vivobook 14,Core i5,Integrated,16,512,1,0.5,0.7,2,2,6,14511760,12948832,87070560,0.333,0,52197489,13500000,1,19.9,20067086.0,5555326.0,0
REQ-2026-03227,Sales,Manager,68,49,2.98,0,0,0,Asus,Vivobook 14,Core i5,Integrated,8,512,1,0.5,0.7,1,3,23,9926281,9888972,228304463,0.562,0,1816683708,24300000,1,36.8,20171056.0,10244775.0,1
REQ-2026-03228,Design,Staff,40,40,1.4,2,0,1,HP,OmniBook 5,Ryzen 7,Radeon,16,512,2,0.65,0.8,2,3,1,19570670,17202625,19570670,0.36,1,143893417,22500000,1,27.1,27084321.0,7513651.0,1
REQ-2026-03229,IT,Manager,26,20,0.14,1,0,0,Lenovo,IdeaPad Slim 3,Core i3,Integrated,24,256,1,0.45,0.65,1,2,19,10865551,11471432,206445469,0.397,0,422366277,43200000,0,31.4,17774841.0,6909290.0,1
REQ-2026-03230,Finance,Staff,18,51,0.65,0,1,0,Lenovo,IdeaPad Slim 3,Core i3,Integrated,8,768,1,0.45,0.65,2,1,8,12027882,10419983,96223056,0.057,1,139721126,15000000,0,29.0,15791659.0,3763777.0,1
REQ-2026-03231,Finance,Senior,58,30,1.26,0,1,0,HP,ZBook Firefly,Core i7,RTX A500,48,1024,3,0.8,0.6,2,0,19,33246440,35222305,631682360,0.207,1,1644320922,20000000,0,36.4,34695974.0,1449534.0,1
REQ-2026-03232,Finance,Senior,93,46,0.82,0,1,0,Dell,Latitude 7450,Core i7,Integrated,16,512,2,0.85,0.85,1,1,23,22945729,20516831,527751767,0.311,1,1071336950,20000000,1,49.9,25784695.0,2838966.0,1
REQ-2026-03233,IT,Manager,23,40,1.69,0,0,0,Dell,Inspiron 15,Core i5,Integrated,16,1024,1,0.5,0.6,1,1,1,14318899,13041016,14318899,0.396,1,22616124,43200000,0,27.9,18760002.0,4441103.0,1
REQ-2026-03234,IT,Senior,23,35,1.06,0,0,0,HP,ZBook Firefly,Core i7,RTX A500,48,1024,3,0.8,0.6,1,1,9,30712584,33674085,276413256,0.397,0,405774732,32000000,1,27.4,35238920.0,4526336.0,1
REQ-2026-03235,Finance,Staff,45,24,1.46,0,1,1,HP,ProBook 445,Ryzen 5,Radeon,24,512,1,0.6,0.7,3,3,25,18598413,17818650,464960325,0.48,1,2517416137,15000000,1,52.2,24896392.0,6297979.0,1
REQ-2026-03236,Finance,Senior,30,48,0.5,0,1,0,Dell,Latitude 7450,Core i7,Integrated,16,1024,2,0.85,0.85,1,0,7,24344463,23119293,170411241,0.518,0,107533758,20000000,1,51.0,25845461.0,1500998.0,1
REQ-2026-03237,Medical Staff,Director,129,34,1.34,0,0,0,Dell,Precision 5690,Core i9,RTX 3500,32,2048,4,0.85,0.35,1,1,22,41909441,41457907,922007702,0.332,1,1530590485,41800000,1,55.9,45413777.0,3504336.0,1
REQ-2026-03238,Design,Senior,55,48,0.66,0,0,0,Asus,Vivobook 14,Core i5,Integrated,8,512,1,0.5,0.7,2,2,3,10226585,11057625,30679755,0.421,1,182352907,30000000,0,34.0,15192178.0,4965593.0,1
REQ-2026-03239,Design,Senior,62,35,0.48,1,1,0,Apple,MacBook Air 13,M3,Apple GPU,8,256,2,0.95,1.0,2,1,6,21884200,18918563,131305200,0.426,1,360367331,30000000,0,41.6,27580801.0,5696601.0,1
REQ-2026-03240,IT,Senior,82,44,0.8,1,1,0,Asus,Vivobook 14,Core i5,Integrated,8,1024,1,0.5,0.7,1,0,23,13824103,11667872,317954369,0.468,0,228530825,32000000,0,20.7,18410969.0,4586866.0,0
REQ-2026-03241,Medical Staff,Senior,55,54,0.67,0,1,1,Lenovo,IdeaPad Slim 3,Core i3,Integrated,8,256,1,0.45,0.65,1,2,4,8226018,7200614,32904072,0.322,1,313619979,22000000,1,49.0,12569157.0,4343139.0,1
REQ-2026-03242,Medical Staff,Staff,77,15,0.55,0,1,0,HP,ProBook 445,Ryzen 5,Radeon,24,512,1,0.6,0.7,2,0,11,16345291,17177457,179798201,0.044,1,481912203,16500000,1,47.4,17889553.0,1544262.0,1
REQ-2026-03243,HR,Staff,23,40,0.25,0,1,0,Lenovo,IdeaPad Slim 3,Core i3,Integrated,24,256,1,0.45,0.65,2,1,1,13082302,13478033,13082302,0.475,0,21301156,11250000,1,42.5,15243253.0,2160951.0,1
REQ-2026-03244,Finance,Manager,20,39,1.08,0,1,0,Lenovo,ThinkPad P16,Core i9,RTX A2000,32,1536,4,0.9,0.25,1,3,2,44498440,40399896,88996880,0.422,0,49591234,27000000,0,41.7,50518221.0,6019781.0,1
REQ-2026-03245,IT,Manager,12,66,1.58,0,0,0,Apple,MacBook Pro 14,M3 Pro,Apple GPU,26,512,4,0.95,0.85,3,1,18,35945061,35563740,647011098,0.288,0,780263951,43200000,1,71.7,42937940.0,6992879.0,1
REQ-2026-03246,Finance,Staff,95,57,0.45,0,1,0,Asus,ExpertBook B9,Core i7,Iris Xe,16,1024,2,0.8,0.95,3,0,6,29205037,25954507,175230222,0.044,0,433985422,15000000,1,46.9,30271018.0,1065981.0,1
REQ-2026-03247,Finance,Staff,45,41,2.35,0,1,0,Lenovo,ThinkPad P16,Core i9,RTX A2000,32,1024,4,0.9,0.25,2,3,24,44109876,40147819,1058637024,0.682,0,585041028,15000000,0,47.1,48828537.0,4718661.0,0
REQ-2026-03248,HR,Manager,72,21,0.18,0,0,0,Apple,MacBook Air 13,M3,Apple GPU,8,256,2,0.95,1.0,1,2,9,15097104,17538489,135873936,0.358,1,321895272,20250000,1,39.8,23557839.0,8460735.0,1
REQ-2026-03249,HR,Staff,39,39,0.78,0,0,0,Dell,Precision 5690,Core i9,RTX 3500,32,2048,4,0.85,0.35,1,1,10,31943120,41073346,319431200,0.209,1,100870028,11250000,1,56.2,35195884.0,3252764.0,0
REQ-2026-03250,HR,Staff,86,41,1.38,0,0,0,Asus,ExpertBook B9,Core i7,Iris Xe,32,1024,2,0.8,0.95,1,0,22,30676723,26233827,674887906,0.304,0,240729500,11250000,1,52.8,31678719.0,1001996.0,0
REQ-2026-03251,HR,Staff,25,41,0.9,0,0,0,Dell,Latitude 7450,Core i7,Integrated,16,1024,2,0.85,0.85,1,3,21,22118514,24209673,464488794,0.266,1,243460245,11250000,1,39.4,26887203.0,4768689.0,0
REQ-2026-03252,Design,Staff,73,29,1.52,1,0,1,Apple,MacBook Air 13,M3,Apple GPU,16,256,2,0.95,1.0,2,1,5,23135852,20950273,115679260,0.362,0,442583806,22500000,0,55.4,29130703.0,5994851.0,1
REQ-2026-03253,Finance,Manager,40,43,2.41,1,1,0,Asus,ExpertBook B9,Core i7,Iris Xe,24,1536,2,0.8,0.95,3,0,7,34193302,31564953,239353114,0.253,1,264927410,27000000,1,39.7,35442600.0,1249298.0,1
REQ-2026-03254,Finance,Senior,65,39,0.32,1,1,0,Lenovo,IdeaPad Slim 3,Core i3,Integrated,8,1280,1,0.45,0.65,2,3,13,13995703,12093418,181944139,0.151,1,621380078,20000000,1,41.7,20418373.0,6422670.0,1
REQ-2026-03255,Design,Manager,8,69,0.31,0,0,0,HP,ZBook Firefly,Core i7,RTX A500,32,2048,3,0.8,0.6,2,0,16,38997837,35399157,623965392,0.069,1,2488516695,40500000,1,46.8,40320923.0,1323086.0,1
REQ-2026-03256,Design,Staff,99,32,0.45,0,0,1,Asus,ExpertBook B9,Core i7,Iris Xe,16,1024,2,0.8,0.95,1,0,4,26079365,23764426,104317460,0.174,1,47145805,22500000,0,40.3,27764570.0,1685205.0,0
REQ-2026-03257,Design,Staff,32,15,0.34,0,0,0,Lenovo,ThinkPad P16,Core i9,RTX A2000,40,1024,4,0.9,0.25,2,1,23,41000140,41001136,943003220,0.133,0,1002775917,22500000,1,59.8,43256732.0,2256592.0,1
REQ-2026-03258,Sales,Staff,80,49,0.85,3,1,0,Asus,Vivobook 14,Core i5,Integrated,8,512,1,0.5,0.7,2,1,7,12572966,11621077,88010762,0.642,0,170163694,13500000,1,38.6,15280444.0,2707478.0,1
REQ-2026-03259,Finance,Senior,22,16,0.32,0,1,0,Asus,Vivobook 14,Core i5,Integrated,24,512,1,0.5,0.7,1,2,15,14441463,14399207,216621945,0.306,0,241787306,20000000,1,44.5,19455650.0,5014187.0,1
REQ-2026-03260,IT,Staff,57,43,2.03,0,1,0,Lenovo,IdeaPad Slim 3,Core i3,Integrated,8,256,1,0.45,0.65,2,1,5,8592801,8751248,42964005,0.618,1,298681095,24000000,0,51.9,11270683.0,2677882.0,1
REQ-2026-03261,IT,Senior,50,43,0.44,0,0,1,Lenovo,IdeaPad Slim 3,Core i3,Integrated,8,1280,1,0.45,0.65,3,0,25,14680997,13625589,367024925,0.409,0,989448417,32000000,0,47.2,16192090.0,1511093.0,1
REQ-2026-03262,HR,Manager,46,32,0.13,0,0,0,Lenovo,ThinkPad P16,Core i9,RTX A2000,32,1536,4,0.9,0.25,1,1,9,40035102,38835565,360315918,0.311,0,318131215,20250000,0,34.9,44155656.0,4120554.0,1
REQ-2026-03263,IT,Staff,26,26,0.52,0,1,0,Lenovo,ThinkPad T14,Core i5,Integrated,16,512,2,0.92,0.75,1,0,22,20404032,17143431,448888704,0.133,1,746771117,24000000,1,48.2,22180411.0,1776379.0,1
REQ-2026-03264,Design,Senior,21,20,1.45,0,0,1,Asus,Vivobook 14,Core i5,Integrated,16,512,1,0.5,0.7,3,1,7,14801651,14228188,103611557,0.294,0,513636177,30000000,0,41.3,17844915.0,3043264.0,1
REQ-2026-03265,IT,Director,16,27,1.24,2,1,0,Dell,Latitude 7450,Core i7,Integrated,16,512,2,0.85,0.85,2,0,21,24389520,21296168,512179920,0.603,0,2199241124,60800000,1,35.0,26387912.0,1998392.0,1
REQ-2026-03266,HR,Staff,46,11,0.37,0,0,0,Lenovo,ThinkPad P16,Core i9,RTX A2000,32,1536,4,0.9,0.25,1,2,17,33912883,39795646,576519011,0.361,0,147703870,11250000,0,60.3,38243152.0,4330269.0,0
REQ-2026-03267,HR,Senior,27,36,0.47,1,0,0,Apple,MacBook Pro 14,M3 Pro,Apple GPU,18,512,4,0.95,0.85,1,0,8,30941657,31258385,247533256,0.603,1,102747050,15000000,1,37.4,35848233.0,4906576.0,0
REQ-2026-03268,Finance,Staff,20,1,0.62,0,1,0,HP,OmniBook 5,Ryzen 7,Radeon,16,1536,2,0.65,0.8,2,0,3,22153490,21497315,66460470,0.643,1,93267299,15000000,1,41.8,23682727.0,1529237.0,0
REQ-2026-03269,Sales,Staff,60,37,2.46,2,0,0,Dell,Inspiron 15,Core i5,Integrated,16,1536,1,0.5,0.6,1,1,13,15381196,15182701,199955548,0.561,1,211136781,13500000,1,22.5,20457661.0,5076465.0,1
REQ-2026-03270,Sales,Manager,35,52,9.6,1,0,0,HP,ProBook 445,Ryzen 5,Radeon,16,512,1,0.6,0.7,3,3,20,18465266,16363567,369305320,0.376,0,658929228,24300000,1,32.3,27255198.0,8789932.0,1
REQ-2026-03271,Design,Staff,65,17,0.08,0,0,0,Lenovo,ThinkPad P16,Core i9,RTX A2000,32,1024,4,0.9,0.25,2,2,3,40948497,36816758,122845491,0.255,0,42697039,22500000,0,49.8,44929969.0,3981472.0,0
REQ-2026-03272,Medical Staff,Staff,36,38,0.95,0,1,0,HP,ProBook 445,Ryzen 5,Radeon,16,1024,1,0.6,0.7,1,3,15,18218391,14941386,273275865,0.107,0,856498834,16500000,1,36.8,24614445.0,6396054.0,1
REQ-2026-03273,Sales,Director,8,9,3.36,1,1,0,Lenovo,ThinkPad T14,Core i5,Integrated,24,512,2,0.92,0.75,1,1,6,22251554,18479806,133509324,0.432,0,285949983,34200000,1,40.7,26705257.0,4453703.0,0
REQ-2026-03274,IT,Staff,29,51,0.17,1,0,0,Asus,ExpertBook B9,Core i7,Iris Xe,24,1024,2,0.8,0.95,1,1,19,25183016,26780202,478477304,0.611,0,983567342,24000000,1,43.5,28474023.0,3291007.0,1
REQ-2026-03275,HR,Manager,23,35,0.11,0,1,0,Lenovo,ThinkPad P16,Core i9,RTX A2000,32,1536,4,0.9,0.25,2,1,7,45508799,42100885,318561593,0.283,0,297817197,20250000,0,36.2,48745458.0,3236659.0,0
REQ-2026-03276,Finance,Manager,69,6,0.12,2,1,0,Lenovo,ThinkPad T14,Core i5,Integrated,24,512,2,0.92,0.75,2,1,16,21720125,20280475,347522000,0.36,1,281759508,27000000,1,77.5,25505529.0,3785404.0,1
REQ-2026-03277,IT,Senior,37,29,1.24,2,0,1,Asus,Vivobook 14,Core i5,Integrated,8,512,1,0.5,0.7,1,3,21,10886925,10450690,228625425,0.174,1,1446815281,32000000,0,17.1,20149978.0,9263053.0,1
REQ-2026-03278,Medical Staff,Manager,69,47,1.44,0,0,0,Asus,ROG Zephyrus,Core i9,RTX 4070,48,1024,4,0.55,0.3,1,4,14,38418089,37315529,537853246,0.561,0,234376007,29700000,1,43.5,45543033.0,7124944.0,0
REQ-2026-03279,Sales,Staff,44,36,7.28,1,1,0,Apple,MacBook Air 13,M3,Apple GPU,8,256,2,0.95,1.0,1,1,9,17433876,17259039,156904884,0.024,1,143426712,13500000,1,36.0,23206796.0,5772920.0,1
REQ-2026-03280,Medical Staff,Manager,3,50,1.49,0,1,0,HP,ZBook Firefly,Core i7,RTX A500,32,1024,3,0.8,0.6,1,0,19,31887240,29414388,605857560,0.123,1,1221142380,29700000,1,30.5,34100130.0,2212890.0,1
REQ-2026-03281,Finance,Staff,63,22,0.52,0,1,1,Lenovo,IdeaPad Slim 3,Core i3,Integrated,8,1280,1,0.45,0.65,2,1,6,14111443,13337620,84668658,0.529,1,165368348,15000000,0,34.0,17088662.0,2977219.0,1
REQ-2026-03282,Design,Manager,40,16,0.45,0,0,0,Apple,MacBook Pro 14,M3 Pro,Apple GPU,18,512,4,0.95,0.85,1,0,8,32646469,30672314,261171752,0.411,1,220639776,40500000,1,40.0,37456403.0,4809934.0,1
REQ-2026-03283,Finance,Staff,58,26,0.14,0,1,0,Lenovo,ThinkPad P16,Core i9,RTX A2000,48,1024,4,0.9,0.25,2,2,3,46366082,40559914,139098246,0.561,0,50807629,15000000,0,55.9,48457423.0,2091341.0,0
REQ-2026-03284,IT,Manager,61,47,1.69,1,0,0,Lenovo,IdeaPad Slim 3,Core i3,Integrated,24,256,1,0.45,0.65,1,2,14,12262326,10762781,171672564,0.13,1,1010038530,43200000,0,31.5,17907866.0,5645540.0,1
REQ-2026-03285,IT,Staff,9,38,0.56,0,0,1,Dell,Inspiron 15,Core i5,Integrated,24,512,1,0.5,0.6,2,0,1,13591945,13972891,13591945,0.198,1,49072233,24000000,1,55.9,14748953.0,1157008.0,1
REQ-2026-03286,IT,Manager,75,48,0.19,0,0,0,HP,ProBook 445,Ryzen 5,Radeon,8,1024,1,0.6,0.7,1,0,21,14007349,13192208,294154329,0.637,1,2578409415,43200000,0,45.5,15482210.0,1474861.0,1
REQ-2026-03287,HR,Staff,15,29,0.11,0,0,0,Lenovo,ThinkPad X1,Core i7,Iris Xe,16,1536,3,0.9,0.95,2,0,3,32030749,29134215,96092247,0.144,1,38737013,11250000,1,66.3,33597182.0,1566433.0,0
REQ-2026-03288,IT,Director,108,24,0.94,0,0,0,Lenovo,ThinkPad P16,Core i9,RTX A2000,32,1024,4,0.9,0.25,2,1,8,42860560,38402146,342884480,0.429,0,2462907500,60800000,0,56.5,47120294.0,4259734.0,1
REQ-2026-03289,Finance,Senior,23,31,0.35,1,1,0,Asus,ROG Zephyrus,Core i9,RTX 4070,32,1024,4,0.55,0.3,1,2,18,40397011,32720583,727146198,0.46,0,1118172803,20000000,0,49.3,45847268.0,5450257.0,0
REQ-2026-03290,Sales,Senior,64,27,4.48,0,0,0,Asus,ExpertBook B9,Core i7,Iris Xe,16,1024,2,0.8,0.95,1,0,15,28049698,24370944,420745470,0.295,1,836646097,18000000,1,36.9,30168696.0,2118998.0,1
REQ-2026-03291,Medical Staff,Senior,18,32,0.76,2,0,0,Asus,Vivobook 14,Core i5,Integrated,24,1024,1,0.5,0.7,1,1,14,17511918,16533568,245166852,0.737,0,349786067,22000000,1,35.8,20385550.0,2873632.0,1
REQ-2026-03292,HR,Staff,125,29,0.59,0,0,0,Dell,Latitude 7450,Core i7,Integrated,32,512,2,0.85,0.85,3,4,21,29705069,28925850,623806449,0.182,0,384370720,11250000,1,59.9,36210702.0,6505633.0,0
REQ-2026-03293,Design,Senior,40,37,0.84,0,0,0,HP,ProBook 445,Ryzen 5,Radeon,24,1536,1,0.6,0.7,1,1,16,20637631,18334093,330202096,0.237,0,858485526,30000000,1,45.3,24126634.0,3489003.0,1
REQ-2026-03294,Finance,Senior,7,50,0.51,1,1,0,Lenovo,IdeaPad Slim 3,Core i3,Integrated,16,768,1,0.45,0.65,1,1,2,10822755,11698710,21645510,0.333,1,196534069,20000000,1,29.3,15032178.0,4209423.0,1
REQ-2026-03295,Sales,Senior,66,17,11.91,0,1,0,Dell,Latitude 7450,Core i7,Integrated,24,512,2,0.85,0.85,3,2,23,31005329,24811026,713122567,0.033,0,392511463,18000000,1,46.7,35276136.0,4270807.0,0
REQ-2026-03296,IT,Staff,43,21,0.53,1,0,0,Asus,Vivobook 14,Core i5,Integrated,8,512,1,0.5,0.7,2,2,1,13268845,11069350,13268845,0.326,1,19090388,24000000,0,41.7,17472533.0,4203688.0,1
REQ-2026-03297,Sales,Staff,41,23,2.02,0,1,0,Lenovo,ThinkPad P16,Core i9,RTX A2000,32,1536,4,0.9,0.25,3,0,12,48451193,40965883,581414316,0.063,0,66180778,13500000,0,59.8,49851937.0,1400744.0,0
REQ-2026-03298,HR,Staff,66,21,0.61,0,0,0,Lenovo,ThinkPad X1,Core i7,Iris Xe,16,1536,3,0.9,0.95,3,0,16,35415677,31124198,566650832,0.225,1,269537756,11250000,1,63.1,36924483.0,1508806.0,0
REQ-2026-03299,IT,Staff,101,59,0.71,0,1,0,Apple,MacBook Pro 14,M3 Pro,Apple GPU,18,512,4,0.95,0.85,1,2,3,27006363,31629365,81019089,0.262,0,211321137,24000000,1,50.5,34518600.0,7512237.0,1
REQ-2026-03300,Sales,Director,46,11,3.82,1,0,0,HP,ProBook 445,Ryzen 5,Radeon,8,1536,1,0.6,0.7,2,0,14,19854788,16743287,277967032,0.431,0,2587150548,34200000,1,26.4,22487229.0,2632441.0,1
REQ-2026-03301,HR,Manager,27,22,1.14,0,0,0,Dell,Inspiron 15,Core i5,Integrated,16,512,1,0.5,0.6,3,1,12,11510279,13577410,138123348,0.296,1,126783523,20250000,1,54.3,14594561.0,3084282.0,1
REQ-2026-03302,IT,Manager,130,56,1.73,1,1,1,Lenovo,ThinkPad P16,Core i9,RTX A2000,32,1024,4,0.9,0.25,3,2,16,46895945,39976714,750335120,0.396,1,2373905129,43200000,1,55.3,50701567.0,3805622.0,1
REQ-2026-03303,Finance,Staff,70,21,0.1,1,1,0,Dell,Inspiron 15,Core i5,Integrated,8,512,1,0.5,0.6,2,1,21,12134571,10618549,254825991,0.397,0,309737198,15000000,1,41.6,15016811.0,2882240.0,1
REQ-2026-03304,HR,Staff,46,35,0.53,0,1,0,Asus,ExpertBook B9,Core i7,Iris Xe,24,1536,2,0.8,0.95,3,0,22,31367090,29725869,690075980,0.587,0,441895916,11250000,1,74.6,32916294.0,1549204.0,0
REQ-2026-03305,Design,Senior,116,25,0.51,1,0,0,Lenovo,ThinkPad P16,Core i9,RTX A2000,32,1024,4,0.9,0.25,1,0,21,38561571,37246792,809792991,0.433,1,595341120,30000000,1,56.2,39997540.0,1435969.0,0
REQ-2026-03306,Finance,Staff,102,20,0.22,0,1,0,HP,ZBook Firefly,Core i7,RTX A500,40,1024,3,0.8,0.6,2,2,24,31351882,33734200,752445168,0.221,1,231431598,15000000,1,63.8,36371053.0,5019171.0,0
REQ-2026-03307,Design,Staff,109,41,0.25,1,0,0,Asus,ROG Zephyrus,Core i9,RTX 4070,32,1536,4,0.55,0.3,2,0,8,40962001,37846460,327696008,0.047,1,602937481,22500000,1,35.8,42736213.0,1774212.0,1
REQ-2026-03308,Finance,Senior,75,50,0.52,1,1,1,Dell,Inspiron 15,Core i5,Integrated,24,1024,1,0.5,0.6,1,2,18,15415791,14863599,277484238,0.425,1,227206298,20000000,1,30.1,20322441.0,4906650.0,1
REQ-2026-03309,Medical Staff,Staff,51,23,0.96,0,1,0,Apple,MacBook Pro 14,M3 Pro,Apple GPU,26,512,4,0.95,0.85,3,3,8,37563191,35131012,300505528,0.475,0,120366031,16500000,0,35.2,46093129.0,8529938.0,0
REQ-2026-03310,IT,Manager,33,9,2.05,0,0,1,HP,OmniBook 5,Ryzen 7,Radeon,24,512,2,0.65,0.8,3,0,14,23056141,22031850,322785974,0.205,0,2206260792,43200000,1,37.1,24905571.0,1849430.0,1
REQ-2026-03311,Sales,Senior,29,28,2.66,0,0,1,Lenovo,ThinkPad T14,Core i5,Integrated,16,1024,2,0.92,0.75,2,0,9,17785706,19634557,160071354,0.512,0,270504978,18000000,1,64.9,19188083.0,1402377.0,1
REQ-2026-03312,Finance,Staff,14,13,1.02,0,1,0,Asus,ExpertBook B9,Core i7,Iris Xe,16,1024,2,0.8,0.95,1,0,19,25220427,24840683,479188113,0.139,1,770807617,15000000,1,42.8,26660998.0,1440571.0,1
REQ-2026-03313,Sales,Senior,14,54,1.88,0,1,0,HP,ProBook 445,Ryzen 5,Radeon,8,512,1,0.6,0.7,1,2,9,11399675,11257546,102597075,0.332,0,265030946,18000000,1,40.8,14768526.0,3368851.0,1
REQ-2026-03314,Design,Senior,11,16,0.4,0,0,0,HP,OmniBook 5,Ryzen 7,Radeon,32,512,2,0.65,0.8,3,1,14,28848597,22877786,403880358,0.675,1,824679024,30000000,1,70.6,32355760.0,3507163.0,1
REQ-2026-03315,HR,Senior,26,37,0.4,1,0,0,Dell,Latitude 7450,Core i7,Integrated,16,512,2,0.85,0.85,2,0,5,22674285,23006497,113371425,0.121,0,176459525,15000000,0,51.2,24291423.0,1617138.0,1
REQ-2026-03316,HR,Staff,29,35,0.34,1,0,0,HP,ProBook 445,Ryzen 5,Radeon,24,512,1,0.6,0.7,2,2,1,16777051,16668137,16777051,0.251,1,13150462,11250000,1,38.9,21145276.0,4368225.0,0
REQ-2026-03317,Design,Senior,18,37,2.51,0,1,0,Asus,ExpertBook B9,Core i7,Iris Xe,16,1024,2,0.8,0.95,1,0,2,26143813,23025963,52287626,0.281,1,161505547,30000000,0,30.0,28891920.0,2748107.0,1
REQ-2026-03318,Design,Staff,32,46,0.44,0,0,1,Asus,ExpertBook B9,Core i7,Iris Xe,16,1024,2,0.8,0.95,2,1,14,23350208,26134368,326902912,0.363,0,452634317,22500000,0,49.0,25618157.0,2267949.0,1
REQ-2026-03319,HR,Staff,35,51,0.83,0,1,0,Dell,Latitude 7450,Core i7,Integrated,24,1024,2,0.85,0.85,2,1,21,28217481,27600513,592567101,0.299,1,709996862,11250000,0,48.0,31647838.0,3430357.0,0
REQ-2026-03320,Medical Staff,Manager,36,45,1.69,1,1,0,Asus,Vivobook 14,Core i5,Integrated,8,512,1,0.5,0.7,1,1,4,9903059,9797098,39612236,0.189,1,127503445,29700000,1,22.8,15558431.0,5655372.0,1
REQ-2026-03321,Design,Director,56,19,0.25,0,1,0,Apple,MacBook Air 13,M3,Apple GPU,8,256,2,0.95,1.0,2,2,1,17499245,19371592,17499245,0.166,0,112754034,57000000,0,73.5,26767895.0,9268650.0,1
REQ-2026-03322,HR,Senior,36,35,0.1,1,0,0,Asus,ExpertBook B9,Core i7,Iris Xe,16,2048,2,0.8,0.95,2,0,9,31174499,30302905,280570491,0.44,1,554432124,15000000,1,39.2,32608705.0,1434206.0,0
REQ-2026-03323,IT,Staff,9,27,1.05,2,0,0,Dell,Precision 5690,Core i9,RTX 3500,40,2560,4,0.85,0.35,3,0,24,43704234,46115433,1048901616,0.622,1,943277687,24000000,0,50.9,44807658.0,1103424.0,0
REQ-2026-03324,Design,Senior,67,35,0.03,0,0,0,Apple,MacBook Air 13,M3,Apple GPU,24,256,2,0.95,1.0,2,0,1,25288233,23156508,25288233,0.3,0,50091816,30000000,1,58.4,29644980.0,4356747.0,1
REQ-2026-03325,IT,Staff,47,25,0.2,0,1,0,Lenovo,IdeaPad Slim 3,Core i3,Integrated,8,256,1,0.45,0.65,3,0,22,9945116,10549042,218792552,0.144,1,985071024,24000000,0,29.9,11860379.0,1915263.0,1
REQ-2026-03326,IT,Manager,73,22,0.77,0,0,0,Asus,ROG Zephyrus,Core i9,RTX 4070,32,1024,4,0.55,0.3,1,2,23,37736424,33738859,867937752,0.195,0,3784150886,43200000,1,38.9,42168485.0,4432061.0,1
REQ-2026-03327,Finance,Staff,43,24,0.69,0,1,1,Apple,MacBook Pro 14,M3 Pro,Apple GPU,26,512,4,0.95,0.85,2,0,4,33617339,33928866,134469356,0.252,1,72151439,15000000,0,40.5,38421327.0,4803988.0,0
REQ-2026-03328,Medical Staff,Staff,96,10,0.71,0,1,0,Asus,Vivobook 14,Core i5,Integrated,8,512,1,0.5,0.7,2,0,17,12809990,11392360,217769830,0.124,0,1170964509,16500000,0,34.7,14808993.0,1999003.0,1
REQ-2026-03329,Finance,Staff,38,23,0.16,0,1,1,HP,ZBook Firefly,Core i7,RTX A500,40,1024,3,0.8,0.6,2,0,10,33567990,32918190,335679900,0.235,1,342848942,15000000,0,62.1,35518136.0,1950146.0,0
REQ-2026-03330,IT,Staff,66,38,1.71,0,0,1,Apple,MacBook Air 13,M3,Apple GPU,24,768,2,0.95,1.0,3,1,5,28171151,26075784,140855755,0.52,0,205679946,24000000,1,45.9,34284276.0,6113125.0,1
REQ-2026-03331,Finance,Staff,17,53,0.54,0,1,0,Dell,Latitude 7450,Core i7,Integrated,24,1024,2,0.85,0.85,3,0,16,30134043,29067138,482144688,0.202,1,479289023,15000000,1,52.8,31506698.0,1372655.0,1
REQ-2026-03332,Finance,Staff,21,27,0.19,1,1,0,Asus,ROG Zephyrus,Core i9,RTX 4070,32,1024,4,0.55,0.3,2,0,25,39554204,34491510,988855100,0.647,1,890939660,15000000,0,32.4,41807984.0,2253780.0,1
REQ-2026-03333,Finance,Staff,25,1,0.6,1,1,0,Dell,Inspiron 15,Core i5,Integrated,8,512,1,0.5,0.6,2,2,10,12043733,10429002,120437330,0.16,1,154970682,15000000,1,37.4,15514581.0,3470848.0,1
REQ-2026-03334,Finance,Senior,20,36,0.71,2,1,0,Asus,Vivobook 14,Core i5,Integrated,8,1024,1,0.5,0.7,3,1,4,13091238,14735749,52364952,0.609,0,149345574,20000000,1,34.5,16490538.0,3399300.0,1
REQ-2026-03335,Medical Staff,Staff,23,27,1.02,0,0,0,Dell,Latitude 7450,Core i7,Integrated,24,1024,2,0.85,0.85,1,1,22,28045812,26463317,617007864,0.249,1,793459380,16500000,1,55.2,30260065.0,2214253.0,0
REQ-2026-03336,Medical Staff,Senior,26,38,0.5,0,1,0,HP,ProBook 445,Ryzen 5,Radeon,8,512,1,0.6,0.7,1,1,16,11320367,11736047,181125872,0.073,0,547231721,22000000,1,39.3,15073758.0,3753391.0,1
REQ-2026-03337,Sales,Staff,124,27,6.68,0,1,0,Lenovo,ThinkPad T14,Core i5,Integrated,16,1024,2,0.92,0.75,1,2,5,22883962,18478769,114419810,0.192,1,183183141,13500000,1,33.8,27849950.0,4965988.0,1
REQ-2026-03338,Sales,Staff,11,54,5.34,2,1,0,Lenovo,IdeaPad Slim 3,Core i3,Integrated,8,256,1,0.45,0.65,1,1,12,8107713,7793018,97292556,0.547,1,488263643,13500000,1,16.3,14918715.0,6811002.0,1
REQ-2026-03339,Medical Staff,Manager,43,46,0.27,0,0,0,Asus,ExpertBook B9,Core i7,Iris Xe,16,1024,2,0.8,0.95,1,0,2,27026850,25077035,54053700,0.334,1,95752677,29700000,0,35.0,28731673.0,1704823.0,1
REQ-2026-03340,Design,Senior,42,41,1.39,1,0,0,Apple,MacBook Air 13,M3,Apple GPU,8,256,2,0.95,1.0,3,0,8,20869274,19749893,166954192,0.187,0,186225521,30000000,0,61.7,25357201.0,4487927.0,1
REQ-2026-03341,Finance,Senior,7,20,0.5,0,1,1,Lenovo,ThinkPad P16,Core i9,RTX A2000,40,1024,4,0.9,0.25,2,0,14,40434728,40104240,566086192,0.431,1,162753802,20000000,1,39.2,41839227.0,1404499.0,0
REQ-2026-03342,Design,Staff,51,48,1.09,0,0,0,Lenovo,ThinkPad T14,Core i5,Integrated,16,512,2,0.92,0.75,2,0,24,19523659,16772396,468567816,0.111,1,400305980,22500000,1,54.4,20796512.0,1272853.0,1
REQ-2026-03343,IT,Manager,58,22,1.3,0,1,0,HP,ZBook Firefly,Core i7,RTX A500,48,1024,3,0.8,0.6,3,2,4,40552502,36106451,162210008,0.577,0,625325071,43200000,1,64.8,46659287.0,6106785.0,1
REQ-2026-03344,IT,Senior,61,11,0.3,0,1,0,Dell,Precision 5690,Core i9,RTX 3500,48,2048,4,0.85,0.35,2,2,14,53760304,44997689,752644256,0.19,0,847085946,32000000,1,49.7,58442987.0,4682683.0,0
REQ-2026-03345,IT,Manager,10,34,0.54,0,1,0,HP,ZBook Firefly,Core i7,RTX A500,40,1536,3,0.8,0.6,1,0,20,29260098,32415438,585201960,0.067,1,2977240898,43200000,1,44.4,30797126.0,1537028.0,1
REQ-2026-03346,Finance,Senior,25,52,0.42,0,1,0,HP,ZBook Firefly,Core i7,RTX A500,40,1024,3,0.8,0.6,3,0,6,36851771,34157618,221110626,0.218,0,152296926,20000000,0,49.6,38944257.0,2092486.0,1
REQ-2026-03347,Medical Staff,Staff,42,29,0.61,1,1,0,HP,OmniBook 5,Ryzen 7,Radeon,16,1024,2,0.65,0.8,3,1,22,24974736,19974605,549444192,0.463,0,794400642,16500000,1,52.8,27662289.0,2687553.0,1
REQ-2026-03348,Finance,Senior,31,51,0.94,1,1,0,Dell,Inspiron 15,Core i5,Integrated,8,1024,1,0.5,0.6,1,1,15,10238129,11536529,153571935,0.373,1,336254691,20000000,1,40.8,13564919.0,3326790.0,1
REQ-2026-03349,IT,Senior,30,35,0.84,0,1,0,Lenovo,ThinkPad X1,Core i7,Iris Xe,16,1536,3,0.9,0.95,2,0,18,31113982,29188343,560051676,0.2,1,627903833,32000000,1,63.5,32473339.0,1359357.0,1
REQ-2026-03350,IT,Staff,20,19,1.5,0,0,0,Dell,Inspiron 15,Core i5,Integrated,8,512,1,0.5,0.6,2,1,14,12272690,10362949,171817660,0.127,1,360854240,24000000,0,37.9,14718324.0,2445634.0,1
REQ-2026-03351,Sales,Senior,48,20,7.73,1,0,0,Dell,Latitude 7450,Core i7,Integrated,16,512,2,0.85,0.85,3,1,5,25185979,22022316,125929895,0.352,0,140172003,18000000,1,73.9,28213461.0,3027482.0,1
REQ-2026-03352,Design,Staff,40,55,1.13,0,0,0,Apple,MacBook Air 13,M3,Apple GPU,24,256,2,0.95,1.0,1,1,10,19949880,21339437,199498800,0.05,0,236729955,22500000,1,48.6,25278998.0,5329118.0,1
REQ-2026-03353,Finance,Manager,35,25,0.22,1,1,0,Apple,MacBook Pro 14,M3 Pro,Apple GPU,26,1536,4,0.95,0.85,1,1,12,37986050,36330512,455832600,0.621,1,2679503842,27000000,0,39.7,44808964.0,6822914.0,1
REQ-2026-03354,Medical Staff,Senior,41,12,1.1,0,0,0,Dell,Latitude 7450,Core i7,Integrated,16,1536,2,0.85,0.85,1,0,19,25383449,24682994,482285531,0.381,0,938628284,22000000,1,39.4,27210660.0,1827211.0,1
REQ-2026-03355,HR,Senior,76,28,0.33,0,0,0,Lenovo,ThinkPad P16,Core i9,RTX A2000,32,1024,4,0.9,0.25,1,2,21,40557453,35896592,851706513,0.506,1,1151070355,15000000,0,52.4,45591302.0,5033849.0,0
REQ-2026-03356,Finance,Director,33,51,0.77,0,1,0,Dell,Latitude 7450,Core i7,Integrated,24,1536,2,0.85,0.85,2,3,10,26433192,28984149,264331920,0.126,0,1184808018,38000000,1,47.3,34651053.0,8217861.0,1
REQ-2026-03357,HR,Senior,41,34,1.19,0,1,0,Dell,Latitude 7450,Core i7,Integrated,16,1536,2,0.85,0.85,1,0,14,28235043,25171387,395290602,0.125,0,160947238,15000000,1,39.1,29768302.0,1533259.0,0
REQ-2026-03358,HR,Manager,31,42,0.14,1,0,0,Lenovo,ThinkPad T14,Core i5,Integrated,16,1024,2,0.92,0.75,1,0,14,18018320,19901575,252256480,0.236,1,652237137,20250000,1,57.8,19003830.0,985510.0,1
REQ-2026-03359,Design,Staff,48,38,0.7,1,0,0,Dell,Precision 5690,Core i9,RTX 3500,40,2560,4,0.85,0.35,1,2,18,41845109,45171721,753211962,0.321,1,1153441067,22500000,1,34.0,46467063.0,4621954.0,1
REQ-2026-03360,Medical Staff,Staff,28,11,0.66,0,0,0,Lenovo,ThinkPad P16,Core i9,RTX A2000,32,1024,4,0.9,0.25,1,3,14,38012457,37755866,532174398,0.538,0,615822528,16500000,0,40.6,44365143.0,6352686.0,0
REQ-2026-03361,Design,Manager,23,35,0.86,0,1,0,HP,ZBook Firefly,Core i7,RTX A500,40,1024,3,0.8,0.6,1,0,10,32937301,30882341,329373010,0.33,1,1544913182,40500000,1,41.9,34033939.0,1096638.0,1
REQ-2026-03362,Sales,Manager,18,20,6.3,0,1,0,Dell,Latitude 7450,Core i7,Integrated,16,512,2,0.85,0.85,2,2,1,20047392,23999182,20047392,0.568,0,55407519,24300000,1,46.3,25143383.0,5095991.0,1
REQ-2026-03363,Sales,Senior,46,14,1.38,0,1,0,Asus,Vivobook 14,Core i5,Integrated,8,512,1,0.5,0.7,2,2,12,13201931,11420633,158423172,0.509,0,155506510,18000000,0,36.6,17283844.0,4081913.0,1
REQ-2026-03364,Design,Senior,112,30,0.24,0,1,0,Lenovo,ThinkPad X1,Core i7,Iris Xe,16,1536,3,0.9,0.95,2,0,7,28809955,30517548,201669685,0.227,1,374840274,30000000,1,54.8,30558777.0,1748822.0,1
REQ-2026-03365,IT,Staff,50,84,0.13,1,1,0,Dell,Latitude 7450,Core i7,Integrated,24,1024,2,0.85,0.85,1,0,10,26791819,25265472,267918190,0.318,1,704432867,24000000,1,37.7,27875784.0,1083965.0,1
REQ-2026-03366,Finance,Staff,148,35,0.56,1,1,0,Lenovo,IdeaPad Slim 3,Core i3,Integrated,16,768,1,0.45,0.65,2,0,24,15749818,12358196,377995632,0.167,0,301303915,15000000,1,26.8,18794658.0,3044840.0,1
REQ-2026-03367,Design,Manager,43,37,1.08,1,0,0,Apple,MacBook Air 13,M3,Apple GPU,8,256,2,0.95,1.0,1,0,16,22011570,17283366,352185120,0.109,1,529277072,40500000,0,47.2,26364276.0,4352706.0,1
REQ-2026-03368,IT,Senior,11,50,0.91,0,1,0,Asus,ROG Zephyrus,Core i9,RTX 4070,40,1536,4,0.55,0.3,2,0,24,36923796,38858178,886171104,0.491,1,423290309,32000000,0,34.7,38577883.0,1654087.0,1
REQ-2026-03369,HR,Senior,74,32,0.5,0,0,0,Dell,Precision 5690,Core i9,RTX 3500,32,2560,4,0.85,0.35,1,0,17,46891773,42920330,797160141,0.17,0,565435585,15000000,1,54.9,48362542.0,1470769.0,0
REQ-2026-03370,Finance,Staff,40,29,1.26,0,1,0,Dell,Inspiron 15,Core i5,Integrated,8,512,1,0.5,0.6,2,1,25,12737392,9821535,318434800,0.214,0,956967326,15000000,0,40.3,15114397.0,2377005.0,1
REQ-2026-03371,Finance,Senior,55,34,0.39,0,1,0,Apple,MacBook Pro 14,M3 Pro,Apple GPU,26,1024,4,0.95,0.85,3,0,1,33479977,36736391,33479977,0.463,0,54883242,20000000,0,67.4,38221576.0,4741599.0,0
REQ-2026-03372,Medical Staff,Staff,19,34,1.35,0,1,0,Asus,Vivobook 14,Core i5,Integrated,8,512,1,0.5,0.7,1,2,7,10851436,10284087,75960052,0.363,0,162778655,16500000,1,28.6,15327955.0,4476519.0,1
REQ-2026-03373,Design,Manager,8,36,0.89,0,0,1,Apple,MacBook Air 13,M3,Apple GPU,16,768,2,0.95,1.0,1,3,4,21450308,21848275,85801232,0.337,1,380799558,40500000,1,63.1,32163516.0,10713208.0,1
REQ-2026-03374,HR,Manager,10,31,0.09,2,0,0,Lenovo,ThinkPad X1,Core i7,Iris Xe,16,1024,3,0.9,0.95,2,0,21,32519189,28628689,682902969,0.434,0,2171190406,20250000,1,44.4,34174408.0,1655219.0,1
REQ-2026-03375,Sales,Senior,15,21,4.72,1,1,0,Lenovo,ThinkPad X1,Core i7,Iris Xe,24,1024,3,0.9,0.95,1,0,23,29310710,28555220,674146330,0.439,0,343532718,18000000,1,46.8,30623211.0,1312501.0,0
REQ-2026-03376,IT,Senior,91,60,0.69,2,0,0,Lenovo,ThinkPad X1,Core i7,Iris Xe,16,1024,3,0.9,0.95,1,0,4,27358273,26971426,109433092,0.186,1,146972258,32000000,1,45.1,28969383.0,1611110.0,1
REQ-2026-03377,Medical Staff,Senior,68,26,0.53,0,1,0,HP,ProBook 445,Ryzen 5,Radeon,16,512,1,0.6,0.7,1,2,16,12152105,13401086,194433680,0.292,1,585802498,22000000,1,54.5,17371139.0,5219034.0,1
REQ-2026-03378,Design,Manager,13,23,1.85,0,0,0,HP,ProBook 445,Ryzen 5,Radeon,16,512,1,0.6,0.7,1,0,9,13744345,13608805,123699105,0.546,1,797752928,40500000,0,30.3,16423389.0,2679044.0,1
REQ-2026-03379,Design,Senior,12,35,0.62,0,0,0,HP,ZBook Firefly,Core i7,RTX A500,32,1024,3,0.8,0.6,1,2,10,32151144,30220444,321511440,0.632,1,776666243,30000000,1,55.9,37205802.0,5054658.0,1
REQ-2026-03380,HR,Senior,69,72,0.39,0,1,0,Asus,ExpertBook B9,Core i7,Iris Xe,16,1024,2,0.8,0.95,2,1,7,29998133,25470163,209986931,0.206,1,205138204,15000000,1,43.4,32779296.0,2781163.0,0
REQ-2026-03381,Design,Staff,104,20,0.19,0,0,0,Apple,MacBook Air 13,M3,Apple GPU,8,256,2,0.95,1.0,2,0,7,18043762,19771886,126306334,0.328,0,259876771,22500000,0,41.4,22003797.0,3960035.0,1
REQ-2026-03382,IT,Senior,79,35,0.86,0,1,0,Lenovo,ThinkPad P16,Core i9,RTX A2000,32,1024,4,0.9,0.25,1,0,1,37776630,37756848,37776630,0.27,1,49443351,32000000,1,65.6,39258781.0,1482151.0,1
REQ-2026-03383,Finance,Staff,32,30,0.8,0,1,0,Asus,ExpertBook B9,Core i7,Iris Xe,32,1024,2,0.8,0.95,2,0,15,24774544,28735398,371618160,0.505,1,673774185,15000000,0,48.5,26386260.0,1611716.0,1
REQ-2026-03384,HR,Director,10,33,0.33,1,1,0,HP,OmniBook 5,Ryzen 7,Radeon,32,1536,2,0.65,0.8,1,1,4,30416139,24117312,121664556,0.267,0,54400419,28500000,1,48.3,33409471.0,2993332.0,0
REQ-2026-03385,Design,Senior,26,29,0.39,0,0,1,Lenovo,IdeaPad Slim 3,Core i3,Integrated,8,256,1,0.45,0.65,1,2,7,9541747,7732478,66792229,0.144,0,253427373,30000000,0,39.0,15513553.0,5971806.0,1
REQ-2026-03386,Sales,Senior,19,36,3.64,0,0,0,HP,ProBook 445,Ryzen 5,Radeon,8,1024,1,0.6,0.7,1,0,12,14768621,13768125,177223452,0.146,1,727726679,18000000,1,35.5,16322431.0,1553810.0,1
REQ-2026-03387,Design,Senior,14,31,0.11,0,0,0,Apple,MacBook Pro 14,M3 Pro,Apple GPU,18,512,4,0.95,0.85,2,1,5,33263798,31906488,166318990,0.455,0,139691368,30000000,1,37.2,39188495.0,5924697.0,1
REQ-2026-03388,IT,Director,13,13,0.39,1,0,0,Asus,ExpertBook B9,Core i7,Iris Xe,24,1024,2,0.8,0.95,3,0,24,29138887,28504035,699333288,0.312,1,5873389756,60800000,1,43.8,30533090.0,1394203.0,1
REQ-2026-03389,Design,Staff,45,37,0.48,0,0,0,Lenovo,ThinkPad T14,Core i5,Integrated,16,1536,2,0.92,0.75,3,1,1,24786104,24038617,24786104,0.499,0,46985106,22500000,1,69.5,26998918.0,2212814.0,1
REQ-2026-03390,Design,Staff,24,65,0.85,0,0,0,HP,ZBook Firefly,Core i7,RTX A500,32,1536,3,0.8,0.6,2,0,20,38392605,32545002,767852100,0.513,0,678665028,22500000,1,49.5,39688953.0,1296348.0,0
REQ-2026-03391,Sales,Staff,36,31,6.96,2,1,0,Dell,Latitude 7450,Core i7,Integrated,16,1024,2,0.85,0.85,1,3,18,25544752,23155833,459805536,0.156,0,522927611,13500000,1,22.5,33527453.0,7982701.0,0
REQ-2026-03392,Sales,Staff,7,1,0.72,1,1,0,HP,ProBook 445,Ryzen 5,Radeon,24,512,1,0.6,0.7,1,2,9,18740068,14970999,168660612,0.389,1,605671191,13500000,1,37.8,22602791.0,3862723.0,1
REQ-2026-03393,IT,Staff,46,27,0.65,0,0,0,Lenovo,ThinkPad X1,Core i7,Iris Xe,16,1024,3,0.9,0.95,2,0,12,28404215,27729079,340850580,0.307,1,1911457519,24000000,0,57.1,30339260.0,1935045.0,1
REQ-2026-03394,IT,Staff,9,27,1.26,0,0,0,HP,ProBook 445,Ryzen 5,Radeon,8,512,1,0.6,0.7,3,0,19,13672675,14845290,259780825,0.213,0,466415536,24000000,0,37.2,15540148.0,1867473.0,1
REQ-2026-03395,HR,Senior,46,63,0.49,0,0,0,Apple,MacBook Air 13,M3,Apple GPU,8,256,2,0.95,1.0,2,1,8,17610084,19180251,140880672,0.289,1,455279837,15000000,1,33.9,24162311.0,6552227.0,1
REQ-2026-03396,Finance,Staff,145,19,0.3,0,1,1,HP,ZBook Firefly,Core i7,RTX A500,40,1024,3,0.8,0.6,3,0,9,38159384,34432065,343434456,0.238,0,260528072,15000000,1,59.9,39491054.0,1331670.0,0
REQ-2026-03397,IT,Senior,92,53,2.66,0,0,0,Apple,MacBook Pro 14,M3 Pro,Apple GPU,26,1024,4,0.95,0.85,2,0,16,35817321,34940239,573077136,0.223,1,545977483,32000000,1,69.0,40062983.0,4245662.0,1
REQ-2026-03398,Medical Staff,Staff,98,39,4.11,1,0,0,Dell,Latitude 7450,Core i7,Integrated,16,512,2,0.85,0.85,3,1,25,23091804,25386301,577295100,0.259,1,1302961377,16500000,1,60.0,26127512.0,3035708.0,1
REQ-2026-03399,Sales,Staff,28,42,4.93,0,1,0,Lenovo,ThinkPad T14,Core i5,Integrated,16,512,2,0.92,0.75,2,1,6,18631218,19019800,111787308,0.25,1,223088245,13500000,1,64.2,21205857.0,2574639.0,1
REQ-2026-03400,IT,Staff,94,45,0.18,2,1,1,Lenovo,ThinkPad P16,Core i9,RTX A2000,32,1024,4,0.9,0.25,1,0,11,41441237,37599846,455853607,0.169,0,366502205,24000000,0,49.3,42934182.0,1492945.0,0
REQ-2026-03401,Design,Manager,8,35,0.11,0,0,0,Dell,Latitude 7450,Core i7,Integrated,24,512,2,0.85,0.85,1,1,18,21030453,23440550,378548154,0.171,1,354111941,40500000,1,45.5,24864666.0,3834213.0,1
REQ-2026-03402,HR,Senior,22,36,0.48,1,1,0,Lenovo,ThinkPad P16,Core i9,RTX A2000,48,1024,4,0.9,0.25,3,1,19,35183677,43676681,668489863,0.478,0,630470388,15000000,0,55.7,37551508.0,2367831.0,0
REQ-2026-03403,Design,Manager,4,73,0.38,1,0,0,Lenovo,ThinkPad X1,Core i7,Iris Xe,16,1536,3,0.9,0.95,2,0,18,31213837,29514558,561849066,0.542,1,641331417,40500000,1,58.6,32243562.0,1029725.0,1
REQ-2026-03404,Sales,Staff,45,36,2.96,0,1,0,Lenovo,ThinkPad P16,Core i9,RTX A2000,32,1024,4,0.9,0.25,1,2,11,33957234,36117598,373529574,0.112,1,350879920,13500000,1,54.6,37941659.0,3984425.0,0
REQ-2026-03405,IT,Senior,72,45,0.43,0,0,0,HP,ProBook 445,Ryzen 5,Radeon,8,1024,1,0.6,0.7,2,0,9,14023616,14441116,126212544,0.159,0,194146522,32000000,0,36.0,15633911.0,1610295.0,1
REQ-2026-03406,HR,Staff,46,9,0.15,0,0,0,Lenovo,ThinkPad T14,Core i5,Integrated,24,1024,2,0.92,0.75,1,0,20,20350549,21726735,407010980,0.508,0,730467588,11250000,1,28.7,23232457.0,2881908.0,0
REQ-2026-03407,Sales,Staff,87,19,0.25,0,1,0,HP,ProBook 445,Ryzen 5,Radeon,16,512,1,0.6,0.7,3,1,9,17038063,16142855,153342567,0.256,1,157189211,13500000,1,63.1,20303313.0,3265250.0,1
REQ-2026-03408,IT,Staff,75,43,0.74,1,0,0,Apple,MacBook Air 13,M3,Apple GPU,16,256,2,0.95,1.0,2,0,11,23031231,22115932,253343541,0.291,0,586791209,24000000,1,50.1,27863278.0,4832047.0,1
REQ-2026-03409,Medical Staff,Manager,15,33,1.61,0,0,0,Dell,Inspiron 15,Core i5,Integrated,16,512,1,0.5,0.6,1,0,5,11765091,11408036,58825455,0.178,0,631192518,29700000,1,28.5,14602392.0,2837301.0,1
REQ-2026-03410,Finance,Director,37,24,0.23,1,1,0,Apple,MacBook Air 13,M3,Apple GPU,24,256,2,0.95,1.0,1,1,22,23911400,22411401,526050800,0.081,1,1294788562,38000000,0,63.8,30207273.0,6295873.0,1
REQ-2026-03411,IT,Staff,84,29,0.25,1,0,0,Asus,ROG Zephyrus,Core i9,RTX 4070,40,1024,4,0.55,0.3,1,1,7,30722009,37388324,215054063,0.189,0,315730324,24000000,1,45.0,33476381.0,2754372.0,1
REQ-2026-03412,Sales,Staff,47,10,7.87,0,0,0,Lenovo,IdeaPad Slim 3,Core i3,Integrated,16,256,1,0.45,0.65,1,4,2,12202198,9649623,24404396,0.607,1,18753117,13500000,1,21.2,20068082.0,7865884.0,1
REQ-2026-03413,Sales,Manager,75,28,10.51,4,1,0,Lenovo,ThinkPad P16,Core i9,RTX A2000,32,2048,4,0.9,0.25,1,3,16,34856932,40581788,557710912,0.387,1,1187973535,24300000,0,17.5,47114269.0,12257337.0,1
REQ-2026-03414,HR,Staff,26,1,0.42,0,1,0,Apple,MacBook Pro 14,M3 Pro,Apple GPU,18,1024,4,0.95,0.85,2,0,5,35820257,33900143,179101285,0.21,0,50687368,11250000,0,44.1,40060509.0,4240252.0,0
REQ-2026-03415,Finance,Staff,105,35,1.6,1,1,0,Dell,Precision 5690,Core i9,RTX 3500,32,2048,4,0.85,0.35,1,5,4,45935958,40125915,183743832,0.339,0,175520183,15000000,1,39.5,52767430.0,6831472.0,0
REQ-2026-03416,Medical Staff,Senior,34,16,0.84,0,1,1,Lenovo,ThinkPad T14,Core i5,Integrated,16,512,2,0.92,0.75,1,0,3,19287238,17112617,57861714,0.367,1,138937043,22000000,1,44.3,20583640.0,1296402.0,1
REQ-2026-03417,Sales,Senior,41,30,3.12,1,1,0,HP,OmniBook 5,Ryzen 7,Radeon,32,512,2,0.65,0.8,3,0,11,26006034,21355932,286066374,0.407,1,248997051,18000000,1,44.5,27566046.0,1560012.0,1
REQ-2026-03418,Design,Senior,50,20,1.13,0,0,1,HP,ProBook 445,Ryzen 5,Radeon,8,512,1,0.6,0.7,3,1,3,15453746,13701052,46361238,0.257,1,245009684,30000000,0,62.2,17978652.0,2524906.0,1
REQ-2026-03419,Design,Staff,9,36,0.25,0,0,0,HP,ZBook Firefly,Core i7,RTX A500,32,1536,3,0.8,0.6,1,0,9,30121587,30002489,271094283,0.276,0,170647711,22500000,1,31.2,32603222.0,2481635.0,0
REQ-2026-03420,Medical Staff,Manager,16,41,2.49,0,1,0,HP,ZBook Firefly,Core i7,RTX A500,48,1024,3,0.8,0.6,1,2,25,36028381,33526111,900709525,0.521,0,3208917030,29700000,1,43.1,40485358.0,4456977.0,1
REQ-2026-03421,Finance,Senior,112,50,0.77,0,1,0,Asus,ROG Zephyrus,Core i9,RTX 4070,32,1536,4,0.55,0.3,3,2,9,37493227,39022273,337439043,0.301,1,318238968,20000000,0,41.6,41451782.0,3958555.0,1
REQ-2026-03422,Sales,Staff,33,38,3.27,0,0,0,Lenovo,IdeaPad Slim 3,Core i3,Integrated,8,256,1,0.45,0.65,1,1,25,8797520,7546297,219938000,0.042,1,951793737,13500000,1,33.3,12484064.0,3686544.0,1
REQ-2026-03423,HR,Staff,27,35,0.6,0,0,0,Lenovo,ThinkPad X1,Core i7,Iris Xe,16,1024,3,0.9,0.95,2,2,2,29879728,29197167,59759456,0.71,0,59044862,11250000,1,60.8,34077714.0,4197986.0,0
REQ-2026-03424,Sales,Staff,12,10,3.74,0,0,0,Dell,Inspiron 15,Core i5,Integrated,8,512,1,0.5,0.6,2,0,2,12134306,10579373,24268612,0.519,0,107037507,13500000,1,45.6,14019685.0,1885379.0,1
REQ-2026-03425,Medical Staff,Staff,23,37,2.33,0,1,0,Dell,Inspiron 15,Core i5,Integrated,24,512,1,0.5,0.6,1,1,12,12453387,13868892,149440644,0.34,1,1251330914,16500000,1,40.6,15107601.0,2654214.0,1
REQ-2026-03426,HR,Staff,24,6,0.05,0,1,0,Dell,Latitude 7450,Core i7,Integrated,16,512,2,0.85,0.85,2,1,19,21336101,23482618,405385919,0.496,1,321214610,11250000,1,65.6,23727564.0,2391463.0,0
REQ-2026-03427,Sales,Staff,21,39,2.85,1,1,0,Asus,ROG Zephyrus,Core i9,RTX 4070,32,1536,4,0.55,0.3,1,1,15,39147804,37711690,587217060,0.427,1,354916292,13500000,0,22.1,44908250.0,5760446.0,0
REQ-2026-03428,Medical Staff,Staff,28,39,1.71,0,0,0,Dell,Inspiron 15,Core i5,Integrated,8,512,1,0.5,0.6,1,2,11,8777691,9532755,96554601,0.496,1,496248254,16500000,1,30.6,13981010.0,5203319.0,1
REQ-2026-03429,IT,Staff,105,30,0.12,0,0,0,Lenovo,ThinkPad X1,Core i7,Iris Xe,24,1024,3,0.9,0.95,2,1,5,34369107,30059706,171845535,0.221,1,701062109,24000000,0,62.1,37330039.0,2960932.0,1
REQ-2026-03430,Sales,Staff,62,43,5.77,1,1,0,Lenovo,IdeaPad Slim 3,Core i3,Integrated,8,256,1,0.45,0.65,3,3,22,10499548,10170907,230990056,0.387,1,1733862617,13500000,1,30.6,16370037.0,5870489.0,1
REQ-2026-03431,Medical Staff,Senior,6,34,0.52,0,0,0,Apple,MacBook Air 13,M3,Apple GPU,24,256,2,0.95,1.0,2,2,3,24736314,23092620,74208942,0.386,0,83811036,22000000,1,47.2,32933194.0,8196880.0,1
REQ-2026-03432,Sales,Staff,61,49,3.81,0,0,0,Apple,MacBook Pro 14,M3 Pro,Apple GPU,18,1024,4,0.95,0.85,1,3,6,33654528,32619387,201927168,0.329,1,37901005,13500000,0,46.1,41183188.0,7528660.0,0
REQ-2026-03433,Sales,Staff,122,59,4.91,0,1,0,Asus,ROG Zephyrus,Core i9,RTX 4070,32,1024,4,0.55,0.3,1,4,16,34526657,34879051,552426512,0.203,1,396532343,13500000,0,33.3,40049908.0,5523251.0,0
REQ-2026-03434,Medical Staff,Director,96,46,0.16,1,0,0,Lenovo,ThinkPad X1,Core i7,Iris Xe,24,1024,3,0.9,0.95,3,0,20,31480002,30438561,629600040,0.286,0,1511653363,41800000,1,47.4,33150097.0,1670095.0,1
REQ-2026-03435,IT,Senior,5,11,0.27,0,0,1,Dell,Latitude 7450,Core i7,Integrated,16,1536,2,0.85,0.85,2,1,20,28650630,28259329,573012600,0.177,1,1458354721,32000000,1,38.9,31353292.0,2702662.0,1
REQ-2026-03436,IT,Senior,105,28,0.52,1,0,0,HP,OmniBook 5,Ryzen 7,Radeon,16,1024,2,0.65,0.8,1,3,4,21773079,18627793,87092316,0.479,0,265032739,32000000,1,42.7,28103527.0,6330448.0,1
REQ-2026-03437,Medical Staff,Manager,60,38,0.59,0,1,0,Lenovo,ThinkPad P16,Core i9,RTX A2000,32,1024,4,0.9,0.25,3,2,1,39246360,38991004,39246360,0.03,1,72557475,29700000,0,53.1,43465940.0,4219580.0,1
REQ-2026-03438,Sales,Senior,43,30,2.1,2,1,0,HP,ZBook Firefly,Core i7,RTX A500,32,1024,3,0.8,0.6,1,0,5,28574149,28523024,142870745,0.312,1,166562097,18000000,0,43.7,30075885.0,1501736.0,1
REQ-2026-03439,HR,Manager,89,47,1.24,0,1,0,Dell,Inspiron 15,Core i5,Integrated,8,1024,1,0.5,0.6,1,0,24,10585564,11305784,254053536,0.279,0,448366873,20250000,1,27.1,13898055.0,3312491.0,1
REQ-2026-03440,Finance,Staff,5,11,2.61,0,1,0,Lenovo,ThinkPad P16,Core i9,RTX A2000,40,2048,4,0.9,0.25,1,3,20,51253517,42916414,1025070340,0.452,1,108354830,15000000,1,60.0,56838971.0,5585454.0,0
REQ-2026-03441,Medical Staff,Staff,37,25,1.95,0,0,0,Dell,Latitude 7450,Core i7,Integrated,24,512,2,0.85,0.85,1,2,22,26806934,22124511,589752548,0.209,0,1073674469,16500000,1,51.6,30586479.0,3779545.0,1
REQ-2026-03442,Medical Staff,Senior,30,42,1.2,0,0,0,Dell,Latitude 7450,Core i7,Integrated,32,1536,2,0.85,0.85,2,0,16,32657708,30132662,522523328,0.654,0,869879912,22000000,1,53.5,34264140.0,1606432.0,1
REQ-2026-03443,Medical Staff,Manager,23,41,0.66,0,1,0,Apple,MacBook Pro 14,M3 Pro,Apple GPU,18,512,4,0.95,0.85,2,1,19,28389288,33039528,539396472,0.338,1,1207422235,29700000,0,61.7,35458641.0,7069353.0,1
REQ-2026-03444,Finance,Senior,101,46,0.13,0,1,0,Lenovo,ThinkPad T14,Core i5,Integrated,16,512,2,0.92,0.75,1,0,23,21019849,17231250,483456527,0.242,1,1523447242,20000000,1,60.8,22395614.0,1375765.0,1
REQ-2026-03445,IT,Senior,56,50,0.79,0,1,0,Lenovo,ThinkPad P16,Core i9,RTX A2000,32,1024,4,0.9,0.25,3,1,9,38945684,41129152,350511156,0.186,1,169868788,32000000,1,74.0,41677339.0,2731655.0,1
REQ-2026-03446,IT,Senior,33,54,0.36,2,1,0,HP,OmniBook 5,Ryzen 7,Radeon,16,512,2,0.65,0.8,1,3,7,20273866,16451735,141917062,0.334,0,618376018,32000000,1,32.5,28561169.0,8287303.0,1
REQ-2026-03447,Sales,Staff,9,25,2.14,1,0,0,HP,ZBook Firefly,Core i7,RTX A500,40,1024,3,0.8,0.6,1,0,6,29436547,32525289,176619282,0.603,1,128987844,13500000,1,27.3,32660482.0,3223935.0,0
REQ-2026-03448,Sales,Staff,112,52,0.34,2,0,0,Lenovo,IdeaPad Slim 3,Core i3,Integrated,8,256,1,0.45,0.65,1,0,15,8328772,7170794,124931580,0.661,0,490950000,13500000,1,29.2,11040162.0,2711390.0,1
REQ-2026-03449,IT,Staff,8,44,0.66,1,0,0,Dell,Latitude 7450,Core i7,Integrated,32,512,2,0.85,0.85,2,0,24,27191527,25842072,652596648,0.172,1,2088534567,24000000,1,47.0,28989988.0,1798461.0,1
REQ-2026-03450,Medical Staff,Senior,58,23,0.89,0,1,0,Dell,Latitude 7450,Core i7,Integrated,24,512,2,0.85,0.85,1,2,14,22632339,22356643,316852746,0.22,1,446151441,22000000,1,50.0,26455906.0,3823567.0,1
REQ-2026-03451,HR,Staff,27,27,0.15,1,1,1,Lenovo,ThinkPad P16,Core i9,RTX A2000,40,1024,4,0.9,0.25,1,4,15,42449522,37821273,636742830,0.508,0,879794165,11250000,0,41.8,47711384.0,5261862.0,0
REQ-2026-03452,HR,Staff,56,34,0.81,0,1,0,Dell,Latitude 7450,Core i7,Integrated,24,512,2,0.85,0.85,2,2,23,23836058,25553832,548229334,0.435,1,276314146,11250000,1,92.5,27452493.0,3616435.0,0
REQ-2026-03453,IT,Senior,45,36,0.12,0,1,0,Lenovo,ThinkPad P16,Core i9,RTX A2000,32,1024,4,0.9,0.25,1,2,13,35722717,37550917,464395321,0.317,1,1519839050,32000000,1,41.1,40077117.0,4354400.0,1
REQ-2026-03454,IT,Senior,15,35,0.45,0,1,0,Lenovo,IdeaPad Slim 3,Core i3,Integrated,8,768,1,0.45,0.65,3,2,25,13797317,11875918,344932925,0.612,0,1080123747,32000000,0,39.7,18355561.0,4558244.0,1
REQ-2026-03455,Medical Staff,Staff,174,14,0.3,0,0,0,Asus,ROG Zephyrus,Core i9,RTX 4070,32,1536,4,0.55,0.3,2,3,8,39527436,37840773,316219488,0.739,1,180931672,16500000,1,36.3,44703378.0,5175942.0,0
REQ-2026-03456,HR,Manager,37,35,1.44,1,0,0,Lenovo,ThinkPad X1,Core i7,Iris Xe,16,1536,3,0.9,0.95,1,0,1,33825689,30430427,33825689,0.652,0,65772972,20250000,0,31.2,35767886.0,1942197.0,0
REQ-2026-03457,Medical Staff,Manager,48,34,0.96,1,1,0,Apple,MacBook Air 13,M3,Apple GPU,8,256,2,0.95,1.0,2,0,25,18749493,18907960,468737325,0.33,1,900769110,29700000,0,49.7,23369950.0,4620457.0,1
REQ-2026-03458,Finance,Staff,53,25,0.54,0,1,0,Lenovo,IdeaPad Slim 3,Core i3,Integrated,24,256,1,0.45,0.65,1,3,17,10682153,11731480,181596601,0.065,0,193308532,15000000,1,50.3,16337675.0,5655522.0,1
REQ-2026-03459,Medical Staff,Manager,2,34,1.1,0,0,0,Dell,Precision 5690,Core i9,RTX 3500,32,3072,4,0.85,0.35,2,0,4,48351434,46557878,193405736,0.286,0,524889044,29700000,1,43.5,49707371.0,1355937.0,0
REQ-2026-03460,IT,Senior,22,8,0.7,1,1,0,Asus,ExpertBook B9,Core i7,Iris Xe,16,1536,2,0.8,0.95,3,2,8,28167053,27925537,225336424,0.234,1,560982313,32000000,0,54.7,31802947.0,3635894.0,1
REQ-2026-03461,HR,Staff,65,53,0.78,3,0,0,HP,ProBook 445,Ryzen 5,Radeon,8,1024,1,0.6,0.7,2,0,6,15433712,14890453,92602272,0.241,1,151266585,11250000,1,43.8,17138177.0,1704465.0,0
REQ-2026-03462,Design,Staff,70,25,0.66,0,0,0,Lenovo,ThinkPad X1,Core i7,Iris Xe,16,1024,3,0.9,0.95,1,0,3,25787430,28482308,77362290,0.464,0,75290963,22500000,1,39.1,27509641.0,1722211.0,1
REQ-2026-03463,Design,Staff,46,18,0.41,1,0,1,Dell,Latitude 7450,Core i7,Integrated,16,512,2,0.85,0.85,3,0,17,26705508,23291981,453993636,0.598,0,720080388,22500000,0,58.9,28160682.0,1455174.0,1
REQ-2026-03464,Finance,Staff,31,37,0.5,0,1,0,Apple,MacBook Pro 14,M3 Pro,Apple GPU,34,512,4,0.95,0.85,3,0,5,41374915,36932523,206874575,0.359,1,42253401,15000000,0,53.0,45611549.0,4236634.0,0
REQ-2026-03465,IT,Staff,28,15,0.39,0,1,0,HP,ZBook Firefly,Core i7,RTX A500,48,1024,3,0.8,0.6,1,1,2,34848028,34803849,69696056,0.308,0,52577543,24000000,1,42.3,37797916.0,2949888.0,0
REQ-2026-03466,HR,Senior,48,39,0.23,2,0,0,Asus,ExpertBook B9,Core i7,Iris Xe,16,1536,2,0.8,0.95,2,0,23,23256242,27424221,534893566,0.153,1,490361876,15000000,1,40.2,24917429.0,1661187.0,1
REQ-2026-03467,HR,Staff,20,41,0.28,0,1,0,HP,ZBook Firefly,Core i7,RTX A500,32,1024,3,0.8,0.6,3,1,19,34751731,31153104,660282889,0.27,0,381537778,11250000,0,53.3,37623702.0,2871971.0,0
REQ-2026-03468,IT,Staff,48,65,1.52,2,1,1,Asus,ExpertBook B9,Core i7,Iris Xe,16,1024,2,0.8,0.95,2,2,10,28072016,26005011,280720160,0.27,1,349066270,24000000,1,36.0,31817224.0,3745208.0,1
REQ-2026-03469,IT,Staff,18,55,1.24,1,1,0,Lenovo,IdeaPad Slim 3,Core i3,Integrated,8,1280,1,0.45,0.65,2,2,9,11297049,12670749,101673441,0.232,1,567239112,24000000,0,30.8,16415238.0,5118189.0,1
REQ-2026-03470,HR,Senior,41,47,1.0,0,0,1,Asus,ROG Zephyrus,Core i9,RTX 4070,32,1024,4,0.55,0.3,2,2,3,31978072,34522530,95934216,0.249,0,53330047,15000000,0,47.6,36065392.0,4087320.0,0
REQ-2026-03471,IT,Staff,20,32,0.67,0,0,0,HP,ProBook 445,Ryzen 5,Radeon,8,512,1,0.6,0.7,3,1,24,13403886,14208872,321693264,0.325,1,1136244869,24000000,0,50.4,15713278.0,2309392.0,1
REQ-2026-03472,IT,Staff,34,37,0.59,0,0,0,Lenovo,ThinkPad T14,Core i5,Integrated,16,512,2,0.92,0.75,2,0,7,18319834,18920486,128238838,0.683,0,219541610,24000000,1,69.1,20209571.0,1889737.0,1
REQ-2026-03473,Design,Senior,27,35,0.13,0,0,0,Lenovo,ThinkPad P16,Core i9,RTX A2000,40,1024,4,0.9,0.25,2,1,13,48630009,38825358,632190117,0.437,1,997767914,30000000,1,25.8,53213684.0,4583675.0,0
REQ-2026-03474,Sales,Manager,75,30,10.58,0,1,0,Asus,ROG Zephyrus,Core i9,RTX 4070,32,1536,4,0.55,0.3,2,2,8,39309678,35438609,314477424,0.141,0,584083211,24300000,1,35.7,44476382.0,5166704.0,1
REQ-2026-03475,Sales,Director,9,62,3.68,1,1,0,Apple,MacBook Pro 14,M3 Pro,Apple GPU,34,1024,4,0.95,0.85,1,1,5,40417061,37887671,202085305,0.066,0,298302845,34200000,0,41.3,47446109.0,7029048.0,1
REQ-2026-03476,Design,Staff,87,3,0.6,0,1,0,Dell,Inspiron 15,Core i5,Integrated,8,512,1,0.5,0.6,1,1,20,10448021,9543899,208960420,0.568,1,1237755400,22500000,0,35.7,13445049.0,2997028.0,1
REQ-2026-03477,HR,Staff,32,29,0.47,0,1,0,Dell,Inspiron 15,Core i5,Integrated,8,512,1,0.5,0.6,1,1,22,11101429,9154727,244231438,0.467,0,229607060,11250000,1,36.1,13324116.0,2222687.0,0
REQ-2026-03478,HR,Staff,41,19,0.43,0,0,0,Asus,ROG Zephyrus,Core i9,RTX 4070,32,2048,4,0.55,0.3,2,0,10,42289213,37268268,422892130,0.132,1,472445161,11250000,1,40.2,43867250.0,1578037.0,0
REQ-2026-03479,Medical Staff,Manager,81,43,3.85,1,1,0,Lenovo,ThinkPad X1,Core i7,Iris Xe,16,1024,3,0.9,0.95,3,0,14,34289376,28763347,480051264,0.368,1,1936029710,29700000,1,34.8,35785009.0,1495633.0,1
REQ-2026-03480,Medical Staff,Director,11,31,2.14,0,1,0,Apple,MacBook Air 13,M3,Apple GPU,8,256,2,0.95,1.0,1,1,8,21247676,17061360,169981408,0.358,1,405876147,41800000,1,52.0,29297421.0,8049745.0,1
REQ-2026-03481,IT,Staff,84,47,0.24,1,0,1,HP,OmniBook 5,Ryzen 7,Radeon,24,512,2,0.65,0.8,1,1,24,18914460,19660901,453947040,0.549,0,366866428,24000000,1,32.9,22352913.0,3438453.0,0
REQ-2026-03482,Medical Staff,Staff,70,32,1.14,1,1,1,Asus,ExpertBook B9,Core i7,Iris Xe,16,1024,2,0.8,0.95,1,0,11,26845040,25265362,295295440,0.455,1,122856238,16500000,1,33.1,28828368.0,1983328.0,0
REQ-2026-03483,Sales,Manager,13,24,1.75,1,0,0,Asus,Vivobook 14,Core i5,Integrated,24,512,1,0.5,0.7,1,0,2,15873534,13662907,31747068,0.189,0,105691516,24300000,1,26.2,19080878.0,3207344.0,1
REQ-2026-03484,HR,Senior,39,41,1.26,1,1,0,Lenovo,ThinkPad P16,Core i9,RTX A2000,32,1024,4,0.9,0.25,1,1,8,41783801,36161860,334270408,0.169,1,98367732,15000000,0,39.4,45696499.0,3912698.0,0
REQ-2026-03485,Sales,Manager,24,25,13.08,1,0,1,Apple,MacBook Air 13,M3,Apple GPU,8,768,2,0.95,1.0,1,2,7,20458513,18707108,143209591,0.297,1,328164656,24300000,1,22.3,31049390.0,10590877.0,1
REQ-2026-03486,HR,Staff,10,34,0.74,1,1,0,Asus,Vivobook 14,Core i5,Integrated,16,512,1,0.5,0.7,3,2,3,15733866,14405977,47201598,0.256,1,76438960,11250000,1,46.3,18819665.0,3085799.0,1
REQ-2026-03487,HR,Staff,25,26,0.68,0,0,0,Apple,MacBook Pro 14,M3 Pro,Apple GPU,34,512,4,0.95,0.85,1,2,14,39433283,33833047,552065962,0.654,0,271516240,11250000,1,56.5,45330099.0,5896816.0,0
REQ-2026-03488,Design,Manager,49,56,0.05,0,0,0,Dell,Precision 5690,Core i9,RTX 3500,32,2048,4,0.85,0.35,3,0,25,45779886,41683604,1144497150,0.211,1,461390685,40500000,1,58.7,47090854.0,1310968.0,0
REQ-2026-03489,Design,Staff,37,33,1.5,0,0,0,Apple,MacBook Pro 14,M3 Pro,Apple GPU,18,512,4,0.95,0.85,3,2,22,39929323,33057114,878445106,0.482,0,1155825837,22500000,1,45.9,46674719.0,6745396.0,0
REQ-2026-03490,HR,Staff,56,24,0.56,0,0,0,Dell,Inspiron 15,Core i5,Integrated,8,1536,1,0.5,0.6,1,0,21,14696496,13366812,308626416,0.324,1,983136126,11250000,1,31.4,17184124.0,2487628.0,1
REQ-2026-03491,Design,Staff,37,31,0.38,0,0,0,Lenovo,ThinkPad T14,Core i5,Integrated,24,512,2,0.92,0.75,2,0,22,22410619,20760309,493033618,0.076,0,968120212,22500000,0,70.0,23794186.0,1383567.0,1
REQ-2026-03492,IT,Staff,14,44,0.23,2,1,1,Dell,Inspiron 15,Core i5,Integrated,8,512,1,0.5,0.6,2,1,22,11219661,9933513,246832542,0.295,1,2641762442,24000000,0,23.0,15555677.0,4336016.0,1
REQ-2026-03493,Sales,Staff,19,31,7.15,1,0,0,Asus,Vivobook 14,Core i5,Integrated,8,512,1,0.5,0.7,2,0,24,11225765,12022679,269418360,0.352,1,369030574,13500000,1,34.3,12800340.0,1574575.0,1
REQ-2026-03494,Finance,Staff,93,29,1.82,0,1,0,Lenovo,ThinkPad T14,Core i5,Integrated,16,1536,2,0.92,0.75,2,0,16,28205302,23002020,451284832,0.179,1,728412716,15000000,1,71.8,29616281.0,1410979.0,0
REQ-2026-03495,HR,Manager,240,33,0.57,1,0,0,Lenovo,ThinkPad P16,Core i9,RTX A2000,32,1024,4,0.9,0.25,2,1,3,42104648,36671873,126313944,0.167,1,171275697,20250000,0,58.8,45184649.0,3080001.0,1
REQ-2026-03496,Medical Staff,Staff,72,32,0.63,0,1,0,Asus,ExpertBook B9,Core i7,Iris Xe,32,1024,2,0.8,0.95,1,0,1,29708130,26943681,29708130,0.184,0,24543960,16500000,1,30.5,32234255.0,2526125.0,1
REQ-2026-03497,Medical Staff,Staff,111,35,0.14,0,1,1,Asus,ExpertBook B9,Core i7,Iris Xe,16,1024,2,0.8,0.95,1,0,8,25202918,25152255,201623344,0.164,1,265352708,16500000,1,69.3,26590670.0,1387752.0,1
REQ-2026-03498,IT,Manager,45,37,0.04,0,0,0,Asus,Vivobook 14,Core i5,Integrated,8,512,1,0.5,0.7,3,3,10,12757470,12353682,127574700,0.087,1,943581054,43200000,0,47.5,20085720.0,7328250.0,1
REQ-2026-03499,HR,Staff,3,13,1.04,0,0,0,Asus,ExpertBook B9,Core i7,Iris Xe,16,1024,2,0.8,0.95,1,2,3,26029254,24488266,78087762,0.592,1,24981111,11250000,1,42.1,29866443.0,3837189.0,0
REQ-2026-03500,Design,Senior,69,38,0.35,2,0,0,Lenovo,ThinkPad X1,Core i7,Iris Xe,24,1536,3,0.9,0.95,3,1,22,29526172,33763847,649575784,0.392,1,1176833162,30000000,1,50.2,33079358.0,3553186.0,1
REQ-2026-03501,HR,Senior,28,46,0.43,0,1,1,Asus,ExpertBook B9,Core i7,Iris Xe,16,1536,2,0.8,0.95,1,1,1,29421625,27142855,29421625,0.444,0,28270678,15000000,0,48.0,32254484.0,2832859.0,0
REQ-2026-03502,IT,Staff,53,27,0.41,0,0,0,Asus,ROG Zephyrus,Core i9,RTX 4070,32,1024,4,0.55,0.3,2,3,15,35636296,33338371,534544440,0.358,1,1387872095,24000000,1,43.4,41824940.0,6188644.0,1
REQ-2026-03503,HR,Staff,3,58,0.58,0,1,0,Apple,MacBook Air 13,M3,Apple GPU,8,768,2,0.95,1.0,3,1,14,25504396,21434951,357061544,0.369,1,345244171,11250000,1,78.7,31189853.0,5685457.0,1
REQ-2026-03504,Finance,Manager,40,26,0.83,2,1,1,Asus,ExpertBook B9,Core i7,Iris Xe,24,1024,2,0.8,0.95,1,1,20,27637684,25702094,552753680,0.777,1,721285957,27000000,1,60.5,31201129.0,3563445.0,1
REQ-2026-03505,IT,Staff,61,14,0.96,0,0,0,Asus,ExpertBook B9,Core i7,Iris Xe,16,1024,2,0.8,0.95,3,2,22,31755978,26993635,698631516,0.471,0,899728432,24000000,1,54.7,35410287.0,3654309.0,1
REQ-2026-03506,Finance,Staff,46,49,1.2,1,1,0,Asus,ROG Zephyrus,Core i9,RTX 4070,40,1024,4,0.55,0.3,3,1,6,44289333,37649349,265735998,0.154,1,245563097,15000000,1,43.8,46904788.0,2615455.0,1
REQ-2026-03507,Medical Staff,Staff,78,17,0.39,2,1,0,Asus,ExpertBook B9,Core i7,Iris Xe,24,1024,2,0.8,0.95,1,0,9,27911824,28263857,251206416,0.151,1,189775739,16500000,1,42.1,29415913.0,1504089.0,1
REQ-2026-03508,HR,Senior,35,48,1.05,1,1,0,HP,ZBook Firefly,Core i7,RTX A500,32,1024,3,0.8,0.6,2,1,1,33533491,31558783,33533491,0.366,1,57729906,15000000,1,49.8,37044381.0,3510890.0,1
REQ-2026-03509,IT,Senior,34,36,1.56,0,0,0,Dell,Inspiron 15,Core i5,Integrated,8,512,1,0.5,0.6,2,2,18,11364670,10367171,204564060,0.508,0,760101159,32000000,0,37.7,16776417.0,5411747.0,1
REQ-2026-03510,Finance,Staff,92,37,0.4,0,1,0,Dell,Latitude 7450,Core i7,Integrated,16,512,2,0.85,0.85,1,0,10,20713584,20692497,207135840,0.279,1,248285833,15000000,1,43.8,22376552.0,1662968.0,1
REQ-2026-03511,IT,Senior,21,27,1.71,0,1,0,HP,OmniBook 5,Ryzen 7,Radeon,16,512,2,0.65,0.8,3,1,2,20549581,19627532,41099162,0.436,1,61012319,32000000,0,46.0,23408777.0,2859196.0,0
REQ-2026-03512,Design,Staff,50,46,0.05,0,0,1,Asus,ExpertBook B9,Core i7,Iris Xe,24,1536,2,0.8,0.95,2,0,6,34673334,29068366,208040004,0.405,1,379997569,22500000,0,49.3,36052381.0,1379047.0,1
REQ-2026-03513,Medical Staff,Staff,37,51,0.81,0,1,0,Dell,Latitude 7450,Core i7,Integrated,16,512,2,0.85,0.85,3,1,11,28727527,24561837,316002797,0.396,1,86730829,16500000,1,69.2,30988681.0,2261154.0,0
REQ-2026-03514,Finance,Director,37,58,1.6,0,1,0,Asus,ROG Zephyrus,Core i9,RTX 4070,32,1024,4,0.55,0.3,2,1,20,37990758,34374564,759815160,0.377,0,4506395517,38000000,0,48.1,42549946.0,4559188.0,1
REQ-2026-03515,Medical Staff,Senior,57,34,1.33,0,0,0,HP,ProBook 445,Ryzen 5,Radeon,8,512,1,0.6,0.7,3,0,20,13238334,13391848,264766680,0.259,0,832758405,22000000,1,36.5,14689099.0,1450765.0,1
REQ-2026-03516,Medical Staff,Staff,35,37,1.21,0,1,1,Lenovo,IdeaPad Slim 3,Core i3,Integrated,24,768,1,0.45,0.65,3,1,12,16244276,15463860,194931312,0.133,0,318665884,16500000,0,28.9,19916023.0,3671747.0,1
REQ-2026-03517,IT,Manager,13,25,1.02,0,1,0,Apple,MacBook Pro 14,M3 Pro,Apple GPU,18,1024,4,0.95,0.85,1,3,12,31591092,32150240,379093104,0.364,1,1165565891,43200000,1,53.8,42264442.0,10673350.0,1
REQ-2026-03518,IT,Staff,165,44,0.06,0,0,0,Lenovo,ThinkPad T14,Core i5,Integrated,24,512,2,0.92,0.75,1,0,18,23173568,19643479,417124224,0.355,1,1227172101,24000000,1,45.0,24867073.0,1693505.0,1
REQ-2026-03519,Design,Manager,59,18,0.44,0,0,0,HP,ProBook 445,Ryzen 5,Radeon,8,1024,1,0.6,0.7,1,0,15,14412276,13886054,216184140,0.355,1,719207249,40500000,0,36.1,15767116.0,1354840.0,1
REQ-2026-03520,Medical Staff,Staff,53,62,0.96,2,1,1,Lenovo,IdeaPad Slim 3,Core i3,Integrated,16,256,1,0.45,0.65,1,4,16,10538046,9619176,168608736,0.061,1,761919816,16500000,1,27.3,21197373.0,10659327.0,1
REQ-2026-03521,Medical Staff,Staff,31,30,0.66,0,1,0,HP,ZBook Firefly,Core i7,RTX A500,32,1024,3,0.8,0.6,1,1,19,32056297,30817275,609069643,0.245,1,480958919,16500000,1,26.9,36344701.0,4288404.0,0
REQ-2026-03522,Sales,Staff,128,31,3.56,0,1,0,Apple,MacBook Air 13,M3,Apple GPU,16,1280,2,0.95,1.0,1,2,9,26020154,22215646,234181386,0.593,1,131595851,13500000,1,45.4,32560335.0,6540181.0,0
REQ-2026-03523,Design,Senior,35,38,0.15,0,0,0,Dell,Precision 5690,Core i9,RTX 3500,32,2048,4,0.85,0.35,2,1,20,42545021,41944528,850900420,0.219,1,619414686,30000000,1,49.7,46044982.0,3499961.0,1
REQ-2026-03524,Sales,Senior,15,58,2.47,0,1,0,Lenovo,IdeaPad Slim 3,Core i3,Integrated,16,768,1,0.45,0.65,1,1,10,13647681,11347391,136476810,0.165,1,185611810,18000000,1,24.5,19192344.0,5544663.0,1
REQ-2026-03525,Finance,Senior,49,6,0.75,0,1,0,Lenovo,IdeaPad Slim 3,Core i3,Integrated,8,256,1,0.45,0.65,2,1,9,8726732,8833383,78540588,0.266,0,716021120,20000000,1,42.9,12236927.0,3510195.0,1
REQ-2026-03526,HR,Senior,45,31,0.23,2,1,0,Dell,Precision 5690,Core i9,RTX 3500,32,2560,4,0.85,0.35,2,2,18,44445818,44839652,800024724,0.121,1,313861498,15000000,0,59.8,48697473.0,4251655.0,0
REQ-2026-03527,HR,Senior,13,26,0.43,0,1,0,Lenovo,ThinkPad X1,Core i7,Iris Xe,16,1536,3,0.9,0.95,1,0,18,28631358,28701422,515364444,0.48,0,445612448,15000000,1,33.3,30385104.0,1753746.0,0
REQ-2026-03528,Sales,Staff,13,53,3.47,0,0,0,Asus,Vivobook 14,Core i5,Integrated,8,512,1,0.5,0.7,1,2,1,10254562,10163365,10254562,0.276,0,36823941,13500000,1,24.5,16486492.0,6231930.0,1
REQ-2026-03529,Medical Staff,Senior,45,46,1.32,1,0,0,HP,ZBook Firefly,Core i7,RTX A500,32,1536,3,0.8,0.6,3,1,20,35324583,33766802,706491660,0.236,0,469999458,22000000,1,48.1,38898565.0,3573982.0,1
REQ-2026-03530,Design,Senior,23,29,0.22,0,0,0,Asus,ExpertBook B9,Core i7,Iris Xe,16,1024,2,0.8,0.95,2,0,10,26879685,25426124,268796850,0.237,1,981010899,30000000,1,58.7,28317571.0,1437886.0,1
REQ-2026-03531,Sales,Staff,22,58,7.79,1,1,0,Asus,Vivobook 14,Core i5,Integrated,8,512,1,0.5,0.7,2,4,20,13210625,11105116,264212500,0.277,1,367994034,13500000,1,32.2,22182560.0,8971935.0,1
REQ-2026-03532,HR,Staff,36,42,0.09,2,1,0,Lenovo,IdeaPad Slim 3,Core i3,Integrated,8,1280,1,0.45,0.65,1,3,24,12227093,11222509,293450232,0.345,0,508973754,11250000,1,26.1,21541216.0,9314123.0,1
REQ-2026-03533,Finance,Staff,36,10,0.44,0,1,1,Dell,Latitude 7450,Core i7,Integrated,16,1024,2,0.85,0.85,2,1,8,25932554,23623877,207460432,0.587,1,229010504,15000000,1,39.2,29164303.0,3231749.0,0
REQ-2026-03534,Design,Director,77,31,0.24,1,0,0,Dell,Latitude 7450,Core i7,Integrated,16,1024,2,0.85,0.85,1,5,21,26039341,23029079,546826161,0.444,1,3341192042,57000000,1,49.5,43152432.0,17113091.0,1
REQ-2026-03535,Sales,Senior,69,70,8.82,1,1,0,Lenovo,ThinkPad P16,Core i9,RTX A2000,32,1024,4,0.9,0.25,3,5,1,42037330,39232392,42037330,0.658,1,50979948,18000000,0,35.9,51687810.0,9650480.0,0
REQ-2026-03536,IT,Director,36,25,1.02,0,0,0,Lenovo,IdeaPad Slim 3,Core i3,Integrated,16,256,1,0.45,0.65,2,1,15,11424461,10865909,171366915,0.408,0,958728668,60800000,0,37.1,14599220.0,3174759.0,1
REQ-2026-03537,Finance,Senior,17,13,0.93,0,1,0,Asus,Vivobook 14,Core i5,Integrated,24,512,1,0.5,0.7,3,0,24,18326159,15918574,439827816,0.062,0,933512023,20000000,1,38.7,19624260.0,1298101.0,1
REQ-2026-03538,IT,Senior,17,9,0.91,2,0,0,Dell,Latitude 7450,Core i7,Integrated,16,1536,2,0.85,0.85,1,1,14,25288724,25267786,354042136,0.522,1,1924040337,32000000,1,42.9,28479494.0,3190770.0,1
REQ-2026-03539,IT,Manager,36,55,1.61,1,0,0,Lenovo,ThinkPad P16,Core i9,RTX A2000,32,1024,4,0.9,0.25,1,1,5,37592639,36281006,187963195,0.203,0,666853986,43200000,1,45.3,41121628.0,3528989.0,1
REQ-2026-03540,HR,Manager,17,39,0.99,1,1,0,Dell,Latitude 7450,Core i7,Integrated,16,512,2,0.85,0.85,1,1,2,23974687,21314952,47949374,0.552,1,85389755,20250000,1,38.9,28303056.0,4328369.0,1
REQ-2026-03541,Design,Director,34,28,0.34,0,0,0,Dell,Inspiron 15,Core i5,Integrated,16,512,1,0.5,0.6,3,1,23,14602261,14008760,335852003,0.235,1,2827771057,57000000,0,41.4,18346802.0,3744541.0,1
REQ-2026-03542,HR,Staff,141,26,0.02,1,0,0,Dell,Precision 5690,Core i9,RTX 3500,32,2048,4,0.85,0.35,1,1,9,43838450,40316741,394546050,0.514,1,188264787,11250000,0,46.9,46586958.0,2748508.0,0
REQ-2026-03543,Medical Staff,Staff,34,26,0.5,0,1,0,Lenovo,ThinkPad T14,Core i5,Integrated,16,1024,2,0.92,0.75,3,0,21,24338275,22077550,511103775,0.277,1,512329394,16500000,1,61.8,25714781.0,1376506.0,0
REQ-2026-03544,IT,Manager,107,16,0.32,1,1,0,Apple,MacBook Air 13,M3,Apple GPU,8,256,2,0.95,1.0,1,2,6,16786583,17956017,100719498,0.723,1,706340489,43200000,0,56.1,25862165.0,9075582.0,1
REQ-2026-03545,Finance,Staff,124,15,0.92,0,1,0,Dell,Precision 5690,Core i9,RTX 3500,32,2048,4,0.85,0.35,1,1,5,38756620,43411732,193783100,0.424,0,46739558,15000000,0,33.3,42393467.0,3636847.0,0
REQ-2026-03546,IT,Senior,20,40,0.6,0,0,0,HP,ProBook 445,Ryzen 5,Radeon,8,512,1,0.6,0.7,1,1,18,11964857,11986044,215367426,0.297,1,796975325,32000000,0,54.4,14993490.0,3028633.0,1
REQ-2026-03547,Medical Staff,Staff,24,29,3.65,0,1,0,Dell,Inspiron 15,Core i5,Integrated,8,512,1,0.5,0.6,2,1,15,10582499,10118828,158737485,0.28,1,254118593,16500000,1,33.5,13570352.0,2987853.0,1
REQ-2026-03548,Sales,Director,112,11,1.75,0,0,0,Apple,MacBook Pro 14,M3 Pro,Apple GPU,26,512,4,0.95,0.85,2,2,2,38709328,34185182,77418656,0.411,1,95390656,34200000,1,58.9,47749159.0,9039831.0,1
REQ-2026-03549,Design,Senior,36,42,0.2,0,0,1,Asus,ExpertBook B9,Core i7,Iris Xe,32,1024,2,0.8,0.95,3,1,6,32079974,30832609,192479844,0.32,0,253013747,30000000,1,60.5,34851796.0,2771822.0,1
REQ-2026-03550,Sales,Manager,20,27,3.69,1,0,0,Apple,MacBook Pro 14,M3 Pro,Apple GPU,26,512,4,0.95,0.85,1,1,5,35969449,31286408,179847245,0.332,1,578818371,24300000,1,47.6,42533925.0,6564476.0,1
REQ-2026-03551,HR,Senior,31,37,1.01,0,0,0,Dell,Latitude 7450,Core i7,Integrated,16,512,2,0.85,0.85,2,1,2,23687092,23441218,47374184,0.699,1,35944481,15000000,1,56.7,27125759.0,3438667.0,0
REQ-2026-03552,HR,Staff,46,57,0.09,1,1,0,Lenovo,ThinkPad P16,Core i9,RTX A2000,32,1024,4,0.9,0.25,2,0,16,35233544,36834502,563736704,0.077,1,570595765,11250000,1,49.6,36540503.0,1306959.0,0
REQ-2026-03553,Design,Senior,22,32,0.14,0,0,0,Lenovo,ThinkPad T14,Core i5,Integrated,16,512,2,0.92,0.75,1,0,21,17733211,17564031,372397431,0.331,0,1318356966,30000000,0,63.1,18963932.0,1230721.0,1
REQ-2026-03554,HR,Senior,34,38,0.43,0,1,0,Dell,Latitude 7450,Core i7,Integrated,16,512,2,0.85,0.85,2,2,14,23797024,23182302,333158336,0.419,0,696744252,15000000,1,83.2,28749134.0,4952110.0,1
REQ-2026-03555,Design,Manager,7,1,0.7,1,1,0,Lenovo,ThinkPad P16,Core i9,RTX A2000,48,2048,4,0.9,0.25,2,2,9,50610373,47261128,455493357,0.146,1,1661323791,40500000,0,33.7,56765152.0,6154779.0,1
REQ-2026-03556,Design,Manager,43,31,0.81,0,0,0,Lenovo,IdeaPad Slim 3,Core i3,Integrated,8,256,1,0.45,0.65,2,1,14,9160363,8851195,128245082,0.381,0,747016453,40500000,0,48.5,12712572.0,3552209.0,1
REQ-2026-03557,Finance,Staff,104,20,0.36,0,1,1,Dell,Precision 5690,Core i9,RTX 3500,32,2560,4,0.85,0.35,3,0,9,52749455,44820271,474745095,0.607,0,842256158,15000000,1,54.9,54427312.0,1677857.0,0
REQ-2026-03558,HR,Manager,42,13,0.55,0,0,1,HP,ProBook 445,Ryzen 5,Radeon,8,512,1,0.6,0.7,2,1,16,13156378,12585986,210502048,0.36,0,337513001,20250000,0,47.5,16502664.0,3346286.0,1
REQ-2026-03559,Sales,Senior,85,22,3.82,0,1,0,Apple,MacBook Pro 14,M3 Pro,Apple GPU,18,512,4,0.95,0.85,1,3,17,36360264,32439922,618124488,0.315,0,328254144,18000000,0,32.0,47220488.0,10860224.0,1
REQ-2026-03560,Finance,Director,115,37,0.28,0,1,0,Asus,ExpertBook B9,Core i7,Iris Xe,32,1024,2,0.8,0.95,2,0,17,29903556,29050585,508360452,0.468,1,1530082248,38000000,1,51.1,31656000.0,1752444.0,1
REQ-2026-03561,Sales,Staff,20,23,0.71,0,1,0,Lenovo,ThinkPad T14,Core i5,Integrated,24,512,2,0.92,0.75,1,1,16,23206061,19911828,371296976,0.249,0,102878474,13500000,1,50.5,25275086.0,2069025.0,0
REQ-2026-03562,IT,Manager,45,34,0.64,0,1,0,Apple,MacBook Air 13,M3,Apple GPU,24,256,2,0.95,1.0,2,0,7,22624083,22829309,158368581,0.159,0,590786440,43200000,0,56.3,26926283.0,4302200.0,1
REQ-2026-03563,HR,Staff,41,32,0.43,0,1,0,HP,OmniBook 5,Ryzen 7,Radeon,24,512,2,0.65,0.8,2,1,13,22346866,20208434,290509258,0.168,0,471664161,11250000,1,36.6,25144751.0,2797885.0,1
REQ-2026-03564,Finance,Staff,24,23,0.31,0,1,0,Lenovo,ThinkPad P16,Core i9,RTX A2000,32,1536,4,0.9,0.25,2,0,12,47094752,39039279,565137024,0.365,1,997285630,15000000,0,59.9,48872906.0,1778154.0,1
REQ-2026-03565,Design,Staff,49,18,0.26,0,0,0,Lenovo,ThinkPad T14,Core i5,Integrated,16,1024,2,0.92,0.75,1,0,18,23247530,19209692,418455540,0.263,1,339563322,22500000,1,58.1,24638501.0,1390971.0,1
REQ-2026-03566,Finance,Senior,31,7,0.3,1,1,0,Lenovo,ThinkPad X1,Core i7,Iris Xe,16,1024,3,0.9,0.95,1,0,18,24852727,26185514,447349086,0.284,0,1918127212,20000000,1,43.5,26193764.0,1341037.0,1
REQ-2026-03567,HR,Manager,15,21,0.52,0,0,0,HP,OmniBook 5,Ryzen 7,Radeon,16,512,2,0.65,0.8,1,1,25,18002067,17739951,450051675,0.288,1,154376821,20250000,1,43.0,21388488.0,3386421.0,0
REQ-2026-03568,HR,Staff,50,46,0.09,0,0,0,Lenovo,ThinkPad T14,Core i5,Integrated,16,512,2,0.92,0.75,1,0,7,16322975,18218854,114260825,0.33,1,83713034,11250000,0,37.5,17661305.0,1338330.0,1
REQ-2026-03569,Finance,Senior,36,36,0.28,0,1,0,HP,ProBook 445,Ryzen 5,Radeon,16,512,1,0.6,0.7,1,1,15,15590805,13544331,233862075,0.215,1,995457064,20000000,1,39.2,18576361.0,2985556.0,1
REQ-2026-03570,Sales,Manager,59,20,6.29,1,1,0,Lenovo,IdeaPad Slim 3,Core i3,Integrated,8,256,1,0.45,0.65,1,0,20,9403163,8036855,188063260,0.317,1,526885680,24300000,1,35.2,10624699.0,1221536.0,1
REQ-2026-03571,Medical Staff,Staff,18,35,0.96,0,1,0,HP,ProBook 445,Ryzen 5,Radeon,16,512,1,0.6,0.7,1,0,22,15786486,13612134,347302692,0.201,1,700864684,16500000,1,38.3,17631715.0,1845229.0,1
REQ-2026-03572,Sales,Staff,36,27,0.25,0,1,0,Asus,Vivobook 14,Core i5,Integrated,8,512,1,0.5,0.7,2,1,10,11817835,11144229,118178350,0.335,0,197633272,13500000,1,29.9,15279569.0,3461734.0,1
REQ-2026-03573,Finance,Director,42,46,0.85,0,1,0,HP,ProBook 445,Ryzen 5,Radeon,24,512,1,0.6,0.7,1,2,8,15050898,15805648,120407184,0.35,1,190364295,38000000,1,27.4,23796394.0,8745496.0,1
REQ-2026-03574,Design,Staff,90,49,0.26,1,0,0,Apple,MacBook Pro 14,M3 Pro,Apple GPU,26,1536,4,0.95,0.85,1,0,9,38162138,35975138,343459242,0.405,1,588229760,22500000,1,47.6,42841826.0,4679688.0,1
REQ-2026-03575,Design,Director,23,21,0.84,0,0,0,Asus,Vivobook 14,Core i5,Integrated,8,512,1,0.5,0.7,1,1,3,10810423,10199309,32431269,0.269,1,240440446,57000000,0,33.9,15733138.0,4922715.0,1
REQ-2026-03576,HR,Staff,51,26,0.84,0,1,1,Lenovo,ThinkPad T14,Core i5,Integrated,16,512,2,0.92,0.75,2,0,22,20806324,19580418,457739128,0.406,1,185997899,11250000,1,50.4,22617880.0,1811556.0,0
REQ-2026-03577,IT,Staff,12,41,2.1,0,0,0,Dell,Precision 5690,Core i9,RTX 3500,40,2048,4,0.85,0.35,2,0,10,40865553,43600951,408655530,0.464,0,502937159,24000000,1,66.1,42700507.0,1834954.0,1
REQ-2026-03578,Design,Senior,25,18,0.69,0,0,0,HP,ProBook 445,Ryzen 5,Radeon,8,512,1,0.6,0.7,2,0,11,12948406,12593913,142432466,0.398,0,417667263,30000000,0,35.7,14254203.0,1305797.0,1
REQ-2026-03579,IT,Staff,38,21,2.23,1,0,0,Dell,Precision 5690,Core i9,RTX 3500,40,2048,4,0.85,0.35,1,0,3,47320427,44952825,141961281,0.583,0,79314124,24000000,0,54.0,49053099.0,1732672.0,0
REQ-2026-03580,IT,Senior,28,51,0.95,1,0,0,HP,OmniBook 5,Ryzen 7,Radeon,16,1024,2,0.65,0.8,2,1,24,25677610,19902277,616262640,0.491,0,971291116,32000000,1,57.4,29211771.0,3534161.0,0
REQ-2026-03581,HR,Senior,16,23,0.65,1,0,0,Dell,Precision 5690,Core i9,RTX 3500,40,2048,4,0.85,0.35,1,1,10,47768458,43209863,477684580,0.405,0,415005091,15000000,0,43.4,50737105.0,2968647.0,0
REQ-2026-03582,Sales,Staff,35,30,1.68,0,1,1,HP,ProBook 445,Ryzen 5,Radeon,8,512,1,0.6,0.7,3,0,3,13183201,14138980,39549603,0.705,1,123204397,13500000,0,42.8,14733395.0,1550194.0,1
REQ-2026-03583,Medical Staff,Manager,45,35,1.8,0,0,0,Asus,ExpertBook B9,Core i7,Iris Xe,24,1024,2,0.8,0.95,1,1,19,26610213,26324552,505594047,0.657,0,1231806830,29700000,1,47.3,31146876.0,4536663.0,1
REQ-2026-03584,Medical Staff,Senior,33,25,0.34,1,0,0,Dell,Latitude 7450,Core i7,Integrated,16,1024,2,0.85,0.85,3,1,14,26674009,25804561,373436126,0.266,1,359052126,22000000,1,72.0,29829196.0,3155187.0,1
REQ-2026-03585,Medical Staff,Manager,27,32,1.39,0,1,0,Lenovo,IdeaPad Slim 3,Core i3,Integrated,8,256,1,0.45,0.65,2,1,6,9720743,8591319,58324458,0.724,0,550336422,29700000,1,37.5,14003639.0,4282896.0,1
REQ-2026-03586,Medical Staff,Manager,100,29,0.81,3,1,0,Asus,ROG Zephyrus,Core i9,RTX 4070,32,2048,4,0.55,0.3,2,2,12,39176629,37979785,470119548,0.132,1,372950537,29700000,1,34.8,43717598.0,4540969.0,0
REQ-2026-03587,HR,Staff,12,13,0.49,0,1,0,Lenovo,IdeaPad Slim 3,Core i3,Integrated,8,256,1,0.45,0.65,3,1,17,9771585,9769414,166116945,0.301,0,317219170,11250000,1,38.7,12368697.0,2597112.0,1
REQ-2026-03588,Design,Staff,58,43,0.56,3,0,0,Lenovo,IdeaPad Slim 3,Core i3,Integrated,8,256,1,0.45,0.65,3,1,5,12170449,10155231,60852245,0.556,0,342881851,22500000,0,30.5,15264882.0,3094433.0,1
REQ-2026-03589,Medical Staff,Staff,91,37,0.78,1,1,0,Asus,ExpertBook B9,Core i7,Iris Xe,16,2048,2,0.8,0.95,3,0,4,32567639,31799185,130270556,0.093,1,85497793,16500000,1,33.0,34230913.0,1663274.0,1
REQ-2026-03590,IT,Manager,54,24,0.75,1,0,1,Apple,MacBook Air 13,M3,Apple GPU,8,256,2,0.95,1.0,2,0,5,20646261,19308450,103231305,0.269,1,647289626,43200000,1,29.4,25663625.0,5017364.0,1
REQ-2026-03591,IT,Staff,80,37,1.08,0,0,1,Lenovo,ThinkPad P16,Core i9,RTX A2000,40,1024,4,0.9,0.25,1,0,20,31930984,39705414,638619680,0.211,1,747509420,24000000,1,47.2,33455147.0,1524163.0,1
REQ-2026-03592,IT,Manager,76,72,0.18,1,0,0,Lenovo,ThinkPad T14,Core i5,Integrated,24,1024,2,0.92,0.75,3,0,4,25272566,23368946,101090264,0.639,0,149096431,43200000,1,49.1,26927700.0,1655134.0,1
REQ-2026-03593,Medical Staff,Staff,40,45,0.56,0,1,0,Lenovo,IdeaPad Slim 3,Core i3,Integrated,8,256,1,0.45,0.65,2,3,10,9681608,8761888,96816080,0.111,1,181720265,16500000,1,34.2,14976951.0,5295343.0,1
REQ-2026-03594,Design,Director,39,43,0.89,0,0,1,Dell,Inspiron 15,Core i5,Integrated,8,512,1,0.5,0.6,3,1,23,12411952,11049086,285474896,0.283,1,2216828001,57000000,0,61.7,16561091.0,4149139.0,1
REQ-2026-03595,HR,Senior,17,39,0.79,0,0,0,Dell,Latitude 7450,Core i7,Integrated,24,1024,2,0.85,0.85,1,2,25,24260887,25006945,606522175,0.465,0,1039624427,15000000,1,45.0,29385324.0,5124437.0,1
REQ-2026-03596,IT,Staff,43,35,0.35,0,1,0,Dell,Latitude 7450,Core i7,Integrated,16,512,2,0.85,0.85,2,1,25,23593245,22596407,589831125,0.218,1,2257420038,24000000,1,41.2,25868811.0,2275566.0,1
REQ-2026-03597,Design,Director,30,30,0.09,2,0,1,Lenovo,ThinkPad P16,Core i9,RTX A2000,32,1024,4,0.9,0.25,1,0,6,36997027,37361346,221982162,0.677,1,452647801,57000000,1,48.4,38616146.0,1619119.0,1
REQ-2026-03598,Design,Staff,33,27,0.22,0,0,1,Dell,Inspiron 15,Core i5,Integrated,24,512,1,0.5,0.6,2,3,21,14263123,14314269,299525583,0.306,1,1500115643,22500000,0,50.8,20012825.0,5749702.0,1
REQ-2026-03599,Finance,Staff,35,59,0.37,1,1,0,Dell,Inspiron 15,Core i5,Integrated,16,1024,1,0.5,0.6,2,2,4,12347574,13581729,49390296,0.513,1,34207434,15000000,1,44.9,15557017.0,3209443.0,1
REQ-2026-03600,Design,Manager,23,54,0.65,0,0,0,Lenovo,IdeaPad Slim 3,Core i3,Integrated,16,256,1,0.45,0.65,3,0,18,11382171,11928047,204879078,0.484,1,1693974669,40500000,0,57.6,13253195.0,1871024.0,1
REQ-2026-03601,Finance,Staff,65,26,0.34,0,1,1,HP,OmniBook 5,Ryzen 7,Radeon,16,512,2,0.65,0.8,1,0,18,17534574,16303732,315622332,0.326,0,792002068,15000000,1,45.5,19510117.0,1975543.0,1
REQ-2026-03602,HR,Senior,30,14,0.47,0,0,0,Asus,ROG Zephyrus,Core i9,RTX 4070,32,1024,4,0.55,0.3,1,1,23,36389914,33416121,836968022,0.201,1,433649894,15000000,1,37.4,39666153.0,3276239.0,0
REQ-2026-03603,IT,Manager,30,47,0.51,0,0,0,Dell,Latitude 7450,Core i7,Integrated,16,1024,2,0.85,0.85,2,0,17,26616441,24343218,452479497,0.13,0,954226881,43200000,1,48.0,28079665.0,1463224.0,1
REQ-2026-03604,Finance,Staff,51,29,0.89,0,1,0,Apple,MacBook Air 13,M3,Apple GPU,8,256,2,0.95,1.0,1,0,7,17381519,18103839,121670633,0.192,0,126590029,15000000,1,37.8,22083955.0,4702436.0,1
REQ-2026-03605,Design,Staff,28,29,0.25,2,0,0,HP,ZBook Firefly,Core i7,RTX A500,40,1024,3,0.8,0.6,1,1,12,37403487,30357550,448841844,0.302,1,472591631,22500000,1,54.0,40913843.0,3510356.0,0
REQ-2026-03606,Finance,Senior,92,50,0.04,0,1,0,HP,OmniBook 5,Ryzen 7,Radeon,32,1024,2,0.65,0.8,1,2,17,25722154,21970011,437276618,0.283,1,461219732,20000000,1,46.9,29334129.0,3611975.0,1
REQ-2026-03607,Sales,Senior,71,34,4.27,1,0,1,HP,ZBook Firefly,Core i7,RTX A500,32,1536,3,0.8,0.6,2,5,18,31970913,33333592,575476434,0.02,1,778236393,18000000,1,32.1,41387757.0,9416844.0,1
REQ-2026-03608,Medical Staff,Manager,91,29,0.49,1,1,0,Asus,ExpertBook B9,Core i7,Iris Xe,24,1024,2,0.8,0.95,2,1,23,31096353,26818063,715216119,0.743,0,2213113125,29700000,1,38.1,35285378.0,4189025.0,1
REQ-2026-03609,IT,Senior,53,1,1.61,0,0,1,HP,ProBook 445,Ryzen 5,Radeon,16,512,1,0.6,0.7,2,4,15,16954097,15279768,254311455,0.402,1,2797246341,32000000,0,41.7,25051635.0,8097538.0,1
REQ-2026-03610,Design,Senior,47,36,2.02,0,0,0,Dell,Precision 5690,Core i9,RTX 3500,48,2048,4,0.85,0.35,1,2,20,49850493,44798365,997009860,0.321,1,1436477734,30000000,0,42.0,54828786.0,4978293.0,0
REQ-2026-03611,Design,Staff,88,38,0.24,1,0,0,Apple,MacBook Pro 14,M3 Pro,Apple GPU,18,1024,4,0.95,0.85,2,0,11,35385123,33237965,389236353,0.18,0,171416151,22500000,1,66.5,40025903.0,4640780.0,0
REQ-2026-03612,HR,Director,21,37,0.36,0,1,0,Apple,MacBook Pro 14,M3 Pro,Apple GPU,26,1024,4,0.95,0.85,3,2,22,39035858,37330856,858788876,0.237,1,1090938646,28500000,0,62.2,49884554.0,10848696.0,1
REQ-2026-03613,Design,Senior,36,23,0.02,0,0,0,HP,ZBook Firefly,Core i7,RTX A500,32,1024,3,0.8,0.6,2,1,18,30813539,30273878,554643702,0.572,0,1236541454,30000000,1,45.9,33362728.0,2549189.0,1
REQ-2026-03614,IT,Senior,66,39,0.14,1,0,1,Apple,MacBook Air 13,M3,Apple GPU,8,256,2,0.95,1.0,3,1,22,22599467,19678554,497188274,0.239,1,2435136809,32000000,0,60.3,28080075.0,5480608.0,1
REQ-2026-03615,Medical Staff,Senior,43,60,0.87,0,1,0,HP,ZBook Firefly,Core i7,RTX A500,40,1536,3,0.8,0.6,1,0,11,37616743,31645487,413784173,0.35,0,205710310,22000000,0,36.7,38775869.0,1159126.0,0
REQ-2026-03616,Medical Staff,Staff,85,16,0.55,0,0,0,HP,ProBook 445,Ryzen 5,Radeon,8,512,1,0.6,0.7,2,0,15,16301864,12978496,244527960,0.417,1,907974645,16500000,0,39.2,17710453.0,1408589.0,1
REQ-2026-03617,Finance,Senior,37,21,0.32,0,1,0,HP,ProBook 445,Ryzen 5,Radeon,24,512,1,0.6,0.7,3,0,18,18565607,19274586,334180926,0.219,1,566248301,20000000,1,38.5,19791487.0,1225880.0,1
REQ-2026-03618,HR,Senior,67,30,0.26,0,1,0,Apple,MacBook Air 13,M3,Apple GPU,24,256,2,0.95,1.0,1,1,3,24828829,22136710,74486487,0.424,0,95051243,15000000,0,58.2,31395407.0,6566578.0,1
REQ-2026-03619,Medical Staff,Staff,46,45,1.62,1,1,0,Dell,Latitude 7450,Core i7,Integrated,16,512,2,0.85,0.85,1,3,5,21324826,20812037,106624130,0.332,1,150038012,16500000,1,56.9,26508490.0,5183664.0,1
REQ-2026-03620,Design,Staff,29,53,0.51,1,0,0,Asus,ExpertBook B9,Core i7,Iris Xe,16,1536,2,0.8,0.95,3,1,13,26406149,27544171,343279937,0.481,1,386047836,22500000,1,52.9,28891854.0,2485705.0,1
REQ-2026-03621,Finance,Senior,54,34,0.36,3,1,0,Asus,ExpertBook B9,Core i7,Iris Xe,24,2048,2,0.8,0.95,3,0,24,26326165,34339457,631827960,0.778,0,656842603,20000000,1,42.6,28046583.0,1720418.0,1
REQ-2026-03622,Finance,Senior,65,37,1.84,0,1,1,Lenovo,IdeaPad Slim 3,Core i3,Integrated,8,768,1,0.45,0.65,1,1,15,10316934,9819874,154754010,0.644,1,309795041,20000000,0,40.4,14114647.0,3797713.0,1
REQ-2026-03623,HR,Senior,116,29,0.67,0,1,1,HP,ZBook Firefly,Core i7,RTX A500,32,2048,3,0.8,0.6,2,0,10,37925650,33737892,379256500,0.297,1,239220866,15000000,1,56.3,39705518.0,1779868.0,0
REQ-2026-03624,HR,Senior,19,25,0.06,1,0,0,Dell,Precision 5690,Core i9,RTX 3500,32,2048,4,0.85,0.35,3,1,2,49589957,43504486,99179914,0.268,1,51762685,15000000,0,45.0,52819312.0,3229355.0,0
REQ-2026-03625,IT,Manager,8,36,0.27,0,0,0,HP,ZBook Firefly,Core i7,RTX A500,40,1024,3,0.8,0.6,2,0,19,34637370,32044467,658110030,0.386,1,584518919,43200000,1,54.1,36183410.0,1546040.0,1
REQ-2026-03626,Design,Senior,86,31,0.85,2,0,0,HP,ZBook Firefly,Core i7,RTX A500,32,2048,3,0.8,0.6,2,1,12,34428840,33375974,413146080,0.084,1,549195171,30000000,1,31.2,38892274.0,4463434.0,1
REQ-2026-03627,Design,Staff,19,7,1.18,1,0,0,Apple,MacBook Pro 14,M3 Pro,Apple GPU,18,512,4,0.95,0.85,3,0,15,32067264,33089910,481008960,0.402,0,670397758,22500000,1,41.3,36938522.0,4871258.0,1
REQ-2026-03628,Sales,Director,71,22,5.98,1,1,0,Lenovo,ThinkPad X1,Core i7,Iris Xe,16,1024,3,0.9,0.95,1,0,4,25600321,26827278,102401284,0.052,1,295477190,34200000,1,45.1,27340748.0,1740427.0,1
REQ-2026-03629,Finance,Manager,49,57,0.57,0,1,0,HP,ZBook Firefly,Core i7,RTX A500,40,1024,3,0.8,0.6,1,0,17,32043625,30525340,544741625,0.435,0,1084350886,27000000,1,37.1,33944942.0,1901317.0,1
REQ-2026-03630,IT,Director,29,54,0.5,0,0,1,HP,OmniBook 5,Ryzen 7,Radeon,32,512,2,0.65,0.8,2,1,8,22355153,21846563,178841224,0.587,1,449474999,60800000,1,41.0,26458544.0,4103391.0,1
REQ-2026-03631,Sales,Staff,6,37,1.81,1,0,0,HP,ZBook Firefly,Core i7,RTX A500,32,1536,3,0.8,0.6,3,0,23,34148733,32561090,785420859,0.439,1,1230585336,13500000,1,58.2,35039569.0,890836.0,0
REQ-2026-03632,Medical Staff,Director,45,48,1.43,3,0,0,Apple,MacBook Air 13,M3,Apple GPU,16,768,2,0.95,1.0,1,1,20,29581547,21830692,591630940,0.124,1,752917834,41800000,1,28.7,38737272.0,9155725.0,1
REQ-2026-03633,HR,Staff,80,35,0.36,0,0,0,Apple,MacBook Air 13,M3,Apple GPU,8,256,2,0.95,1.0,2,0,13,17840982,19021080,231932766,0.188,1,288446451,11250000,1,58.6,22724870.0,4883888.0,1
REQ-2026-03634,HR,Manager,56,19,0.25,0,1,0,HP,ZBook Firefly,Core i7,RTX A500,32,1536,3,0.8,0.6,2,0,25,32093564,31687616,802339100,0.541,0,941489619,20250000,1,39.9,33683323.0,1589759.0,0
REQ-2026-03635,Medical Staff,Senior,12,33,0.06,1,1,0,Lenovo,IdeaPad Slim 3,Core i3,Integrated,8,256,1,0.45,0.65,1,1,13,8502438,8107082,110531694,0.29,1,290060163,22000000,1,22.6,14093922.0,5591484.0,1
REQ-2026-03636,Sales,Manager,48,46,5.34,0,1,0,HP,OmniBook 5,Ryzen 7,Radeon,24,512,2,0.65,0.8,1,4,18,20386688,18574829,366960384,0.181,1,288872003,24300000,1,34.2,31860463.0,11473775.0,1
REQ-2026-03637,Sales,Senior,26,22,2.35,0,1,0,Asus,Vivobook 14,Core i5,Integrated,16,1024,1,0.5,0.7,1,4,1,15901779,14750476,15901779,0.179,0,25619264,18000000,1,23.0,27471438.0,11569659.0,1
REQ-2026-03638,IT,Senior,48,59,0.22,0,1,0,Lenovo,IdeaPad Slim 3,Core i3,Integrated,8,256,1,0.45,0.65,3,0,14,9744310,9715519,136420340,0.13,0,708165717,32000000,0,43.7,11447750.0,1703440.0,1
REQ-2026-03639,Medical Staff,Director,42,22,0.68,1,0,0,Lenovo,ThinkPad P16,Core i9,RTX A2000,40,1024,4,0.9,0.25,2,2,25,36106785,41091158,902669625,0.325,1,6000000000,41800000,1,53.7,41781438.0,5674653.0,1
REQ-2026-03640,Design,Senior,45,37,0.2,0,0,0,Asus,Vivobook 14,Core i5,Integrated,16,1536,1,0.5,0.7,1,2,6,14470695,15175823,86824170,0.276,1,389146120,30000000,0,42.7,18559649.0,4088954.0,1
REQ-2026-03641,Medical Staff,Senior,12,38,1.23,0,0,1,Asus,ExpertBook B9,Core i7,Iris Xe,24,1024,2,0.8,0.95,2,0,25,25822044,27181840,645551100,0.45,1,1599886409,22000000,1,58.5,27641765.0,1819721.0,1
REQ-2026-03642,IT,Staff,67,19,0.37,1,0,0,HP,OmniBook 5,Ryzen 7,Radeon,16,1024,2,0.65,0.8,1,0,11,17486720,18732696,192353920,0.562,1,367382189,24000000,1,33.9,19975800.0,2489080.0,1
REQ-2026-03643,Design,Staff,46,48,1.07,1,0,0,Asus,ROG Zephyrus,Core i9,RTX 4070,32,1536,4,0.55,0.3,2,0,8,41997213,35446359,335977704,0.486,0,221287524,22500000,1,48.2,43797898.0,1800685.0,1
REQ-2026-03644,Finance,Staff,95,28,0.65,0,1,0,HP,ProBook 445,Ryzen 5,Radeon,8,512,1,0.6,0.7,1,1,22,11929719,11813506,262453818,0.792,0,360824583,15000000,1,38.5,14652073.0,2722354.0,1
REQ-2026-03645,Design,Staff,53,30,0.53,0,1,0,Lenovo,IdeaPad Slim 3,Core i3,Integrated,8,768,1,0.45,0.65,3,1,18,11917450,11960658,214514100,0.305,0,641302524,22500000,0,81.7,15120354.0,3202904.0,1
REQ-2026-03646,HR,Senior,48,66,1.01,1,0,0,Lenovo,ThinkPad X1,Core i7,Iris Xe,16,1024,3,0.9,0.95,2,0,19,30204890,29033558,573892910,0.45,1,584216670,15000000,1,45.7,31622140.0,1417250.0,0
REQ-2026-03647,Sales,Manager,47,35,2.24,0,0,0,Dell,Latitude 7450,Core i7,Integrated,16,512,2,0.85,0.85,1,0,12,23539076,21740498,282468912,0.408,0,912494282,24300000,1,53.8,25111021.0,1571945.0,1
REQ-2026-03648,Finance,Manager,37,39,0.17,0,1,0,HP,OmniBook 5,Ryzen 7,Radeon,16,1536,2,0.65,0.8,1,1,11,22385272,21991763,246237992,0.209,1,572516578,27000000,1,45.3,26732748.0,4347476.0,1
REQ-2026-03649,Finance,Staff,82,34,1.0,0,1,0,Dell,Latitude 7450,Core i7,Integrated,16,512,2,0.85,0.85,3,0,13,25300949,25036229,328912337,0.571,1,448628841,15000000,1,46.8,26661238.0,1360289.0,1
REQ-2026-03650,IT,Staff,21,33,1.06,0,0,1,Dell,Precision 5690,Core i9,RTX 3500,32,2560,4,0.85,0.35,2,1,12,45744295,42719435,548931540,0.155,0,563871822,24000000,1,54.5,47843084.0,2098789.0,1
REQ-2026-03651,IT,Senior,42,23,1.39,1,0,0,Asus,ROG Zephyrus,Core i9,RTX 4070,40,1024,4,0.55,0.3,1,3,25,40164412,34247943,1004110300,0.084,0,1125018529,32000000,1,39.3,48177239.0,8012827.0,1
REQ-2026-03652,HR,Senior,15,37,0.7,0,1,1,Lenovo,ThinkPad P16,Core i9,RTX A2000,32,1024,4,0.9,0.25,3,2,17,37723045,37743085,641291765,0.316,0,335796876,15000000,0,72.0,41619803.0,3896758.0,0
REQ-2026-03653,Sales,Staff,81,44,6.38,0,0,0,HP,OmniBook 5,Ryzen 7,Radeon,16,512,2,0.65,0.8,2,2,14,17562071,17915536,245868994,0.269,0,865146454,13500000,1,27.4,22923685.0,5361614.0,1
REQ-2026-03654,Sales,Staff,41,30,3.08,0,0,0,Apple,MacBook Air 13,M3,Apple GPU,24,256,2,0.95,1.0,3,1,5,20569673,23677698,102848365,0.493,0,83559629,13500000,1,74.9,26162913.0,5593240.0,0
REQ-2026-03655,Medical Staff,Director,55,32,0.16,1,0,0,Asus,Vivobook 14,Core i5,Integrated,24,1024,1,0.5,0.7,1,1,1,17355835,16474150,17355835,0.341,0,27951800,41800000,1,33.9,21829024.0,4473189.0,1
REQ-2026-03656,Design,Director,36,32,1.12,1,0,0,Asus,ExpertBook B9,Core i7,Iris Xe,24,1536,2,0.8,0.95,1,0,22,29527684,29092290,649609048,0.444,1,1708929218,57000000,1,44.3,31071038.0,1543354.0,1
REQ-2026-03657,Sales,Senior,40,30,9.5,1,1,0,Apple,MacBook Air 13,M3,Apple GPU,8,768,2,0.95,1.0,1,1,17,25098612,19673668,426676404,0.513,0,145155931,18000000,1,43.8,31275691.0,6177079.0,0
REQ-2026-03658,Sales,Senior,26,55,3.08,1,0,0,Apple,MacBook Air 13,M3,Apple GPU,16,256,2,0.95,1.0,1,2,5,18487619,20439038,92438095,0.484,0,211375950,18000000,1,31.5,28180402.0,9692783.0,1
REQ-2026-03659,Finance,Staff,22,35,0.15,1,1,0,Asus,Vivobook 14,Core i5,Integrated,8,512,1,0.5,0.7,1,3,2,10829476,9475221,21658952,0.202,1,24673242,15000000,1,26.5,19268462.0,8438986.0,1
REQ-2026-03660,Sales,Staff,121,13,1.3,0,1,0,Lenovo,IdeaPad Slim 3,Core i3,Integrated,16,768,1,0.45,0.65,2,0,16,14509492,13301187,232151872,0.178,1,271492176,13500000,1,39.3,15931004.0,1421512.0,1
REQ-2026-03661,Finance,Staff,24,45,0.22,0,1,0,HP,ProBook 445,Ryzen 5,Radeon,8,512,1,0.6,0.7,2,2,7,14261057,12269971,99827399,0.105,1,220214885,15000000,1,34.3,18222882.0,3961825.0,1
REQ-2026-03662,Sales,Senior,151,24,7.54,1,1,0,Asus,Vivobook 14,Core i5,Integrated,16,512,1,0.5,0.7,1,1,10,12526074,12215502,125260740,0.337,0,622643520,18000000,0,27.0,16636490.0,4110416.0,1
REQ-2026-03663,Finance,Staff,26,22,0.67,0,1,0,Lenovo,ThinkPad T14,Core i5,Integrated,16,512,2,0.92,0.75,1,0,22,20525007,17763197,451550154,0.181,1,266218052,15000000,1,47.9,22147459.0,1622452.0,0
REQ-2026-03664,Medical Staff,Staff,27,35,1.54,0,1,0,Lenovo,ThinkPad X1,Core i7,Iris Xe,24,2048,3,0.9,0.95,1,0,8,32650247,32726445,261201976,0.412,1,111177817,16500000,0,58.9,34394231.0,1743984.0,0
REQ-2026-03665,HR,Staff,204,24,0.28,1,0,0,HP,ProBook 445,Ryzen 5,Radeon,8,512,1,0.6,0.7,1,1,22,10128269,11911646,222821918,0.166,0,364360207,11250000,1,29.2,14491763.0,4363494.0,1
REQ-2026-03666,HR,Director,48,25,0.18,0,0,1,Lenovo,ThinkPad T14,Core i5,Integrated,24,512,2,0.92,0.75,3,0,1,24878951,21110299,24878951,0.419,1,71492164,28500000,0,69.1,26177640.0,1298689.0,1
REQ-2026-03667,Medical Staff,Staff,23,23,0.98,0,1,0,Lenovo,IdeaPad Slim 3,Core i3,Integrated,16,768,1,0.45,0.65,1,1,1,11399204,11384497,11399204,0.701,0,60511431,16500000,1,25.8,16584356.0,5185152.0,0
REQ-2026-03668,Design,Staff,23,30,0.24,1,0,0,Lenovo,ThinkPad T14,Core i5,Integrated,16,1024,2,0.92,0.75,2,0,1,16942077,21104014,16942077,0.287,0,59072662,22500000,1,41.2,17939264.0,997187.0,1
REQ-2026-03669,Finance,Director,71,40,0.29,0,1,0,Dell,Latitude 7450,Core i7,Integrated,32,512,2,0.85,0.85,2,2,2,30604259,26329850,61208518,0.282,0,205552939,38000000,1,48.5,35612995.0,5008736.0,1
REQ-2026-03670,IT,Senior,26,22,0.71,0,0,0,Asus,Vivobook 14,Core i5,Integrated,8,512,1,0.5,0.7,3,3,9,12856145,12186908,115705305,0.645,1,358565348,32000000,0,35.7,18115466.0,5259321.0,1
REQ-2026-03671,HR,Staff,69,33,0.61,0,0,0,Lenovo,ThinkPad P16,Core i9,RTX A2000,40,1024,4,0.9,0.25,2,1,18,37881434,40194230,681865812,0.198,0,549324403,11250000,0,26.5,41433597.0,3552163.0,0
REQ-2026-03672,HR,Senior,46,37,0.69,0,0,0,Lenovo,ThinkPad P16,Core i9,RTX A2000,32,1024,4,0.9,0.25,2,0,14,39975914,37451244,559662796,0.645,1,488842055,15000000,0,56.6,41370471.0,1394557.0,1
REQ-2026-03673,Design,Staff,22,26,0.53,0,0,0,Apple,MacBook Pro 14,M3 Pro,Apple GPU,18,1024,4,0.95,0.85,2,0,5,36738067,34017030,183690335,0.284,1,171346600,22500000,1,52.6,41573362.0,4835295.0,0
REQ-2026-03674,HR,Staff,31,40,0.35,0,1,0,Apple,MacBook Air 13,M3,Apple GPU,16,256,2,0.95,1.0,2,2,11,20348149,22389110,223829639,0.271,1,178261907,11250000,0,33.1,28652418.0,8304269.0,1
REQ-2026-03675,IT,Manager,51,53,0.44,0,0,0,HP,ZBook Firefly,Core i7,RTX A500,32,1024,3,0.8,0.6,1,1,16,33497276,30023376,535956416,0.045,1,2147838861,43200000,1,43.7,36528014.0,3030738.0,1
REQ-2026-03676,Design,Senior,21,32,0.42,0,0,0,Asus,Vivobook 14,Core i5,Integrated,8,512,1,0.5,0.7,2,3,17,12448495,11034746,211624415,0.27,1,420915188,30000000,0,56.3,18002666.0,5554171.0,1
REQ-2026-03677,Finance,Director,11,44,0.15,1,1,0,Dell,Latitude 7450,Core i7,Integrated,16,512,2,0.85,0.85,2,0,1,23390995,22579232,23390995,0.212,1,88795947,38000000,1,38.3,24695108.0,1304113.0,1
REQ-2026-03678,Medical Staff,Director,26,25,2.13,0,0,0,HP,ZBook Firefly,Core i7,RTX A500,32,1536,3,0.8,0.6,2,2,25,34249585,30892786,856239625,0.209,1,2906236100,41800000,1,41.1,39516723.0,5267138.0,1
REQ-2026-03679,Finance,Manager,23,15,0.84,1,1,1,Dell,Inspiron 15,Core i5,Integrated,8,1024,1,0.5,0.6,1,1,2,14271973,10687240,28543946,0.591,1,126588249,27000000,1,31.0,19452726.0,5180753.0,1
REQ-2026-03680,Design,Staff,46,20,0.06,1,0,0,Lenovo,ThinkPad X1,Core i7,Iris Xe,16,1024,3,0.9,0.95,1,0,13,35255720,26705399,458324360,0.33,1,520258574,22500000,1,45.3,36575765.0,1320045.0,0
REQ-2026-03681,Finance,Staff,72,19,1.12,0,1,0,Apple,MacBook Air 13,M3,Apple GPU,8,768,2,0.95,1.0,2,0,5,23563343,20418010,117816715,0.113,1,157072503,15000000,1,57.3,27848857.0,4285514.0,1
REQ-2026-03682,Medical Staff,Senior,66,40,0.59,0,0,1,Dell,Inspiron 15,Core i5,Integrated,8,512,1,0.5,0.6,1,1,22,9547125,9663871,210036750,0.24,1,798881367,22000000,1,39.2,12442875.0,2895750.0,1
REQ-2026-03683,HR,Director,114,33,1.1,0,0,0,Lenovo,ThinkPad P16,Core i9,RTX A2000,32,1024,4,0.9,0.25,1,2,7,40054280,37186986,280379960,0.352,1,201697152,28500000,1,52.4,44229284.0,4175004.0,0
REQ-2026-03684,IT,Staff,24,45,0.15,1,1,0,Dell,Precision 5690,Core i9,RTX 3500,32,3072,4,0.85,0.35,1,1,5,49642067,47751484,248210335,0.358,1,346071504,24000000,0,49.6,51849931.0,2207864.0,1
REQ-2026-03685,Medical Staff,Senior,24,19,0.35,0,0,0,Lenovo,ThinkPad T14,Core i5,Integrated,16,512,2,0.92,0.75,1,0,11,18224174,17624196,200465914,0.513,0,456381133,22000000,1,52.1,20023981.0,1799807.0,1
REQ-2026-03686,Finance,Staff,134,32,0.74,0,1,0,Lenovo,ThinkPad X1,Core i7,Iris Xe,24,1024,3,0.9,0.95,3,1,17,37804886,32494362,642683062,0.27,0,796479933,15000000,0,51.0,41223802.0,3418916.0,0
REQ-2026-03687,HR,Staff,97,27,0.27,0,0,0,Lenovo,ThinkPad P16,Core i9,RTX A2000,32,1536,4,0.9,0.25,2,0,17,45836915,39708110,779227555,0.452,0,177514406,11250000,0,66.7,47197162.0,1360247.0,0
REQ-2026-03688,HR,Senior,23,30,0.47,0,0,0,Dell,Precision 5690,Core i9,RTX 3500,32,2048,4,0.85,0.35,1,0,24,45821052,40276825,1099705248,0.365,1,968474704,15000000,0,60.8,47376294.0,1555242.0,0
REQ-2026-03689,IT,Senior,24,31,0.13,0,0,0,Lenovo,ThinkPad P16,Core i9,RTX A2000,32,1536,4,0.9,0.25,1,3,10,40962614,37990312,409626140,0.624,1,727522163,32000000,1,57.9,47498281.0,6535667.0,1
REQ-2026-03690,Medical Staff,Manager,100,20,0.57,2,1,0,HP,ProBook 445,Ryzen 5,Radeon,16,1024,1,0.6,0.7,1,0,11,17110335,14454602,188213685,0.381,1,865441862,29700000,1,36.8,18231506.0,1121171.0,0
REQ-2026-03691,Design,Staff,40,39,0.3,0,0,0,HP,OmniBook 5,Ryzen 7,Radeon,16,1024,2,0.65,0.8,1,2,3,21576063,19476014,64728189,0.522,0,257812736,22500000,1,47.6,26262951.0,4686888.0,1
REQ-2026-03692,IT,Senior,74,19,0.98,1,1,0,Dell,Latitude 7450,Core i7,Integrated,16,1024,2,0.85,0.85,2,2,9,27872974,23745595,250856766,0.204,0,98968462,32000000,1,70.0,31378327.0,3505353.0,0
REQ-2026-03693,Finance,Manager,37,24,0.83,1,1,1,Apple,MacBook Air 13,M3,Apple GPU,8,256,2,0.95,1.0,2,3,3,19052854,18608160,57158562,0.329,0,97488518,27000000,1,48.1,30604384.0,11551530.0,1
REQ-2026-03694,Medical Staff,Staff,33,25,2.26,1,1,0,Asus,ROG Zephyrus,Core i9,RTX 4070,32,2048,4,0.55,0.3,3,2,18,43703213,39690799,786657834,0.105,0,1794451273,16500000,1,39.8,47707898.0,4004685.0,0
REQ-2026-03695,IT,Staff,91,52,1.64,2,0,0,Apple,MacBook Air 13,M3,Apple GPU,8,256,2,0.95,1.0,3,0,13,23301743,20161934,302922659,0.537,1,831353072,24000000,0,45.3,27882224.0,4580481.0,1
REQ-2026-03696,Medical Staff,Senior,31,51,1.32,0,0,1,Asus,ExpertBook B9,Core i7,Iris Xe,16,1536,2,0.8,0.95,2,0,7,33369378,26984396,233585646,0.177,1,171428695,22000000,1,55.7,35048321.0,1678943.0,0
REQ-2026-03697,Design,Staff,24,41,0.6,0,0,0,HP,ZBook Firefly,Core i7,RTX A500,40,1024,3,0.8,0.6,3,2,10,32919300,30303948,329193000,0.056,0,381437449,22500000,1,59.8,37359207.0,4439907.0,1
REQ-2026-03698,IT,Senior,61,26,0.88,0,0,0,Lenovo,ThinkPad X1,Core i7,Iris Xe,16,1024,3,0.9,0.95,1,0,18,28519907,26866021,513358326,0.631,1,1552585771,32000000,1,46.6,30308222.0,1788315.0,1
REQ-2026-03699,IT,Staff,25,11,0.59,0,1,1,HP,ProBook 445,Ryzen 5,Radeon,8,1024,1,0.6,0.7,2,0,25,13153130,14256168,328828250,0.353,1,636754174,24000000,0,55.0,15068492.0,1915362.0,1
REQ-2026-03700,Design,Manager,36,29,0.31,0,0,0,Dell,Precision 5690,Core i9,RTX 3500,32,2048,4,0.85,0.35,1,1,20,50781367,42073830,1015627340,0.232,1,1722368052,40500000,1,39.5,54115999.0,3334632.0,1
REQ-2026-03701,Design,Senior,48,62,0.24,0,1,0,Dell,Inspiron 15,Core i5,Integrated,16,512,1,0.5,0.6,3,2,8,12510473,13341052,100083784,0.182,1,363193688,30000000,0,51.9,18207695.0,5697222.0,1
REQ-2026-03702,HR,Staff,4,24,0.53,0,0,0,Lenovo,IdeaPad Slim 3,Core i3,Integrated,8,256,1,0.45,0.65,1,2,21,8175983,7829211,171695643,0.478,1,594532755,11250000,1,28.9,13330206.0,5154223.0,1
REQ-2026-03703,Design,Staff,9,70,0.63,1,0,0,Apple,MacBook Pro 14,M3 Pro,Apple GPU,26,512,4,0.95,0.85,2,2,19,45113250,33810654,857151750,0.237,1,245483984,22500000,1,60.6,52534918.0,7421668.0,0
REQ-2026-03704,HR,Staff,90,44,0.82,3,1,0,Lenovo,ThinkPad T14,Core i5,Integrated,16,512,2,0.92,0.75,2,0,5,20604590,18682541,103022950,0.601,1,115410940,11250000,1,42.2,21773698.0,1169108.0,0
REQ-2026-03705,Design,Senior,42,1,1.77,1,0,0,Lenovo,ThinkPad P16,Core i9,RTX A2000,40,1024,4,0.9,0.25,2,0,22,42772852,39483234,941002744,0.404,0,595817829,30000000,1,52.0,43572738.0,799886.0,0
REQ-2026-03706,Medical Staff,Senior,30,37,0.19,3,1,0,Lenovo,ThinkPad X1,Core i7,Iris Xe,16,1024,3,0.9,0.95,1,0,4,25952237,26337582,103808948,0.262,1,102427242,22000000,1,31.8,28418304.0,2466067.0,1
REQ-2026-03707,HR,Senior,108,24,0.51,0,0,0,HP,ZBook Firefly,Core i7,RTX A500,32,1536,3,0.8,0.6,1,0,15,33305497,30042417,499582455,0.26,0,875510699,15000000,1,36.2,34573157.0,1267660.0,0
REQ-2026-03708,Design,Manager,56,32,0.87,0,0,0,Dell,Precision 5690,Core i9,RTX 3500,40,2560,4,0.85,0.35,1,0,17,49068746,44484713,834168682,0.092,1,397644402,40500000,1,50.6,49898834.0,830088.0,0
REQ-2026-03709,HR,Staff,24,31,0.38,0,0,0,Dell,Inspiron 15,Core i5,Integrated,24,1536,1,0.5,0.6,2,4,23,19553823,17886183,449737929,0.338,1,852034145,11250000,1,54.5,24754267.0,5200444.0,1
REQ-2026-03710,IT,Staff,144,30,2.13,1,0,0,Lenovo,ThinkPad P16,Core i9,RTX A2000,32,1024,4,0.9,0.25,2,2,7,40125463,38067013,280878241,0.437,0,1064607037,24000000,0,38.4,44085041.0,3959578.0,1
REQ-2026-03711,Design,Staff,18,32,0.44,0,0,0,Lenovo,ThinkPad T14,Core i5,Integrated,16,512,2,0.92,0.75,3,0,4,23289919,20452671,93159676,0.22,0,120396733,22500000,1,57.3,25169972.0,1880053.0,1
REQ-2026-03712,IT,Staff,15,32,1.01,0,0,0,Apple,MacBook Air 13,M3,Apple GPU,16,768,2,0.95,1.0,2,1,21,24646863,22959213,517584123,0.173,1,423210530,24000000,0,46.6,30419399.0,5772536.0,0
REQ-2026-03713,HR,Director,24,39,1.37,0,0,1,Lenovo,IdeaPad Slim 3,Core i3,Integrated,8,256,1,0.45,0.65,3,2,15,11613114,10212379,174196710,0.149,1,484825727,28500000,1,59.5,18854869.0,7241755.0,1
REQ-2026-03714,HR,Manager,116,17,0.76,0,1,0,Lenovo,ThinkPad P16,Core i9,RTX A2000,32,1024,4,0.9,0.25,2,0,23,38259228,37444235,879962244,0.818,0,649286273,20250000,0,60.4,39928496.0,1669268.0,0
REQ-2026-03715,Design,Staff,17,28,0.44,0,0,0,Apple,MacBook Air 13,M3,Apple GPU,8,256,2,0.95,1.0,1,1,25,16791180,17947909,419779500,0.189,1,2385351582,22500000,0,40.8,23038430.0,6247250.0,1
REQ-2026-03716,HR,Staff,27,36,1.41,0,0,0,Lenovo,IdeaPad Slim 3,Core i3,Integrated,8,768,1,0.45,0.65,1,1,7,9573900,10132618,67017300,0.422,0,74894332,11250000,1,34.2,12371030.0,2797130.0,1
REQ-2026-03717,Finance,Senior,94,27,0.33,1,1,0,Apple,MacBook Air 13,M3,Apple GPU,8,256,2,0.95,1.0,1,0,2,18245465,17061400,36490930,0.354,0,69062821,20000000,0,63.5,22593938.0,4348473.0,1
REQ-2026-03718,IT,Staff,45,67,1.39,0,0,0,Apple,MacBook Pro 14,M3 Pro,Apple GPU,18,512,4,0.95,0.85,2,1,19,32411606,32961643,615820514,0.133,1,1586610576,24000000,1,59.2,37336176.0,4924570.0,1
REQ-2026-03719,Medical Staff,Manager,96,42,1.07,2,0,0,Apple,MacBook Pro 14,M3 Pro,Apple GPU,34,1024,4,0.95,0.85,2,0,8,41958007,38348944,335664056,0.524,1,520497048,29700000,1,33.7,46518336.0,4560329.0,0
REQ-2026-03720,Design,Manager,53,36,0.31,0,0,0,HP,OmniBook 5,Ryzen 7,Radeon,16,512,2,0.65,0.8,2,1,20,20603581,17544431,412071620,0.598,0,2612502391,40500000,1,30.4,24376586.0,3773005.0,1
REQ-2026-03721,Sales,Staff,40,35,9.04,0,0,0,Dell,Latitude 7450,Core i7,Integrated,16,1024,2,0.85,0.85,1,1,21,25067471,23369415,526416891,0.091,1,267141891,13500000,1,37.0,28331147.0,3263676.0,0
REQ-2026-03722,Finance,Manager,64,34,0.29,1,1,0,Apple,MacBook Air 13,M3,Apple GPU,8,256,2,0.95,1.0,2,1,6,18247910,19065432,109487460,0.213,1,234966843,27000000,1,50.2,25138723.0,6890813.0,1
REQ-2026-03723,IT,Senior,93,43,2.85,0,0,0,Lenovo,ThinkPad T14,Core i5,Integrated,16,512,2,0.92,0.75,1,0,24,18689140,17448009,448539360,0.407,1,572616665,32000000,0,60.5,20017854.0,1328714.0,1
REQ-2026-03724,Design,Staff,126,37,0.27,1,0,0,Asus,ROG Zephyrus,Core i9,RTX 4070,32,1024,4,0.55,0.3,3,2,16,43687102,35641866,698993632,0.331,1,426225574,22500000,0,58.9,47749761.0,4062659.0,0
REQ-2026-03725,HR,Staff,23,25,0.33,1,0,0,Lenovo,ThinkPad T14,Core i5,Integrated,16,512,2,0.92,0.75,2,0,12,18925543,18683053,227106516,0.633,1,84415534,11250000,1,50.5,20278308.0,1352765.0,0
REQ-2026-03726,Sales,Staff,15,27,6.48,2,0,0,HP,ProBook 445,Ryzen 5,Radeon,24,1024,1,0.6,0.7,1,2,13,16955912,18917790,220426856,0.411,0,490226534,13500000,1,23.6,24061288.0,7105376.0,1
REQ-2026-03727,Sales,Staff,9,38,9.76,1,0,0,HP,OmniBook 5,Ryzen 7,Radeon,16,512,2,0.65,0.8,1,1,6,16160400,17426233,96962400,0.549,1,303679188,13500000,1,30.7,20103801.0,3943401.0,1
REQ-2026-03728,Medical Staff,Manager,42,43,0.62,1,1,0,Asus,ExpertBook B9,Core i7,Iris Xe,16,1024,2,0.8,0.95,1,0,4,27120907,25088936,108483628,0.257,0,120349521,29700000,1,49.0,28371226.0,1250319.0,0
REQ-2026-03729,Medical Staff,Staff,26,44,1.44,1,1,0,HP,OmniBook 5,Ryzen 7,Radeon,16,1536,2,0.65,0.8,2,1,13,24121399,21345980,313578187,0.182,1,514991619,16500000,1,43.6,26897392.0,2775993.0,1
REQ-2026-03730,Finance,Staff,48,75,1.34,0,1,0,Asus,Vivobook 14,Core i5,Integrated,16,512,1,0.5,0.7,1,1,8,12640510,12058648,101124080,0.331,1,87766619,15000000,1,33.7,16106030.0,3465520.0,1
REQ-2026-03731,IT,Staff,28,28,1.75,1,1,0,HP,ZBook Firefly,Core i7,RTX A500,32,1024,3,0.8,0.6,2,0,15,31267623,30535292,469014345,0.459,1,760619180,24000000,1,47.2,32332929.0,1065306.0,1
REQ-2026-03732,Sales,Senior,64,24,2.83,1,1,0,HP,OmniBook 5,Ryzen 7,Radeon,16,512,2,0.65,0.8,2,1,22,16585943,17744780,364890746,0.106,0,1389552639,18000000,1,41.3,19236434.0,2650491.0,1
REQ-2026-03733,Medical Staff,Senior,57,36,0.67,0,0,0,HP,ProBook 445,Ryzen 5,Radeon,8,1536,1,0.6,0.7,3,0,23,17949323,17822356,412834429,0.311,1,870125324,22000000,1,61.9,19195675.0,1246352.0,1
REQ-2026-03734,Medical Staff,Staff,43,23,1.73,1,1,0,Lenovo,IdeaPad Slim 3,Core i3,Integrated,16,256,1,0.45,0.65,2,3,21,10562391,11153995,221810211,0.301,1,761476494,16500000,1,43.1,15428469.0,4866078.0,1
REQ-2026-03735,Finance,Staff,151,37,1.62,0,1,0,Lenovo,IdeaPad Slim 3,Core i3,Integrated,8,256,1,0.45,0.65,1,2,3,7032635,7951433,21097905,0.072,1,40278601,15000000,1,27.1,13360755.0,6328120.0,1
REQ-2026-03736,IT,Manager,43,41,1.07,0,1,0,Dell,Precision 5690,Core i9,RTX 3500,40,2560,4,0.85,0.35,2,1,10,53226342,45264084,532263420,0.483,0,1546423897,43200000,0,44.7,56770766.0,3544424.0,1
REQ-2026-03737,Sales,Manager,56,18,7.06,1,0,0,Dell,Latitude 7450,Core i7,Integrated,32,512,2,0.85,0.85,2,2,7,29140934,27103037,203986538,0.222,0,43993232,24300000,1,43.4,33180953.0,4040019.0,0
REQ-2026-03738,Finance,Staff,28,22,0.57,0,1,0,Dell,Inspiron 15,Core i5,Integrated,8,512,1,0.5,0.6,1,0,9,10301956,9091845,92717604,0.15,1,466409777,15000000,0,36.9,11819710.0,1517754.0,1
REQ-2026-03739,HR,Staff,81,72,0.16,0,0,0,Lenovo,ThinkPad X1,Core i7,Iris Xe,24,1024,3,0.9,0.95,1,0,25,29939247,28859170,748481175,0.172,0,606335912,11250000,0,57.8,31370513.0,1431266.0,0
REQ-2026-03740,Medical Staff,Staff,128,28,0.39,0,0,0,Lenovo,IdeaPad Slim 3,Core i3,Integrated,24,256,1,0.45,0.65,2,2,15,14062339,12612357,210935085,0.119,0,598061994,16500000,0,40.4,17713794.0,3651455.0,1
REQ-2026-03741,IT,Manager,20,27,0.51,1,1,0,Lenovo,ThinkPad T14,Core i5,Integrated,16,512,2,0.92,0.75,1,2,3,18509604,17988198,55528812,0.563,1,743001948,43200000,1,50.3,22857244.0,4347640.0,1
REQ-2026-03742,HR,Senior,65,38,0.3,0,0,0,HP,ZBook Firefly,Core i7,RTX A500,40,1024,3,0.8,0.6,3,2,7,35842670,33632441,250898690,0.38,1,165539065,15000000,0,53.7,40293849.0,4451179.0,0
REQ-2026-03743,HR,Staff,67,26,0.32,0,0,1,Asus,ExpertBook B9,Core i7,Iris Xe,24,1024,2,0.8,0.95,1,0,15,28320917,25511399,424813755,0.11,1,207461776,11250000,1,56.9,30015603.0,1694686.0,0
REQ-2026-03744,HR,Senior,118,40,0.54,0,0,0,Lenovo,IdeaPad Slim 3,Core i3,Integrated,8,256,1,0.45,0.65,3,2,23,11983100,10747948,275611300,0.305,1,372372418,15000000,1,56.6,17101287.0,5118187.0,1
REQ-2026-03745,HR,Staff,106,38,0.11,1,1,0,Asus,Vivobook 14,Core i5,Integrated,16,512,1,0.5,0.7,1,3,25,13740994,12012404,343524850,0.531,0,375109374,11250000,1,38.8,18301891.0,4560897.0,0
REQ-2026-03746,Design,Manager,22,31,0.06,0,0,0,HP,ZBook Firefly,Core i7,RTX A500,40,1536,3,0.8,0.6,1,0,23,30805434,33478522,708524982,0.386,0,2225075984,40500000,1,58.6,32426116.0,1620682.0,1
REQ-2026-03747,Finance,Senior,128,35,0.24,1,1,0,Dell,Inspiron 15,Core i5,Integrated,8,512,1,0.5,0.6,2,0,18,8921791,11061292,160592238,0.449,0,987123874,20000000,1,44.6,10239446.0,1317655.0,1
REQ-2026-03748,IT,Senior,56,48,0.81,1,0,0,Apple,MacBook Air 13,M3,Apple GPU,8,1280,2,0.95,1.0,1,0,8,20582145,21939181,164657160,0.42,1,637540181,32000000,1,47.6,24937992.0,4355847.0,1
REQ-2026-03749,Design,Manager,83,46,0.78,1,0,0,Lenovo,IdeaPad Slim 3,Core i3,Integrated,8,256,1,0.45,0.65,2,0,13,8589739,9282792,111666607,0.188,0,910977614,40500000,0,37.2,9746067.0,1156328.0,1
REQ-2026-03750,Finance,Senior,10,34,1.67,2,0,0,Asus,ROG Zephyrus,Core i9,RTX 4070,40,1536,4,0.55,0.3,2,0,2,41029944,37766660,82059888,0.112,0,82214569,20000000,0,33.9,43049241.0,2019297.0,0
REQ-2026-03751,IT,Staff,73,20,1.33,0,0,0,Lenovo,ThinkPad P16,Core i9,RTX A2000,32,1536,4,0.9,0.25,2,0,6,47105423,41250647,282632538,0.359,0,111098082,24000000,0,47.5,48565571.0,1460148.0,0
REQ-2026-03752,Design,Staff,34,25,0.03,0,0,0,Asus,ExpertBook B9,Core i7,Iris Xe,24,1536,2,0.8,0.95,2,3,10,30480777,29525402,304807770,0.408,1,577735438,22500000,1,46.3,37415201.0,6934424.0,1
REQ-2026-03753,HR,Staff,45,31,0.27,1,0,0,Dell,Latitude 7450,Core i7,Integrated,32,512,2,0.85,0.85,2,2,18,26555705,27222152,478002690,0.264,1,310507315,11250000,1,43.4,30555910.0,4000205.0,0
REQ-2026-03754,Finance,Manager,95,36,0.93,1,1,0,Apple,MacBook Air 13,M3,Apple GPU,8,256,2,0.95,1.0,3,0,22,22257378,20264164,489662316,0.575,1,837063426,27000000,1,50.5,26558648.0,4301270.0,1
REQ-2026-03755,Medical Staff,Senior,117,28,0.88,1,1,0,HP,OmniBook 5,Ryzen 7,Radeon,16,512,2,0.65,0.8,2,2,19,22053921,18079218,419024499,0.16,0,581268157,22000000,1,50.3,25354040.0,3300119.0,1
REQ-2026-03756,Sales,Director,65,55,3.08,0,1,0,Asus,Vivobook 14,Core i5,Integrated,8,512,1,0.5,0.7,1,2,19,11549166,10059466,219434154,0.145,0,1313596393,34200000,1,30.4,18436739.0,6887573.0,1
REQ-2026-03757,Finance,Manager,61,42,1.15,0,1,0,Asus,ROG Zephyrus,Core i9,RTX 4070,48,2048,4,0.55,0.3,1,0,12,44552072,41420740,534624864,0.269,0,1111431642,27000000,0,30.8,47039327.0,2487255.0,1
REQ-2026-03758,IT,Senior,30,32,1.53,0,0,0,Apple,MacBook Air 13,M3,Apple GPU,16,256,2,0.95,1.0,2,1,18,24912794,20980271,448430292,0.282,1,960872802,32000000,1,61.4,31146866.0,6234072.0,1
REQ-2026-03759,Finance,Staff,61,37,0.35,1,1,1,Lenovo,ThinkPad T14,Core i5,Integrated,16,512,2,0.92,0.75,1,0,4,17403423,17138903,69613692,0.478,1,108060566,15000000,1,48.6,18762832.0,1359409.0,1
REQ-2026-03760,Finance,Manager,42,22,0.76,0,1,0,Asus,ExpertBook B9,Core i7,Iris Xe,24,1024,2,0.8,0.95,2,0,12,27759805,27446038,333117660,0.396,1,2113020313,27000000,1,43.5,29250496.0,1490691.0,1
REQ-2026-03761,HR,Staff,70,47,0.23,0,1,0,Asus,Vivobook 14,Core i5,Integrated,8,1024,1,0.5,0.7,2,0,11,15340903,13569301,168749933,0.54,1,189738977,11250000,1,28.9,17871730.0,2530827.0,0
REQ-2026-03762,Design,Manager,12,35,0.83,0,1,0,Lenovo,ThinkPad P16,Core i9,RTX A2000,40,1024,4,0.9,0.25,1,1,19,46274409,39466672,879213771,0.621,0,1401656824,40500000,0,46.9,49592462.0,3318053.0,1
REQ-2026-03763,HR,Staff,32,29,0.99,0,0,0,HP,ProBook 445,Ryzen 5,Radeon,8,1024,1,0.6,0.7,1,1,21,14059710,13851282,295253910,0.431,1,985261303,11250000,1,37.0,16415556.0,2355846.0,1
REQ-2026-03764,Design,Senior,62,15,0.46,1,0,0,Apple,MacBook Pro 14,M3 Pro,Apple GPU,18,512,4,0.95,0.85,3,0,6,29919470,33384585,179516820,0.268,0,116532948,30000000,1,59.2,34768341.0,4848871.0,1
REQ-2026-03765,Medical Staff,Manager,47,49,1.3,0,0,0,Lenovo,ThinkPad T14,Core i5,Integrated,32,512,2,0.92,0.75,2,0,10,24219219,22068673,242192190,0.049,0,424406329,29700000,1,60.0,25527780.0,1308561.0,1
REQ-2026-03766,HR,Staff,29,26,0.12,0,1,0,Dell,Precision 5690,Core i9,RTX 3500,32,2048,4,0.85,0.35,2,1,17,50803888,41036698,863666096,0.295,1,245402058,11250000,0,61.0,53325034.0,2521146.0,0
REQ-2026-03767,HR,Senior,54,40,0.59,0,1,0,Asus,ROG Zephyrus,Core i9,RTX 4070,40,1024,4,0.55,0.3,1,1,2,31916070,36352614,63832140,0.359,0,47518326,15000000,0,39.5,35500169.0,3584099.0,1
REQ-2026-03768,HR,Staff,7,22,0.78,1,1,0,Asus,ROG Zephyrus,Core i9,RTX 4070,32,1024,4,0.55,0.3,1,1,11,35068374,34141610,385752114,0.159,0,354736706,11250000,1,30.6,38586305.0,3517931.0,0
REQ-2026-03769,Design,Staff,24,26,0.52,0,0,0,Asus,ROG Zephyrus,Core i9,RTX 4070,48,1024,4,0.55,0.3,1,2,2,40267397,37863940,80534794,0.444,1,80546656,22500000,0,54.9,44557340.0,4289943.0,0
REQ-2026-03770,Design,Staff,33,54,0.33,0,0,0,Apple,MacBook Pro 14,M3 Pro,Apple GPU,18,512,4,0.95,0.85,2,3,25,30059668,30715104,751491700,0.214,1,763285782,22500000,1,51.2,39567946.0,9508278.0,1
REQ-2026-03771,Sales,Staff,34,35,4.64,0,1,0,HP,OmniBook 5,Ryzen 7,Radeon,24,512,2,0.65,0.8,1,2,23,19507778,17832386,448678894,0.057,0,681681120,13500000,1,39.3,23603221.0,4095443.0,1
REQ-2026-03772,HR,Director,35,34,0.27,3,1,0,Dell,Inspiron 15,Core i5,Integrated,16,512,1,0.5,0.6,1,2,22,11786792,11066056,259309424,0.219,1,2849670739,28500000,1,24.0,20332364.0,8545572.0,1
REQ-2026-03773,HR,Senior,44,12,0.22,1,1,1,Asus,ROG Zephyrus,Core i9,RTX 4070,32,1536,4,0.55,0.3,2,2,7,37881460,38304251,265170220,0.16,0,441641641,15000000,0,50.0,42647287.0,4765827.0,0
REQ-2026-03774,Medical Staff,Senior,52,61,3.8,0,1,0,Asus,ROG Zephyrus,Core i9,RTX 4070,32,1024,4,0.55,0.3,3,0,23,36228779,36690506,833261917,0.256,0,447442589,22000000,0,38.9,37385821.0,1157042.0,0
REQ-2026-03775,Sales,Staff,53,49,3.6,1,1,0,Dell,Inspiron 15,Core i5,Integrated,16,1024,1,0.5,0.6,1,3,10,12001618,12952324,120016180,0.271,1,177170819,13500000,1,25.8,18094998.0,6093380.0,1
REQ-2026-03776,IT,Staff,9,62,0.24,0,1,0,Asus,ExpertBook B9,Core i7,Iris Xe,32,2048,2,0.8,0.95,1,0,23,34408020,30139851,791384460,0.628,1,760940792,24000000,1,43.4,35813679.0,1405659.0,1
REQ-2026-03777,Finance,Senior,16,34,0.17,0,1,0,Asus,Vivobook 14,Core i5,Integrated,16,512,1,0.5,0.7,1,0,4,12583310,12189457,50333240,0.334,1,124090273,20000000,1,38.0,14027803.0,1444493.0,1
REQ-2026-03778,Design,Senior,86,26,1.03,0,0,0,HP,ZBook Firefly,Core i7,RTX A500,32,1536,3,0.8,0.6,1,0,17,30028225,31698265,510479825,0.1,1,319929597,30000000,1,49.1,31953755.0,1925530.0,1
REQ-2026-03779,Design,Director,80,46,0.83,2,0,0,HP,ProBook 445,Ryzen 5,Radeon,8,512,1,0.6,0.7,2,0,21,12594748,13279342,264489708,0.085,1,2319526449,57000000,0,39.5,13970403.0,1375655.0,1
REQ-2026-03780,Sales,Staff,156,55,4.63,0,0,0,Lenovo,ThinkPad P16,Core i9,RTX A2000,32,1024,4,0.9,0.25,1,1,20,37480368,37353665,749607360,0.459,1,691657287,13500000,0,48.6,40079263.0,2598895.0,0
REQ-2026-03781,Design,Senior,42,30,0.12,0,0,0,Lenovo,IdeaPad Slim 3,Core i3,Integrated,16,256,1,0.45,0.65,1,3,6,9798663,9315034,58791978,0.305,0,270908324,30000000,0,41.5,15629962.0,5831299.0,1
REQ-2026-03782,Finance,Staff,121,49,0.94,0,1,1,Dell,Precision 5690,Core i9,RTX 3500,32,2048,4,0.85,0.35,2,1,2,47773549,41957485,95547098,0.262,0,78937890,15000000,0,53.5,50874017.0,3100468.0,0
REQ-2026-03783,IT,Manager,88,32,0.91,0,0,0,Lenovo,IdeaPad Slim 3,Core i3,Integrated,16,768,1,0.45,0.65,2,0,4,12670088,13035765,50680352,0.336,1,179035857,43200000,0,49.8,13983499.0,1313411.0,1
REQ-2026-03784,Sales,Manager,175,16,5.82,0,1,0,Lenovo,ThinkPad X1,Core i7,Iris Xe,24,1024,3,0.9,0.95,1,0,7,28253491,28528539,197774437,0.156,1,315122951,24300000,0,31.6,30662393.0,2408902.0,1
REQ-2026-03785,Medical Staff,Manager,116,57,0.74,0,1,0,Asus,ExpertBook B9,Core i7,Iris Xe,24,1024,2,0.8,0.95,1,0,22,23761972,26355601,522763384,0.29,1,836170909,29700000,1,49.5,25456902.0,1694930.0,1
REQ-2026-03786,IT,Staff,30,25,1.31,0,1,1,Lenovo,IdeaPad Slim 3,Core i3,Integrated,8,768,1,0.45,0.65,1,2,17,11204604,9279392,190478268,0.526,0,570780372,24000000,0,31.1,16461979.0,5257375.0,1
REQ-2026-03787,HR,Senior,75,46,0.11,0,1,0,Dell,Inspiron 15,Core i5,Integrated,8,1024,1,0.5,0.6,3,2,1,12259158,13720419,12259158,0.089,1,50087137,15000000,1,62.7,17532580.0,5273422.0,1
REQ-2026-03788,Medical Staff,Staff,11,14,0.95,0,1,1,HP,ProBook 445,Ryzen 5,Radeon,8,512,1,0.6,0.7,1,4,13,12556566,11493496,163235358,0.13,1,512454711,16500000,1,29.6,21161134.0,8604568.0,1
REQ-2026-03789,HR,Staff,64,34,1.65,0,0,0,Apple,MacBook Pro 14,M3 Pro,Apple GPU,34,1536,4,0.95,0.85,1,0,16,36419071,40200269,582705136,0.193,0,281940673,11250000,0,56.5,41307532.0,4888461.0,0
REQ-2026-03790,HR,Manager,9,17,0.13,0,0,1,Asus,ExpertBook B9,Core i7,Iris Xe,24,1536,2,0.8,0.95,2,0,8,33582772,29192721,268662176,0.333,1,295018793,20250000,1,60.8,35269458.0,1686686.0,1
REQ-2026-03791,IT,Staff,26,10,1.63,0,0,0,Asus,ROG Zephyrus,Core i9,RTX 4070,32,1024,4,0.55,0.3,2,3,12,39220989,34471458,470651868,0.293,1,355218842,24000000,1,45.3,45752199.0,6531210.0,0
REQ-2026-03792,Finance,Manager,16,50,1.17,0,1,1,HP,OmniBook 5,Ryzen 7,Radeon,16,1024,2,0.65,0.8,1,2,5,19448943,19507375,97244715,0.25,0,127913730,27000000,1,39.5,23655411.0,4206468.0,1
REQ-2026-03793,Sales,Manager,20,29,3.15,1,1,0,Asus,Vivobook 14,Core i5,Integrated,8,1536,1,0.5,0.7,2,2,7,14405817,15794398,100840719,0.214,1,483158072,24300000,1,40.6,21314226.0,6908409.0,1
REQ-2026-03794,Finance,Senior,54,32,0.66,1,1,0,HP,OmniBook 5,Ryzen 7,Radeon,24,512,2,0.65,0.8,2,0,16,21269481,19278356,340311696,0.704,1,493368878,20000000,1,28.9,23665579.0,2396098.0,1
REQ-2026-03795,IT,Staff,9,47,0.46,2,0,0,Apple,MacBook Pro 14,M3 Pro,Apple GPU,18,512,4,0.95,0.85,1,1,18,30844115,31685295,555194070,0.376,1,501904002,24000000,1,47.9,36832955.0,5988840.0,0
REQ-2026-03796,Design,Senior,45,28,0.18,1,0,0,Lenovo,ThinkPad X1,Core i7,Iris Xe,16,1024,3,0.9,0.95,1,0,23,33074359,28246775,760710257,0.311,0,2218271995,30000000,1,41.3,34659807.0,1585448.0,1
REQ-2026-03797,Design,Manager,31,26,0.46,0,0,1,HP,OmniBook 5,Ryzen 7,Radeon,16,512,2,0.65,0.8,3,2,23,20606196,18452030,473942508,0.183,0,707352665,40500000,1,40.4,24269815.0,3663619.0,1
REQ-2026-03798,Medical Staff,Manager,75,36,2.2,3,1,0,Dell,Precision 5690,Core i9,RTX 3500,32,2048,4,0.85,0.35,3,1,13,49098601,43165615,638281813,0.135,1,492569779,29700000,0,32.8,52417292.0,3318691.0,1
REQ-2026-03799,Finance,Senior,36,37,1.04,1,1,0,Asus,Vivobook 14,Core i5,Integrated,8,1536,1,0.5,0.7,3,1,16,17030639,16415689,272490224,0.407,1,368264716,20000000,1,39.1,19632112.0,2601473.0,1
REQ-2026-03800,IT,Senior,128,21,0.81,1,0,0,Apple,MacBook Pro 14,M3 Pro,Apple GPU,18,512,4,0.95,0.85,2,1,25,34497960,32988631,862449000,0.563,1,2160575686,32000000,0,49.9,41114927.0,6616967.0,1
REQ-2026-03801,Sales,Staff,7,46,8.71,1,0,1,Lenovo,ThinkPad P16,Core i9,RTX A2000,32,2048,4,0.9,0.25,2,1,3,41313242,41451159,123939726,0.183,1,160605477,13500000,1,43.2,43968266.0,2655024.0,0
REQ-2026-03802,Medical Staff,Senior,32,21,0.66,1,1,0,Dell,Inspiron 15,Core i5,Integrated,8,1024,1,0.5,0.6,2,2,13,13730143,12161048,178491859,0.343,1,186045766,22000000,0,30.0,17699235.0,3969092.0,1
REQ-2026-03803,Design,Manager,16,43,0.24,0,0,1,HP,ProBook 445,Ryzen 5,Radeon,8,1024,1,0.6,0.7,3,0,20,15263592,16409849,305271840,0.438,1,1396767147,40500000,0,52.5,16624994.0,1361402.0,1
REQ-2026-03804,HR,Director,10,19,0.17,0,1,0,Asus,Vivobook 14,Core i5,Integrated,8,512,1,0.5,0.7,1,0,8,9998023,10061064,79984184,0.297,1,265510956,28500000,1,36.8,11415376.0,1417353.0,1
REQ-2026-03805,IT,Senior,89,36,1.87,1,0,0,Dell,Precision 5690,Core i9,RTX 3500,32,2048,4,0.85,0.35,2,3,7,35491924,42827255,248443468,0.247,0,322076018,32000000,1,47.4,40376394.0,4884470.0,1
REQ-2026-03806,Sales,Staff,44,36,4.74,3,0,0,Asus,Vivobook 14,Core i5,Integrated,8,1024,1,0.5,0.7,3,2,3,15241898,14179411,45725694,0.692,1,100675181,13500000,1,24.1,19542883.0,4300985.0,0
REQ-2026-03807,Medical Staff,Senior,55,36,0.64,1,1,0,HP,OmniBook 5,Ryzen 7,Radeon,32,512,2,0.65,0.8,1,2,17,19394831,20555533,329712127,0.378,0,2652913422,22000000,1,35.0,24038980.0,4644149.0,1
REQ-2026-03808,Sales,Senior,123,21,1.94,2,1,0,Apple,MacBook Air 13,M3,Apple GPU,16,768,2,0.95,1.0,2,0,1,21784679,22812500,21784679,0.263,0,19718745,18000000,1,57.7,26348849.0,4564170.0,0
REQ-2026-03809,Design,Staff,34,25,1.02,0,1,0,Apple,MacBook Air 13,M3,Apple GPU,16,256,2,0.95,1.0,2,0,3,22471980,21276713,67415940,0.38,1,67902872,22500000,0,66.0,26791349.0,4319369.0,1
REQ-2026-03810,HR,Staff,53,59,0.37,0,0,0,Apple,MacBook Pro 14,M3 Pro,Apple GPU,18,512,4,0.95,0.85,1,1,21,33360995,30934142,700580895,0.528,1,80855521,11250000,1,54.8,39108483.0,5747488.0,0
REQ-2026-03811,Medical Staff,Senior,91,24,0.67,2,0,0,HP,ZBook Firefly,Core i7,RTX A500,32,1024,3,0.8,0.6,1,0,17,27603745,29221445,469263665,0.439,0,1117755963,22000000,1,51.4,29044356.0,1440611.0,1
REQ-2026-03812,IT,Staff,121,43,1.38,0,0,1,HP,OmniBook 5,Ryzen 7,Radeon,16,512,2,0.65,0.8,1,1,20,16236155,16966028,324723100,0.152,1,537985424,24000000,1,63.1,19533716.0,3297561.0,1
REQ-2026-03813,Design,Director,15,34,0.7,1,0,0,Lenovo,ThinkPad T14,Core i5,Integrated,24,512,2,0.92,0.75,2,0,12,25048310,20121393,300579720,0.238,1,2144086630,57000000,0,48.8,26370153.0,1321843.0,1
REQ-2026-03814,Sales,Staff,65,25,4.9,0,0,0,Apple,MacBook Pro 14,M3 Pro,Apple GPU,18,1536,4,0.95,0.85,2,3,18,38832418,36479030,698983524,0.414,0,348562687,13500000,1,59.9,46459281.0,7626863.0,0
REQ-2026-03815,Sales,Senior,12,2,6.8,0,0,0,HP,ZBook Firefly,Core i7,RTX A500,32,1536,3,0.8,0.6,2,1,8,36383372,30413107,291066976,0.576,0,438078257,18000000,1,48.7,39877917.0,3494545.0,0
REQ-2026-03816,IT,Senior,45,47,1.58,0,1,0,Dell,Latitude 7450,Core i7,Integrated,24,1024,2,0.85,0.85,1,1,6,22589775,26225492,135538650,0.039,1,170405611,32000000,1,39.9,25366643.0,2776868.0,1
REQ-2026-03817,Medical Staff,Staff,17,30,0.87,1,1,0,Lenovo,ThinkPad X1,Core i7,Iris Xe,24,1024,3,0.9,0.95,3,0,5,30404119,31510960,152020595,0.102,1,52476425,16500000,1,55.5,32014765.0,1610646.0,0
REQ-2026-03818,Sales,Manager,43,18,3.06,3,0,0,Dell,Latitude 7450,Core i7,Integrated,16,512,2,0.85,0.85,1,2,2,23960809,22124735,47921618,0.117,0,127675668,24300000,1,33.0,29691348.0,5730539.0,1
REQ-2026-03819,IT,Manager,66,48,0.18,0,1,0,Lenovo,ThinkPad P16,Core i9,RTX A2000,32,1536,4,0.9,0.25,3,1,11,41012928,42775727,451142208,0.293,0,1027037421,43200000,1,65.7,44571382.0,3558454.0,1
REQ-2026-03820,Medical Staff,Senior,49,14,0.28,3,1,0,Dell,Latitude 7450,Core i7,Integrated,16,512,2,0.85,0.85,2,0,8,23467776,21943787,187742208,0.355,0,216223602,22000000,1,40.8,24203355.0,735579.0,1
REQ-2026-03821,Finance,Senior,44,46,1.09,0,1,0,Asus,ROG Zephyrus,Core i9,RTX 4070,48,1536,4,0.55,0.3,1,1,8,41068026,42141213,328544208,0.435,1,227611393,20000000,0,32.4,44684595.0,3616569.0,0
REQ-2026-03822,Sales,Manager,11,1,4.24,0,1,0,Asus,ExpertBook B9,Core i7,Iris Xe,24,1536,2,0.8,0.95,2,0,15,27492119,29574644,412381785,0.123,0,2485478988,24300000,1,51.5,28926450.0,1434331.0,1
REQ-2026-03823,Medical Staff,Senior,16,6,0.49,0,1,0,Lenovo,ThinkPad X1,Core i7,Iris Xe,24,1024,3,0.9,0.95,2,0,4,28390796,30787570,113563184,0.215,1,433879979,22000000,1,92.1,29449880.0,1059084.0,1
REQ-2026-03824,HR,Staff,114,40,0.4,0,0,0,HP,ZBook Firefly,Core i7,RTX A500,40,1536,3,0.8,0.6,1,0,2,32794605,35063354,65589210,0.094,1,40902288,11250000,1,43.7,34007356.0,1212751.0,0
REQ-2026-03825,HR,Staff,54,19,0.9,1,1,0,Dell,Precision 5690,Core i9,RTX 3500,32,2048,4,0.85,0.35,1,2,19,39604472,42557375,752484968,0.056,1,204927587,11250000,1,28.9,44334155.0,4729683.0,0
REQ-2026-03826,Design,Manager,19,29,0.7,0,0,0,Lenovo,ThinkPad X1,Core i7,Iris Xe,32,1024,3,0.9,0.95,1,1,2,30739840,30718094,61479680,0.228,0,60694228,40500000,1,30.2,35183525.0,4443685.0,1
REQ-2026-03827,Finance,Staff,96,45,0.45,0,1,0,Asus,ROG Zephyrus,Core i9,RTX 4070,32,1024,4,0.55,0.3,1,2,6,35568140,33222561,213408840,0.613,1,270660303,15000000,1,31.5,40255526.0,4687386.0,0
REQ-2026-03828,IT,Staff,76,63,0.44,0,0,0,Lenovo,ThinkPad T14,Core i5,Integrated,24,512,2,0.92,0.75,2,0,13,20246765,21541986,263207945,0.66,0,1589622710,24000000,1,59.2,22017795.0,1771030.0,1
REQ-2026-03829,Sales,Senior,35,26,6.45,1,1,0,Lenovo,IdeaPad Slim 3,Core i3,Integrated,8,256,1,0.45,0.65,1,0,22,7530940,7424670,165680680,0.491,0,1058163560,18000000,1,14.1,13353234.0,5822294.0,1
REQ-2026-03830,Design,Staff,37,14,0.51,0,0,0,HP,OmniBook 5,Ryzen 7,Radeon,16,512,2,0.65,0.8,1,3,23,17722134,16807641,407609082,0.288,1,667372678,22500000,0,51.4,23336031.0,5613897.0,1
REQ-2026-03831,Design,Staff,99,11,0.34,0,0,1,HP,ProBook 445,Ryzen 5,Radeon,16,1024,1,0.6,0.7,2,0,18,16938814,17517304,304898652,0.468,0,587576677,22500000,0,31.1,18797953.0,1859139.0,1
REQ-2026-03832,IT,Manager,72,21,0.89,0,0,0,Lenovo,ThinkPad P16,Core i9,RTX A2000,32,1536,4,0.9,0.25,3,1,16,41418855,39015176,662701680,0.422,1,1439667866,43200000,0,50.9,44126355.0,2707500.0,1
REQ-2026-03833,Sales,Senior,88,21,3.49,0,0,0,HP,ProBook 445,Ryzen 5,Radeon,8,512,1,0.6,0.7,2,1,4,12246286,12814797,48985144,0.195,1,64275599,18000000,1,46.6,14780445.0,2534159.0,1
REQ-2026-03834,Finance,Staff,119,21,0.49,0,1,0,HP,ProBook 445,Ryzen 5,Radeon,24,1024,1,0.6,0.7,3,2,12,21263978,19973602,255167736,0.473,1,107785433,15000000,1,58.6,24995079.0,3731101.0,0
REQ-2026-03835,Sales,Staff,51,37,5.21,1,0,0,Dell,Latitude 7450,Core i7,Integrated,16,512,2,0.85,0.85,3,3,12,26022456,23734764,312269472,0.317,0,699492904,13500000,1,56.9,30810302.0,4787846.0,1
REQ-2026-03836,HR,Staff,95,5,0.72,0,0,0,HP,ZBook Firefly,Core i7,RTX A500,48,1024,3,0.8,0.6,2,0,16,33381523,34178417,534104368,0.347,1,416719214,11250000,0,66.5,34981306.0,1599783.0,0
REQ-2026-03837,HR,Staff,26,16,0.1,0,0,0,Dell,Inspiron 15,Core i5,Integrated,8,512,1,0.5,0.6,1,1,4,8316077,9302170,33264308,0.728,1,113974724,11250000,1,34.7,11005133.0,2689056.0,1
REQ-2026-03838,Finance,Senior,70,37,0.5,1,1,1,Lenovo,ThinkPad P16,Core i9,RTX A2000,40,1536,4,0.9,0.25,1,3,7,39244292,40254050,274710044,0.335,1,242781624,20000000,1,45.6,44503814.0,5259522.0,0
REQ-2026-03839,Medical Staff,Staff,33,57,0.8,0,1,0,Dell,Precision 5690,Core i9,RTX 3500,32,3072,4,0.85,0.35,2,1,14,48310980,45371014,676353720,0.359,0,334667864,16500000,0,51.6,51356653.0,3045673.0,0
REQ-2026-03840,Medical Staff,Senior,37,54,0.55,0,1,1,Asus,ROG Zephyrus,Core i9,RTX 4070,40,1024,4,0.55,0.3,1,1,18,42685876,35357156,768345768,0.439,1,1036406306,22000000,0,30.3,46965066.0,4279190.0,1
REQ-2026-03841,Sales,Senior,68,21,1.88,0,0,0,Asus,ExpertBook B9,Core i7,Iris Xe,16,1536,2,0.8,0.95,1,0,25,27843132,25370895,696078300,0.304,1,990445209,18000000,1,45.0,29309613.0,1466481.0,1
REQ-2026-03842,HR,Director,44,31,0.22,2,0,0,Dell,Inspiron 15,Core i5,Integrated,8,512,1,0.5,0.6,1,2,10,9102181,8710584,91021810,0.231,1,428462582,28500000,1,31.9,14268567.0,5166386.0,1
REQ-2026-03843,HR,Staff,49,32,0.47,0,1,0,HP,ZBook Firefly,Core i7,RTX A500,32,1024,3,0.8,0.6,2,1,7,33952554,28636359,237667878,0.058,0,381262514,11250000,1,42.7,36592504.0,2639950.0,0
REQ-2026-03844,IT,Staff,24,45,0.41,1,0,0,HP,ProBook 445,Ryzen 5,Radeon,8,512,1,0.6,0.7,1,1,5,12473143,11476698,62365715,0.504,1,157136256,24000000,0,32.2,15513376.0,3040233.0,1
REQ-2026-03845,Design,Senior,100,10,0.75,0,1,0,HP,ProBook 445,Ryzen 5,Radeon,16,512,1,0.6,0.7,2,1,11,16763582,14998982,184399402,0.49,1,361818147,30000000,0,49.1,19029461.0,2265879.0,1
REQ-2026-03846,IT,Staff,40,46,0.66,0,0,0,Dell,Precision 5690,Core i9,RTX 3500,32,2048,4,0.85,0.35,1,0,18,34561667,42995566,622110006,0.425,0,2099129732,24000000,1,44.2,35709988.0,1148321.0,1
REQ-2026-03847,Medical Staff,Senior,85,43,0.58,1,1,0,Lenovo,ThinkPad P16,Core i9,RTX A2000,32,1024,4,0.9,0.25,1,1,4,40065922,37382075,160263688,0.158,1,141083244,22000000,0,44.8,43588367.0,3522445.0,1
REQ-2026-03848,Finance,Senior,86,27,1.34,0,1,0,Asus,Vivobook 14,Core i5,Integrated,8,1536,1,0.5,0.7,2,3,17,16880196,15942507,286963332,0.24,1,428586202,20000000,1,32.5,24312125.0,7431929.0,1
REQ-2026-03849,HR,Staff,48,31,0.87,0,1,1,Asus,ROG Zephyrus,Core i9,RTX 4070,40,1024,4,0.55,0.3,3,1,6,35385834,38288250,212315004,0.395,1,101653520,11250000,0,46.6,37983198.0,2597364.0,0
REQ-2026-03850,HR,Senior,17,16,0.47,0,1,0,Dell,Inspiron 15,Core i5,Integrated,8,1536,1,0.5,0.6,2,1,2,15217612,13919114,30435224,0.376,1,97598894,15000000,1,38.6,17636262.0,2418650.0,1
REQ-2026-03851,Finance,Senior,87,35,0.49,0,1,1,Lenovo,ThinkPad P16,Core i9,RTX A2000,32,1024,4,0.9,0.25,1,0,1,39865326,34556151,39865326,0.429,0,29242510,20000000,1,51.3,41576312.0,1710986.0,0
REQ-2026-03852,IT,Staff,15,69,0.72,2,0,0,HP,OmniBook 5,Ryzen 7,Radeon,16,512,2,0.65,0.8,2,2,3,19178449,18366264,57535347,0.388,1,123625598,24000000,1,29.4,25446343.0,6267894.0,0
REQ-2026-03853,Finance,Senior,18,38,0.44,1,1,0,Lenovo,IdeaPad Slim 3,Core i3,Integrated,24,768,1,0.45,0.65,2,1,16,13899990,14326508,222399840,0.123,1,477239051,20000000,1,32.9,18068768.0,4168778.0,1
REQ-2026-03854,Design,Senior,19,52,0.23,0,0,0,Asus,Vivobook 14,Core i5,Integrated,24,1536,1,0.5,0.7,1,0,8,20974274,18501214,167794192,0.414,1,1133194007,30000000,0,43.8,22844051.0,1869777.0,1
REQ-2026-03855,Medical Staff,Manager,83,31,0.29,1,0,0,Lenovo,IdeaPad Slim 3,Core i3,Integrated,8,256,1,0.45,0.65,1,1,5,9148885,7455357,45744425,0.253,1,265073896,29700000,1,17.3,16688388.0,7539503.0,1
REQ-2026-03856,Design,Staff,44,14,0.39,0,0,0,Asus,ExpertBook B9,Core i7,Iris Xe,16,1536,2,0.8,0.95,2,0,8,28583292,27127897,228666336,0.503,1,198964125,22500000,0,43.0,29900085.0,1316793.0,1
REQ-2026-03857,Design,Senior,15,19,0.67,0,0,0,Asus,Vivobook 14,Core i5,Integrated,16,1536,1,0.5,0.7,2,1,17,15853563,17732266,269510571,0.413,1,1070988974,30000000,0,46.7,19105537.0,3251974.0,1
REQ-2026-03858,Sales,Staff,41,9,1.04,1,1,0,Asus,Vivobook 14,Core i5,Integrated,8,1024,1,0.5,0.7,2,0,9,14276943,12780848,128492487,0.465,1,139066108,13500000,1,42.0,15807853.0,1530910.0,1
REQ-2026-03859,IT,Staff,37,42,0.4,0,1,0,Dell,Inspiron 15,Core i5,Integrated,8,1024,1,0.5,0.6,2,1,25,13892529,12406793,347313225,0.239,0,2027748492,24000000,0,50.9,16067802.0,2175273.0,1
REQ-2026-03860,Medical Staff,Staff,42,27,1.6,1,1,0,HP,OmniBook 5,Ryzen 7,Radeon,16,512,2,0.65,0.8,2,0,19,20264512,18337351,385025728,0.272,0,178480476,16500000,1,44.2,21594262.0,1329750.0,0
REQ-2026-03861,HR,Staff,96,35,1.23,0,1,0,Apple,MacBook Pro 14,M3 Pro,Apple GPU,18,512,4,0.95,0.85,1,0,25,31428129,30440289,785703225,0.124,0,405942728,11250000,0,44.8,36332002.0,4903873.0,0
REQ-2026-03862,Design,Director,15,33,1.19,0,0,1,Lenovo,IdeaPad Slim 3,Core i3,Integrated,8,256,1,0.45,0.65,3,4,6,12282248,9219168,73693488,0.336,1,195004802,57000000,0,26.3,21759671.0,9477423.0,1
REQ-2026-03863,Medical Staff,Staff,25,48,2.52,0,1,0,Lenovo,ThinkPad P16,Core i9,RTX A2000,40,1536,4,0.9,0.25,3,1,13,42956357,42090094,558432641,0.513,0,197913960,16500000,0,53.5,45465689.0,2509332.0,0
REQ-2026-03864,Medical Staff,Staff,49,45,0.22,0,1,0,HP,ProBook 445,Ryzen 5,Radeon,8,512,1,0.6,0.7,3,3,15,18341971,13536191,275129565,0.502,0,566961397,16500000,1,44.0,24149669.0,5807698.0,0
REQ-2026-03865,Sales,Senior,26,27,1.21,0,1,0,Apple,MacBook Pro 14,M3 Pro,Apple GPU,18,512,4,0.95,0.85,2,0,1,30070335,30659171,30070335,0.164,1,66492406,18000000,0,45.8,34441305.0,4370970.0,1
REQ-2026-03866,HR,Senior,30,27,0.22,0,1,0,HP,ZBook Firefly,Core i7,RTX A500,32,1024,3,0.8,0.6,1,3,25,34329509,28679353,858237725,0.511,0,630548706,15000000,0,49.7,39441695.0,5112186.0,0
REQ-2026-03867,Finance,Senior,30,23,0.68,0,1,0,Asus,ROG Zephyrus,Core i9,RTX 4070,32,1536,4,0.55,0.3,1,1,16,36184481,35986984,578951696,0.248,1,442366140,20000000,0,37.1,38987658.0,2803177.0,0
REQ-2026-03868,Medical Staff,Staff,55,28,1.48,1,0,0,Lenovo,ThinkPad T14,Core i5,Integrated,16,512,2,0.92,0.75,2,0,2,19946396,18000871,39892792,0.369,0,68507124,16500000,1,57.3,21466264.0,1519868.0,1
REQ-2026-03869,HR,Staff,27,20,0.17,1,1,0,Apple,MacBook Pro 14,M3 Pro,Apple GPU,34,512,4,0.95,0.85,2,0,25,41070840,35395484,1026771000,0.634,1,2272508374,11250000,0,55.8,45419880.0,4349040.0,0
REQ-2026-03870,Design,Manager,68,43,0.21,0,1,0,HP,ZBook Firefly,Core i7,RTX A500,32,1536,3,0.8,0.6,1,0,10,36278474,30651171,362784740,0.211,1,1299670968,40500000,1,43.0,37952167.0,1673693.0,1
REQ-2026-03871,Medical Staff,Manager,140,37,0.58,0,1,0,Apple,MacBook Air 13,M3,Apple GPU,16,768,2,0.95,1.0,3,1,8,23475422,24474871,187803376,0.165,1,759902842,29700000,1,46.4,29628765.0,6153343.0,1
REQ-2026-03872,Finance,Senior,62,33,0.91,0,1,1,HP,ZBook Firefly,Core i7,RTX A500,32,1536,3,0.8,0.6,2,0,10,30729700,31745998,307297000,0.15,1,491872951,20000000,1,58.0,31903997.0,1174297.0,1
REQ-2026-03873,Medical Staff,Staff,74,60,1.08,0,1,1,Asus,ROG Zephyrus,Core i9,RTX 4070,32,1024,4,0.55,0.3,2,4,13,37406997,37982371,486290961,0.253,1,190843878,16500000,1,41.3,43679698.0,6272701.0,0
REQ-2026-03874,Finance,Manager,9,19,0.21,0,1,0,Apple,MacBook Pro 14,M3 Pro,Apple GPU,18,1024,4,0.95,0.85,1,0,20,36296447,32077159,725928940,0.727,1,1279237651,27000000,0,52.4,40947921.0,4651474.0,1
REQ-2026-03875,Finance,Staff,35,43,0.39,0,1,0,Dell,Latitude 7450,Core i7,Integrated,16,1536,2,0.85,0.85,1,2,9,24967748,24194682,224709732,0.294,0,325854476,15000000,1,34.2,29380835.0,4413087.0,1
REQ-2026-03876,Finance,Manager,57,51,0.14,0,1,0,Dell,Precision 5690,Core i9,RTX 3500,32,3072,4,0.85,0.35,1,0,24,46295254,44435067,1111086096,0.287,1,2248610591,27000000,0,52.4,47801157.0,1505903.0,1
REQ-2026-03877,IT,Manager,144,29,0.57,4,0,0,Apple,MacBook Air 13,M3,Apple GPU,8,256,2,0.95,1.0,1,0,23,20158088,18857334,463636024,0.637,0,1649040108,43200000,0,34.2,25641251.0,5483163.0,1
REQ-2026-03878,Finance,Senior,61,27,1.0,1,1,0,Asus,Vivobook 14,Core i5,Integrated,8,512,1,0.5,0.7,2,1,1,13488848,10972405,13488848,0.08,0,34292904,20000000,0,36.6,16482788.0,2993940.0,1
REQ-2026-03879,HR,Staff,57,46,0.51,1,0,0,Apple,MacBook Pro 14,M3 Pro,Apple GPU,18,512,4,0.95,0.85,2,2,9,34271985,34602078,308447865,0.459,0,185989111,11250000,1,49.2,42607974.0,8335989.0,0
REQ-2026-03880,Design,Staff,35,28,0.68,1,0,1,Lenovo,ThinkPad P16,Core i9,RTX A2000,32,1024,4,0.9,0.25,2,0,4,41952645,37383908,167810580,0.23,1,182383238,22500000,0,40.0,43210941.0,1258296.0,0
REQ-2026-03881,HR,Staff,40,44,0.52,0,0,0,Apple,MacBook Air 13,M3,Apple GPU,16,768,2,0.95,1.0,2,0,20,22745727,23174794,454914540,0.369,1,150329025,11250000,1,61.1,27345272.0,4599545.0,0
REQ-2026-03882,Sales,Manager,3,44,6.42,0,0,0,Asus,Vivobook 14,Core i5,Integrated,8,512,1,0.5,0.7,2,2,11,10712197,11355255,117834167,0.051,1,742577290,24300000,0,19.4,18291731.0,7579534.0,1
REQ-2026-03883,Sales,Staff,29,20,1.54,2,1,0,HP,OmniBook 5,Ryzen 7,Radeon,16,512,2,0.65,0.8,3,1,20,20675163,19081565,413503260,0.507,1,547927703,13500000,1,47.9,23429704.0,2754541.0,1
REQ-2026-03884,HR,Director,130,42,0.53,0,1,0,Dell,Latitude 7450,Core i7,Integrated,32,1024,2,0.85,0.85,3,3,15,31308721,30046759,469630815,0.097,1,1396675351,28500000,0,56.7,39362484.0,8053763.0,1
REQ-2026-03885,IT,Senior,54,15,0.4,0,0,0,Asus,ExpertBook B9,Core i7,Iris Xe,16,2048,2,0.8,0.95,3,0,18,31670303,29677694,570065454,0.068,1,1132619321,32000000,1,37.0,33341340.0,1671037.0,1
REQ-2026-03886,IT,Staff,44,55,0.51,0,0,0,Asus,ExpertBook B9,Core i7,Iris Xe,16,1536,2,0.8,0.95,3,1,22,29164869,27914177,641627118,0.32,1,1597033460,24000000,0,52.4,32301656.0,3136787.0,1
REQ-2026-03887,Medical Staff,Staff,15,24,1.25,1,0,0,Dell,Inspiron 15,Core i5,Integrated,8,512,1,0.5,0.6,1,1,6,10410211,9458333,62461266,0.311,1,119482431,16500000,1,46.2,13454373.0,3044162.0,1
REQ-2026-03888,Finance,Senior,34,43,0.95,0,1,1,Asus,ROG Zephyrus,Core i9,RTX 4070,32,1024,4,0.55,0.3,1,0,11,36284026,33383012,399124286,0.343,1,238830375,20000000,0,50.3,37503032.0,1219006.0,1
REQ-2026-03889,Finance,Staff,30,46,0.75,1,1,0,HP,ProBook 445,Ryzen 5,Radeon,8,512,1,0.6,0.7,2,0,3,14599351,13001062,43798053,0.688,1,91439430,15000000,1,39.2,16030575.0,1431224.0,1
REQ-2026-03890,Sales,Staff,84,27,8.45,0,0,0,Apple,MacBook Air 13,M3,Apple GPU,8,768,2,0.95,1.0,2,1,16,21369314,21069850,341909024,0.209,0,340391200,13500000,1,41.8,27084825.0,5715511.0,0
REQ-2026-03891,Finance,Staff,74,5,0.11,0,1,1,HP,ProBook 445,Ryzen 5,Radeon,8,512,1,0.6,0.7,1,1,1,12970954,11356138,12970954,0.276,0,16757331,15000000,0,34.5,16610479.0,3639525.0,1
REQ-2026-03892,IT,Director,79,16,1.35,0,1,0,HP,ZBook Firefly,Core i7,RTX A500,32,1024,3,0.8,0.6,1,0,9,29914137,29374884,269227233,0.214,0,1045490343,60800000,1,38.6,31248121.0,1333984.0,1
REQ-2026-03893,Medical Staff,Staff,82,33,1.83,0,0,0,Lenovo,IdeaPad Slim 3,Core i3,Integrated,8,768,1,0.45,0.65,2,0,18,11303408,10856118,203461344,0.162,1,526730953,16500000,1,40.8,12748839.0,1445431.0,1
REQ-2026-03894,HR,Staff,90,12,0.66,3,1,0,HP,ProBook 445,Ryzen 5,Radeon,8,512,1,0.6,0.7,3,1,23,13651560,13812291,313985880,0.409,0,1137399902,11250000,1,43.4,16518630.0,2867070.0,1
REQ-2026-03895,Medical Staff,Staff,23,45,1.53,0,1,0,HP,OmniBook 5,Ryzen 7,Radeon,32,1536,2,0.65,0.8,1,1,9,28202020,23987266,253818180,0.175,1,1167541731,16500000,1,33.2,31550156.0,3348136.0,1
REQ-2026-03896,Medical Staff,Senior,20,19,2.74,0,1,1,HP,ZBook Firefly,Core i7,RTX A500,32,1536,3,0.8,0.6,1,1,21,37638375,32310397,790405875,0.229,1,377231091,22000000,1,44.8,40779536.0,3141161.0,0
REQ-2026-03897,IT,Manager,29,32,0.5,1,0,0,Asus,Vivobook 14,Core i5,Integrated,8,512,1,0.5,0.7,2,3,21,11126821,11735346,233663241,0.032,1,2164146062,43200000,0,30.0,17776755.0,6649934.0,1
REQ-2026-03898,Medical Staff,Manager,51,19,0.27,0,1,0,HP,ProBook 445,Ryzen 5,Radeon,8,512,1,0.6,0.7,1,0,11,10101012,11603678,111111132,0.289,1,287425814,29700000,1,29.6,13015995.0,2914983.0,1
REQ-2026-03899,Design,Senior,6,21,0.37,0,0,0,Dell,Latitude 7450,Core i7,Integrated,16,1024,2,0.85,0.85,1,0,2,26417517,22690518,52835034,0.391,0,161274518,30000000,1,39.8,28045304.0,1627787.0,1
REQ-2026-03900,HR,Manager,82,65,0.95,0,1,0,Dell,Precision 5690,Core i9,RTX 3500,48,2048,4,0.85,0.35,3,4,17,47299130,48448527,804085210,0.136,1,1104277218,20250000,0,59.9,54436411.0,7137281.0,0
REQ-2026-03901,Design,Manager,58,48,0.05,2,0,0,Asus,ExpertBook B9,Core i7,Iris Xe,24,1024,2,0.8,0.95,3,1,7,28110431,29177880,196773017,0.15,0,275228673,40500000,1,52.9,31418405.0,3307974.0,1
REQ-2026-03902,Sales,Staff,47,39,3.93,0,0,0,Dell,Precision 5690,Core i9,RTX 3500,32,3072,4,0.85,0.35,1,1,21,55526199,43241662,1166050179,0.079,1,939133008,13500000,0,28.2,59764634.0,4238435.0,0
REQ-2026-03903,IT,Staff,22,29,0.46,2,0,0,Dell,Precision 5690,Core i9,RTX 3500,40,2048,4,0.85,0.35,1,2,11,42118319,43222579,463301509,0.514,1,1011396934,24000000,0,52.7,45668342.0,3550023.0,0
REQ-2026-03904,Sales,Staff,14,1,12.1,1,1,0,Asus,Vivobook 14,Core i5,Integrated,8,1024,1,0.5,0.7,1,1,8,11608127,11644247,92865016,0.313,0,125379278,13500000,1,12.6,18437923.0,6829796.0,0
REQ-2026-03905,HR,Manager,25,39,0.34,1,0,0,Dell,Inspiron 15,Core i5,Integrated,8,1024,1,0.5,0.6,1,0,11,11069404,11316142,121763444,0.076,0,325600919,20250000,1,31.2,13630393.0,2560989.0,1
REQ-2026-03906,Medical Staff,Staff,43,40,0.24,1,1,0,HP,ZBook Firefly,Core i7,RTX A500,32,2048,3,0.8,0.6,2,0,2,34702393,32325651,69404786,0.128,0,18705916,16500000,1,34.2,37049450.0,2347057.0,0
REQ-2026-03907,Design,Staff,108,30,0.8,0,0,1,HP,ZBook Firefly,Core i7,RTX A500,32,1024,3,0.8,0.6,3,1,14,32869099,31255543,460167386,0.449,0,668607710,22500000,1,63.1,35780925.0,2911826.0,1
REQ-2026-03908,Design,Staff,27,24,0.21,0,0,0,Dell,Precision 5690,Core i9,RTX 3500,32,2048,4,0.85,0.35,1,1,10,41892878,40104590,418928780,0.437,0,397402287,22500000,1,55.2,44686432.0,2793554.0,0
REQ-2026-03909,HR,Staff,15,37,0.15,1,1,0,HP,ZBook Firefly,Core i7,RTX A500,32,1536,3,0.8,0.6,1,0,16,33937904,31192984,543006464,0.429,0,55878832,11250000,0,33.8,35741548.0,1803644.0,0
REQ-2026-03910,IT,Staff,158,34,0.39,0,0,0,HP,OmniBook 5,Ryzen 7,Radeon,16,512,2,0.65,0.8,1,1,11,20419867,17215420,224618537,0.279,0,1145636744,24000000,1,30.8,24303841.0,3883974.0,1
REQ-2026-03911,Sales,Staff,127,12,1.29,0,0,0,Lenovo,ThinkPad T14,Core i5,Integrated,24,1536,2,0.92,0.75,1,0,2,26947774,22891762,53895548,0.292,1,73373433,13500000,1,41.4,28304560.0,1356786.0,1
REQ-2026-03912,Sales,Senior,25,67,1.69,0,1,0,Apple,MacBook Pro 14,M3 Pro,Apple GPU,18,1536,4,0.95,0.85,3,1,3,37350150,37805032,112050450,0.336,0,124105640,18000000,0,66.1,43177058.0,5826908.0,0
REQ-2026-03913,HR,Director,22,43,0.77,1,1,0,Apple,MacBook Air 13,M3,Apple GPU,16,768,2,0.95,1.0,1,1,18,21139576,22240217,380512368,0.632,0,951513150,28500000,1,61.3,28535121.0,7395545.0,1
REQ-2026-03914,HR,Senior,24,21,0.48,1,1,0,Asus,ExpertBook B9,Core i7,Iris Xe,16,1536,2,0.8,0.95,1,0,8,31049670,27418714,248397360,0.85,0,146148222,15000000,1,38.2,32468891.0,1419221.0,0
REQ-2026-03915,Medical Staff,Senior,20,1,0.71,1,1,0,Dell,Precision 5690,Core i9,RTX 3500,32,2048,4,0.85,0.35,1,1,15,43089725,41802181,646345875,0.418,0,513070601,22000000,0,45.6,45991979.0,2902254.0,0
REQ-2026-03916,Medical Staff,Staff,7,32,0.34,0,1,0,Asus,ROG Zephyrus,Core i9,RTX 4070,32,1024,4,0.55,0.3,2,0,6,36410696,33760465,218464176,0.432,1,222726746,16500000,0,36.1,38012774.0,1602078.0,0
REQ-2026-03917,HR,Manager,8,73,0.15,0,1,0,Lenovo,ThinkPad X1,Core i7,Iris Xe,16,1536,3,0.9,0.95,2,0,12,28311701,31757087,339740412,0.053,1,636125820,20250000,1,50.3,29677028.0,1365327.0,1
REQ-2026-03918,Medical Staff,Staff,81,45,2.03,0,1,0,Apple,MacBook Air 13,M3,Apple GPU,8,768,2,0.95,1.0,2,1,24,20813860,22606060,499532640,0.18,1,724831951,16500000,0,59.6,26585798.0,5771938.0,1
REQ-2026-03919,Medical Staff,Staff,81,43,1.36,1,0,0,Asus,Vivobook 14,Core i5,Integrated,16,1536,1,0.5,0.7,1,1,25,14502502,16272149,362562550,0.14,0,608710803,16500000,0,36.6,16371406.0,1868904.0,1
REQ-2026-03920,Design,Senior,113,27,0.58,1,0,0,Lenovo,ThinkPad X1,Core i7,Iris Xe,16,1024,3,0.9,0.95,1,1,10,32635732,27609240,326357320,0.287,1,887584096,30000000,1,52.6,35490181.0,2854449.0,1
REQ-2026-03921,IT,Director,53,35,1.16,1,0,0,Lenovo,ThinkPad P16,Core i9,RTX A2000,32,2048,4,0.9,0.25,2,2,15,41006324,42046604,615094860,0.695,1,1659580848,60800000,1,51.3,45529190.0,4522866.0,1
REQ-2026-03922,Sales,Senior,53,56,9.24,0,0,0,Dell,Precision 5690,Core i9,RTX 3500,40,2048,4,0.85,0.35,2,4,3,43371690,43375244,130115070,0.276,0,99791499,18000000,0,37.9,49366198.0,5994508.0,0
REQ-2026-03923,Medical Staff,Manager,32,19,1.87,0,1,0,Lenovo,IdeaPad Slim 3,Core i3,Integrated,8,256,1,0.45,0.65,1,0,9,8544858,7516254,76903722,0.322,1,430869130,29700000,1,45.8,10131382.0,1586524.0,1
REQ-2026-03924,Finance,Manager,15,33,1.22,0,1,1,HP,OmniBook 5,Ryzen 7,Radeon,24,512,2,0.65,0.8,1,3,20,19998196,19641947,399963920,0.511,0,853279928,27000000,1,50.7,28228648.0,8230452.0,1
REQ-2026-03925,HR,Senior,27,34,0.69,0,1,0,Apple,MacBook Air 13,M3,Apple GPU,16,768,2,0.95,1.0,3,1,17,21764798,23929386,370001566,0.455,1,258427072,15000000,1,58.3,27467535.0,5702737.0,1
REQ-2026-03926,Finance,Manager,56,18,0.48,1,0,0,HP,ZBook Firefly,Core i7,RTX A500,32,1024,3,0.8,0.6,2,1,18,34046939,29854291,612844902,0.261,0,853865669,27000000,1,56.4,36716985.0,2670046.0,1
REQ-2026-03927,IT,Senior,62,27,0.62,2,1,1,Dell,Latitude 7450,Core i7,Integrated,16,512,2,0.85,0.85,1,0,9,23816953,21762949,214352577,0.333,0,320595007,32000000,1,41.1,25193226.0,1376273.0,1
REQ-2026-03928,Sales,Senior,36,34,7.06,1,1,1,Asus,ExpertBook B9,Core i7,Iris Xe,16,1024,2,0.8,0.95,2,0,19,26467348,23940702,502879612,0.321,0,260666375,18000000,1,28.3,28883182.0,2415834.0,0
REQ-2026-03929,Design,Manager,97,33,0.18,0,0,0,Lenovo,ThinkPad P16,Core i9,RTX A2000,40,1536,4,0.9,0.25,1,1,1,40809528,41308633,40809528,0.218,0,34244251,40500000,1,32.8,45246206.0,4436678.0,0
REQ-2026-03930,IT,Staff,58,38,0.26,1,1,0,Apple,MacBook Air 13,M3,Apple GPU,8,768,2,0.95,1.0,1,1,9,23952282,21006944,215570538,0.204,0,674739736,24000000,0,40.7,29623950.0,5671668.0,1
REQ-2026-03931,Design,Staff,30,25,0.45,0,0,0,Dell,Inspiron 15,Core i5,Integrated,8,512,1,0.5,0.6,1,1,11,9106949,9496721,100176439,0.451,1,518486827,22500000,0,32.8,12414874.0,3307925.0,1
REQ-2026-03932,IT,Senior,70,41,1.23,0,1,0,HP,ProBook 445,Ryzen 5,Radeon,16,512,1,0.6,0.7,2,2,15,16453400,14462001,246801000,0.26,1,1283914894,32000000,0,44.7,20485941.0,4032541.0,1
REQ-2026-03933,Finance,Staff,48,34,0.57,1,1,0,Lenovo,ThinkPad X1,Core i7,Iris Xe,16,1536,3,0.9,0.95,1,0,5,33469092,29016589,167345460,0.271,1,278397615,15000000,1,38.4,35301234.0,1832142.0,0
REQ-2026-03934,Sales,Staff,103,40,4.54,0,1,1,Asus,Vivobook 14,Core i5,Integrated,8,512,1,0.5,0.7,1,2,23,10565939,10021945,243016597,0.339,1,1016673675,13500000,1,25.8,16664912.0,6098973.0,1
REQ-2026-03935,Medical Staff,Staff,32,13,0.25,1,1,0,Dell,Inspiron 15,Core i5,Integrated,16,512,1,0.5,0.6,2,0,17,14932716,12528462,253856172,0.181,0,958565154,16500000,1,27.5,17296577.0,2363861.0,1
REQ-2026-03936,Sales,Manager,21,30,2.31,1,0,0,Dell,Latitude 7450,Core i7,Integrated,16,512,2,0.85,0.85,1,0,21,25188982,20803545,528968622,0.132,1,3898706067,24300000,0,28.2,28211595.0,3022613.0,1
REQ-2026-03937,HR,Staff,59,15,0.22,0,1,1,Lenovo,ThinkPad P16,Core i9,RTX A2000,32,2048,4,0.9,0.25,2,0,4,43077865,42438703,172311460,0.179,0,48199596,11250000,0,51.9,44971201.0,1893336.0,0
REQ-2026-03938,Medical Staff,Staff,49,33,1.8,0,1,1,HP,OmniBook 5,Ryzen 7,Radeon,16,1024,2,0.65,0.8,2,0,11,19255189,20150581,211807079,0.116,0,216751485,16500000,1,43.3,20412557.0,1157368.0,1
REQ-2026-03939,Design,Senior,48,38,0.52,1,0,1,HP,ProBook 445,Ryzen 5,Radeon,8,512,1,0.6,0.7,2,0,25,17976273,12913871,449406825,0.403,0,1726431627,30000000,0,42.4,19637979.0,1661706.0,1
REQ-2026-03940,HR,Manager,26,38,0.22,1,1,1,HP,ZBook Firefly,Core i7,RTX A500,40,1024,3,0.8,0.6,2,0,2,33076379,32590584,66152758,0.496,0,82295665,20250000,1,45.9,34513644.0,1437265.0,1
REQ-2026-03941,Medical Staff,Staff,52,25,1.13,0,1,0,Apple,MacBook Pro 14,M3 Pro,Apple GPU,18,512,4,0.95,0.85,2,1,10,32955808,31147808,329558080,0.172,0,260886817,16500000,1,51.7,38887982.0,5932174.0,0
REQ-2026-03942,Medical Staff,Staff,20,56,0.08,1,1,0,Asus,ExpertBook B9,Core i7,Iris Xe,24,1024,2,0.8,0.95,2,1,23,25851205,28035875,594577715,0.058,1,1015994984,16500000,1,34.5,28311075.0,2459870.0,1
REQ-2026-03943,Sales,Senior,35,21,8.51,0,1,0,Lenovo,ThinkPad P16,Core i9,RTX A2000,40,1024,4,0.9,0.25,2,4,25,39567080,38462014,989177000,0.341,0,586884519,18000000,0,18.2,50880374.0,11313294.0,0
REQ-2026-03944,Medical Staff,Senior,61,21,0.86,0,1,0,Asus,ExpertBook B9,Core i7,Iris Xe,32,1536,2,0.8,0.95,3,0,3,35100826,32393988,105302478,0.286,1,140825862,22000000,1,55.9,36993251.0,1892425.0,0
REQ-2026-03945,Medical Staff,Staff,44,36,0.97,1,0,0,Dell,Precision 5690,Core i9,RTX 3500,40,2048,4,0.85,0.35,2,0,8,40150950,44795953,321207600,0.238,1,169630888,16500000,1,41.7,41552886.0,1401936.0,0
REQ-2026-03946,HR,Manager,86,37,0.15,0,0,0,HP,ProBook 445,Ryzen 5,Radeon,8,512,1,0.6,0.7,2,0,18,15181794,12529291,273272292,0.349,1,893268279,20250000,1,37.6,16674751.0,1492957.0,1
REQ-2026-03947,Medical Staff,Senior,181,32,0.75,0,1,0,Apple,MacBook Air 13,M3,Apple GPU,24,256,2,0.95,1.0,1,2,10,24439562,21797385,244395620,0.14,1,499085987,22000000,1,54.8,31188264.0,6748702.0,1
REQ-2026-03948,IT,Senior,31,38,0.7,0,0,0,HP,OmniBook 5,Ryzen 7,Radeon,16,512,2,0.65,0.8,1,2,15,16928280,17621237,253924200,0.295,1,669628710,32000000,1,32.6,21556813.0,4628533.0,1
REQ-2026-03949,Design,Senior,5,34,0.64,2,1,0,Asus,Vivobook 14,Core i5,Integrated,8,512,1,0.5,0.7,1,1,2,10717208,10721822,21434416,0.489,0,28256479,30000000,0,23.9,15977847.0,5260639.0,1
REQ-2026-03950,Sales,Senior,57,55,6.72,0,0,0,Lenovo,IdeaPad Slim 3,Core i3,Integrated,16,256,1,0.45,0.65,1,1,11,8696511,9720290,95661621,0.249,1,248399495,18000000,0,26.5,13483666.0,4787155.0,1
REQ-2026-03951,Medical Staff,Staff,9,47,0.66,1,0,0,Asus,ExpertBook B9,Core i7,Iris Xe,32,1536,2,0.8,0.95,1,0,3,26919742,28587523,80759226,0.316,0,272401984,16500000,0,38.6,28282499.0,1362757.0,1
REQ-2026-03952,HR,Staff,185,47,0.3,0,1,0,Dell,Precision 5690,Core i9,RTX 3500,32,2048,4,0.85,0.35,3,0,6,47225531,42542991,283353186,0.193,1,85587856,11250000,0,68.2,49241727.0,2016196.0,0
REQ-2026-03953,Sales,Senior,86,41,1.06,1,1,1,Dell,Precision 5690,Core i9,RTX 3500,32,2048,4,0.85,0.35,1,0,17,42899536,40612619,729292112,0.16,1,603583671,18000000,0,48.6,44245945.0,1346409.0,0
REQ-2026-03954,HR,Staff,14,2,0.15,0,0,0,Dell,Inspiron 15,Core i5,Integrated,8,512,1,0.5,0.6,1,4,6,9975097,9053093,59850582,0.838,0,174334865,11250000,1,33.5,17244612.0,7269515.0,0
REQ-2026-03955,Medical Staff,Senior,39,21,2.35,1,1,0,Lenovo,ThinkPad X1,Core i7,Iris Xe,24,1024,3,0.9,0.95,1,0,18,31909259,28603763,574366662,0.284,0,1184767203,22000000,1,50.8,33395867.0,1486608.0,1
REQ-2026-03956,Medical Staff,Senior,50,59,0.73,0,1,0,Lenovo,ThinkPad T14,Core i5,Integrated,16,512,2,0.92,0.75,3,2,12,20005262,20283193,240063144,0.082,1,446040071,22000000,1,71.2,23651420.0,3646158.0,1
REQ-2026-03957,Finance,Staff,80,29,0.4,0,1,0,Asus,ExpertBook B9,Core i7,Iris Xe,16,1536,2,0.8,0.95,2,0,23,26051123,27783439,599175829,0.236,0,845857900,15000000,1,44.7,27311611.0,1260488.0,1
REQ-2026-03958,HR,Senior,130,21,1.4,0,0,0,Lenovo,IdeaPad Slim 3,Core i3,Integrated,24,256,1,0.45,0.65,3,2,25,15575279,13647342,389381975,0.228,1,694374363,15000000,1,38.6,20786846.0,5211567.0,1
REQ-2026-03959,Design,Manager,28,46,0.56,2,1,0,HP,ZBook Firefly,Core i7,RTX A500,32,1536,3,0.8,0.6,1,0,4,36182535,31620804,144730140,0.241,0,69676303,40500000,1,28.0,39101466.0,2918931.0,1
REQ-2026-03960,Design,Senior,15,52,1.35,0,0,0,Dell,Latitude 7450,Core i7,Integrated,24,512,2,0.85,0.85,2,0,3,27574193,24519694,82722579,0.083,0,58644156,30000000,0,55.3,28741142.0,1166949.0,1
REQ-2026-03961,HR,Staff,49,26,0.55,0,0,0,Dell,Latitude 7450,Core i7,Integrated,32,512,2,0.85,0.85,3,0,3,30676351,29192477,92029053,0.424,1,28369978,11250000,1,42.5,31987014.0,1310663.0,0
REQ-2026-03962,Design,Staff,66,47,0.39,0,0,1,Asus,Vivobook 14,Core i5,Integrated,24,512,1,0.5,0.7,2,1,14,16524266,15386640,231339724,0.353,0,674273678,22500000,0,41.0,19654579.0,3130313.0,1
REQ-2026-03963,Design,Staff,95,31,0.44,0,0,0,Lenovo,ThinkPad T14,Core i5,Integrated,16,512,2,0.92,0.75,2,2,20,15570774,18681348,311415480,0.387,1,484525435,22500000,1,40.8,20230334.0,4659560.0,1
REQ-2026-03964,Finance,Staff,39,32,0.91,0,1,0,HP,ZBook Firefly,Core i7,RTX A500,40,2048,3,0.8,0.6,2,0,15,37148579,35239932,557228685,0.349,0,307144080,15000000,1,62.3,38933252.0,1784673.0,0
REQ-2026-03965,Medical Staff,Senior,32,35,1.53,1,1,0,Lenovo,ThinkPad X1,Core i7,Iris Xe,32,1536,3,0.9,0.95,3,0,12,38231164,34469012,458773968,0.211,1,331583477,22000000,1,60.1,40063995.0,1832831.0,0
REQ-2026-03966,Design,Director,40,43,1.11,2,0,0,Asus,ROG Zephyrus,Core i9,RTX 4070,32,1024,4,0.55,0.3,1,2,3,35729966,33707624,107189898,0.095,0,729054898,57000000,1,48.2,42636402.0,6906436.0,1
REQ-2026-03967,Design,Senior,117,38,0.17,0,0,0,Dell,Inspiron 15,Core i5,Integrated,24,512,1,0.5,0.6,1,1,11,12941990,12874921,142361890,0.624,0,312334964,30000000,0,33.6,15895963.0,2953973.0,1
REQ-2026-03968,Design,Director,52,37,0.47,1,0,1,Dell,Precision 5690,Core i9,RTX 3500,32,2048,4,0.85,0.35,3,1,20,44610283,43174896,892205660,0.244,1,2620000179,57000000,1,38.2,49454115.0,4843832.0,1
REQ-2026-03969,HR,Senior,45,40,0.18,0,1,0,HP,ZBook Firefly,Core i7,RTX A500,40,1536,3,0.8,0.6,1,0,1,33284081,32789604,33284081,0.236,1,50839759,15000000,0,34.4,35108417.0,1824336.0,0
REQ-2026-03970,Finance,Staff,32,34,0.18,0,1,0,Lenovo,ThinkPad T14,Core i5,Integrated,16,1536,2,0.92,0.75,2,0,6,24329370,23235090,145976220,0.405,1,181485062,15000000,1,42.2,25653917.0,1324547.0,1
REQ-2026-03971,Sales,Staff,80,46,0.72,0,1,0,Dell,Inspiron 15,Core i5,Integrated,8,512,1,0.5,0.6,3,0,14,12273422,11816533,171827908,0.153,1,68865937,13500000,1,56.9,13906898.0,1633476.0,0
REQ-2026-03972,Finance,Senior,58,36,1.23,1,1,0,Asus,ROG Zephyrus,Core i9,RTX 4070,32,1024,4,0.55,0.3,2,0,23,36398400,34123214,837163200,0.152,0,966591124,20000000,1,34.4,38424563.0,2026163.0,1
REQ-2026-03973,Sales,Staff,2,55,4.24,0,0,0,Lenovo,IdeaPad Slim 3,Core i3,Integrated,8,768,1,0.45,0.65,1,0,19,9302635,10433259,176750065,0.174,0,481566087,13500000,1,19.3,13733119.0,4430484.0,1
REQ-2026-03974,IT,Senior,24,34,1.78,0,0,0,Dell,Inspiron 15,Core i5,Integrated,8,512,1,0.5,0.6,2,1,18,10222118,10782371,183998124,0.217,1,1494468867,32000000,0,33.9,13545674.0,3323556.0,1
REQ-2026-03975,Design,Senior,70,24,0.98,0,0,0,Apple,MacBook Air 13,M3,Apple GPU,16,768,2,0.95,1.0,2,2,9,22119995,22026730,199079955,0.524,1,701817216,30000000,1,56.4,29736490.0,7616495.0,1
REQ-2026-03976,IT,Senior,41,37,0.41,1,1,0,Lenovo,ThinkPad P16,Core i9,RTX A2000,32,1024,4,0.9,0.25,1,0,25,35912815,36894381,897820375,0.095,1,1527190956,32000000,1,59.6,36967764.0,1054949.0,1
REQ-2026-03977,IT,Staff,49,43,0.59,1,0,0,HP,ProBook 445,Ryzen 5,Radeon,8,512,1,0.6,0.7,1,1,15,11833832,12084481,177507480,0.323,1,374235579,24000000,0,36.9,15308185.0,3474353.0,1
REQ-2026-03978,Medical Staff,Staff,51,28,1.98,0,1,0,Asus,Vivobook 14,Core i5,Integrated,16,512,1,0.5,0.7,3,4,12,15458722,14749423,185504664,0.329,1,298460238,16500000,1,49.1,20708278.0,5249556.0,1
REQ-2026-03979,IT,Manager,162,23,1.16,0,0,1,Asus,ExpertBook B9,Core i7,Iris Xe,16,1024,2,0.8,0.95,2,1,5,23477401,25044270,117387005,0.578,1,484676123,43200000,1,48.5,26823665.0,3346264.0,1
REQ-2026-03980,HR,Staff,75,45,0.3,0,1,0,Lenovo,ThinkPad X1,Core i7,Iris Xe,16,1024,3,0.9,0.95,1,1,13,28364841,25714160,368742933,0.163,0,224140095,11250000,1,60.3,31276702.0,2911861.0,0
REQ-2026-03981,Sales,Manager,100,32,3.66,0,1,0,Apple,MacBook Pro 14,M3 Pro,Apple GPU,18,512,4,0.95,0.85,1,1,19,30038043,31225395,570722817,0.544,0,873985037,24300000,0,57.7,36694931.0,6656888.0,1
REQ-2026-03982,Sales,Staff,91,49,2.43,1,0,0,Dell,Precision 5690,Core i9,RTX 3500,32,2048,4,0.85,0.35,3,2,23,41411797,43345137,952471331,0.36,1,194655319,13500000,0,29.5,45266494.0,3854697.0,0
REQ-2026-03983,Medical Staff,Staff,31,45,0.34,0,0,1,HP,ZBook Firefly,Core i7,RTX A500,40,1024,3,0.8,0.6,2,1,19,31645660,30184805,601267540,0.471,1,716362492,16500000,0,63.8,34563473.0,2917813.0,0
REQ-2026-03984,IT,Staff,99,43,0.46,0,0,0,Lenovo,ThinkPad T14,Core i5,Integrated,16,512,2,0.92,0.75,2,1,3,17118952,18438991,51356856,0.346,0,91782802,24000000,1,69.1,19641543.0,2522591.0,1
REQ-2026-03985,IT,Staff,46,22,0.35,0,0,0,Asus,Vivobook 14,Core i5,Integrated,8,1024,1,0.5,0.7,1,2,1,11217467,11917823,11217467,0.504,0,119656469,24000000,0,29.1,15684107.0,4466640.0,1
REQ-2026-03986,HR,Staff,25,35,0.77,0,0,0,Lenovo,ThinkPad T14,Core i5,Integrated,16,512,2,0.92,0.75,2,0,5,18476760,18108662,92383800,0.216,0,60263555,11250000,1,54.5,20023071.0,1546311.0,1
REQ-2026-03987,IT,Staff,19,34,0.73,0,0,0,Asus,Vivobook 14,Core i5,Integrated,8,1024,1,0.5,0.7,2,2,9,15095178,12979002,135856602,0.395,0,474567535,24000000,0,39.8,19507261.0,4412083.0,1
REQ-2026-03988,IT,Senior,34,38,0.33,0,1,0,Asus,Vivobook 14,Core i5,Integrated,8,1536,1,0.5,0.7,3,0,24,20189536,16991717,484548864,0.075,0,2233740754,32000000,0,52.7,21825006.0,1635470.0,1
REQ-2026-03989,IT,Senior,102,29,1.01,0,0,0,Dell,Precision 5690,Core i9,RTX 3500,32,2048,4,0.85,0.35,1,1,22,44971001,40535230,989362022,0.043,1,548806876,32000000,1,57.7,47922096.0,2951095.0,1
REQ-2026-03990,HR,Staff,76,72,0.34,2,1,0,Asus,ExpertBook B9,Core i7,Iris Xe,16,1536,2,0.8,0.95,1,0,4,30114553,26244640,120458212,0.151,1,126485399,11250000,1,37.9,31331649.0,1217096.0,0
REQ-2026-03991,Sales,Manager,14,14,0.64,1,0,0,Asus,ROG Zephyrus,Core i9,RTX 4070,32,1024,4,0.55,0.3,1,1,13,40183343,33963589,522383459,0.03,1,850324657,24300000,1,26.3,44902233.0,4718890.0,0
REQ-2026-03992,Medical Staff,Senior,39,51,3.65,0,1,0,HP,OmniBook 5,Ryzen 7,Radeon,16,512,2,0.65,0.8,2,0,20,16695492,18292374,333909840,0.178,0,1161010071,22000000,1,35.7,18914278.0,2218786.0,1
REQ-2026-03993,Sales,Staff,33,38,5.77,0,0,0,Lenovo,ThinkPad T14,Core i5,Integrated,16,512,2,0.92,0.75,2,1,25,20170951,19011349,504273775,0.416,0,370204923,13500000,1,60.4,22731162.0,2560211.0,0
REQ-2026-03994,Sales,Staff,53,49,6.17,0,1,1,Lenovo,IdeaPad Slim 3,Core i3,Integrated,8,768,1,0.45,0.65,1,2,9,9136158,10027820,82225422,0.191,1,324812634,13500000,1,21.1,16030219.0,6894061.0,1
REQ-2026-03995,HR,Manager,121,27,0.51,0,0,1,Asus,Vivobook 14,Core i5,Integrated,16,1536,1,0.5,0.7,1,1,5,18623849,16180405,93119245,0.151,1,213581102,20250000,1,34.7,22012502.0,3388653.0,1
REQ-2026-03996,Finance,Director,51,70,0.71,0,1,1,Lenovo,ThinkPad P16,Core i9,RTX A2000,32,1024,4,0.9,0.25,3,1,20,46459584,39872582,929191680,0.236,1,634765538,38000000,1,64.9,50590697.0,4131113.0,0
REQ-2026-03997,Sales,Manager,167,42,1.89,0,0,0,Lenovo,IdeaPad Slim 3,Core i3,Integrated,8,1280,1,0.45,0.65,1,3,14,13325813,11483394,186561382,0.484,1,781790453,24300000,1,31.5,22340098.0,9014285.0,1
REQ-2026-03998,Medical Staff,Staff,47,1,0.36,2,0,0,Dell,Precision 5690,Core i9,RTX 3500,40,3072,4,0.85,0.35,2,1,14,48248883,47473890,675484362,0.136,1,605798838,16500000,0,43.4,51502116.0,3253233.0,0
REQ-2026-03999,Medical Staff,Staff,7,44,1.06,2,1,0,Lenovo,IdeaPad Slim 3,Core i3,Integrated,16,1280,1,0.45,0.65,3,1,13,16419137,16121010,213448781,0.656,0,538819784,16500000,1,30.2,19303578.0,2884441.0,1
