source,source_id,url,title,brand,model,cpu,ram_gb,storage_gb,gpu,screen_size_in,price_idr,original_price_idr,condition,seller_name,seller_rating,seller_num_reviews,seller_is_official,sold_count,location,scraped_at,is_suspected_scam,scam_reasons
tokopedia,103175613088,https://www.tokopedia.com/royalltech/laptop-asus-vivobook-f1504vap-intel-core-i5-120u-i5-1235u-16gb-512gb-ssd-15-6-fhd-ips-windows-11-f1504za-f1502za-1730412882049598967-1734913183835784695?extParam=ivf%3Dfalse%26keyword%3Dlaptop+asus%26search_id%3D20260828013536C203D8A151612A39A7CU%26src%3Dsearch,Laptop ASUS Vivobook F1504VAP Intel Core i5-120U 16GB 512GB SSD 15.6”FHD IPS Windows 11 – F1504ZA / F1502ZA,Asus,F1504VAP,,16,512,,15.6,11309000,,new,royalltech,4.6,,False,,Jakarta Utara,2026-08-28T01:35:44.603552,False,
tokopedia,103085210719,https://www.tokopedia.com/royalltech/laptop-asus-vivobook-14-a1404va-intel-core-i3-1315-ram-8gb-512gb-ssd-w11-ohs-m365b-14-0fhd-1734533246867244535?extParam=ivf%3Dfalse%26keyword%3Dlaptop+asus%26search_id%3D20260828013536C203D8A151612A39A7CU%26src%3Dsearch,LAPTOP ASUS VIVOBOOK 14 A1404VA INTEL CORE I3 1315 RAM 8GB 512GB SSD W11+OHS+M365B 14.0FHD,Asus,A1404VA,I3 1315,8,512,,,9399000,,new,royalltech,5.0,,False,,Jakarta Utara,2026-08-28T01:35:44.603737,False,
tokopedia,102192921303,https://www.tokopedia.com/pusatgaminglaptop/laptop-asus-tuf-a15-fa506ncg-ryzen-7-7445hs-rtx3050-4gb-ram-16gb-ssd-512gb-windows-11-15-6-inc-full-hd-ips-1732372214747203257?extParam=ivf%3Dfalse%26keyword%3Dlaptop+asus%26search_id%3D20260828013536C203D8A151612A39A7CU%26src%3Dsearch,LAPTOP ASUS TUF A15 FA506NCG RYZEN 7 7445HS RTX3050 4GB/ RAM 16GB SSD 512GB WINDOWS 11 15.6 INC FULL HD IPS,Asus,FA506NCG,RYZEN 7 7445HS,16,512,RTX3050,,14269000,,new,PUSAT GAMING LAPTOP,5.0,,False,,Bekasi,2026-08-28T01:35:44.603815,False,
tokopedia,103772938546,https://www.tokopedia.com/gateway/asus-vivobook-go-14-ryzen-3-7320u-8gb-512gb-ssd-windows-11-office-14-0-fhd-e1404fa-laptop-sekolah-kerja-kuliah-1729885440520848821-1737125716294206901?extParam=ivf%3Dfalse%26keyword%3Dlaptop+asus%26search_id%3D20260828013536C203D8A151612A39A7CU%26src%3Dsearch,"ASUS VIVOBOOK GO 14 E1404FA RYZEN 3 7320 8GB 512GB W11+OHS+M365B 14"" FHD VIPS LAPTOP",Asus,E1404FA,RYZEN 3 7320,8,,,,9389000,,new,Gateway Indonesia Comp,5.0,,False,,Jakarta Utara,2026-08-28T01:35:44.603904,False,
tokopedia,100292160099,https://www.tokopedia.com/teknotrend/laptop-asus-vivobook-s14-s3407qa-snapdragon-x-x1-26-qualcomm-adreno-gpu-16gb-512gb-14inch-ohs24-1731354787170584514?extParam=ivf%3Dfalse%26keyword%3Dlaptop+asus%26search_id%3D20260828013536C203D8A151612A39A7CU%26src%3Dsearch,"Laptop ASUS VIVOBOOK S14 OLED M3407HA RYZEN 5 220 16GB 1TB W11+OHS+M365B 14"" WUXGA",Asus,M3407HA,RYZEN 5 220,16,,,,17332500,,new,TeknoTrend ID,5.0,,False,,Jakarta Pusat,2026-08-28T01:35:44.603989,False,
tokopedia,100281729921,https://www.tokopedia.com/teknotrend/laptop-asus-vivobook-14-a1404va-i3-1315u-8gb-512gb-14-fhd-ohs-w11-1731298410323806146?extParam=ivf%3Dtrue%26keyword%3Dlaptop+asus%26search_id%3D20260828013536C203D8A151612A39A7CU%26src%3Dsearch,"Laptop Asus VIVOBOOK 14 A1404VA i3-1315U 8GB 512GB 14"" FHD OHS W11",Asus,A1404VA,I3-1315U,8,,,,9939500,,new,TeknoTrend ID,5.0,,False,,Jakarta Pusat,2026-08-28T01:35:44.604074,False,
tokopedia,102316114277,https://www.tokopedia.com/gateway/asus-zenbook-14-oled-um3406ha-touch-ryzen-7-8840-16gb-1tb-ssd-w11-14-inch-2-8k-1732626294180971957?extParam=ivf%3Dfalse%26keyword%3Dlaptop+asus%26search_id%3D20260828013536C203D8A151612A39A7CU%26src%3Dsearch,ASUS ZENBOOK 14 OLED UM3406HA TOUCH RYZEN 7 8840 16GB 1TB SSD W11 14 INCH 2.8K LAPTOP,Asus,UM3406HA,RYZEN 7 8840,16,1024,,14.0,17549000,,new,Gateway Indonesia Comp,5.0,,False,,Jakarta Utara,2026-08-28T01:35:44.604155,False,
tokopedia,103629770816,https://www.tokopedia.com/gateway/hp-pc-aio-24-core-ultra-5-225u-16gb-512gb-ssd-w11-ohs-m365-23-8-inch-fhd-ips-cr2566d-1732747109624153525-1736701194363504053?extParam=ivf%3Dfalse%26keyword%3Dlaptop+asus%26search_id%3D20260828013536C203D8A151612A39A7CU%26src%3Dsearch,"ASUS TUF GAMING A16 FA607NUQ RYZEN 7 170 RTX4050 32GB 1TB W11+OHS+M365B 16"" FHD+ IPS LAPTOP GAMING",Asus,FA607NUQ,RYZEN 7 170,32,,RTX4050,,22619000,,new,Gateway Indonesia Comp,5.0,,False,,Jakarta Utara,2026-08-28T01:35:44.604245,False,
tokopedia,103106494804,https://www.tokopedia.com/gateway/asus-tuf-gaming-a15-ryzen-7-7445hs-rtx3050-16gb-512gb-w11-office-15-6-inch-fhd-fa506ncg-1729962642812274101-1734690458514195893?extParam=ivf%3Dfalse%26keyword%3Dlaptop+asus%26search_id%3D20260828013536C203D8A151612A39A7CU%26src%3Dsearch,"ASUS TUF GAMING A15 FA506NCG RYZEN 7 7445HS RTX3050 32GB 1TB W11+OHS+M365B 15.6"" FHD IPS LAPTOP GAMING",Asus,FA506NCG,RYZEN 7 7445HS,32,,RTX3050,,14259000,,new,Gateway Indonesia Comp,5.0,,False,,Jakarta Utara,2026-08-28T01:35:44.604335,False,
tokopedia,103573992816,https://www.tokopedia.com/rogsstoreid/hp-pavilion-16-touch-core-ultra-5-125u-16gb-1tb-ssd-w11-ohs-16-wuxga-af0777tu-1736480563263210828?extParam=ivf%3Dfalse%26keyword%3Dlaptop+asus%26search_id%3D20260828013536C203D8A151612A39A7CU%26src%3Dsearch,[LIMITED] ASUS ROG STRIX G18 G814FP RTX5070 AMD RYZEN 9 9955HX RAM 64GB SSD 2TB W11 18-INCH QHD IPS 240HZ LAPTOP GAMING,Asus,G814FP,RYZEN 9 9955HX,64,2048,RTX5070,,70999000,,new,ROGS STORE,5.0,,False,,Jakarta Utara,2026-08-28T01:35:44.604395,False,
tokopedia,103460841222,https://www.tokopedia.com/herlinacom/laptop-asus-vivobook-14-a1404vap-intel-core-i7-150u-ram-16gb-ssd-1tb-win-11-ohs-14-0fhd-ips-garansi-resmi-1733620005736383886-1735961438475945358?extParam=ivf%3Dtrue%26keyword%3Dlaptop+asus%26search_id%3D20260828013536C203D8A151612A39A7CU%26src%3Dsearch,Laptop Asus Vivobook 14 A1404VAP Intel Core I7 150U RAM 16GB SSD 1TB Win 11+OHS 14.0FHD IPS Garansi Resmi,Asus,A1404VAP,,16,1024,,,16069000,,new,Herlinacom,5.0,,False,,Depok,2026-08-28T01:35:44.604473,False,
tokopedia,100520669093,https://www.tokopedia.com/gateway/asus-vivobook-s16-flip-oled-tp3604va-touch-core-i5-1335-16gb-1tb-ssd-w11-16-fhd-1731478598664095157?extParam=ivf%3Dfalse%26keyword%3Dlaptop+asus%26search_id%3D20260828013536C203D8A151612A39A7CU%26src%3Dsearch,"ASUS VIVOBOOK S16 FLIP OLED TP3604VA TOUCH CORE I5 1335 16GB 1TB W11 16"" FHD IPS LAPTOP",Asus,TP3604VA,I5 1335,16,,,,11829000,,new,Gateway Indonesia Comp,5.0,,False,,Jakarta Utara,2026-08-28T01:35:44.604552,False,
tokopedia,102720378628,https://www.tokopedia.com/agresidjakut/asus-vivobook-a1404vap-core-i5-120u-24gb-1tb-ssd-w-11-ohs-14-0-fhd-1733682016849069650?extParam=ivf%3Dfalse%26keyword%3Dlaptop+asus%26search_id%3D20260828013536C203D8A151612A39A7CU%26src%3Dsearch,[LAPTOP] ASUS VIVOBOOK 14 A1404VAP CORE I5 120U 16GB 512GB W11+OHS+M365B 14.0FHD VIPS GARANSI RESMI,Asus,A1404VAP,,16,,,,12159000,,new,Agres ID Jakarta Utara,5.0,,False,,Jakarta Pusat,2026-08-28T01:35:44.604660,False,
tokopedia,103568217966,https://www.tokopedia.com/gateway/asus-zenbook-14-oled-um3402ya-touch-ryzen-7-7730-ryzen-5-7530-16gb-1tb-ssd-w11-14-inch-2-8k-1729899868308407733-1736464321747846581?extParam=ivf%3Dfalse%26keyword%3Dlaptop+asus%26search_id%3D20260828013536C203D8A151612A39A7CU%26src%3Dsearch,"ASUS VIVOBOOK 15 F1504ZA TOUCH CORE I7 1255 16GB 512GB W11 15.6"" FHD IPS LAPTOP",Asus,F1504ZA,I7 1255,16,,,,12149000,,new,Gateway Indonesia Comp,5.0,,False,,Jakarta Utara,2026-08-28T01:35:44.604737,False,
tokopedia,102055947014,https://www.tokopedia.com/alienwareofficial/asus-vivobook-14-m1405ya-ryzen-7-7730-ryzen-5-7430-x-e1404fa-ryzen-5-7520-ryzen-3-7320-16gb-512gb-ssd-w11-ohs-m365b-14-0-inch-laptop-ultrabook-notebook-cocok-untuk-admin-kerja-kuliah-sekolah-kantor-office-work-1732139452364326163?extParam=ivf%3Dfalse%26keyword%3Dlaptop+asus%26search_id%3D20260828013536C203D8A151612A39A7CU%26src%3Dsearch,ASUS VIVOBOOK 14 M1405YA RYZEN 7 7730 RYZEN 5 7430 X E1404FA RYZEN 5 7520 RYZEN 3 7320 16GB 512GB SSD W11+OHS+M365B 14.0 INCH - LAPTOP ULTRABOOK NOTEBOOK COCOK UNTUK ADMIN KERJA KULIAH SEKOLAH KANTOR OFFICE WORK,Asus,M1405YA,RYZEN 7 7730,16,512,,14.0,9399000,,new,AI Official Store,5.0,,False,,Jakarta Utara,2026-08-28T01:35:44.604866,False,
tokopedia,16489294854,https://www.tokopedia.com/gameridsurabaya/laptop-asus-vivobook-14-a1407qa-snapdragon-x-x1-26100-ram-16-gb-ssd-512-gb-windows-11-office-home-student-14-wuxga-1731051158758066131?extParam=ivf%3Dfalse%26keyword%3Dlaptop+asus%26search_id%3D20260828013536C203D8A151612A39A7CU%26src%3Dsearch,"Laptop ASUS Vivobook 14 A1407QA Snapdragon X X1 26100 RAM 16 GB SSD 512 GB Windows 11 + Office Home Student 14"" WUXGA",Asus,A1407QA,SNAPDRAGON X X1 26100 RAM 16 GB SSD 512 GB WINDOWS 11 + OFFICE HOME STUDENT 14,16,512,,,11029000,,new,Gamer ID Surabaya,5.0,,False,,Surabaya,2026-08-28T01:35:44.604962,False,
tokopedia,2481667294,https://www.tokopedia.com/teknotrend/laptop-gaming-asus-tuf-gaming-a15-fa506ncr-ryzen-7-7435hs-rtx3050-512gb-15-6-fhd-144hz-ohs-2024-1731262210477688770?extParam=ivf%3Dfalse%26keyword%3Dlaptop+asus%26search_id%3D20260828013536C203D8A151612A39A7CU%26src%3Dsearch,Payday SALE Laptop Gaming Asus TUF A16 FA607NUQ-R745GYG-HM Ryzen 7-170 16GB 512GB 16″ FHD+ W11+OH24+M365 Mecha Gray,Asus,FA607NUQ-R745GYG-HM,,16,,,,21302499,,new,TeknoTrend ID,5.0,,False,,Jakarta Pusat,2026-08-28T01:35:44.605103,False,
tokopedia,15584270889,https://www.tokopedia.com/asusrogindonesia/laptop-asus-tuf-a16-fa607nug-ryzen-7-7445hs-rtx4050-6gb-16gb-512gb-w11-ohs-m365b-ips-gry-r745j6m-hm-1730769219834447498?extParam=ivf%3Dfalse%26keyword%3Dlaptop+asus%26search_id%3D20260828013536C203D8A151612A39A7CU%26src%3Dsearch,Laptop ASUS TUF A16 FA607NUG RYZEN 7 7445HS RTX4050 6GB/ 16GB 512GB W11+OHS+M365B IPS GRY -R745J6M-HM,Asus,FA607NUG,RYZEN 7 7445HS,16,,RTX4050,,22379000,,new,ASUS ROG Indonesia,5.0,,False,,Jakarta Utara,2026-08-28T01:35:44.605195,False,
tokopedia,16258871485,https://www.tokopedia.com/gameridsurabaya/laptop-asus-rog-flow-z13-gz302ea-touch-amd-ryzen-ai-max-395-ram-32-64-gb-ssd-1tb-windows-11-office-home-student-13-4-2-k-180hz-1730870209371408339?extParam=ivf%3Dfalse%26keyword%3Dlaptop+asus%26search_id%3D20260828013536C203D8A151612A39A7CU%26src%3Dsearch,"Laptop ASUS ROG Flow Z13 GZ302EA Touch AMD Ryzen AI Max+ 395 RAM 32 / 64 GB SSD 1TB Windows 11 + Office Home Student 13.4"" 2.K 180Hz",Asus,GZ302EA,,,1024,,,45139000,,new,Gamer ID Surabaya,5.0,,False,,Surabaya,2026-08-28T01:35:44.605442,False,
tokopedia,2141499138,https://www.tokopedia.com/vortexindocomputer/asus-rog-240-watt-notebook-adapter-original-120cm-output-20-0v-12-0a-240-0w-dc-plug-type-6phi-zephyrus-srix-strix-scar-tuf-gaming-1729826449846470313?extParam=ivf%3Dfalse%26keyword%3Dlaptop+asus%26search_id%3D20260828013536C203D8A151612A39A7CU%26src%3Dsearch,Laptop ASUS ExpertBook P1 (P1403) Core 5 210H 8GB 512GB Microsoft Office Home & Student 2024 3 Year,Asus,P1403,CORE 5 210H,8,,,,13799000,,new,Vortexindo.Computer,5.0,,False,,Jakarta Pusat,2026-08-28T01:35:44.605522,False,
tokopedia,102852029780,https://www.tokopedia.com/agresidjakut/laptop-asus-vivobook-go-14-ryzen-3-7320u-8gb-512gb-ssd-w-11-ohs-original-14-0-full-hd-1734012443853817426?extParam=ivf%3Dfalse%26keyword%3Dlaptop+asus%26search_id%3D20260828013536C203D8A151612A39A7CU%26src%3Dsearch,"Laptop Asus Vivobook GO 14 - Ryzen 3 7320U 8GB 512GB SSD W 11 + OHS Original 14.0"" Full HD",Asus,,RYZEN 3 7320U,8,512,,,9349000,,new,Agres ID Jakarta Utara,5.0,,False,,Jakarta Pusat,2026-08-28T01:35:44.605608,False,
tokopedia,14258016939,https://www.tokopedia.com/kingznotebook/laptop-asus-tuf-a15-fa506ncr-ryzen-7-7435hs-16gb-512gb-rtx3050-4gb-w11-ohs-15-6-fhd-notebook-1731005223645316780?extParam=ivf%3Dfalse%26keyword%3Dlaptop+asus%26search_id%3D20260828013536C203D8A151612A39A7CU%26src%3Dsearch,"Laptop Asus Tuf A15 FA506NCG Ryzen 7 7445HS 16GB 512GB RTX3050 4GB W11+OHS 15.6"" FHD",Asus,FA506NCG,RYZEN 7 7445HS,16,,RTX3050,,16879000,,new,Kingz Notebook,5.0,,False,,Jakarta Pusat,2026-08-28T01:35:44.605691,False,
tokopedia,15849509898,https://www.tokopedia.com/king-laptop/laptop-asus-promo-o2o-khusus-offline?extParam=ivf%3Dfalse%26keyword%3Dlaptop+asus%26search_id%3D20260828013536C203D8A151612A39A7CU%26src%3Dsearch,LAPTOP ASUS - PROMO O2O (KHUSUS OFFLINE),Asus,,,,,,,22000000,,new,KING Laptop,5.0,,False,,Jakarta Pusat,2026-08-28T01:35:44.605754,False,
tokopedia,103494075373,https://www.tokopedia.com/gameridsurabaya/laptop-asus-vivobook-14-flip-oled-tp3407sa-touch-screen-intel-core-ultra-7-256v-ram-16gb-ssd-512gb-windows-11-office-ohs-14-inch-2k-1736119988789348307?extParam=ivf%3Dfalse%26keyword%3Dlaptop+asus%26search_id%3D20260828013536C203D8A151612A39A7CU%26src%3Dsearch,"Laptop ASUS Vivobook 14 Flip OLED TP3407SA Touch Screen Intel Core Ultra 7 256V RAM 16GB SSD 512GB Windows 11 + Office (OHS) 14"" inch 2K",Asus,TP3407SA,INTEL CORE ULTRA 7 256V,16,512,,,23139000,,new,Gamer ID Surabaya,5.0,,False,,Surabaya,2026-08-28T01:35:44.605819,False,
tokopedia,102843711144,https://www.tokopedia.com/kingznotebook/laptop-asus-vivobook-14-a1404vap-core-5-120u-16gb-512gb-ssd-w11-ohs-14-fhd-ips-1733990122639230636?extParam=ivf%3Dfalse%26keyword%3Dlaptop+asus%26search_id%3D20260828013536C203D8A151612A39A7CU%26src%3Dsearch,"Laptop Asus VivoBook 14 A1404VAP Core 5 120U 16GB 512GB SSD W11+OHS 14""FHD IPS",Asus,A1404VAP,CORE 5 120U,16,512,,14.0,12209000,,new,Kingz Notebook,5.0,,False,,Jakarta Pusat,2026-08-28T01:35:44.605892,False,
tokopedia,103066236612,https://www.tokopedia.com/studiolaptop/asus-expertbook-p1403cva-intel-core-i7-13620h-core-5-210h-i5-13420h-210h-core-i3-100u-1315-16gb-1tb-512gb-win-11-office-laptop-bisnis-garansi-resmi-cocok-untuk-sekolah-kerja-editing-1734446786183595847?extParam=ivf%3Dfalse%26keyword%3Dlaptop+asus%26search_id%3D20260828013536C203D8A151612A39A7CU%26src%3Dsearch,ASUS EXPERTBOOK P1403CVA INTEL CORE 5 210H CORE 100U I5 I3 16GB 1TB 512GB WIN 11 OFFICE - LAPTOP BISNIS GARANSI RESMI COCOK UNTUK SEKOLAH KERJA EDITING,Asus,P1403CVA,INTEL CORE 5 210H,16,,,,9829000,,new,Studio Laptop,5.0,,False,,Jakarta Pusat,2026-08-28T01:35:44.605986,False,
tokopedia,8177595222,https://www.tokopedia.com/zxcomputer/laptop-asus-a1404va-x1404va-intel-core-i5-1334u-8gb-512gb-ssd-14-0-full-hd-intel-iris-xe-windows-11-1731241390106314172?extParam=ivf%3Dfalse%26keyword%3Dlaptop+asus%26search_id%3D20260828013536C203D8A151612A39A7CU%26src%3Dsearch,"LAPTOP ASUS A1404VA/X1404VA Intel Core i5-1334U 8GB/512GB SSD 14.0"" Full HD Intel Iris Xe Windows 11",Asus,A1404VA,I5-1334U,,512,,,10799000,,new,ZX COMPUTER,5.0,,False,,Jakarta Pusat,2026-08-28T01:35:44.606232,False,
tokopedia,102938427324,https://www.tokopedia.com/houseofit/laptop-tkdn-asus-expertbook-bg1409cva-s67850w-i7-1355u-8gb-512gb-w11-14fhd-asus-expertbook-b1-bg1409cva-s67850w-asus-bg1409cva-i7-1734212279282402785?extParam=ivf%3Dfalse%26keyword%3Dlaptop+asus%26search_id%3D20260828013536C203D8A151612A39A7CU%26src%3Dsearch,Laptop TKDN ASUS ExpertBook BG1409CVA-S67850W i7 1355U 8GB 512GB W11 14FHD - ASUS EXPERTBOOK B1 BG1409CVA-S67850W - Asus BG1409CVA i7,Asus,BG1409CVA-S67850W,I7 1355U,8,,,,15999000,,new,House Of IT,5.0,,False,,Jakarta Pusat,2026-08-28T01:35:44.606334,False,
tokopedia,103626550257,https://www.tokopedia.com/gamingdistributorid/laptop-asus-vivobook-f1504vap-core-i5-120u-16gb-1tb-w11-office-permanent-15-6fhd-ips-1731157246466557550-1736686931472844398?extParam=ivf%3Dtrue%26keyword%3Dlaptop+asus%26search_id%3D20260828013536C203D8A151612A39A7CU%26src%3Dsearch,Laptop Asus VivoBook  F1504VA I5 1334 16GB 1TB SSD  W11 15.6FHD,Asus,F1504VA,I5 1334,16,1024,,,10569000,,new,GAMING DISTRIBUTOR ID,5.0,,False,,Jakarta Barat,2026-08-28T01:35:44.606490,False,
tokopedia,103512776449,https://www.tokopedia.com/technosify/asus-expertbook-p5-p5405csa-nz7310ws-laptop-ultra-7-258v-1tb-32gb-lpddr5x-intel-arc-140v-14-wqxga-windows-11-home-office-2024-3-year-warranty-sleeve-1731876070260704679-1736187031784293799?extParam=ivf%3Dfalse%26keyword%3Dlaptop+asus%26search_id%3D20260828013536C203D8A151612A39A7CU%26src%3Dsearch,"Asus Expertbook P5 P5405CSA NZ7310WS Laptop Ultra 7 258V 1TB 32GB LPDDR5X Intel Arc 140V 14"" WQXGA Windows 11 Home + Office 2024 - 3 Year Warranty + Sleeve",Asus,P5405CSA,,32,,,,26086655,,new,technosify,5.0,,False,,Surabaya,2026-08-28T01:35:44.606616,False,
tokopedia,102902805047,https://www.tokopedia.com/herlinacom/laptop-asus-vivobook-f1504za-touch-intel-core-i7-1255u-ram-16gb-512gb-ssd-win-11-ori-15-6-full-hd-1734092977502520718?extParam=ivf%3Dtrue%26keyword%3Dlaptop+asus%26search_id%3D20260828013536C203D8A151612A39A7CU%26src%3Dsearch,Laptop Asus Vivobook F1504ZA Touch Intel Core i7 1255U Ram 16Gb 512Gb Ssd Win 11 Ori 15.6 Full HD,Asus,F1504ZA,I7 1255U,16,512,,,12159000,,new,Herlinacom,5.0,,False,,Depok,2026-08-28T01:35:44.606684,False,
tokopedia,102590437216,https://www.tokopedia.com/nagamaspoins/laptop-tkdn-asus-expertbook-bg1409cva-s67150w-i7-1355u-16gb-512gb-w11-14fhd-asus-expertbook-b1-bg1409cva-s67150w-asus-bg1409cva-i7-1733290121287206588?extParam=ivf%3Dfalse%26keyword%3Dlaptop+asus%26search_id%3D20260828013536C203D8A151612A39A7CU%26src%3Dsearch,Laptop TKDN ASUS ExpertBook BG1409CVA-S67150W i7 1355U 16GB 512GB W11 14FHD - ASUS EXPERTBOOK B1 BG1409CVA-S67150W - Asus BG1409CVA i7,Asus,BG1409CVA-S67150W,I7 1355U,16,,,,14999000,,new,Naga Mas Computer Poins,5.0,,False,,Jakarta Selatan,2026-08-28T01:35:44.606778,False,
tokopedia,103754867914,https://www.tokopedia.com/gateway/asus-vivobook-s-14-oled-s5406sa-core-ultra-7-258v-32gb-1tb-ssd-14-wuxga-60hz-1732669099990549941-1737073632182764981?extParam=ivf%3Dfalse%26keyword%3Dlaptop+asus%26search_id%3D20260828013536C203D8A151612A39A7CU%26src%3Dsearch,"ASUS VIVOBOOK S 14 OLED S5406SA CORE ULTRA 7 258V 32GB 1TB SSD 14"" WUXGA LAPTOP",Asus,S5406SA,CORE ULTRA 7 258V,32,1024,,,19069000,,new,Gateway Indonesia Comp,5.0,,False,,Jakarta Utara,2026-08-28T01:35:44.606843,False,
tokopedia,102948300872,https://www.tokopedia.com/royalltech/laptop-asus-expertbook-pm1403cda-amd-ryzen-5-150-16gb-512gb-w11-ohs-m365b-14-0fhd-vips-3y-1734233263522350583?extParam=ivf%3Dfalse%26keyword%3Dlaptop+asus%26search_id%3D20260828013536C203D8A151612A39A7CU%26src%3Dsearch,LAPTOP ASUS EXPERTBOOK PM1403CDA AMD RYZEN 5 150 16GB 512GB W11+OHS+M365B 14.0FHD VIPS 3Y,Asus,PM1403CDA,RYZEN 5 150,16,,,,12159000,,new,royalltech,5.0,,False,,Jakarta Utara,2026-08-28T01:35:44.606927,False,
tokopedia,102098653177,https://www.tokopedia.com/agresidjakut/asus-tuf-a15-fa506ncr-amd-ryzen-7-7435hs-rtx3050-4gb-ram-16gb-512gb-windows-11-office-15-6-full-hd-144hz-ips-rgb-1732205943445096018?extParam=ivf%3Dfalse%26keyword%3Dlaptop+asus%26search_id%3D20260828013536C203D8A151612A39A7CU%26src%3Dsearch,"[LAPTOP] ASUS TUF A15 FA506NCG AMD RYZEN 7 7435HS RTX3050 4GB/ Ram 16GB 512GB Windows 11 + Office 15.6"" Full HD 144Hz IPS RGB GARANSI RESMI",Asus,FA506NCG,RYZEN 7 7435HS,16,,RTX3050,,14219000,,new,Agres ID Jakarta Utara,5.0,,False,,Jakarta Pusat,2026-08-28T01:35:44.607014,False,
tokopedia,103014250148,https://www.tokopedia.com/agres-id-bintaro/asus-vivobook-go-14-e1404fa-ryzen-3-7320u-8gb-512gb-ssd-fhd-14-0-anti-glare-windows-11-home-laptop-portabel-garansi-resmi-2-tahun-1734364115342821223?extParam=ivf%3Dfalse%26keyword%3Dlaptop+asus%26search_id%3D20260828013536C203D8A151612A39A7CU%26src%3Dsearch,"ASUS VivoBook Go 14 E1404FA Ryzen 3 7320U 8GB 512GB SSD FHD 14.0"" Anti-glare Windows 11 Home Laptop Portabel Garansi Resmi 2 Tahun",Asus,E1404FA,RYZEN 3 7320U,8,512,,,9609000,,new,Agres ID Bintaro,5.0,,False,,Tangerang Selatan,2026-08-28T01:35:44.607110,False,
tokopedia,102379770564,https://www.tokopedia.com/houseofit/laptop-tkdn-asus-expertbook-bg1409cva-s67150w-i7-1355u-16gb-512gb-w11-14fhd-asus-expertbook-b1-bg1409cva-s67150w-asus-bg1409cva-i7-1732771973784896993?extParam=ivf%3Dfalse%26keyword%3Dlaptop+asus%26src%3Dsearch,Laptop TKDN ASUS ExpertBook BG1409CVA-S67150W i7 1355U 16GB 512GB W11 14FHD - ASUS EXPERTBOOK B1 BG1409CVA-S67150W - Asus BG1409CVA i7,Asus,BG1409CVA-S67150W,I7 1355U,16,,,,16999000,,new,House Of IT,5.0,,False,,Jakarta Pusat,2026-08-28T01:36:01.478249,False,
tokopedia,15898814283,https://www.tokopedia.com/decacom/laptop-asus-vivobook-go-14-e1404ga-i3-n305-8gb-256gb-512gb-w11-ohs-o365-14-0fhd-resmi-asus-1730617249439451103?extParam=ivf%3Dfalse%26keyword%3Dlaptop+asus%26src%3Dsearch,LAPTOP ASUS VivoBook GO 14 E1404GA i3-N305 8GB 256GB/512GB W11+OHS+O365 14.0FHD RESMI ASUS,Asus,E1404GA,N305,8,,,,9199000,,new,Deca Computer,5.0,,False,,Jakarta Utara,2026-08-28T01:36:01.478428,False,
tokopedia,102679629163,https://www.tokopedia.com/herlinacom/laptop-asus-vivobook-14-a1404vap-intel-core-i5-120u-ram-16gb-512gb-ssd-win-11-office-ohs-ori-14-0-full-hd-1733549305783682446?extParam=ivf%3Dtrue%26keyword%3Dlaptop+asus%26src%3Dsearch,Laptop Asus Vivobook 14 A1404VAP Intel Core i5 120U Ram 16Gb 512Gb Ssd Win 11 + Office Ohs Ori 14.0 Full HD,Asus,A1404VAP,,16,512,,,12209000,,new,Herlinacom,5.0,,False,,Depok,2026-08-28T01:36:01.478611,False,
tokopedia,103759075618,https://www.tokopedia.com/gateway/asus-zenbook-duo-ux8406ma-14-oled-touch-ultra-5-125h-16gb-1tb-w11-14-ich-3k-120hz-1729824162177189301-1737082882448393653?extParam=ivf%3Dfalse%26keyword%3Dlaptop+asus%26src%3Dsearch,"ASUS ZENBOOK DUO UX8406CA OLED TOUCH CORE ULTRA 9 285H 32GB 2TB SSD 14"" WUXGA LAPTOP",Asus,UX8406CA,CORE ULTRA 9 285H,32,2048,,,34789000,,new,Gateway Indonesia Comp,5.0,,False,,Jakarta Utara,2026-08-28T01:36:01.478688,False,
tokopedia,103590084343,https://www.tokopedia.com/gateway/acer-predator-helios-neo-16-core-i7-14700hx-gen-14-rtx-4050-ram-32gb-ssd-1tb-windows-11-ohs-layar-16-wuxga-180hz-1729800717379077557-1736552066544076213?extParam=ivf%3Dfalse%26keyword%3Dlaptop+asus%26src%3Dsearch,ASUS TUF GAMING F15 FX507ZC INTEL CORE I5 12500H RTX3050 32GB 1TB W11 15.6-INCH FHD 144HZ LAPTOP GAMING,Asus,FX507ZC,I5 12500H,32,,RTX3050,,13629000,,new,Gateway Indonesia Comp,5.0,,False,,Jakarta Utara,2026-08-28T01:36:01.479001,False,
tokopedia,103081408834,https://www.tokopedia.com/kanglaptop/asus-expertbook-pm1403cda-ryzen-5-150-16gb-512gb-w11-ohs-14-0-fhd-vips-1734510234392299337?extParam=ivf%3Dtrue%26keyword%3Dlaptop+asus%26src%3Dsearch,Laptop Asus ExpertBook P1 PM1403CDA Ryzen 5-150 16GB 512GB SSD 14.0 Inch FHD IPS Windows 11,Asus,PM1403CDA,,16,512,,14.0,12149000,,new,KangLaptop_NEW,5.0,,False,,Jakarta Selatan,2026-08-28T01:36:01.479185,False,
tokopedia,102393066011,https://www.tokopedia.com/agres-id-bintaro/laptop-asus-vivobook-go-14-e1404fa-ryzen-5-7520-16gb-512gb-w11-ohs-m365b-14-0fhd-vips-blk-vips5151m-garansi-resmi-2-tahun-laptop-terpercaya-1732801128082540391?extParam=ivf%3Dfalse%26keyword%3Dlaptop+asus%26src%3Dsearch,Laptop ASUS VIVOBOOK GO 14 E1404FA RYZEN 5 7520 16GB 512GB W11+OHS+M365B 14.0FHD VIPS BLK -VIPS5151M Garansi Resmi 2 Tahun Laptop Terpercaya,Asus,E1404FA,RYZEN 5 7520,16,,,,10809000,,new,Agres ID Bintaro,5.0,,False,,Tangerang Selatan,2026-08-28T01:36:01.479385,False,
tokopedia,102107554946,https://www.tokopedia.com/rogonline/asus-zenbook-a14-ux3407-snapdragon-x-plus-x-126100-16gb-1tb-ssd-w-11-ohs-14-inch-1732223817158395111?extParam=ivf%3Dfalse%26keyword%3Dlaptop+asus%26src%3Dsearch,Asus Zenbook A14 UX3407 Snapdragon X Plus X 126100 16GB 2TB SSD Win 11 Office 14 FHD Laptop Iceland Gray dengan Smart Amp Technology dan Microphone Array - Audio,Asus,UX3407,SNAPDRAGON X PLUS X 126100 16GB 2TB SSD WIN 11 OFFICE 14 FHD LAPTOP ICELAND GRAY DENGAN SMART AMP TECHNOLOGY DAN MICROPHONE ARRAY - AUDIO,16,2048,,,17209000,,new,ROGZ Online,5.0,,False,,Jakarta Pusat,2026-08-28T01:36:01.479635,False,
tokopedia,103273622761,https://www.tokopedia.com/laptopcreatorid/asus-tuf-a15-fa506ncq-amd-ryzen-7-170-rtx3050-4gb-ram-16gb-ssd-512gb-w11-ohs-m365b-15-6-fhd-ips-laptop-gaming-1735172555509498898-1735172554271392786?extParam=ivf%3Dfalse%26keyword%3Dlaptop+asus%26src%3Dsearch,"ASUS TUF A15 FA506NCQ AMD RYZEN 7 170 RTX3050 4GB/ RAM 16GB SSD 512GB W11+OHS+M365B 15.6"" FHD IPS -LAPTOP GAMING",Asus,FA506NCQ,RYZEN 7 170,16,512,RTX3050,,14269000,,new,LAPTOP SHOP ID,5.0,,False,,Jakarta Utara,2026-08-28T01:36:01.479804,False,
tokopedia,103575248865,https://www.tokopedia.com/onestopgaming/laptop-asus-a416jao-vips521-i5-1035g1-4gb-256gb-ssd-14fhd-vips-ohs-w10-1736483207816512770?extParam=ivf%3Dfalse%26keyword%3Dlaptop+asus%26src%3Dsearch,[ FLASH SALE ] Laptop Asus ExpertBook P1 PM1403CDA Ryzen 5 150 8GB RAM 512GB SSD 14' FHD Windows 11 RESMI Expert Book,Asus,PM1403CDA,RYZEN 5 150,512,512,,,10984500,,new,Onestop Gaming,5.0,,False,,Jakarta Pusat,2026-08-28T01:36:01.479947,False,
tokopedia,2917054210,https://www.tokopedia.com/teknotrend/laptop-gaming-asus-tuf-a16-fa608pp-rtx5070-ryzen-9-8940hx-16gb-1tb-16-0-wqxga-1731262086862505922?extParam=ivf%3Dfalse%26keyword%3Dlaptop+asus%26src%3Dsearch,Laptop Gaming Asus TUF A16 FA608PP RTX5070 RYZEN 9 8940HX 16GB 1TB 16.0 WQXGA,Asus,FA608PP,RYZEN 9 8940HX,16,,RTX5070,,29184500,,new,TeknoTrend ID,5.0,,False,,Jakarta Pusat,2026-08-28T01:36:01.480099,False,
tokopedia,103397078304,https://www.tokopedia.com/ten-com/asus-tuf-a15-fa507nur-ryzen-7-7435hs-rtx4050-6gb-16gb-512gb-ram-15-6fhd-144hz-100srgb-windows-11-laptop-gaming-1732432960800064775-1735673264215262471?extParam=ivf%3Dfalse%26keyword%3Dlaptop+asus%26src%3Dsearch,Asus TUF A15 FA506NCQ RTX3050 Ryzen 7 170 32GB 1TB 15.6inch Full HD Windows 11 OHS Laptop Gaming Garansi Resmi,Asus,FA506NCQ,RYZEN 7 170,32,,RTX3050,15.6,14269000,,new,Ten Com,5.0,,False,,Jakarta Selatan,2026-08-28T01:36:01.480343,False,
tokopedia,103758953997,https://www.tokopedia.com/gateway/lenovo-ideapad-slim-3-15-intel-i5-12450h-16gb-512gb-ssd-15-6-fhd-1737082620330280373?extParam=ivf%3Dfalse%26keyword%3Dlaptop+asus%26src%3Dsearch,[SALE] ASUS ZENBOOK 14 OLED UM3406HA TOUCH RYZEN 7 8840 16GB 512GB W11 14.0 2.8K LAPTOP,Asus,UM3406HA,RYZEN 7 8840,16,,,,17900180,,new,Gateway Indonesia Comp,5.0,,False,,Jakarta Utara,2026-08-28T01:36:01.480500,False,
tokopedia,16160231055,https://www.tokopedia.com/kingznotebook/laptop-asus-zenbook-s14-ux5406sa-touch-ultra-7-258v-32gb-1tb-ssd-14-3k-oled-1730827698772542631?extParam=ivf%3Dfalse%26keyword%3Dlaptop+asus%26src%3Dsearch,"Laptop Asus ZenBook S14 UX5406SA Touch Ultra 7 258V 32GB 1TB SSD W11+OHS 14""3K OLED",Asus,UX5406SA,,32,1024,,14.0,32189000,,new,Kingz Notebook,5.0,,False,,Jakarta Pusat,2026-08-28T01:36:01.480663,False,
tokopedia,103773262161,https://www.tokopedia.com/gateway/axioo-pongo-775-core-i7-13620h-rtx5070-32gb-1tb-ssd-w11-16-inch-qhd-180hz-100srgb-1731965686978741685-1737126857681175989?extParam=ivf%3Dfalse%26keyword%3Dlaptop+asus%26src%3Dsearch,"ASUS TUF GAMING A15 FA506NCQ RYZEN 7 170 RTX3050 32GB 1TB W11+OHS+M365B 15.6"" FHD IPS LAPTOP GAMING",Asus,FA506NCQ,RYZEN 7 170,32,,RTX3050,,14259000,,new,Gateway Indonesia Comp,5.0,,False,,Jakarta Utara,2026-08-28T01:36:01.480838,False,
tokopedia,100650811225,https://www.tokopedia.com/rogonline/asus-gaming-v16-rtx-5060-core-i7-240h-32gb-1tb-ssd-w-11-ohs-16-0-ips-144hz-v-16-v3607vm-1731758425140528359?extParam=ivf%3Dfalse%26keyword%3Dlaptop+asus%26src%3Dsearch,Asus Gaming V16 RTX 5060 Core i7 240H 32GB 1TB SSD W11 OHS 16.0 IPS 144Hz V3607VM Laptop Gaming dengan Windows 11 Home & Office 2024,Asus,V3607VM,,32,1024,RTX 5060,,23879000,,new,ROGZ Online,5.0,,False,,Jakarta Pusat,2026-08-28T01:36:01.481061,False,
tokopedia,102642558432,https://www.tokopedia.com/teknotrend/laptop-gaming-asus-tuf-f16-fx607vjb-intel-core-5-210h-16gb-ssd-512gb-16-rtx3050-w11-oh2024-1733432694664497090?extParam=ivf%3Dfalse%26keyword%3Dlaptop+asus%26src%3Dsearch,"Laptop Gaming Asus TUF F16 FX607VJB Intel Core 5 210H 16GB SSD 512GB 16"" RTX3050 W11+OH2024",Asus,FX607VJB,INTEL CORE 5 210H,,512,RTX3050,,19989500,,new,TeknoTrend ID,5.0,,False,,Jakarta Pusat,2026-08-28T01:36:01.481364,False,
tokopedia,100583073912,https://www.tokopedia.com/gameridsurabaya/laptop-asus-gaming-v16-v3607vu-intel-core-7-240h-geforce-rtx-4050-6gb-ram-16-gb-ssd-512-gb-windows-11-office-home-student-16-inch-wuxga-144hz-refresh-rate-1731635742474799059?extParam=ivf%3Dfalse%26keyword%3Dlaptop+asus%26src%3Dsearch,"Laptop ASUS GAMING V16 V3607VU Intel Core 7 240H GeForce RTX 4050 6GB RAM 16 GB SSD 512 GB Windows 11 + Office Home Student 16"" Inch WUXGA 144Hz Refresh Rate",Asus,V3607VU,INTEL CORE 7 240H,16,512,RTX 4050,,21819000,,new,Gamer ID Surabaya,5.0,,False,,Surabaya,2026-08-28T01:36:01.481438,False,
tokopedia,102946545183,https://www.tokopedia.com/royalltech/laptop-asus-zenbook-14-oled-ux3405ca-touch-intel-ultra-9-285h-32gb-1tb-ssd-w11-office-14-0fhd-1734229443254846967?extParam=ivf%3Dfalse%26keyword%3Dlaptop+asus%26src%3Dsearch,"LAPTOP ASUS ZENBOOK 14 OLED TOUCH UX3405CA INTEL ULTRA 7 255H RAM 32GB SSD 1TB W11+OHS+M365B 14"" WUXGA - LAPTOP TOUCH SCREEN OLED GARANSI RESMI",Asus,UX3405CA,,32,1024,,,31349000,,new,royalltech,5.0,,False,,Jakarta Utara,2026-08-28T01:36:01.481539,False,
tokopedia,103085203750,https://www.tokopedia.com/royalltech/laptop-asus-vivobook-go-14-e1404ga-intel-core-i3-n305-8gb-512gb-ssd-w11-ohs-m365b-14-0-fhd-e1404ga-a1404va-a1405za-a1404za-1734533321159968247?extParam=ivf%3Dfalse%26keyword%3Dlaptop+asus%26src%3Dsearch,LAPTOP ASUS VIVOBOOK GO 14 E1404GA INTEL CORE I3 N305 8GB 512GB SSD W11+OHS+M365B 14.0 FHD -E1404GA -A1404VA -A1405ZA -A1404ZA,Asus,E1404GA,N305,8,512,,,9609000,,new,royalltech,5.0,,False,,Jakarta Utara,2026-08-28T01:36:01.481793,False,
tokopedia,103725034947,https://www.tokopedia.com/gateway/asus-rog-flow-z13-gz302ea-touch-ryzen-ai-max-395-64gb-1tb-w11-ohs-13-4-2-5k-180hz-pen-2in1-1730868286580884917-1736998393463211445?extParam=ivf%3Dfalse%26keyword%3Dlaptop+asus%26src%3Dsearch,"ASUS ROG FLOW Z13 GZ302EA TOUCH RYZEN AI MAX+ 395 64GB/32GB 1TB W11+OHS 13.4"" 2.5K 180HZ PEN 2IN1 LAPTOP GAMING",Asus,GZ302EA,,32,,,,45129000,,new,Gateway Indonesia Comp,5.0,,False,,Jakarta Utara,2026-08-28T01:36:01.482010,False,
tokopedia,102529751379,https://www.tokopedia.com/kanglaptop/asus-vivobook-go-14-e1404fa-ryzen-5-7520-8-16gb-512gb-w11-ohs-14-0fhd-1733110473874245449?extParam=ivf%3Dfalse%26keyword%3Dlaptop+asus%26src%3Dsearch,Laptop Asus Vivobook GO 14 E1404FA Ryzen 5-7520U 16GB 512GB SSD 14.0 Inch FHD IPS Windows 11,Asus,E1404FA,,16,512,,14.0,10799000,,new,KangLaptop_NEW,5.0,,False,,Jakarta Selatan,2026-08-28T01:36:01.482120,False,
tokopedia,102118316981,https://www.tokopedia.com/onestopgaming/laptop-asus-vivobook-go-14-e1404fa-amd-ryzen-3-8gb-ram-512gb-ssd-14-fhd-windows-11-ohs-garansi-resmi-asus-indonesia-1732247026430412034?extParam=ivf%3Dtrue%26keyword%3Dlaptop+asus%26src%3Dsearch,"Laptop ASUS Vivobook Go 14 E1404FA AMD Ryzen 3 8GB RAM 512GB SSD 14"" FHD Windows 11 + OHS Garansi Resmi Asus Indonesia",Asus,E1404FA,,512,512,,,8944500,,new,Onestop Gaming,5.0,,False,,Jakarta Pusat,2026-08-28T01:36:01.482221,False,
tokopedia,103744510026,https://www.tokopedia.com/herlinacom/laptop-asus-vivobook-f1504vap-intel-core-5-120u-ram-16gb-1tb-win-11-ori-15-6-full-hd-1731176179058378126-1737050134679356814?extParam=ivf%3Dtrue%26keyword%3Dlaptop+asus%26src%3Dsearch,Laptop Asus Vivobook F1504VAP Intel Core 5 120U Ram 16Gb 1Tb Win 11 Ori 15.6 Full HD,Asus,F1504VAP,INTEL CORE 5 120U,16,,,,10079000,,new,Herlinacom,5.0,,False,,Depok,2026-08-28T01:36:01.482286,False,
tokopedia,103544092313,https://www.tokopedia.com/asus-official-store-891/laptop-asus-vivobook-14-m1405ya-ryzen-7-7730-ram-16gb-ssd-512gb-w11-ohs-14-0wuxga-vips-1734106859885201230-1736341973581137742?extParam=ivf%3Dfalse%26keyword%3Dlaptop+asus%26src%3Dsearch,Laptop Asus Vivobook 14 M1405YA Ryzen 7 7730 RAM 16GB SSD 512GB W11+OHS 14.0WUXGA VIPS,Asus,M1405YA,RYZEN 7 7730,16,512,,,14959000,,new,ASUS Official Store,5.0,,False,,Jakarta Utara,2026-08-28T01:36:01.482362,False,
tokopedia,103759024527,https://www.tokopedia.com/gateway/asus-zenbook-14-oled-touch-ultra-9-285h-ultra-7-255h-32gb-1tb-ssd-w11-14-0fhd-ux3405ca-1731498587673232821-1737082737582441909?extParam=ivf%3Dfalse%26keyword%3Dlaptop+asus%26src%3Dsearch,"[SALE] ASUS ZENBOOK 14 OLED UX3405CA TOUCH ULTRA 7 255H 16GB 512GB W11 14"" FHD LAPTOP",Asus,UX3405CA,,16,,,,19664780,,new,Gateway Indonesia Comp,5.0,,False,,Jakarta Utara,2026-08-28T01:36:01.482467,False,
tokopedia,15857034100,https://www.tokopedia.com/herlinacom/asus-vivobook-go-14-e1404fa-ryzen-3-7320u-8gb-512gb-ssd-win-11-o-h-s-non-paket-ram-8gb-256ssd-e125c?extParam=ivf%3Dtrue%26keyword%3Dlaptop+asus%26src%3Dsearch,Laptop Asus Vivobook Go 14 e1404fa ryzen 3 7320u Ram 8gb 512gb ssd win 11 + Office Ori 14.0 Fhd,Asus,E1404FA,RYZEN 3 7320U,8,512,,,9399000,,new,Herlinacom,5.0,,False,,Depok,2026-08-28T01:36:01.482544,False,
tokopedia,12635557224,https://www.tokopedia.com/gamingdistributorid/laptop-asus-vivobook-go-14-e1404fa-ryzen-3-7320-8gb-512gb-w11-ohs-14-0fhd-1729964091837613678?extParam=ivf%3Dtrue%26keyword%3Dlaptop+asus%26src%3Dsearch,Laptop Asus VIVOBOOK GO 14 E1404FA RYZEN 3 7320 8GB 1TB SSD W11+OHS 14.0FHD,Asus,E1404FA,RYZEN 3 7320,8,1024,,,9389000,,new,GAMING DISTRIBUTOR ID,5.0,,False,,Jakarta Barat,2026-08-28T01:36:01.482625,False,
tokopedia,103089192250,https://www.tokopedia.com/herlinacom/laptop-asus-expertbook-pm1403cda-ryzen-5-150-ram-16gb-512gb-ssd-win-11-office-ohs-ori-14-0-full-hd-1734559509546632590?extParam=ivf%3Dtrue%26keyword%3Dlaptop+asus%26src%3Dsearch,Laptop Asus ExpertBook PM1403CDA Ryzen 5 150 Ram 16Gb 512Gb Ssd Win 11 + Office Ohs Ori 14.0 Full HD,Asus,PM1403CDA,RYZEN 5 150,16,512,,,11469000,,new,Herlinacom,5.0,,False,,Depok,2026-08-28T01:36:01.482790,False,
tokopedia,103620546425,https://www.tokopedia.com/herlinacom/asus-rog-strix-g16-g614fm-ryzen-9-9955hx-rtx5060-8gb-32gb-1tb-w11-ohs-16-0wqxga-100dcip3-240hz-1732715002156057998-1736670244680533390?extParam=ivf%3Dtrue%26keyword%3Dlaptop+asus%26src%3Dsearch,Laptop Asus ROG Strix G16 G614FM Ryzen 9 9955HX Rtx 5060 8Gb / Ram 16Gb 1Tb Ssd Win 11 16.0 Full HD Ips 165Hz,Asus,G614FM,RYZEN 9 9955HX,16,1024,RTX 5060,,29319000,,new,Herlinacom,5.0,,False,,Depok,2026-08-28T01:36:01.482858,False,
tokopedia,100267244244,https://www.tokopedia.com/kakilimacom/laptop-asus-vivobook-f1504vap-core-5-120u-ram-16gb-512gb-ssd-windows-11-layar-15-inch-full-hd-ips-1731170750391224072?extParam=ivf%3Dfalse%26keyword%3Dlaptop+asus%26src%3Dsearch,Laptop ASUS VIVOBOOK F1504VAP Core 5 120U ram 16GB 512GB ssd WIndows 11 Layar 15 inch Full HD IPS,Asus,F1504VAP,CORE 5 120U,16,512,,15.0,11309000,,new,KakiLima Comp,5.0,,False,,Kab. Tangerang,2026-08-28T01:36:01.483011,False,
tokopedia,16259228803,https://www.tokopedia.com/technocentral/laptop-asus-zenbook-14-oled-touch-ux3405ca-ultra-5-225h-16gb-1tb-w11-ohs-14-0-2k-ev0-dff78-unit-laptop-d5176?extParam=ivf%3Dfalse%26keyword%3Dlaptop+asus%26src%3Dsearch,LAPTOP ASUS ZENBOOK 14 OLED TOUCH UX3405CA ULTRA 5 225H 16GB 1TB W11+OHS 14.0 2K EV0,Asus,UX3405CA,,16,,,,24579000,,new,Techno Central,5.0,,False,,Bogor,2026-08-28T01:36:01.483114,False,
tokopedia,103448486125,https://www.tokopedia.com/alienwarestore/asus-vivobook-14-core-i7-1355-16gb-512gb-ssd-windows-11-14-0-fhd-ips-x1404va-1733043391143314776-1735908879896446296?extParam=ivf%3Dfalse%26keyword%3Dlaptop+asus%26src%3Dsearch%26whid%3D4141453,"LAPTOP ASUS VIVOBOOK 14 X1404VA  CORE i5 120U 8GB 256SSD W11 14"" FHD - 8GB 256SSD (FREE ONGKIR)",Asus,X1404VA,,,,,,9769000,,new,ALIENWARE GAMING STORE,5.0,,False,,Jakarta Utara,2026-08-28T01:36:01.483227,False,
tokopedia,103090205648,https://www.tokopedia.com/royalltech/laptop-asus-gaming-v16-v3607vu-intel-core-i5-210h-rtx4050-6gb-ram-16gb-512gb-ssd-w11-ohs-16-0-wuxga-144hz-1734568601577752055?extParam=ivf%3Dfalse%26keyword%3Dlaptop+asus%26src%3Dsearch,LAPTOP ASUS GAMING V16 V3607VU INTEL CORE I5 210H RTX4050 6GB/ RAM 16GB 512GB SSD W11+OHS 16.0 WUXGA 144HZ,Asus,V3607VU,,16,512,RTX4050,,20809000,,new,royalltech,5.0,,False,,Jakarta Utara,2026-08-28T01:36:01.483328,False,
tokopedia,103461094987,https://www.tokopedia.com/agres-id-electronics/asus-vivobook-go-14-e1404fa-ryzen-5-7520-16gb-512gb-w11-ohs-m365b-14-0fhd-vips-laptop-garansi-resmi-1732247299980560280-1735964299142858648?extParam=ivf%3Dfalse%26keyword%3Dlaptop+asus%26src%3Dsearch,ASUS VIVOBOOK GO 14 E1404FA RYZEN 5 7520 16GB 512GB W11+OHS+M365B 14.0FHD VIPS LAPTOP GARANSI RESMI,Asus,E1404FA,RYZEN 5 7520,16,,,,12124000,,new,Agres ID Electronics,5.0,,False,,Depok,2026-08-28T01:36:01.483421,False,
tokopedia,100000342867,https://www.tokopedia.com/tistonline/laptop-asus-tuf-gaming-a15-fa507re-r7r5b6g-o-amd-ryzen-7-6800h-ram-8gb-16-gb-ssd-512gb-rtx3050ti-4gb-15-6-fhd-win11-office-2021-garansi-resmi-1729588053959608226?extParam=ivf%3Dfalse%26keyword%3Dlaptop+asus%26src%3Dsearch,"LAPTOP ASUS TUF GAMING A15 FA507RE-R7R5B6G-O  AMD RYZEN 7-6800H RAM 8GB / 16 GB SSD 512GB  RTX3050Ti 4GB  15,6"" FHD  WIN11+OFFICE 2021 GARANSI RESMI",Asus,FA507RE-R7R5B6G-O,,8,512,RTX3050TI,,16477000,,new,TIST Online,5.0,,False,,Jakarta Pusat,2026-08-28T01:36:01.483535,False,
tokopedia,102713008779,https://www.tokopedia.com/royalltech/asus-zenbook-a14-ux3407qa-snapdragon-x1-26100-16gb-1tb-512gb-w11-ohs-365-14-wuxga-ips-laptop-1733660716019320311?extParam=ivf%3Dfalse%26keyword%3Dlaptop+asus%26src%3Dsearch,"ASUS ZENBOOK A14 UX3407QA SNAPDRAGON X1 26100 16GB 1TB 512GB W11+OHS+365 14"" WUXGA IPS Laptop",Asus,UX3407QA,SNAPDRAGON X1 26100 16GB 1TB 512GB W11+OHS+365 14,16,,,,17209000,,new,royalltech,5.0,,False,,Jakarta Utara,2026-08-28T01:36:01.483736,False,
tokopedia,102538460134,https://www.tokopedia.com/agresidtangerang/asus-tuf-a16-fa607nug-ryzen-7-7445hs-rtx4050-6gb-16gb-512gb-w11-ohs-m365b-16-0-fhd-ips-gry-r745j6m-hm-1733133622978905115?extParam=ivf%3Dfalse%26keyword%3Dlaptop+asus%26src%3Dsearch,"ASUS TUF A16 FA607NUG RYZEN 7 7445HS RTX4050 6GB/ 16GB 512GB W11+OHS+M365B 16.0"" Gaming Laptop",Asus,FA607NUG,RYZEN 7 7445HS,16,,RTX4050,,22369000,,new,Agres ID Tangerang,5.0,,False,,Tangerang,2026-08-28T01:36:01.483832,False,
tokopedia,4805239456,https://www.tokopedia.com/distri-laptop/laptop-asus-vivobook-14-a416fa-core-i3-10110u-ram-4gb-256gb-ohs-w11-grey?extParam=ivf%3Dtrue%26keyword%3Dlaptop+asus%26src%3Dsearch,Laptop Asus Vivobook 14 A1404VAP Intel Core 3 100U RAM 8GB 512GB OH24 W11 Best Price,Asus,A1404VAP,INTEL CORE 3 100U,8,,,,9577950,,new,Distri Laptop,5.0,,False,,Jakarta Pusat,2026-08-28T01:36:01.483898,False,
tokopedia,102535863759,https://www.tokopedia.com/elevenlaptop/asus-tuf-a16-fa607nug-wh73-gaming-laptop-16-0-amd-ryzen7-7445hs-16gb-ram-512gb-ssd-rtx-4050-6gb-windows-11-home-mecha-gray-1733125184318506716?extParam=ivf%3Dfalse%26keyword%3Dlaptop+asus%26src%3Dsearch,"ASUS TUF A16 FA607NUG-WH73 Gaming Laptop, 16.0″ AMD Ryzen7-7445HS, 16GB RAM, 512GB SSD, RTX 4050 6GB, Windows 11 Home, Mecha Gray",Asus,FA607NUG-WH73,,16,512,RTX 4050,,19289000,,new,Eleven Laptop,5.0,,False,,Jakarta Selatan,2026-08-28T01:36:01.484056,False,
tokopedia,103052928522,https://www.tokopedia.com/bestcomp46/asus-gaming-v16-v3607vu-rtx4050-6gb-core-5-210h-16gb-512gb-w11-ohs-16-0wuxga-144hz-laptop-gaming-original-dengan-garansi-resmi-2-tahun-1734421672610596145?extParam=ivf%3Dfalse%26keyword%3Dlaptop+asus%26src%3Dsearch,ASUS Gaming V16 V3607VU CORE 5 210H RTX4050 6GB  16GB 512GB W11+OHS 16.0WUXGA 144HZ Laptop Gaming Original dengan Garansi Resmi 2 Tahun,Asus,V3607VU,CORE 5 210H,16,,RTX4050,,20809000,,new,BestComp46,5.0,,False,,Jakarta Selatan,2026-08-28T01:36:01.484155,False,
tokopedia,102571172498,https://www.tokopedia.com/gamingdistributorid/laptop-asus-vivobook-14-a1404vap-core-i5-120u-16gb-512gb-w11-ohs-14-0fhd-vips-1733242410168518254?extParam=ivf%3Dtrue%26keyword%3Dlaptop+asus%26src%3Dsearch,Laptop Asus Vivobook 14 A1404VAP CORE I5 120U 16GB 1TB SSD W11+OHS 14.0FHD VIPS,Asus,A1404VAP,,16,1024,,,12199000,,new,GAMING DISTRIBUTOR ID,5.0,,False,,Jakarta Barat,2026-08-28T01:36:01.484246,False,
tokopedia,15218153935,https://www.tokopedia.com/laptopgrosirid/laptop-asus-vivobook-14-a1404va-core-i3-1315u-16gb-512gb-windows-11-14-fhd-1731063736413881673?extParam=ivf%3Dfalse%26keyword%3Dlaptop+asus%26src%3Dsearch,"Laptop Asus Vivobook 14 A1404VA Core i3 1315U 16gb 512gb Windows 11 14"" FHD",Asus,A1404VA,I3 1315U,16,,,,10698000,,new,Laptop Grosir ID,5.0,,False,,Jakarta Selatan,2026-08-28T01:36:01.484326,False,
tokopedia,103574134087,https://www.tokopedia.com/rogsstoreid/dell-inspiron-14-7440-2in1-touch-core-7-150u-16gb-1tb-w11-ohs-14-0wuxga-1736480792423728460?extParam=ivf%3Dfalse%26keyword%3Dlaptop+asus%26src%3Dsearch,ASUS ROG STRIX G16 G614PP RTX5070 AMD RYZEN 9 8940HX RAM 64GB SSD 2TB WINDOWS 11 16-INCH FHD LAPTOP GAMING,Asus,G614PP,RYZEN 9 8940HX,64,2048,RTX5070,,80999000,,new,ROGS STORE,5.0,,False,,Jakarta Utara,2026-08-28T01:36:01.484385,False,
tokopedia,102520888925,https://www.tokopedia.com/agresidsurabaya/laptop-asus-vivobook-go-14-e1404fa-ryzen-5-7520-8gb-512gb-w11-ohs-m365b-14-0fhd-vips-1733089867565664215?extParam=ivf%3Dfalse%26keyword%3Dlaptop+asus%26src%3Dsearch,LAPTOP ASUS VIVOBOOK GO 14 E1404FA RYZEN 5 7520 8GB 512GB W11+OHS+M365B 14.0FHD VIPS,Asus,E1404FA,RYZEN 5 7520,8,,,,10809000,,new,Agres ID Surabaya,5.0,,False,,Surabaya,2026-08-28T01:36:01.484472,False,
tokopedia,102405407597,https://www.tokopedia.com/technocentral/laptop-asus-vivobook-14-a1404vap-core-i5-120u-16gb-512gb-w11-ohs-m365b-14-0fhd-vips-1732837044333348483?extParam=ivf%3Dfalse%26keyword%3Dlaptop+asus%26src%3Dsearch,LAPTOP ASUS VIVOBOOK 14 A1404VAP CORE I5 120U 16GB 512GB W11+OHS+M365B 14.0FHD VIPS,Asus,A1404VAP,,16,,,,12209000,,new,Techno Central,5.0,,False,,Bogor,2026-08-28T01:36:01.484574,False,
tokopedia,102666232918,https://www.tokopedia.com/royalltech/laptop-asus-vivobook-14-a1407qa-snapdragon-x-x1-26100-16gb-512gb-w11-ohs-14-0wuxga-vips-vipsp151m-vipsp152m-vipsp153m-1733489116835775991?extParam=ivf%3Dfalse%26keyword%3Dlaptop+asus%26src%3Dsearch,LAPTOP ASUS VIVOBOOK 14 A1407QA SNAPDRAGON X X1 26100 16GB 512GB W11+OHS 14.0WUXGA VIPS -VIPSP151M VIPSP152M VIPSP153M,Asus,A1407QA,SNAPDRAGON X X1 26100 16GB 512GB W11+OHS 14,16,,,,11029000,,new,royalltech,5.0,,False,,Jakarta Utara,2026-08-28T01:36:01.484695,False,
tokopedia,103232275534,https://www.tokopedia.com/herlinacom/laptop-asus-expertbook-pm3406cka-ryzen-ai-5-330-16gb-512gb-bwin11-ohs-14-0-wqxga-1735065034532750734-1735065213957997966?extParam=ivf%3Dtrue%26keyword%3Dlaptop+asus%26src%3Dsearch,"Laptop Asus Expertbook PM3406CKA Ryzen AI 5 330 16Gb 512Gb bWin11+Ohs 14.0"" WQXGA",Asus,PM3406CKA,RYZEN AI 5 330,16,,,,14699000,,new,Herlinacom,5.0,,False,,Depok,2026-08-28T01:36:01.484780,False,
tokopedia,102199852004,https://www.tokopedia.com/royalltech/laptop-asus-vivobook-s16-flip-oled-tp3604va-touch-i5-1335-16gb-8gb-512gb-w11-office-16-0fhd-ips-1732386845955032567?extParam=ivf%3Dfalse%26keyword%3Dlaptop+asus%26src%3Dsearch,LAPTOP ASUS VIVOBOOK S16 FLIP OLED TP3604VA TOUCH I5 1335 16GB 8GB 512GB W11 OFFICE 16.0FHD IPS,Asus,TP3604VA,I5 1335,8,,,,11839000,,new,royalltech,5.0,,False,,Jakarta Utara,2026-08-28T01:36:01.484867,False,
tokopedia,11615026507,https://www.tokopedia.com/teknotrend/laptop-asus-vivobook-go-14-e1404fa-amd-ryzen-3-7320u-8gb-256gb-512gb-14-fhd-1731262196135397314?extParam=ivf%3Dtrue%26keyword%3Dlaptop+asus%26src%3Dsearch,"Payday SALE Laptop Asus Vivobook Go 14 E1404FA AMD Ryzen 3-7320U 8GB 256GB 512GB 14"" FHD",Asus,E1404FA,,8,,,,8535500,,new,TeknoTrend ID,5.0,,False,,Jakarta Pusat,2026-08-28T01:36:01.484970,False,
tokopedia,9311349346,https://www.tokopedia.com/royal-com/laptop-asus-vivobook-go-14-ryzen-3-7320u-8gb-512gb-w11-ohs-unit-only-ssd-256gb?extParam=ivf%3Dfalse%26keyword%3Dlaptop+asus%26src%3Dsearch,Laptop asus vivobook Go 14 Ryzen 3 7320U 8GB 512GB W11+OHS-GARANSI RESMI ASUS INDONESIA,Asus,,RYZEN 3 7320U,8,,,,9399000,,new,ROYAL COM,5.0,,False,,Kab. Bekasi,2026-08-28T01:36:01.485054,False,
tokopedia,102199852004,https://www.tokopedia.com/royalltech/laptop-asus-vivobook-s16-flip-oled-tp3604va-touch-i5-1335-16gb-8gb-512gb-w11-office-16-0fhd-ips-1732386845955032567?extParam=ivf%3Dfalse%26keyword%3Dlaptop+asus%26src%3Dsearch,LAPTOP ASUS VIVOBOOK S16 FLIP OLED TP3604VA TOUCH I5 1335 16GB 8GB 512GB W11 OFFICE 16.0FHD IPS,Asus,TP3604VA,I5 1335,8,,,,11839000,,new,royalltech,5.0,,False,,Jakarta Utara,2026-08-28T01:36:16.576423,False,
tokopedia,103653058732,https://www.tokopedia.com/alienwarestore/asus-expertbook-pm1403cda-ryzen-5-7535hs-16gb-512gb-w11-ohs-m365b-14-fhd-vips-1730027664818341208-1736770872942232920?extParam=ivf%3Dfalse%26keyword%3Dlaptop+asus%26src%3Dsearch,"LAPTOP ASUS EXPERTBOOK P3 G1 P3406CCAP INTEL ULTRA 7 255H 16GB 512GB W11+OHS+M365B 14"" WUXGA 3Y GRAY",Asus,P3406CCAP,,16,,,,16709000,,new,ALIENWARE GAMING STORE,5.0,,False,,Jakarta Utara,2026-08-28T01:36:16.576582,False,
tokopedia,103334096479,https://www.tokopedia.com/prostorecomputer/laptop-asus-vivobook-14-a1404za-i5-1235-i3-1215-8gb-512gb-w11-ohs-14-0fhd-ips-a1405za-1735401420926650267?extParam=ivf%3Dfalse%26keyword%3Dlaptop+asus%26src%3Dsearch,LAPTOP ASUS VIVOBOOK 14 A1404ZA A1404VA I5 1235 I3 1215 8GB 512GB W11+OHS 14.0FHD IPS A1405ZA,Asus,A1404ZA,I5 1235,8,,,,10699000,,new,ProStoreComputer,5.0,,False,,Jakarta Utara,2026-08-28T01:36:16.576684,False,
tokopedia,103487983714,https://www.tokopedia.com/rogsstoreid/lenovo-yoga-7-2in1-14-oled-ryzen-7-8840hs-16gb-1tb-ssd-w11-ohs-m365b-14-wuxga-1731584691708069196-1736092312962565452?extParam=ivf%3Dfalse%26keyword%3Dlaptop+asus%26src%3Dsearch,[ Pickup / Kurir Toko ] ASUS Vivobook Go 14 E1404FA Ryzen 5 7520U RAM 16GB SSD 512GB 14 FHD Win11 OHS Laptop,Asus,E1404FA,RYZEN 5 7520U,16,512,,,9211020,,new,ROGS STORE,5.0,,False,,Jakarta Utara,2026-08-28T01:36:16.576767,False,
tokopedia,102403601925,https://www.tokopedia.com/gameridsurabaya/laptop-asus-vivobook-14-a1404vap-intel-core-5-120u-ram-8-gb-ssd-512-gb-windows-11-office-home-student-14-full-hd-vips-1732832332792432595?extParam=ivf%3Dfalse%26keyword%3Dlaptop+asus%26src%3Dsearch,"Laptop ASUS Vivobook 14 A1404VAP Intel Core 5 120U RAM 8 GB SSD 512 GB Windows 11 + Office Home Student 14"" Full HD VIPS",Asus,A1404VAP,INTEL CORE 5 120U,8,512,,,12209000,,new,Gamer ID Surabaya,5.0,,False,,Surabaya,2026-08-28T01:36:16.576835,False,
tokopedia,100605746575,https://www.tokopedia.com/kingznotebook/laptop-asus-tuf-gaming-a16-fa608um-ryzen-7-260-16gb-512gb-ssd-rtx5060-8gb-w11-ohs-16-wqxga-1731677648582510252?extParam=ivf%3Dfalse%26keyword%3Dlaptop+asus%26src%3Dsearch,"Laptop Asus Tuf Gaming A16 FA608UM Ryzen 7 260 16GB 512GB SSD RTX5060 8GB W11+OHS 16"" WUXGA",Asus,FA608UM,RYZEN 7 260,16,512,RTX5060,,30129000,,new,Kingz Notebook,5.0,,False,,Jakarta Pusat,2026-08-28T01:36:16.577068,False,
tokopedia,102967734586,https://www.tokopedia.com/royalltech/laptop-asus-zenbook-14-oled-um3406ga-amd-ryzen-ai-7-445-16gb-1tb-ssd-w11-ohs-m365b-14-0wuxga-120hz-1734255552481101303?extParam=ivf%3Dfalse%26keyword%3Dlaptop+asus%26src%3Dsearch,LAPTOP ASUS ZENBOOK 14 OLED UM3406GA AMD RYZEN AI 7 445 16GB 1TB SSD W11+OHS+M365B 14.0WUXGA 120HZ,Asus,UM3406GA,RYZEN AI 7 445,16,1024,,,22329000,,new,royalltech,5.0,,False,,Jakarta Utara,2026-08-28T01:36:16.577255,False,
tokopedia,103715376656,https://www.tokopedia.com/kanglaptop/asus-expertbook-p1403cva-core-3-100-8gb-512gb-w11-ohs-14-0fhd-3y-gry-s63852ws-1731161689723995977-1736979460365190985?extParam=ivf%3Dfalse%26keyword%3Dlaptop+asus%26src%3Dsearch,Laptop Asus ExpertBook P1 P1403CVA Core 3-100U 16GB 512GB SSD 14.0 Inch FHD IPS Windows 11,Asus,P1403CVA,CORE 3-100U,16,512,,14.0,10239000,,new,KangLaptop_NEW,5.0,,False,,Jakarta Selatan,2026-08-28T01:36:16.577382,False,
tokopedia,102542053048,https://www.tokopedia.com/onestopgaming/laptop-gaming-asus-tuf-a15-fa506ncg-ryzen-7-7445hs-rtx-3050-32gb-24gb-16gb-8gb-ssd-512gb-15-6-fhd-144hz-promo-1732237816662099202?extParam=ivf%3Dfalse%26keyword%3Dlaptop+asus%26src%3Dsearch,"[ ORIGINAL ] Laptop Gaming ASUS TUF A15 FA506NCG Ryzen 7-7445HS RTX 3050 32GB 24GB 16GB 8GB SSD 512GB 15.6"" FHD 144Hz",Asus,FA506NCG,,,512,RTX 3050,,13707500,,new,Onestop Gaming,5.0,,False,,Jakarta Pusat,2026-08-28T01:36:16.577607,False,
tokopedia,102545504374,https://www.tokopedia.com/joe-laptop/asus-vivobook-e1404fa-vips3853m-silver-ryzen-3-7320u-win11-ohs-4-fhd-ips-512gb-m-2-nvme-ddr5-8gb-amd-radeon-wifi6e-cam-laptop-stylish-praktis-tangguh-1733169623441507433?extParam=ivf%3Dfalse%26keyword%3Dlaptop+asus%26src%3Dsearch%26whid%3D17485372,"Asus Vivobook E1404FA-VIPS3853M Silver Ryzen 3 7320U Win11 OHS 4"" FHD IPS 512GB M.2 NVMe DDR5 8GB AMD Radeon WiFi6E Cam Laptop Stylish Praktis Tangguh",Asus,E1404FA-VIPS3853M,RYZEN 3 7320U,,,,,9566000,,new,Joe Laptop,5.0,,False,,Malang,2026-08-28T01:36:16.577925,False,
tokopedia,16360150077,https://www.tokopedia.com/rogonline/asus-gaming-v16-rtx-4050-core-5-210h-32gb-1tb-ssd-w-11-ohs-16-0-144hz-v-16-copilot-pc-v3607-1730945973044675815?extParam=ivf%3Dfalse%26keyword%3Dlaptop+asus%26src%3Dsearch,Asus Gaming V16 RTX 4050 Core 5 210H 32GB 1TB SSD W11 OHS 16.0 144Hz V3607VU Laptop Hitam dengan Garansi 2 Tahun - Black,Asus,V3607VU,CORE 5 210H,32,1024,RTX 4050,,20809000,,new,ROGZ Online,5.0,,False,,Jakarta Pusat,2026-08-28T01:36:16.578074,False,
tokopedia,100295727218,https://www.tokopedia.com/galaxy-solusindo/asus-vivobook-s14-s3407qa-snapdragon-x-x1-26-100-512gb-ssd-16gb-ram-ipsp151m-grey-ipsp152m-silver-notebook-laptop-1731370037314684321?extParam=ivf%3Dfalse%26keyword%3Dlaptop+asus%26src%3Dsearch,ASUS Vivobook S14 S3407QA - Snapdragon X X1 26 100 512GB SSD 16GB RAM - IPSP151M Grey / IPSP152M Silver Notebook Laptop,Asus,S3407QA,SNAPDRAGON X X1 26 100 512GB SSD 16GB RAM - IPSP151M GREY,16,16,,,15899000,,new,Galaxy Solusindo,5.0,,False,,Malang,2026-08-28T01:36:16.578270,False,
tokopedia,16352085482,https://www.tokopedia.com/gasolsurabaya/asus-vivobook-15-e1504fa-amd-ryzen-3-7320u-512gb-ssd-16gb-ram-vips3151m-black-vips3152m-green-grey-vips3153m-silver-notebook-laptop-1730939110475532283?extParam=ivf%3Dfalse%26keyword%3Dlaptop+asus%26src%3Dsearch,Asus Vivobook 15 E1504FA AMD Ryzen 3 7320U 512GB SSD 16GB RAM - VIPS3151M  Black / VIPS3152M Green Grey / VIPS3153M Silver Notebook Laptop,Asus,E1504FA,RYZEN 3 7320U,16,16,,,10399000,,new,Gasol Maspion Square Surabaya,5.0,,False,,Surabaya,2026-08-28T01:36:16.578434,False,
tokopedia,102946582931,https://www.tokopedia.com/kingznotebook/laptop-asus-vivobook-go-e1404ga-i3-n305u-8gb-256gb-w11-ohs-14-fhd-1734229540235871916?extParam=ivf%3Dfalse%26keyword%3Dlaptop+asus%26src%3Dsearch,"Laptop Asus VivoBook Go E1404GA i3 N305U 8GB 256GB W11+OHS 14"" FHD",Asus,E1404GA,,8,,,,9609000,,new,Kingz Notebook,5.0,,False,,Jakarta Pusat,2026-08-28T01:36:16.578631,False,
tokopedia,102745011580,https://www.tokopedia.com/gasoldinoyo/asus-vivobook-14-m1407ka-ryzen-ai-5-330-512gb-ssd-16gb-ram-vips5154m-blue-vips5155m-gold-vips5156m-silver-notebook-laptop-1733749429786215592?extParam=ivf%3Dfalse%26keyword%3Dlaptop+asus%26src%3Dsearch,Asus Vivobook 14 M1407KA - Ryzen AI 5 330 512GB SSD 16GB RAM - VIPS5154M Blue / VIPS5155M Gold / VIPS5156M Silver Notebook Laptop,Asus,M1407KA,RYZEN AI 5 330,16,16,,,14699000,,new,GASOL DINOYO MALANG,5.0,,False,,Malang,2026-08-28T01:36:16.578733,False,
tokopedia,102642589960,https://www.tokopedia.com/royalltech/laptop-asus-expertbook-p1403cva-i3-1315u-16gb-512gb-ssd-w11-ohs-14-fhd-laptop-bisnis-ringan-garansi-3-tahun-1733432724995147255?extParam=ivf%3Dfalse%26keyword%3Dlaptop+asus%26src%3Dsearch,"Laptop ASUS ExpertBook P1403CVA Intel Core i3 100 8GB 512GB W11+OHS 14"" FHD – Laptop Bisnis Ringan Garansi 3 Tahun",Asus,P1403CVA,,8,,,,10249000,,new,royalltech,5.0,,False,,Jakarta Utara,2026-08-28T01:36:16.578888,False,
tokopedia,102958516284,https://www.tokopedia.com/royalltech/laptop-asus-vivobook-14-a1404va-intel-core-i3-1315-16gb-512gb-w11-ohs-14-0-fhd-ips-1734255900149974519?extParam=ivf%3Dfalse%26keyword%3Dlaptop+asus%26src%3Dsearch,Laptop ASUS VivoBook 14 A1404VA INTEL CORE I3 1315 16GB 512GB W11+OHS 14.0 FHD IPS,Asus,A1404VA,I3 1315,16,,,,9929000,,new,royalltech,5.0,,False,,Jakarta Utara,2026-08-28T01:36:16.579091,False,
tokopedia,100797704784,https://www.tokopedia.com/prostorecomputer/asus-vivobook-s-oled-s5406ma-ultra-9-185h-x-s5506ma-ultra-7-155h-16gb-1tb-w11-office-laptop-ultrabook-notebook-1731979009358989211?extParam=ivf%3Dfalse%26keyword%3Dlaptop+asus%26src%3Dsearch,ASUS VIVOBOOK S OLED S5406MA ULTRA 9 185H X S5506MA ULTRA 7 155H 16GB 1TB W11 OFFICE - LAPTOP ULTRABOOK NOTEBOOK,Asus,S5406MA,,16,,,,16279000,,new,ProStoreComputer,5.0,,False,,Jakarta Utara,2026-08-28T01:36:16.579341,False,
tokopedia,103085081531,https://www.tokopedia.com/royalltech/laptop-asus-vivobook-14-m1405ya-amd-ryzen-7-7730-ram-16gb-512gb-ssd-w11-ohs-m365b-14-0-wuxga-vips-finger-print-1734532546791310839?extParam=ivf%3Dfalse%26keyword%3Dlaptop+asus%26src%3Dsearch,LAPTOP ASUS VIVOBOOK 14 M1405YA AMD RYZEN 7 7730 RAM 16GB 512GB SSD W11+OHS+M365B 14.0 WUXGA VIPS FINGER PRINT,Asus,M1405YA,RYZEN 7 7730,16,512,,,14959000,,new,royalltech,5.0,,False,,Jakarta Utara,2026-08-28T01:36:16.579507,False,
tokopedia,102117946349,https://www.tokopedia.com/rogonline/asus-vivobook-s-14-oled-ultra-7-258v-32gb-2tb-ssd-w-11-14-0-s14-oled-s5406-60hz-intel-arc-140v-copilot-pc-1732246443409900775?extParam=ivf%3Dfalse%26keyword%3Dlaptop+asus%26src%3Dsearch,Asus Vivobook S 14 OLED Ultra 7 258V 32GB 2TB SSD W11 14.0 Intel Arc 140V Copilot+ PC Laptop Hitam Neutral dengan Intel Core Ultra 7 258V dan 32GB LPDDR5X - Black,Asus,,INTEL CORE ULTRA 7 258V,32,2048,,,19029000,,new,ROGZ Online,5.0,,False,,Jakarta Pusat,2026-08-28T01:36:16.579656,False,
tokopedia,1995153349,https://www.tokopedia.com/technosify/laptop-notebook-asus-expertbook-p1440fa-i7-1-tb-hdd-win?extParam=ivf%3Dfalse%26keyword%3Dlaptop+asus%26src%3Dsearch,Laptop Notebook Asus Expertbook P1440FA - i7 - 1 TB HDD - Win,Asus,P1440FA,,,1024,,,12947632,,new,technosify,5.0,,False,,Surabaya,2026-08-28T01:36:16.579798,False,
tokopedia,102825926093,https://www.tokopedia.com/onestopgaming/laptop-asus-vivobook-14-a1404va-intel-core-i3-1315u-ram-8gb-256gb-512gb-ssd-14-fhd-windows-11-ohs-2024-quiete-blue-silver-1733943436588123394?extParam=ivf%3Dtrue%26keyword%3Dlaptop+asus%26src%3Dsearch,"[ RESMI + ADP ] Laptop ASUS Vivobook 14 A1404VA Intel Core i3-1315U RAM 8GB 256GB 512GB SSD 14"" FHD Windows 11 Blue Silver",Asus,A1404VA,I3-1315U,8,512,,,8796500,,new,Onestop Gaming,5.0,,False,,Jakarta Pusat,2026-08-28T01:36:16.579954,False,
tokopedia,103089979031,https://www.tokopedia.com/royalltech/laptop-asus-vivobook-s14-s3407ca-intel-ultra-7-255h-ram-16gb-1tb-ssd-w11-ohs-m365b-14-wuxga-vips-1734566799662614007?extParam=ivf%3Dfalse%26keyword%3Dlaptop+asus%26src%3Dsearch,"Laptop ASUS Vivobook S14 S3407CA Intel Ultra 7 255H RAM 16GB 1TB SSD W11+OHS+M365B 14"" WUXGA VIPS",Asus,S3407CA,,16,1024,,,19999000,,new,royalltech,5.0,,False,,Jakarta Utara,2026-08-28T01:36:16.580116,False,
tokopedia,102639237755,https://www.tokopedia.com/laptopgrosirid/laptop-asus-vivobook-x1404va-core-i3-1315u-16gb-512gb-14-fhd-ips-windows-11-1733422870304032073?extParam=ivf%3Dtrue%26keyword%3Dlaptop+asus%26src%3Dsearch,"[PROMO] Laptop Asus Vivobook X1404VA Core i3 1315U 16GB 512GB 14"" FHD IPS Windows 11",Asus,X1404VA,I3 1315U,16,,,,8449000,,new,Laptop Grosir ID,5.0,,False,,Jakarta Selatan,2026-08-28T01:36:16.580274,False,
tokopedia,102527887529,https://www.tokopedia.com/kanglaptop/asus-vivobook-go-14-e1404fa-amd-ryzen-3-7320u-ddr5-8gb-14-1733105150276241225?extParam=ivf%3Dfalse%26keyword%3Dlaptop+asus%26src%3Dsearch,Laptop Asus Vivobook GO 14 E1404FA Ryzen 3-7320U 8GB 512GB SSD 14.0 Inch FHD IPS Windows 11,Asus,E1404FA,,8,512,,14.0,9389000,,new,KangLaptop_NEW,5.0,,False,,Jakarta Selatan,2026-08-28T01:36:16.580469,False,
tokopedia,102927030429,https://www.tokopedia.com/legendeltro-id/laptop-asus-expertbook-p1403cva-core-5-210h-8gb-512gb-w11-ohs-m365b-14-0-inci-fhd-3y-1734183287891526705?extParam=ivf%3Dfalse%26keyword%3Dlaptop+asus%26src%3Dsearch,Laptop Asus Expertbook P1403CVA | Core 5 210H | 8GB 512GB | W11+OHS+M365B | 14.0 inci FHD 3Y,Asus,P1403CVA,CORE 5 210H,8,,,14.0,12779000,,new,LEGEND.ELTRO.ID,5.0,,False,,Tangerang Selatan,2026-08-28T01:36:16.580628,False,
tokopedia,102146386462,https://www.tokopedia.com/herlinacom/asus-zenbook-a14-ux3407qa-snapdragon-x-plus-x126100-16gb-512gb-win11-ohs-14-0-wuxga-1732287853012944270?extParam=ivf%3Dtrue%26keyword%3Dlaptop+asus%26src%3Dsearch,Laptop Asus ZenBook A14 UX3407QA SNAPDRAGON X X126100 Ram 16Gb 512Gb Ssd Win 11 + Office OHS Ori 14.0Wuxga Ips,Asus,UX3407QA,SNAPDRAGON X X126100 RAM 16GB 512GB SSD WIN 11 + OFFICE OHS ORI 14,16,512,,,17209000,,new,Herlinacom,5.0,,False,,Depok,2026-08-28T01:36:16.580837,False,
tokopedia,102682191928,https://www.tokopedia.com/technocentral/laptop-asus-rog-strix-g16-g614pr-ryzen-9-8940hx-rtx5070ti-12gb-16gb-1tb-w11-ohs-m365b-16-0fhd-165hz-1733561657786533507?extParam=ivf%3Dfalse%26keyword%3Dlaptop+asus%26src%3Dsearch,LAPTOP ASUS ROG STRIX G16 G614PR RYZEN 9 8940HX RTX5070TI 12GB/ 16GB 1TB W11+OHS+M365B 16.0FHD+ 165HZ,Asus,G614PR,RYZEN 9 8940HX,16,,RTX5070TI,,45139000,,new,Techno Central,5.0,,False,,Bogor,2026-08-28T01:36:16.581024,False,
tokopedia,103089956080,https://www.tokopedia.com/royalltech/laptop-asus-vivobook-s14-s3407va-intel-core-i5-210h-ram-16gb-1tb-ssd-w11-ohs-m365b-14-0-wuxga-ips-1734566601227994615?extParam=ivf%3Dfalse%26keyword%3Dlaptop+asus%26src%3Dsearch,LAPTOP ASUS VIVOBOOK S14 S3407VA INTEL CORE I5 210H RAM 16GB 1TB SSD W11+OHS+M365B 14.0 WUXGA IPS,Asus,S3407VA,,16,1024,,,17609000,,new,royalltech,5.0,,False,,Jakarta Utara,2026-08-28T01:36:16.581186,False,
tokopedia,103141024096,https://www.tokopedia.com/gaminglaptopid/laptop-gaming-asus-rog-strix-g17-g713pv-amd-ryzen-9-7845-32g-1tb-rtx4060-windows-11-1730003151810168427-1734787157294745195?extParam=ivf%3Dtrue%26keyword%3Dlaptop+asus%26src%3Dsearch,Laptop Gaming ASUS ROG STRIX G17 G713PV AMD RYZEN 9 7845 32G 1TB RTX4060 Windows 11,Asus,G713PV,RYZEN 9 7845,,,RTX4060,,29499000,,new,Gaming Laptop ID,5.0,,False,,Jakarta Utara,2026-08-28T01:36:16.581351,False,
tokopedia,103568343015,https://www.tokopedia.com/gateway/lenovo-slim-7-14-oled-touch-ultra-7-155h-32gb-1tb-w11-14-fhd-ips-1729888475058046389-1736465054288283061?extParam=ivf%3Dfalse%26keyword%3Dlaptop+asus%26src%3Dsearch,"ASUS VIVOBOOK 15 F1504ZA CORE I5 1235 16GB/8GB 512GB W11 15.6"" FHD LAPTOP",Asus,F1504ZA,I5 1235,8,,,,10029000,,new,Gateway Indonesia Comp,5.0,,False,,Jakarta Utara,2026-08-28T01:36:16.581513,False,
tokopedia,103177284119,https://www.tokopedia.com/royalltech/asus-vivobook-f1504za-f1502za-i5-1235-16gb-512gb-w11-office-15-6fhd-ips-laptop-notebook-komputer-laptop-tangguh-nyaman-untuk-kerja-harian-dan-kuliah-1729913779017975287-1734917423437809143?extParam=ivf%3Dfalse%26keyword%3Dlaptop+asus%26src%3Dsearch,ASUS VIVOBOOK F1504ZA F1502ZA I5 1235 8GB 512GB W11 OFFICE 15.6FHD IPS LAPTOP NOTEBOOK KOMPUTER Laptop Tangguh Nyaman untuk Kerja Harian dan Kuliah,Asus,F1504ZA,I5 1235,8,,,,10039000,,new,royalltech,5.0,,False,,Jakarta Utara,2026-08-28T01:36:16.581707,False,
tokopedia,102851925489,https://www.tokopedia.com/agresidjakut/asus-vivobook-go-14-e1404fa-amd-ryzen-5-7520u-ram-16gb-512gb-windows-11-office-14-0-full-hd-ips-1734012105044035154?extParam=ivf%3Dfalse%26keyword%3Dlaptop+asus%26src%3Dsearch,"[LAPTOP] ASUS VIVOBOOK GO 14 E1404FA AMD RYZEN 5 7520U RAM 16GB 512GB WINDOWS 11 + OFFICE 14.0"" FULL HD IPS GARANSI RESMI",Asus,E1404FA,RYZEN 5 7520U,16,,,,10759000,,new,Agres ID Jakarta Utara,5.0,,False,,Jakarta Pusat,2026-08-28T01:36:16.581873,False,
tokopedia,102214447431,https://www.tokopedia.com/gasolsurabaya/asus-vivobook-14-a1404vap-intel-core-5-120u-512gb-ssd-8gb-ram-vips5851m-quiet-blue-vips5852m-terra-cotta-vips5853m-silver-notebook-laptop-1732418390088714235?extParam=ivf%3Dfalse%26keyword%3Dlaptop+asus%26src%3Dsearch,ASUS Vivobook 14 A1404VAP - Intel Core 5-120U 512GB SSD 8GB RAM - VIPS5851M Quiet Blue / VIPS5852M Terra Cotta / VIPS5853M Silver Notebook Laptop,Asus,A1404VAP,INTEL CORE 5-120U,8,512,,,12999000,,new,Gasol Maspion Square Surabaya,5.0,,False,,Surabaya,2026-08-28T01:36:16.582021,False,
tokopedia,102538857048,https://www.tokopedia.com/rogonline/asus-tuf-gaming-a16-fa607nug-rtx-4050-ryzen-7-7445hs-32gb-1tb-ssd-w-11-16-0-144hz-laptop-gaming-amd-1733134716043166951?extParam=ivf%3Dfalse%26keyword%3Dlaptop+asus%26src%3Dsearch,Asus TUF Gaming A16 FA607NUG RTX 4050 Ryzen 7 7445HS 32GB 1TB SSD W 11 16.0 144Hz Laptop Gaming AMD,Asus,FA607NUG,RYZEN 7 7445HS,32,1024,RTX 4050,,19239000,,new,ROGZ Online,5.0,,False,,Jakarta Pusat,2026-08-28T01:36:16.582190,False,
tokopedia,14523821812,https://www.tokopedia.com/herlinacom/asus-vivobook-go-14-e1404ga-intel-core-i3-n305-8core-ram-8gb-512gb-ssd-win-11-office-ori-non-paket-ram-8gb-256ssd-81cd9?extParam=ivf%3Dtrue%26keyword%3Dlaptop+asus%26src%3Dsearch,Laptop Asus Vivobook GO 14 E1404GA Intel Core i3 N305 Ram 8Gb 512Gb Ssd Win 11 + Office Ori 14.0FHD Garansi Resmi,Asus,E1404GA,N305,8,512,,,9609000,,new,Herlinacom,5.0,,False,,Depok,2026-08-28T01:36:16.582818,False,
tokopedia,11627750912,https://www.tokopedia.com/onestopgaming/laptop-asus-vivobook-go-14-e1404fa-amd-ryzen-3-7320u-ram-8gb-ssd-256gb-14-fhd-w11-ohs-1731304872673576194?extParam=ivf%3Dtrue%26keyword%3Dlaptop+asus%26src%3Dsearch,"[ RESMI + ADP ] Laptop Asus VivoBook Go 14 E1404FA AMD Ryzen 3 7320U RAM 8GB SSD 256GB 14"" FHD Windows 11 + Office",Asus,E1404FA,RYZEN 3 7320U,8,256,,,8535500,,new,Onestop Gaming,5.0,,False,,Jakarta Pusat,2026-08-28T01:36:16.582967,False,
tokopedia,103392205636,https://www.tokopedia.com/ten-com/asus-vivobook-14-a1404va-i3-1315-16gb-512gb-ssd-14inch-full-hd-garansi-resmi-2-tahun-1730101711441265927-1735647262590338311?extParam=ivf%3Dtrue%26keyword%3Dlaptop+asus%26src%3Dsearch,Laptop Asus Vivobook 14 A1404VA i3 1315U 16GB 512GB SSD 14inch Full HD Garansi Resmi 2 Tahun,Asus,A1404VA,I3 1315U,16,512,,14.0,9919000,,new,Ten Com,5.0,,False,,Jakarta Selatan,2026-08-28T01:36:16.583120,False,
tokopedia,103114427283,https://www.tokopedia.com/asusrogindonesia/laptop-asus-expertbook-bg1408cva-i7-1355-16gb-512gb-14-fhd-w11pro-1734711133840705162-1734711240092649098?extParam=ivf%3Dfalse%26keyword%3Dlaptop+asus%26src%3Dsearch,"LAPTOP ASUS EXPERTBOOK BG1408CVA I7 1355 16GB 512GB 14"" FHD W11PRO",Asus,BG1408CVA,I7 1355,16,,,,16999000,,new,ASUS ROG Indonesia,5.0,,False,,Jakarta Utara,2026-08-28T01:36:16.583257,False,
tokopedia,102749455656,https://www.tokopedia.com/teknotrend/laptop-gaming-asus-tuf-gaming-a15-fa506ncg-ryzen-7-7445hs-rtx3050-512gb-15-6-fhd-144hz-w11-1733752900712564674?extParam=ivf%3Dtrue%26keyword%3Dlaptop+asus%26src%3Dsearch,"Payday SALE Laptop Gaming Asus TUF Gaming A15 FA506NCG Ryzen 7-7445HS RTX3050 512GB 15.6"" FHD 144Hz W11",Asus,FA506NCG,,,,RTX3050,,13570500,,new,TeknoTrend ID,5.0,,False,,Jakarta Pusat,2026-08-28T01:36:16.583460,False,
tokopedia,11948074926,https://www.tokopedia.com/agresidbogor/laptop-asus-a416mao-n4020-8gb-512-ssd-14-0-fhd-win-11-ohs-unit-only-8gb-256-ssd-f2109?extParam=ivf%3Dtrue%26keyword%3Dlaptop+asus%26src%3Dsearch,Laptop Asus Vivobook Go 14 E1404TA Intel Core N150 Ram 8gb SSD 512gb Ssd 14.0 FHD IPS win 11 + Ohs Garansi Resmi 2 Tahun,Asus,E1404TA,N150,8,512,,,8499000,,new,AGRES ID BOGOR,5.0,,False,,Bogor,2026-08-28T01:36:16.583638,False,
tokopedia,16011238219,https://www.tokopedia.com/gameridsurabaya/laptop-asus-zenbook-14-oled-ux3405ca-touchscreen-intel-core-ultra-5-225h-ram-16gb-ssd-1tb-windows-11-office-ohs-2021-14-wuxga-60hz-evo-1730756720062859219?extParam=ivf%3Dfalse%26keyword%3Dlaptop+asus%26src%3Dsearch,"Laptop ASUS Zenbook 14 OLED UX3405CA Touchscreen Intel Core Ultra 5 225H RAM 16GB SSD 1TB Windows 11 + Office (OHS) 2021 14"" WUXGA 60Hz EVO",Asus,UX3405CA,INTEL CORE ULTRA 5 225H,16,1024,,,24579000,,new,Gamer ID Surabaya,5.0,,False,,Surabaya,2026-08-28T01:36:16.583749,False,
tokopedia,102106476113,https://www.tokopedia.com/teknotrend/laptop-asus-vivobook-s14-s3407qa-snapdragon-x1-16gb-512gb-ssd-14-fhd-oled-1732221824892766146?extParam=ivf%3Dfalse%26keyword%3Dlaptop+asus%26src%3Dsearch,"Laptop ASUS Vivobook S14 S3407QA Snapdragon X1 16GB 512GB SSD 14"" FHD OLED",Asus,S3407QA,SNAPDRAGON X1 16GB 512GB SSD 14,16,512,,,15069500,,new,TeknoTrend ID,5.0,,False,,Jakarta Pusat,2026-08-28T01:36:16.583937,False,
tokopedia,102499905267,https://www.tokopedia.com/herlinacom/asus-tuf-a15-fa506ncg-ryzen-7-7445hs-rtx3050-4gb-8gb-512gb-win11-ohs-15-6-fhd-1733033804407145870?extParam=ivf%3Dtrue%26keyword%3Dlaptop+asus%26src%3Dsearch,"Laptop ASUS TUF A15 FA506NCG RYZEN 7 7445HS RTX3050 4GB RAM 16GB SSD 512GB WIN 11+OHS 15.6"" FHD 144Hz",Asus,FA506NCG,RYZEN 7 7445HS,16,512,RTX3050,,14269000,,new,Herlinacom,5.0,,False,,Depok,2026-08-28T01:36:16.584082,False,
tokopedia,100575948544,https://www.tokopedia.com/herlinacom/laptop-asus-zenbook-14-oled-um3406ha-touch-ryzen-7-8840hs-ram-16gb-512gb-ssd-win-11-ori-14-0-2-8k-1731619484306933134?extParam=ivf%3Dtrue%26keyword%3Dlaptop+asus%26src%3Dsearch,Laptop Asus Zenbook 14 Oled UM3406HA Touch Ryzen 7 8840HS Ram 16Gb 512Gb Ssd Win 11 Ori 14.0 2.8K,Asus,UM3406HA,RYZEN 7 8840HS,16,512,,,17559000,,new,Herlinacom,5.0,,False,,Depok,2026-08-28T01:36:16.584236,False,
tokopedia,102349521209,https://www.tokopedia.com/agresidsemarang/laptop-asus-vivobook-go-14-e1404fa-ryzen-5-7520u-ram-16gb-512gb-1732698436165535519?extParam=ivf%3Dfalse%26keyword%3Dlaptop+asus%26src%3Dsearch,Laptop Asus Vivobook GO 14 E1404FA RYZEN 5 7520U Ram 16GB 512GB,Asus,E1404FA,RYZEN 5 7520U,16,,,,11350800,,new,Agres ID Semarang.,5.0,,False,,Semarang,2026-08-28T01:36:16.584355,False,
tokopedia,103069681004,https://www.tokopedia.com/gamingstorenet/asus-zenbook-a14-ux3407qa-snapdragon-x-x1-26100-16gb-512gb-14-w11-office2024-laptop-gaming-store-net-1734456587122149054?extParam=ivf%3Dfalse%26keyword%3Dlaptop+asus%26src%3Dsearch,"Asus Zenbook A14 UX3407QA Snapdragon X X1 26100 16GB 512GB 14"" W11 Office2024 Laptop Gaming Store Net Gray Audio",Asus,UX3407QA,SNAPDRAGON X X1 26100 16GB 512GB 14,16,,,,17209000,,new,GAMING STORE NET,5.0,,False,,Jakarta Pusat,2026-08-28T01:36:16.584675,False,
tokopedia,15734998901,https://www.tokopedia.com/royalltech/laptop-asus-vivobook-go-14-e1404ga-i3-n305-8gb-512gb-ssd-w11-ohs-14-0fhd-laptop-tipis-ringan-dengan-garansi-resmi-indonesia-2-tahun-1730428455101040119?extParam=ivf%3Dfalse%26keyword%3Dlaptop+asus%26src%3Dsearch,Laptop Asus VivoBook Go 14 E1404GA I3 N305 8GB 512GB SSD W11+OHS 14.0FHD Laptop Tipis & Ringan dengan Garansi Resmi Indonesia 2 Tahun,Asus,E1404GA,N305,8,512,,,9609000,,new,royalltech,5.0,,False,,Jakarta Utara,2026-08-28T01:36:16.584921,False,
tokopedia,102675018193,https://www.tokopedia.com/teknotrend/exclusive-affiliate-price-laptop-gaming-asus-tuf-f16-fx607vjb-intel-core-5-210h-16gb-ssd-512gb-16-rtx3050-w11-oh2024-1733531073838417858?extParam=ivf%3Dfalse%26keyword%3Dlaptop+asus%26src%3Dsearch,"Exclusive Affiliate Price - Laptop Gaming Asus TUF F16 FX607VJB Intel Core 5 210H 16GB SSD 512GB 16"" RTX3050 W11+OH2024",Asus,FX607VJB,INTEL CORE 5 210H,,512,RTX3050,,20202500,,new,TeknoTrend ID,5.0,,False,,Jakarta Pusat,2026-08-28T01:36:16.585092,False,
tokopedia,100823649503,https://www.tokopedia.com/gasol-kaliurang/asus-vivobook-14-a1404vap-intel-core-5-120u-512gb-ssd-16gb-ram-vips5151m-blue-vips5152m-terra-cotta-vips5153m-silver-notebook-laptop-1732015820002854013?extParam=ivf%3Dfalse%26keyword%3Dlaptop+asus%26src%3Dsearch,Asus Vivobook 14 A1404VAP - Intel Core 5-120U 512GB SSD 16GB RAM - VIPS5151M Blue / VIPS5152M Terra Cotta / VIPS5153M Silver Notebook Laptop,Asus,A1404VAP,INTEL CORE 5-120U,16,16,,,13994000,,new,GASOL KALIURANG,5.0,,False,,Malang,2026-08-28T01:36:16.585230,False,
tokopedia,102214485117,https://www.tokopedia.com/gasoldinoyo/asus-vivobook-14-a1404vap-intel-core-5-120u-512gb-ssd-8gb-ram-vips5851m-quiet-blue-vips5852m-terra-cotta-vips5853m-silver-notebook-laptop-1732418390363767976?extParam=ivf%3Dfalse%26keyword%3Dlaptop+asus%26src%3Dsearch,ASUS Vivobook 14 A1404VAP - Intel Core 5-120U 512GB SSD 8GB RAM - VIPS5851M Quiet Blue / VIPS5852M Terra Cotta / VIPS5853M Silver Notebook Laptop,Asus,A1404VAP,INTEL CORE 5-120U,8,512,,,12999000,,new,GASOL DINOYO MALANG,5.0,,False,,Malang,2026-08-28T01:36:16.585374,False,
tokopedia,103125088063,https://www.tokopedia.com/ten-com/laptop-asus-gaming-v16-v3607-rtx5060-intel-core-i7-240h-16gb-512gb-16inch-144hz-garansi-resmi-1731968132214326535-1734746980859938055?extParam=ivf%3Dfalse%26keyword%3Dlaptop+asus%26src%3Dsearch,Laptop Asus Gaming V16 V3607 RTX5060 Intel Core i7 240H 16GB 512GB 16inch 144HZ Garansi Resmi,Asus,V3607,,16,,RTX5060,16.0,23879000,,new,Ten Com,5.0,,False,,Jakarta Selatan,2026-08-28T01:36:16.585580,False,
tokopedia,103581081284,https://www.tokopedia.com/rogsstoreid/lenovo-laptop-v14-g4-athlon-7120-8gb-512gb-ssd-14-inch-fhd-1729923501555615052-1736520230564758860?extParam=ivf%3Dfalse%26keyword%3Dlaptop+asus%26src%3Dsearch,"ASUS EXPERTBOOK BG1409CVA CORE I7 150U 32GB 512GB 14"" FHD VIPS W11 LAPTOP",Asus,BG1409CVA,,32,,,,24659000,,new,ROGS STORE,5.0,,False,,Jakarta Utara,2026-08-28T01:36:16.585755,False,
tokopedia,100650453658,https://www.tokopedia.com/rogonline/asus-gaming-v16-rtx-4050-core-7-240h-32gb-1tb-ssd-w-11-ohs-16-0-ips-144hz-v-16-v3607vu-1731758111415043303?extParam=ivf%3Dfalse%26keyword%3Dlaptop+asus%26src%3Dsearch,Asus Gaming V16 RTX 4050 Core 7 240H 32GB 1TB SSD W11 OHS 16.0 IPS 144Hz V3607VU Laptop Hitam dengan Intel Core 7 240H dan NVIDIA GeForce RTX 4050 6GB GDDR6 - Black,Asus,V3607VU,CORE 7 240H,32,1024,RTX 4050,,21819000,,new,ROGZ Online,5.0,,False,,Jakarta Pusat,2026-08-28T01:36:16.585910,False,
tokopedia,103791796680,https://www.tokopedia.com/gateway/laptop-avita-pura-a-ryzen-5-5500-8gb-512gb-w11-14-0fhd-1732800377247794613-1737187089566631349?extParam=ivf%3Dfalse%26keyword%3Dlaptop+asus%26src%3Dsearch,"ASUS GAMING V16 V3607VU CORE I5 210H RTX4050 6GB/ 16GB 512GB W11+OHS 16"" WUXGA 144HZ LAPTOP GAMING",Asus,V3607VU,,16,,RTX4050,,20799000,,new,Gateway Indonesia Comp,5.0,,False,,Jakarta Utara,2026-08-28T01:36:16.586117,False,
tokopedia,102215368470,https://www.tokopedia.com/rogonline/asus-zenbook-14-oled-um3406-ryzen-7-ai-350-32gb-2tb-ssd-w-11-ohs-14-oled-3k-copilot-pc-1732420840980120807?extParam=ivf%3Dfalse%26keyword%3Dlaptop+asus%26src%3Dsearch,Asus Zenbook 14 OLED UM3406 Ryzen 7 AI 350 32GB 2TB SSD W11 OHS 14 OLED Copilot PC Hitam Laptop dengan Prosesor AMD Ryzen AI 7 350 dan Grafis AMD Radeon - Black,Asus,UM3406,RYZEN AI 7 350,32,2048,,,21309000,,new,ROGZ Online,5.0,,False,,Jakarta Pusat,2026-08-28T01:36:16.586305,False,
tokopedia,102215368470,https://www.tokopedia.com/rogonline/asus-zenbook-14-oled-um3406-ryzen-7-ai-350-32gb-2tb-ssd-w-11-ohs-14-oled-3k-copilot-pc-1732420840980120807?extParam=ivf%3Dfalse%26keyword%3Dlaptop+asus%26src%3Dsearch,Asus Zenbook 14 OLED UM3406 Ryzen 7 AI 350 32GB 2TB SSD W11 OHS 14 OLED Copilot PC Hitam Laptop dengan Prosesor AMD Ryzen AI 7 350 dan Grafis AMD Radeon - Black,Asus,UM3406,RYZEN AI 7 350,32,2048,,,21309000,,new,ROGZ Online,5.0,,False,,Jakarta Pusat,2026-08-28T01:36:30.542890,False,
tokopedia,103125088063,https://www.tokopedia.com/ten-com/laptop-asus-gaming-v16-v3607-rtx5060-intel-core-i7-240h-16gb-512gb-16inch-144hz-garansi-resmi-1731968132214326535-1734746980859938055?extParam=ivf%3Dfalse%26keyword%3Dlaptop+asus%26src%3Dsearch,Laptop Asus Gaming V16 V3607 RTX5060 Intel Core i7 240H 16GB 512GB 16inch 144HZ Garansi Resmi,Asus,V3607,,16,,RTX5060,16.0,23879000,,new,Ten Com,5.0,,False,,Jakarta Selatan,2026-08-28T01:36:30.543093,False,
tokopedia,103581081284,https://www.tokopedia.com/rogsstoreid/lenovo-laptop-v14-g4-athlon-7120-8gb-512gb-ssd-14-inch-fhd-1729923501555615052-1736520230564758860?extParam=ivf%3Dfalse%26keyword%3Dlaptop+asus%26src%3Dsearch,"ASUS EXPERTBOOK BG1409CVA CORE I7 150U 32GB 512GB 14"" FHD VIPS W11 LAPTOP",Asus,BG1409CVA,,32,,,,24659000,,new,ROGS STORE,5.0,,False,,Jakarta Utara,2026-08-28T01:36:30.543208,False,
tokopedia,102239689198,https://www.tokopedia.com/asus-authorized-by-dgi/laptop-asus-vivobook-go-14-e1404fa-amd-ryzen-5-7520u-ram-16gb-ssd-512gb-layar-14-inch-fhd-ips-windows-11-home-microsoft-office-home-2024-1732480145819076027?extParam=ivf%3Dfalse%26keyword%3Dlaptop+asus%26src%3Dsearch,"Laptop ASUS Vivobook Go 14 | E1404FA| AMD Ryzen 5-7520U | RAM 16GB | SSD 512GB | Layar 14""inch FHD IPS | Windows 11 Home + Microsoft Office Home 2024",Asus,E1404FA,,16,512,,14.0,11926000,,new,Asus authorized by DGI,5.0,,False,,Jakarta Pusat,2026-08-28T01:36:30.543600,False,
tokopedia,103231269973,https://www.tokopedia.com/royalltech/asus-vivobook-x1404va-i7-1355-i5-1335-16gb-1tb-512gb-w11-14-0fhd-ips-a1404va-1729887922106828279-1735062323738150391?extParam=ivf%3Dfalse%26keyword%3Dlaptop+asus%26src%3Dsearch,"LAPTOP ASUS VIVOBOOK 14 A1404VAP INTEL CORE I3 100U RAM 8GB SSD 512GB W11+OHS+M365B 14"" FHD VIPS",Asus,A1404VAP,,8,512,,,10459000,,new,royalltech,5.0,,False,,Jakarta Utara,2026-08-28T01:36:30.543778,False,
tokopedia,103177120904,https://www.tokopedia.com/royalltech/laptop-asus-vivobook-s14-oled-s5406ma-ultra-9-185h-x-s5406sa-ultra-7-258v-32gb-1tb-w11-14-0wuxga-1731072661970191863-1734917798063343095?extParam=ivf%3Dfalse%26keyword%3Dlaptop+asus%26src%3Dsearch,LAPTOP ASUS VIVOBOOK 14 FLIP OLED TP3407SA TOUCH INTEL ULTRA 7 256V RAM 16B SSD 1TB WINDOWS 11 + OFFICE 14.0FHD TOUCH SCREEN 2IN1,Asus,TP3407SA,,,1024,,,17769000,,new,royalltech,5.0,,False,,Jakarta Utara,2026-08-28T01:36:30.543992,False,
tokopedia,102616831393,https://www.tokopedia.com/gateway/asus-tuf-gaming-f16-core-i7-14650hx-rtx5060-64gb-1tb-ssd-w11-ohs-m365b-16-inch-wuxga-fx608jmr-1733363401930278325?extParam=ivf%3Dfalse%26keyword%3Dlaptop+asus%26src%3Dsearch,"ASUS TUF GAMING F16 FX608JMR I7 14650HX RTX5060 8GB/ 64GB 1TB W11+OHS+M365B 16"" WUXGA 165HZ LAPTOP GAMING",Asus,FX608JMR,I7 14650HX,64,,RTX5060,,31139000,,new,Gateway Indonesia Comp,5.0,,False,,Jakarta Utara,2026-08-28T01:36:30.544200,False,
tokopedia,103175401039,https://www.tokopedia.com/royalltech/laptop-asus-vivobook-x1404va-i5-1334u-i3-1315u-16gb-512gb-ssd-windows-11-ohs-layar-14-fhd-ips-laptop-tipis-kencang-1731919726440449527-1734912833010763255?extParam=ivf%3Dfalse%26keyword%3Dlaptop+asus%26src%3Dsearch,Laptop ASUS Vivobook X1404VA Intel Core i3-1315U 16GB 512GB SSD Windows 11+ Office Layar 14”FHD IPS | Laptop Tipis Kencang,Asus,X1404VA,I3-1315U,16,512,,14.0,8449000,,new,royalltech,5.0,,False,,Jakarta Utara,2026-08-28T01:36:30.544427,False,
tokopedia,102902952056,https://www.tokopedia.com/royalltech/laptop-asus-vivobook-s16-flip-oled-tp3604va-touch-intel-i5-1335-16gb-8gb-512gb-ssd-w11-16-0fhd-ips-touch-screen-2in1-1734122097084237303?extParam=ivf%3Dfalse%26keyword%3Dlaptop+asus%26src%3Dsearch,LAPTOP ASUS VIVOBOOK S16 FLIP OLED TP3604VA TOUCH INTEL I5 1335 16GB 8GB 512GB SSD W11 16.0FHD IPS - TOUCH SCREEN 2IN1,Asus,TP3604VA,I5 1335,8,512,,,11839000,,new,royalltech,5.0,,False,,Jakarta Utara,2026-08-28T01:36:30.544623,False,
tokopedia,1048019701,https://www.tokopedia.com/ctcharco/casing-aigo-darkflash-dlm21-luxury-white-case-pc-matx?extParam=ivf%3Dfalse%26keyword%3Dlaptop+asus%26src%3Dsearch,VGA CARD ASUS DUAL GeForce RTX 5070 OC EDITION 12GB GDDR7 - GRAPHIC CARD Laptop,Asus,,,,,RTX 5070,,18689000,,new,Central Technology Computer,5.0,,False,,Jakarta Pusat,2026-08-28T01:36:30.544809,False,
tokopedia,103100168045,https://www.tokopedia.com/infonetmanggadua/asus-vivobook-14-a1404va-vips3821m-vips3822mvips3823m-i3-1315u-8gb-256gb-ssd-14-w11-oh24-m365-laptop-pelajar-mahasiswa-guru-admin-kantor-kerja-online-meeting-browsing-harian-1734634782654367256-1734634602729735704?extParam=ivf%3Dfalse%26keyword%3Dlaptop+asus%26src%3Dsearch,"ASUS Vivobook 14 i3-1315U 8GB 512GB SSD 14"" FHD IPS Win11 OH24 + M365 – Quiet Blue / Terracotta / Silver (A1404VA) Laptop Pelajar & Mahasiswa, Pekerja Kantoran, Laptop Keluarga / Rumah",Asus,A1404VA,I3-1315U,8,512,,,10778821,,new,Infonet Mangga Dua,5.0,,False,,Jakarta Pusat,2026-08-28T01:36:30.545082,False,
tokopedia,103589781899,https://www.tokopedia.com/gateway/laptop-hp-14-intel-n4500-8gb-512gb-ssd-win11-office-14-0-fhd-backlit-keyboard-1729896533218002357-1736552359067026869?extParam=ivf%3Dfalse%26keyword%3Dlaptop+asus%26src%3Dsearch,"ASUS VIVOBOOK 16 F1605VA CORE I7 1355 16GB 512GB W11 16"" FHD LAPTOP",Asus,F1605VA,I7 1355,16,,,,12359000,,new,Gateway Indonesia Comp,5.0,,False,,Jakarta Utara,2026-08-28T01:36:30.545185,False,
tokopedia,102826230470,https://www.tokopedia.com/onestopgaming/laptop-asus-vivobook-14-a1404vap-intel-core-5-120u-ram-8gb-24gb-512gb-ssd-14-fhd-ips-fingerprint-windows-11-ohs-2024-1733944286540498178?extParam=ivf%3Dtrue%26keyword%3Dlaptop+asus%26src%3Dsearch,"[ RESMI + ADP ] Laptop Asus Vivobook 14 A1404VAP Intel Core 5-120U RAM 8GB 512GB SSD 14"" FHD IPS Fingerprint Windows 11",Asus,A1404VAP,INTEL CORE 5-120U,8,512,,,11692500,,new,Onestop Gaming,5.0,,False,,Jakarta Pusat,2026-08-28T01:36:30.545270,False,
tokopedia,100619925254,https://www.tokopedia.com/prostorecomputer/laptop-asus-vivobook-s14-s3407ca-ultra-7-255h-16gb-1tb-w11-ohs-14-0-wuxga-1731702857873655707?extParam=ivf%3Dfalse%26keyword%3Dlaptop+asus%26src%3Dsearch,LAPTOP ASUS VIVOBOOK S14 S3407CA ULTRA 7 255H 16GB 1TB W11+OHS 14.0 WUXGA,Asus,S3407CA,,16,,,,20759000,,new,ProStoreComputer,5.0,,False,,Jakarta Utara,2026-08-28T01:36:30.545379,False,
tokopedia,16203994969,https://www.tokopedia.com/agresidsurabaya/laptop-asus-zenbook-a14-ux3407qa-snapdragon-x-x126100-16gb-512gb-w11-ohs-o356-14-0wuxga-ips-1731240356751837143?extParam=ivf%3Dfalse%26keyword%3Dlaptop+asus%26src%3Dsearch,LAPTOP ASUS ZENBOOK A14 UX3407QA SNAPDRAGON X X126100 16GB 512GB W11+OHS+O356 14.0WUXGA IPS,Asus,UX3407QA,SNAPDRAGON X X126100 16GB 512GB W11+OHS+O356 14,16,,,,17209000,,new,Agres ID Surabaya,5.0,,False,,Surabaya,2026-08-28T01:36:30.545556,False,
tokopedia,102339659816,https://www.tokopedia.com/studiolaptop/asus-vivobook-14-m1405ya-amd-ryzen-7-7730-ryzen-5-7430-x-e1404fa-ryzen-5-7520-ryzen-3-7320-16gb-512gb-ssd-w11-ohs-m365b-14-0-inch-laptop-ultrabook-notebook-cocok-untuk-admin-kerja-kuliah-sekolah-kantor-office-work-1732677134562395975?extParam=ivf%3Dfalse%26keyword%3Dlaptop+asus%26src%3Dsearch,ASUS VIVOBOOK 14 M1405YA AMD RYZEN 7 7730 RYZEN 5 7430 X E1404FA RYZEN 5 7520 RYZEN 3 7320 16GB 512GB SSD W11+OHS+M365B 14.0 INCH - LAPTOP ULTRABOOK NOTEBOOK COCOK UNTUK ADMIN KERJA KULIAH SEKOLAH KANTOR OFFICE WORK,Asus,M1405YA,RYZEN 7 7730,16,512,,14.0,9347000,,new,Studio Laptop,5.0,,False,,Jakarta Pusat,2026-08-28T01:36:30.545829,False,
tokopedia,102198106753,https://www.tokopedia.com/royalltech/laptop-asus-vivobook-f1504vap-core-i5-120u-16gb-ssd-512gb-15-6-fhd-ips-w11-ohs-laptop-terlaris-laptop-terbaik-harga-terjangkau-1732383036479407607?extParam=ivf%3Dfalse%26keyword%3Dlaptop+asus%26src%3Dsearch,Laptop ASUS Vivobook F1504VAP Core i5-120U 16GB SSD 512GB 15.6”FHD IPS W11+OHS – Laptop Terlaris Laptop Terbaik Harga Terjangkau,Asus,F1504VAP,,,512,,15.6,11309000,,new,royalltech,5.0,,False,,Jakarta Utara,2026-08-28T01:36:30.546107,False,
tokopedia,102905930325,https://www.tokopedia.com/kingznotebook/laptop-asus-vivobook-14-x1404va-core-i3-1315u-8gb-512gb-ssd-w11-14-fhd-1734128095072650924?extParam=ivf%3Dfalse%26keyword%3Dlaptop+asus%26src%3Dsearch,"Laptop  Asus Vivobook 14 X1404VA CORE i3 1315U 8GB 512GB SSD W11 14"" FHD",Asus,X1404VA,I3 1315U,8,512,,,8449000,,new,Kingz Notebook,5.0,,False,,Jakarta Pusat,2026-08-28T01:36:30.546473,False,
tokopedia,102744784085,https://www.tokopedia.com/galaxy-solusindo/asus-vivobook-go-14-e1404fa-amd-ryzen-5-7520u-512gb-ssd-16gb-ram-vips5151m-black-vips5152m-green-grey-vips5153m-cool-silver-notebook-laptop-1733748840960329121?extParam=ivf%3Dfalse%26keyword%3Dlaptop+asus%26src%3Dsearch,Asus Vivobook Go 14 E1404FA AMD Ryzen 5-7520U 512GB SSD 16GB RAM - VIPS5151M Black / VIPS5152M Green Grey / VIPS5153M Cool Silver Notebook Laptop,Asus,E1404FA,,16,16,,,12999000,,new,Galaxy Solusindo,5.0,,False,,Malang,2026-08-28T01:36:30.546680,False,
tokopedia,103085149502,https://www.tokopedia.com/royalltech/laptop-asus-vivobook-s14-m3407ka-amd-ryzen-ai-7-350-ram-16gb-1tb-ssd-w11-ohs-m365b-14-0-wuxga-oled-1734532773751195127?extParam=ivf%3Dfalse%26keyword%3Dlaptop+asus%26src%3Dsearch,LAPTOP ASUS VIVOBOOK S14 M3407KA AMD RYZEN AI 7 350 RAM 16GB 1TB SSD W11+OHS+M365B 14.0 WUXGA OLED,Asus,M3407KA,RYZEN AI 7 350,16,1024,,,19999000,,new,royalltech,5.0,,False,,Jakarta Utara,2026-08-28T01:36:30.546805,False,
tokopedia,102931866537,https://www.tokopedia.com/technosify/asus-expertbook-b1400ceae-ek3420w-core-i3-1115g4-256gb-4gb-ddr4-intel-uhd-graphics-14-fhd-windows-11-home-1yr-warranty-fingerprint-sensor-numeric-pad-ready-carry-bag-star-black-mil-std-810h-compliant-1734196991948260775?extParam=ivf%3Dfalse%26keyword%3Dlaptop+asus%26src%3Dsearch,"Asus ExpertBook B1400CEAE EK3420W Laptop i3 1115G4 256GB 4GB DDR4 Intel UHD Graphics 14"" FHD Windows 11 Home - 1 Year Warranty - Star Black",Asus,B1400CEAE,,4,,,,8464255,,new,technosify,5.0,,False,,Surabaya,2026-08-28T01:36:30.547025,False,
tokopedia,102193569327,https://www.tokopedia.com/studiolaptop/asus-vivobook-go-e1504fa-e1404fa-amd-ryzen-5-7520u-ryzen-3-7320u-16gb-8gb-512gb-256gb-ssd-w11-ohs-14-0-fhd-laptop-ultrabook-notebook-1732373487787738951?extParam=ivf%3Dfalse%26keyword%3Dlaptop+asus%26src%3Dsearch,ASUS VIVOBOOK GO E1504FA E1404FA AMD RYZEN 5 7520U RYZEN 3 7320U 16GB 8GB 512GB 256GB SSD W11+OHS 14.0 FHD - LAPTOP ULTRABOOK NOTEBOOK,Asus,E1504FA,RYZEN 5 7520U,8,256,,,9340000,,new,Studio Laptop,5.0,,False,,Jakarta Pusat,2026-08-28T01:36:30.547228,False,
tokopedia,100532628309,https://www.tokopedia.com/gameridsurabaya/laptop-asus-rog-strix-g16-g615lm-intel-core-ultra-9-275hx-geforece-rtx-5060-12gb-ram-32-gb-ssd-1-tb-windows-11-office-home-student-16-wqxga-240-hz-1731506526364010451?extParam=ivf%3Dfalse%26keyword%3Dlaptop+asus%26src%3Dsearch,"Laptop ASUS ROG Strix G16 G615LM Intel COre Ultra 9 275HX GeForece RTX 5060 12GB RAM 32 GB SSD 1 TB Windows 11 + Office Home Student 16"" WQXGA 240 Hz",Asus,G615LM,INTEL CORE ULTRA 9 275HX,32,1024,RTX 5060,,43459000,,new,Gamer ID Surabaya,5.0,,False,,Surabaya,2026-08-28T01:36:30.547329,False,
tokopedia,100744510302,https://www.tokopedia.com/herlinacom/asus-vivobook-s14-s3407ca-ultra-7-255h-16gb-1tb-w11-ohs-m365b-14-0-wuxga-1731903570234869134?extParam=ivf%3Dtrue%26keyword%3Dlaptop+asus%26src%3Dsearch,Laptop Asus VivoBook S14 S3407CA Ultra 7 255H Ram 16Gb 1Tb Ssd Win 11 + Office OHS Ori 14.0Wuxga,Asus,S3407CA,,16,1024,,,20759000,,new,Herlinacom,5.0,,False,,Depok,2026-08-28T01:36:30.547474,False,
tokopedia,103082981663,https://www.tokopedia.com/royalltech/laptop-asus-expertbook-p1403cva-intel-core-i5-210h-16gb-512gb-ssd-w11-ohs-m365b-14-0fhd-vips-3y-1734520105695544823?extParam=ivf%3Dfalse%26keyword%3Dlaptop+asus%26src%3Dsearch,Laptop ASUS Expertbook P1403CVA Intel Core I5 210H 16GB 512GB SSD W11+OHS+M365B 14.0FHD VIPS 3Y,Asus,P1403CVA,,16,512,,,12789000,,new,royalltech,5.0,,False,,Jakarta Utara,2026-08-28T01:36:30.547671,False,
tokopedia,102948082062,https://www.tokopedia.com/royalltech/laptop-asus-expertbook-p1403cva-intel-core-3-100-16gb-8gb-512gb-w11-ohs-14-0fhd-garansi-resmi-3y-1734232895272748535?extParam=ivf%3Dfalse%26keyword%3Dlaptop+asus%26src%3Dsearch,[BEBAS ONGKIR] LAPTOP ASUS EXPERTBOOK P1403CVA INTEL CORE 3 100 16GB 8GB 512GB W11+OHS 14.0FHD Garansi Resmi 3Y,Asus,P1403CVA,INTEL CORE 3 100,8,,,,10249000,,new,royalltech,5.0,,False,,Jakarta Utara,2026-08-28T01:36:30.547834,False,
tokopedia,102671909068,https://www.tokopedia.com/royalltech/laptop-asus-rog-zephyrus-g16-oled-ga605kh-ryzen-ai-7-350-rtx5050-8gb-32gb-1tb-w11-ohs-m365b-16-0-nebula-wqxga-240hz-box-mou-r7n55ol6g-hm-1733517975116547575?extParam=ivf%3Dfalse%26keyword%3Dlaptop+asus%26src%3Dsearch,LAPTOP ASUS ROG ZEPHYRUS G16 OLED GA605KH RYZEN AI 7 350 RTX5050 8GB/ 32GB 1TB W11+OHS+M365B 16.0 NEBULA WQXGA 240HZ (BOX MOU) -R7N55OL6G-HM,Asus,GA605KH,RYZEN AI 7 350,32,,RTX5050,,42499000,,new,royalltech,5.0,,False,,Jakarta Utara,2026-08-28T01:36:30.548040,False,
tokopedia,103490603355,https://www.tokopedia.com/kanglaptop/asus-tuf-a16-fa607nug-rtx4050-ryzen-7-7445hs-16gb-512gb-w11-ohs-16-0-fhd-ips-1731161671457474377-1736105534487562057?extParam=ivf%3Dtrue%26keyword%3Dlaptop+asus%26src%3Dsearch,Laptop Asus TUF Gaming A16 FA607NUG Ryzen 7-7445HS RTX 4050 16GB 1TB SSD 16.0 Inch WUXGA 165Hz Windows 11,Asus,FA607NUG,,16,1024,RTX 4050,16.0,22369000,,new,KangLaptop_NEW,5.0,,False,,Jakarta Selatan,2026-08-28T01:36:30.548454,False,
tokopedia,12286870524,https://www.tokopedia.com/teknotrend/laptop-asus-vivobook-go-14-e1404fa-ryzen-3-7320u-8gb-512gb-14-1731262086672779202?extParam=ivf%3Dtrue%26keyword%3Dlaptop+asus%26src%3Dsearch,"Payday SALE Laptop ASUS Vivobook 14 A1404VAP Intel Core 3-100U RAM 8GB SSD 512GB Layar 14""Inch IPS FHD Windows 11 Home + Microsoft Office Home 2024",Asus,A1404VAP,INTEL CORE 3-100U,8,512,,14.0,9855500,,new,TeknoTrend ID,5.0,,False,,Jakarta Pusat,2026-08-28T01:36:30.548582,False,
tokopedia,103175391258,https://www.tokopedia.com/royalltech/laptop-asus-vivobook-x1404va-a1405za-a1404za-i7-1355-i5-1335-i3-1315-gen-13-ram-16gb-ssd-512gb-14-fhd-ips-w11-ohs-laptop-tipis-kencang-terlaris-a1405za-a1404za-a1404va-a1400ea-a416jao-a416ja-1731358609803347447-1734912674506638839?extParam=ivf%3Dfalse%26keyword%3Dlaptop+asus%26src%3Dsearch,Laptop ASUS Vivobook X1404VA A1405ZA A1404ZA i3 1315 Gen 13 RAM 16GB SSD 512GB 14” FHD IPS W11 + OFFICE - Laptop Tipis Kencang Terlaris - A1405ZA A1404ZA A1404VA A1400EA A416JAO A416JA,Asus,X1404VA,I3 1315,16,512,,,8449000,,new,royalltech,5.0,,False,,Jakarta Utara,2026-08-28T01:36:30.548773,False,
tokopedia,100493728928,https://www.tokopedia.com/gameridsurabaya/laptop-asus-vivobook-s14-s3407ca-intel-core-ultra-5-225h-ram-16-gb-ssd-1-tb-windows-11-office-home-student-14-wuxga-1731460443608680403?extParam=ivf%3Dfalse%26keyword%3Dlaptop+asus%26src%3Dsearch,"Laptop ASUS Vivobook S14 S3407CA Intel Core Ultra 5 225H RAM 16 GB SSD 1 TB WIndows 11 + Office Home Student 14"" WUXGA",Asus,S3407CA,INTEL CORE ULTRA 5 225H,16,1024,,,19789000,,new,Gamer ID Surabaya,5.0,,False,,Surabaya,2026-08-28T01:36:30.548881,False,
tokopedia,102583153463,https://www.tokopedia.com/royalltech/laptop-asus-rog-strix-g17-g713pv-ryzen-9-7845hx-rtx4060-16gb-1tb-windows-11-ohs-17-3-qhd-240hz-gaming-laptop-asus-rog-gaming-rog-1733271108818208247?extParam=ivf%3Dfalse%26keyword%3Dlaptop+asus%26src%3Dsearch,Laptop ASUS ROG Strix G17 G713PV Ryzen 9 7845HX RTX4060 16GB 1TB Windows 11+OHS 17.3” QHD 240Hz Gaming Laptop Asus ROG Gaming ROG,Asus,G713PV,RYZEN 9 7845HX,16,,RTX4060,,24859000,,new,royalltech,5.0,,False,,Jakarta Utara,2026-08-28T01:36:30.549123,False,
tokopedia,102419412295,https://www.tokopedia.com/gamingdistributorid/laptop-asus-expertbook-p1403cva-intel-core-i7-13620h-16gb-512gb-w11-ohs-o365b-14-full-hd-1732867115701405294?extParam=ivf%3Dtrue%26keyword%3Dlaptop+asus%26src%3Dsearch,Laptop Asus ExpertBook P3 G1 P3406CCAP ULTRA 5 225H 16GB 1TB SSD W11+OHS+M365B 14.0WUXGA,Asus,P3406CCAP,,16,1024,,,14749000,,new,GAMING DISTRIBUTOR ID,5.0,,False,,Jakarta Barat,2026-08-28T01:36:30.549302,False,
tokopedia,102568525406,https://www.tokopedia.com/royalltech/laptop-asus-tuf-a16-fa607nug-ryzen-7-7445hs-rtx4050-ram-32gb-ssd-1tb-w11-office-16-fhd-laptop-gaming-military-grade-1733233219444901367?extParam=ivf%3Dfalse%26keyword%3Dlaptop+asus%26src%3Dsearch,Laptop ASUS TUF A16 FA607NUG Ryzen 7 7445HS RTX4050 RAM 32GB SSD 1TB W11 + Office 16” FHD – Laptop Gaming Military Grade,Asus,FA607NUG,RYZEN 7 7445HS,32,1024,RTX4050,,19289000,,new,royalltech,5.0,,False,,Jakarta Utara,2026-08-28T01:36:30.549436,False,
tokopedia,103173269037,https://www.tokopedia.com/infonet-margonda-depok/asus-e1404fa-vips5851m-ryzen-5-7520u-8gb-512gb-ssd-integrated-14-fhd-ips-w11-ohs24-m365-1734867834948847531-1734897602574845867?extParam=ivf%3Dfalse%26keyword%3Dlaptop+asus%26src%3Dsearch,"Asus E1404FA-VIPS5851M VIPS5853M Ryzen 5 7520U 8GB 512GB SSD 14"" FHD IPS W11 OHS24 M365 Laptop dengan Garansi Resmi 2 Tahun",Asus,E1404FA-VIPS5851M,RYZEN 5 7520U,8,512,,,11699000,,new,INFONET MARGONDA DEPOK,5.0,,False,,Depok,2026-08-28T01:36:30.549621,False,
tokopedia,100789811873,https://www.tokopedia.com/prostorecomputer/asus-vivobook-s-14-s3407ca-ultra-7-255h-ultra-5-225h-16gb-1tb-w11-ohs-m365b-14-0wuxga-vips-laptop-ultrabook-notebook-slim-1731969468948973467?extParam=ivf%3Dfalse%26keyword%3Dlaptop+asus%26src%3Dsearch,ASUS VIVOBOOK S 14 S3407CA ULTRA 7 255H ULTRA 5 225H 16GB 1TB W11+OHS+M365B 14.0WUXGA VIPS - LAPTOP ULTRABOOK NOTEBOOK SLIM,Asus,S3407CA,,16,,,,19789000,,new,ProStoreComputer,5.0,,False,,Jakarta Utara,2026-08-28T01:36:30.549853,False,
tokopedia,103287849427,https://www.tokopedia.com/royalltech/laptop-asus-zenbook-14-oled-touch-ux3405ca-intel-ultra-5-225h-16gb-1tb-ssd-w11-ohs-14-0-2k-evo-laptop-layar-oled-touch-screen-garansi-resmi-2-tahun-1734319748535649783?extParam=ivf%3Dfalse%26keyword%3Dlaptop+asus%26src%3Dsearch,Laptop ASUS ZENBOOK 14 OLED TOUCH UX3405CA INTEL ULTRA 5 225H 16GB 1TB SSD W11+OHS 14.0 2K EVO - Laptop Layar OLED  Touch Screen Garansi Resmi 2 Tahun,Asus,UX3405CA,,16,1024,,,24579000,,new,royalltech,5.0,,False,,Jakarta Utara,2026-08-28T01:36:30.550080,False,
tokopedia,103331599615,https://www.tokopedia.com/gameridsurabaya/asus-vivobook-14-a1404va-i3-1315-8gb-512ssd-w11-ohs-14-fhd-ips-1735392995515795411?extParam=ivf%3Dfalse%26keyword%3Dlaptop+asus%26src%3Dsearch,"LAPTOP ASUS VIVOBOOK 14 A1404VA INTEL i3 1315 RAM 8GB SSD 256GB - 512GB WINDOWS 11+OFFICE +M365B LAYAR 14.0"" FHD VIPS -VIPS3854M",Asus,A1404VA,I3 1315,8,256,,,9929000,,new,Gamer ID Surabaya,5.0,,False,,Surabaya,2026-08-28T01:36:30.550228,False,
tokopedia,102873284202,https://www.tokopedia.com/gameridsurabaya/laptop-asus-vivobook-go-14-e1404fa-ryzen-3-7320u-ram-8gb-ssd-256-512gb-windows-11-office-home-student-fullhd-vips-1734065867886069715?extParam=ivf%3Dfalse%26keyword%3Dlaptop+asus%26src%3Dsearch,Laptop Asus Vivobook Go 14 E1404FA Ryzen 3 7320U RAM 8GB SSD 256 / 512GB Windows 11 + Office Home Student FullHD VIPS,Asus,E1404FA,RYZEN 3 7320U,8,,,,9399000,,new,Gamer ID Surabaya,5.0,,False,,Surabaya,2026-08-28T01:36:30.550378,False,
tokopedia,102355107081,https://www.tokopedia.com/gameridsurabaya/laptop-asus-experbook-tkdn-bg1409cva-intel-core-i5-1334u-ram-8gb-ssd-512-gb-14-full-hd-windows-11-1732719262299817939?extParam=ivf%3Dfalse%26keyword%3Dlaptop+asus%26src%3Dsearch,"Laptop ASUS Experbook TKDN BG1409CVA Intel Core I5 1334U RAM 8GB SSD 512 GB 14"" Full HD Windows 11",Asus,BG1409CVA,I5 1334U,8,512,,,12899000,,new,Gamer ID Surabaya,5.0,,False,,Surabaya,2026-08-28T01:36:30.550496,False,
tokopedia,102313754463,https://www.tokopedia.com/galaxy-solusindo/asus-tuf-a16-fa607nug-r745j6m-hm-geforce-rtx-4050-amd-ryzen-7-7445hs-512gb-ssd-16gb-ram-mecha-gray-notebook-laptop-gaming-1732620370521130401?extParam=ivf%3Dfalse%26keyword%3Dlaptop+asus%26src%3Dsearch,ASUS TUF A16 FA607NUG-R745J6M-HM - GeForce RTX 4050 AMD Ryzen 7 7445HS 512GB SSD 16GB RAM Mecha Gray Notebook Laptop Gaming,Asus,FA607NUG-R745J6M-HM,RYZEN 7 7445HS,16,16,RTX 4050,,25499000,,new,Galaxy Solusindo,5.0,,False,,Malang,2026-08-28T01:36:30.550648,False,
tokopedia,102621206153,https://www.tokopedia.com/kingznotebook/laptop-asus-expertbook-p3-p3405cva-i5-13420h-16gb-512ssd-w11-ohs-14-wuxga-1733375372574099116?extParam=ivf%3Dfalse%26keyword%3Dlaptop+asus%26src%3Dsearch,"Laptop Asus ExpertBook P3 P3405CVA i5 13420H 16GB 512SSD W11+OHS 14"" WUXGA",Asus,P3405CVA,I5 13420H,,,,,14379000,,new,Kingz Notebook,5.0,,False,,Jakarta Pusat,2026-08-28T01:36:30.550778,False,
tokopedia,103177049347,https://www.tokopedia.com/royalltech/laptop-asus-vivobook-s-oled-s5406ma-x-s5506ma-ultra-9-185h-ultra-7-155h-16gb-1tb-ssd-windows-11-office-laptop-ultrabook-laptop-oled-tipis-1731568283914962423-1734917633884521975?extParam=ivf%3Dfalse%26keyword%3Dlaptop+asus%26src%3Dsearch,Laptop ASUS VivoBook S15 OLED S5506MA Intel Ultra 7 155H 16GB 1TB SSD Windows 11 + Office | LAPTOP ULTRABOOK LAPTOP OLED TIPIS,Asus,S5506MA,,16,1024,,,16279000,,new,royalltech,5.0,,False,,Jakarta Utara,2026-08-28T01:36:30.551064,False,
tokopedia,103757918649,https://www.tokopedia.com/gateway/asus-vivobook-s-15-oled-s5506ma-core-ultra-7-155h-16gb-1tb-ssd-w11-15-6-inch-qhd-ips-3k-120hz-1730849223708018101-1737080031452693941?extParam=ivf%3Dfalse%26keyword%3Dlaptop+asus%26src%3Dsearch,"[SALE] ASUS VIVOBOOK S 15 OLED S5506MA CORE ULTRA 7 155H 16GB 1TB SSD W11 15.6"" QHD IPS 3K 120HZ LAPTOP",Asus,S5506MA,CORE ULTRA 7 155H,16,1024,,,16594580,,new,Gateway Indonesia Comp,5.0,,False,,Jakarta Utara,2026-08-28T01:36:30.551215,False,
tokopedia,102828908071,https://www.tokopedia.com/onestopgaming/laptop-asus-vivobook-14-a1404va-intel-core-i3-1315u-8gb-ram-256gb-512gb-ssd-14-fhd-windows-11-ohs-2024-blue-silver-1733943860027688194?extParam=ivf%3Dtrue%26keyword%3Dlaptop+asus%26src%3Dsearch,"[ RESMI + ADP ] Laptop Asus Vivobook 14 A1404VA Intel Core i3-1315U 8GB RAM 256GB 512GB SSD 14"" FHD Windows 11 Blue Silver",Asus,A1404VA,I3-1315U,256,512,,,8796500,,new,Onestop Gaming,5.0,,False,,Jakarta Pusat,2026-08-28T01:36:30.551358,False,
tokopedia,103097602173,https://www.tokopedia.com/royalltech/laptop-asus-vivobook-go-14-e410ka-intel-n4500-8gb-512gb-ssd-w11-ohs-14-inch-cocok-untuk-anak-sekolah-kerja-harian-1729847267949512183-1734614315886478839?extParam=ivf%3Dfalse%26keyword%3Dlaptop+asus%26src%3Dsearch,Laptop Asus Vivobook GO 14 E1404TA INTEL N150 RAM 8GB 512GB SSD W11+OHS+M365B 14.0FHD IPS - Cocok untuk anak sekolah - kerja harian,Asus,E1404TA,INTEL N150,8,512,,,8499000,,new,royalltech,5.0,,False,,Jakarta Utara,2026-08-28T01:36:30.551525,False,
tokopedia,102150922946,https://www.tokopedia.com/gasoldinoyo/asus-tuf-a15-fa506ncg-r735b1t-hm-geforce-rtx-3050-amd-ryzen-7-7445hs-512gb-ssd-8gb-ram-notebook-laptop-gaming-1732295897674843304?extParam=ivf%3Dfalse%26keyword%3Dlaptop+asus%26src%3Dsearch,ASUS TUF A15 FA506NCG-R735B1T-HM - GeForce RTX 3050 AMD Ryzen 7 7445HS 512GB SSD 8GB RAM Notebook Laptop Gaming,Asus,FA506NCG-R735B1T-HM,RYZEN 7 7445HS,8,512,RTX 3050,,15799000,,new,GASOL DINOYO MALANG,5.0,,False,,Malang,2026-08-28T01:36:30.551690,False,
tokopedia,102945875403,https://www.tokopedia.com/kingznotebook/laptop-asus-vivobook-go-14-e1404fa-ryzen-5-7520u-16gb-512gb-w11-ohs-1734228449544603308?extParam=ivf%3Dfalse%26keyword%3Dlaptop+asus%26src%3Dsearch,Laptop Asus VivoBook Go 14 E1404FA Ryzen 5 7520U 16GB 512GB W11+OHS,Asus,E1404FA,RYZEN 5 7520U,16,,,,10809000,,new,Kingz Notebook,5.0,,False,,Jakarta Pusat,2026-08-28T01:36:30.551838,False,
tokopedia,103364442019,https://www.tokopedia.com/kingznotebook/laptop-asus-vivobook-14-a1404vap-core-7-150u-16gb-1tb-ssd-w11-ohs-14-fhd-1733478121392408236-1735498568455980716?extParam=ivf%3Dfalse%26keyword%3Dlaptop+asus%26src%3Dsearch,Laptop Asus VivoBook 14 A1404VAP Core 7 150U 16GB 1TB SSD W11+OHS 14” FHD,Asus,A1404VAP,CORE 7 150U,16,1024,,,16069000,,new,Kingz Notebook,5.0,,False,,Jakarta Pusat,2026-08-28T01:36:30.552801,False,
tokopedia,103298883316,https://www.tokopedia.com/agresidjakut/asus-vivobook-go-14-e410ka-intel-n4500-ram-8gb-512gb-windows-11-office-14-0-full-hd-backlight-1730266806868608985-1735263602776311378?extParam=ivf%3Dfalse%26keyword%3Dlaptop+asus%26src%3Dsearch,[LAPTOP] ASUS VIVOBOOK GO 14 E1404TA N150 8GB 256GB W11+OHS+M365B 14.0FHD IPS -VIPS1821M GARANSI RESMI,Asus,E1404TA,N150,8,,,,8449000,,new,Agres ID Jakarta Utara,5.0,,False,,Jakarta Pusat,2026-08-28T01:36:30.553062,False,
tokopedia,103630681719,https://www.tokopedia.com/gateway/tablet-lenovo-legion-tablet-qualcomm-snapdragon-8-gen-3-12gb-256gb-1732675943687685557-1736703295144428981?extParam=ivf%3Dfalse%26keyword%3Dlaptop+asus%26src%3Dsearch,"ASUS VIVOBOOK 15 F1504VA CORE I5 1334 16GB 512GB W11 15.6"" FHD LAPTOP",Asus,F1504VA,I5 1334,16,,,,10559000,,new,Gateway Indonesia Comp,5.0,,False,,Jakarta Utara,2026-08-28T01:36:30.553218,False,
tokopedia,102617498951,https://www.tokopedia.com/gateway/asus-tuf-gaming-a16-ryzen-7-260-rtx5050-32gb-1tb-ssd-w11-ohs-m365b-16-inch-wuxga-fa608uh-1733364218099434933?extParam=ivf%3Dfalse%26keyword%3Dlaptop+asus%26src%3Dsearch,"ASUS TUF GAMING A16 FA608UH RYZEN 7 260 RTX5050 32GB 1TB SSD W11+OHS+M365B 16"" WUXGA LAPTOP GAMING",Asus,FA608UH,RYZEN 7 260,32,1024,RTX5050,,26209000,,new,Gateway Indonesia Comp,5.0,,False,,Jakarta Utara,2026-08-28T01:36:30.553370,False,
tokopedia,102593821465,https://www.tokopedia.com/gameridsurabaya/laptop-asus-gaming-v16-v3607vj-intel-core-5-210-h-geforce-rtx-3050-6gb-ram-8-gb-ssd-512-gb-windows-11-office-home-student-16-wuxga-144hz-1733296662711470035?extParam=ivf%3Dfalse%26keyword%3Dlaptop+asus%26src%3Dsearch,"Laptop ASUS Gaming V16 V3607VJ Intel COre 5 210 H GeForce RTX 3050 6GB RAM 8 GB SSD 512 GB Windows 11 + Office Home Student 16"" WUXGA 144Hz",Asus,V3607VJ,INTEL CORE 5 210,8,512,RTX 3050,,15829000,,new,Gamer ID Surabaya,5.0,,False,,Surabaya,2026-08-28T01:36:30.553499,False,
tokopedia,100556692056,https://www.tokopedia.com/alienwarestore/laptop-asus-vivobook-go-15-e1504fa-ryzen-3-7320u-16gb-512gb-w11-15-6-fhd-1731568050663359832?extParam=ivf%3Dfalse%26keyword%3Dlaptop+asus%26src%3Dsearch,Laptop ASUS Vivobook Go 15 E1504FA Ryzen 3-7320U 16GB 512GB W11 15.6 FHD,Asus,E1504FA,,16,,,,11099000,,new,ALIENWARE GAMING STORE,5.0,,False,,Jakarta Utara,2026-08-28T01:36:30.553676,False,
tokopedia,15898742252,https://www.tokopedia.com/decacom/laptop-asus-vivobook-go-14-e1404ga-i3-n305-8gb-256gb-512gb-w11-ohs-14-0fhd-1730617147543619551?extParam=ivf%3Dfalse%26keyword%3Dlaptop+asus%26src%3Dsearch,Laptop ASUS VivoBook GO 14 E1404GA i3-N305 8GB 256GB/512GB W11+OHS 14.0FHD,Asus,E1404GA,N305,8,,,,9199000,,new,Deca Computer,5.0,,False,,Jakarta Utara,2026-08-28T01:36:30.553843,False,
tokopedia,16483933228,https://www.tokopedia.com/teknotrend/laptop-asus-vivobook-14-a1404va-i3-1315u-8gb-256gb-14-fhd-1731262212400056258?extParam=ivf%3Dtrue%26keyword%3Dlaptop+asus%26src%3Dsearch,"Payday SALE Laptop Asus VIVOBOOK 14 A1404VA i3 1315U 8GB 256GB 14"" FHD",Asus,A1404VA,I3 1315U,8,,,,8796500,,new,TeknoTrend ID,5.0,,False,,Jakarta Pusat,2026-08-28T01:36:30.554005,False,
tokopedia,11578389365,https://www.tokopedia.com/onestopgaming/laptop-asus-vivobook-go-14-e1404fa-amd-ryzen-3-7320u-ram-8gb-512gb-256gb-ssd-14-fhd-windows-ohs-1731305028505011458?extParam=ivf%3Dtrue%26keyword%3Dlaptop+asus%26src%3Dsearch,"[ GARANSI RESMI ] Laptop ASUS Vivobook Go 14 E1404FA AMD Ryzen 3-7320U RAM 8GB 512GB 256GB SSD 14"" FHD Windows + OHS",Asus,E1404FA,,8,256,,,8535500,,new,Onestop Gaming,5.0,,False,,Jakarta Pusat,2026-08-28T01:36:30.554163,False,
tokopedia,103050105884,https://www.tokopedia.com/royalltech/laptop-acer-aspire-lite-15-al15-amd-ryzen-5-8640hs-8gb-512gb-ssd-w11-ohs-m365b-15-0fhd-ips-61p-r3qe-1734417912050517495?extParam=ivf%3Dfalse%26keyword%3Dlaptop+acer%26search_id%3D2026082801364389F0FD5C927D460BD8JM%26src%3Dsearch,LAPTOP ACER ASPIRE LITE 15 AL15 AMD RYZEN 5 8640HS 8GB 512GB SSD W11+OHS+M365B 15.0FHD IPS -61P.R3QE,Acer,,RYZEN 5 8640HS,8,512,,,10779000,,new,royalltech,5.0,,False,,Jakarta Utara,2026-08-28T01:36:49.936066,False,
tokopedia,103312271643,https://www.tokopedia.com/technocentral/laptop-acer-predator-helios-neo-16s-ai-oled-ultra-7-255hx-rtx5050-8gb-16gb-1tb-w11-ohs-16-0wqxga-240hz-1733594818057176707-1735324455550224003?extParam=ivf%3Dfalse%26keyword%3Dlaptop+acer%26search_id%3D2026082801364389F0FD5C927D460BD8JM%26src%3Dsearch,LAPTOP ACER PREDATOR HELIOS NEO 16S AI OLED ULTRA 7 255HX RTX5050 8GB/ 16GB 1TB W11+OHS 16.0WQXGA 240HZ,Acer,,,16,,RTX5050,,30999000,,new,Techno Central,5.0,,False,,Bogor,2026-08-28T01:36:49.936927,False,
tokopedia,102279614593,https://www.tokopedia.com/gameridsurabaya/laptop-acer-nitro-v15-amd-ryzen-7-7445hs-geforce-rtx-4050-6-gb-ram-16-gb-ssd-512-gb-windows-office-home-student-15-6-full-hd-180-hz-100-srgb-1732559423738578899?extParam=ivf%3Dfalse%26keyword%3Dlaptop+acer%26search_id%3D2026082801364389F0FD5C927D460BD8JM%26src%3Dsearch,"Laptop Acer nitro V15 AMD Ryzen 7 7445HS GeForce rtx 4050 6 GB RAM 16 GB SSD 512 GB + Windows + Office HOme Student 15.6"" Full HD 180 Hz 100 SRGB",Acer,Nitro V15,RYZEN 7 7445HS,16,512,RTX 4050,,18779000,,new,Gamer ID Surabaya,5.0,,False,,Surabaya,2026-08-28T01:36:49.937041,False,
tokopedia,100837748024,https://www.tokopedia.com/prostorecomputer/acer-aspire-lite-al14-i7-12650h-i5-13500h-1334-i3-n355-1215-16gb-8gb-1tb-512gb-256gb-w11-ohs-14-0wuxga-ips-laptop-ultrabook-notebook-1732034564985751451?extParam=ivf%3Dfalse%26keyword%3Dlaptop+acer%26search_id%3D2026082801364389F0FD5C927D460BD8JM%26src%3Dsearch,ACER ASPIRE LITE AL14 I7 12650H I5 13500H 1334 I3 N355 1215 16GB 8GB 1TB 512GB 256GB W11+OHS 14.0WUXGA IPS - LAPTOP ULTRABOOK NOTEBOOK,Acer,,I7 12650H,8,,,,8858900,,new,ProStoreComputer,5.0,,False,,Jakarta Utara,2026-08-28T01:36:49.937248,False,
tokopedia,102270923447,https://www.tokopedia.com/jekardah/laptop-acer-aspire-14-core-i5-120u-16gb-512gb-w11-ohs-14-0wuxga-1732540382306534698?extParam=ivf%3Dfalse%26keyword%3Dlaptop+acer%26search_id%3D2026082801364389F0FD5C927D460BD8JM%26src%3Dsearch,Laptop Acer Aspire 14 Core I5 120U 16GB 512GB W11+OHS 14.0WUXGA,Acer,Aspire 14,,16,,,,11399000,,new,LAPTOP GADGET ID,5.0,,False,,Jakarta Pusat,2026-08-28T01:36:49.937353,False,
tokopedia,103061001401,https://www.tokopedia.com/royalltech/laptop-acer-swift-go-oled-sfg14-intel-ultra-7-155h-32gb-1tb-ssd-w11-ohs-14-0-2-8k-90hz-evo-2y-adp-1734432118747858423?extParam=ivf%3Dfalse%26keyword%3Dlaptop+acer%26search_id%3D2026082801364389F0FD5C927D460BD8JM%26src%3Dsearch,LAPTOP ACER SWIFT GO OLED SFG14 INTEL ULTRA 7 155H 32GB 1TB SSD W11+OHS 14.0 2.8K 90HZ EVO 2Y+ADP,Acer,,,32,1024,,,17059000,,new,royalltech,5.0,,False,,Jakarta Utara,2026-08-28T01:36:49.937473,False,
tokopedia,103034882555,https://www.tokopedia.com/royalltech/laptop-acer-aspire-7-pro-a715-intel-core-i7-13620h-rtx3050-6gb-16gb-512gb-w11-ohs-m365b-15-6fhd-144hz-1734394845324936695?extParam=ivf%3Dfalse%26keyword%3Dlaptop+acer%26search_id%3D2026082801364389F0FD5C927D460BD8JM%26src%3Dsearch,LAPTOP ACER ASPIRE 7 PRO A715 INTEL CORE I7 13620H RTX3050 6GB/ 16GB 512GB W11+OHS+M365B 15.6FHD 144HZ,Acer,A715,I7 13620H,16,,RTX3050,,15749000,,new,royalltech,5.0,,False,,Jakarta Utara,2026-08-28T01:36:49.937595,False,
tokopedia,102414335872,https://www.tokopedia.com/ten-com/laptop-acer-aspire-lite-14-al14-intel-i3-n355-8gb-512gb-windows-11-ohs-14inch-garansi-resmi-1732855599878079751?extParam=ivf%3Dtrue%26keyword%3Dlaptop+acer%26search_id%3D2026082801364389F0FD5C927D460BD8JM%26src%3Dsearch,Laptop Acer Aspire Lite 14 AL14 Intel i3 N355 8GB 512GB Windows 11 OHS 14inch Garansi Resmi,Acer,,N355,8,,,14.0,9079000,,new,Ten Com,5.0,,False,,Jakarta Selatan,2026-08-28T01:36:49.937714,False,
tokopedia,103193903652,https://www.tokopedia.com/acerid/gajian-sale-acer-aspire-lite-14-al14-71p-core-i5-13500h-16gb-8gb-ram-ddr5-512gb-ssd-iris-xe-eligible-14-ips-wuxga-w11h-oh2024-silver-544e-nx-d7ssn-001-1731239334146966549-1734977900019876885?extParam=ivf%3Dfalse%26keyword%3Dlaptop+acer%26search_id%3D2026082801364389F0FD5C927D460BD8JM%26src%3Dsearch,"Acer Aspire Lite 14 AL14-44P-R1XH – Ryzen 7 7730U | 8GB DDR4 | 512GB SSD | 14.5” WUXGA IPS AL14-44P-R1XH RYZEN 7 7730U 8GB 512GB SSD 14.5"" WUXGA IPS W11H OH24+M365 SILVER [NX.DMCSN.002] Laptop karyawan, mahasiswa, UMKM, multitasking harian hingga menengah",Acer,,RYZEN 7 7730U,8,512,,,10528822,,new,Acer Official Authorized Store,5.0,,False,,Jakarta Pusat,2026-08-28T01:36:49.937961,False,
tokopedia,102655539595,https://www.tokopedia.com/legendeltro-id/laptop-acer-aspire-lite-14-al14-ryzen-3-5300-8gb-512gb-w11-ohs-m365b-14-0wuxga-ips-1733461741345670193?extParam=ivf%3Dfalse%26keyword%3Dlaptop+acer%26search_id%3D2026082801364389F0FD5C927D460BD8JM%26src%3Dsearch,Laptop ACER ASPIRE LITE 14 AL14 RYZEN 3 5300 8GB 512GB W11+OHS+M365B 14.0WUXGA IPS,Acer,,RYZEN 3 5300,8,,,,8599000,,new,LEGEND.ELTRO.ID,5.0,,False,,Tangerang Selatan,2026-08-28T01:36:49.938078,False,
tokopedia,100584995751,https://www.tokopedia.com/gameridsurabaya/laptop-acer-nitro-lite-16-intel-core-i5-13420h-geforce-rtx-4050-6gb-ram-16-gb-ssd-512-gb-windows-11-office-home-student-16-wuxga-180hz-100srgb-1731639596120180691?extParam=ivf%3Dfalse%26keyword%3Dlaptop+acer%26search_id%3D2026082801364389F0FD5C927D460BD8JM%26src%3Dsearch,"Laptop Acer Nitro Lite 16 Intel Core i5 13420H GeForce RTX 4050 6GB RAM 16 GB SSD 512 GB Windows 11 + Office Home Student 16"" WUXGA 180Hz 100Srgb",Acer,,I5 13420H,16,512,RTX 4050,,17659000,,new,Gamer ID Surabaya,5.0,,False,,Surabaya,2026-08-28T01:36:49.938260,False,
tokopedia,102362050349,https://www.tokopedia.com/enterkomputer/acer-nitro-v-15-anv15-42-r60u-laptop-ryzen-7-7445hs-ram-16gb-ssd-512gb-rtx-4050-6gb-15-6-fhd-180hz-1732728412146927184?extParam=ivf%3Dfalse%26keyword%3Dlaptop+acer%26search_id%3D2026082801364389F0FD5C927D460BD8JM%26src%3Dsearch,"Acer Nitro V 15 ANV15-42-R60U - Laptop Ryzen 7 7445HS RAM 16GB SSD 512GB RTX 4050 6GB 15.6"" FHD 180Hz",Acer,,RYZEN 7 7445HS,16,512,RTX 4050,,18866000,,new,Enter Komputer Official,5.0,,False,,Jakarta Pusat,2026-08-28T01:36:49.938353,False,
tokopedia,14441369174,https://www.tokopedia.com/royalltech/laptop-acer-swift-14-ai-oled-sf14-intel-ultra-5-226v-16gb-1tb-ssd-w11-ohs-14-0wuxga-60hz-blu-2y-adp-51-583l-1729964595526075895?extParam=ivf%3Dfalse%26keyword%3Dlaptop+acer%26search_id%3D2026082801364389F0FD5C927D460BD8JM%26src%3Dsearch,LAPTOP ACER SWIFT 14 AI OLED SF14 INTEL ULTRA 5 226V 16GB 1TB SSD W11+OHS 14.0WUXGA 60HZ BLU 2Y+ADP -51.583L,Acer,Swift 14,,16,1024,,,17459000,,new,royalltech,5.0,,False,,Jakarta Utara,2026-08-28T01:36:49.938483,False,
tokopedia,13679494622,https://www.tokopedia.com/kingznotebook/laptop-acer-swift-go-sfg14-73-ultra-7-155h-32gb-1tb-ssd-win11-ohs-14-2k-oled-non-bundling-silver-26ca2?extParam=ivf%3Dfalse%26keyword%3Dlaptop+acer%26search_id%3D2026082801364389F0FD5C927D460BD8JM%26src%3Dsearch,"Laptop Acer Swift Go SFG14-73 Ultra 7- 155H 32GB 1TB SSD WIN11 + OHS 14"" 2K OLED",Acer,,,32,1024,,,18779000,,new,Kingz Notebook,5.0,,False,,Jakarta Pusat,2026-08-28T01:36:49.938591,False,
tokopedia,103463122020,https://www.tokopedia.com/ten-com/acer-nitro-v-15-anv15-51-901s-rtx4060-i9-13900h-32gb-1tb-ssd-15-6inch-fhd-144hz-garansi-resmi-laptop-gaming-intel-core-i9-13900h-nvidia-geforce-rtx-4060-8gb-gddr6-windows-11-1729914325499479303-1735976448723617031?extParam=ivf%3Dtrue%26keyword%3Dlaptop+acer%26search_id%3D2026082801364389F0FD5C927D460BD8JM%26src%3Dsearch,Acer Nitro V 15 ANV15-52-7783 RTX5050 i7 13620H 32GB 1TB SSD 15.6inch FHD 180Hz 100sRGB Garansi Resmi Laptop Gaming Intel Core i9-13900H NVIDIA GeForce RTX 4060 8GB GDDR6 Windows 11,Acer,,I7 13620H,32,1024,RTX5050,15.6,21099000,,new,Ten Com,5.0,,False,,Jakarta Selatan,2026-08-28T01:36:49.938715,False,
tokopedia,102546244914,https://www.tokopedia.com/toptech/laptop-acer-aspire-go-14-ag14-core-5-120u-8gb-512gb-14-0wuxga-ips-w11-ohs-1733173128035402868?extParam=ivf%3Dfalse%26keyword%3Dlaptop+acer%26search_id%3D2026082801364389F0FD5C927D460BD8JM%26src%3Dsearch,[CO] Laptop ACER ASPIRE GO 14 AG14 CORE 5 120U 16GB 512GB 14.0WUXGA IPS W11 OHS,Acer,,CORE 5 120U,16,,,,10566180,,new,Top Tech Comp,5.0,,False,,Jakarta Utara,2026-08-28T01:36:49.938812,False,
tokopedia,102753182283,https://www.tokopedia.com/acerid/acer-swift-lite-14-air-edition-sfl14-41m-r5d2-ryzen-5-240u-16gb-512gb-ssd-14-wuxga-ips-w11h-oh24-1y-m365-pure-silver-nx-d8usn-001-laptop-super-ringan-tipis-1733766789373592597?extParam=ivf%3Dfalse%26keyword%3Dlaptop+acer%26search_id%3D2026082801364389F0FD5C927D460BD8JM%26src%3Dsearch,"ACER SWIFT LITE 14 AIR EDITION SFL14-41M-R5D2 RYZEN 5 240U 16GB 512GB SSD 14"" WUXGA IPS W11H OH24+1Y M365 PURE SILVER [NX.D8USN.001] Laptop Super Ringan, Tipis",Acer,,RYZEN 5 240U,16,512,,,12548822,,new,Acer Official Authorized Store,5.0,,False,,Jakarta Pusat,2026-08-28T01:36:49.939069,False,
tokopedia,103350424972,https://www.tokopedia.com/acerid/gajian-sale-acer-aspire-lite-15-al15-42p-r50p-ryzen-5-7430u-8gb-512gb-ssd-15-fhd-ips-win-11-home-office-2024-silver-laptop-pekerja-kantoran-mahasiswa-pengguna-rumahan-layar-besar-1731239350486402069-1735448210454381589?extParam=ivf%3Dtrue%26keyword%3Dlaptop+acer%26search_id%3D2026082801364389F0FD5C927D460BD8JM%26src%3Dsearch,"Acer Aspire Lite 15 AL15-42P-R50P – Ryzen 5 7430U | 8GB RAM | 512GB SSD | 15.6” FHD IPS | Win11 Home + Office 2024 | Silver | Laptop kerja kantoran, mahasiswa & pengguna rumahan dengan layar besar, performa stabil, dan hemat daya",Acer,,RYZEN 5 7430U,8,512,,,10179000,,new,Acer Official Authorized Store,5.0,,False,,Jakarta Pusat,2026-08-28T01:36:49.939261,False,
tokopedia,102953178274,https://www.tokopedia.com/royalltech/laptop-acer-aspire-lite-al14-32p-intel-n150-8gb-ram-512gb-ssd-windows-11-ohs-m365-14-wuxga-laptop-consumer-1734243031838852599?extParam=ivf%3Dfalse%26keyword%3Dlaptop+acer%26search_id%3D2026082801364389F0FD5C927D460BD8JM%26src%3Dsearch,Laptop ACER Aspire Lite AL14 32P Intel N150 8GB RAM 512GB SSD Windows 11 + OHS + M365 14” WUXGA - LAPTOP CONSUMER,Acer,,INTEL N150,512,512,,,8029000,,new,royalltech,5.0,,False,,Jakarta Utara,2026-08-28T01:36:49.939535,False,
tokopedia,103778556851,https://www.tokopedia.com/acer-indonesia/acer-laptop-aspire-lite-14-al14-36p-c7q8-al14-36p-c9yy-14-fhd-intel-celeron-n4500-ram-8gb-storage-512gb-ssd-intel-uhd-graphics-windows-11-1735431280098706872-1737144349722903992?extParam=ivf%3Dfalse%26keyword%3Dlaptop+acer%26search_id%3D2026082801364389F0FD5C927D460BD8JM%26src%3Dsearch,"ACER LAPTOP ASPIRE LITE 14 AL14-36P-C7Q8/AL14-36P-C9YY 14"" FHD INTEL CELERON N4500 RAM 8GB STORAGE 512GB SSD INTEL UHD GRAPHICS WINDOWS 11",Acer,,CELERON N4500,8,512,,,7898900,,new,Acer Indonesia,5.0,,False,,Jakarta Timur,2026-08-28T01:36:49.939662,False,
tokopedia,103050086307,https://www.tokopedia.com/royalltech/laptop-acer-aspire-lite-15-al15-ryzen-7-8840hs-ram-16gb-ssd-512gb-w11-ohs-m365b-15-6-fhd-ips-laptop-kencang-tipis-terlaris-1734417841567925751?extParam=ivf%3Dfalse%26keyword%3Dlaptop+acer%26search_id%3D2026082801364389F0FD5C927D460BD8JM%26src%3Dsearch,Laptop ACER Aspire Lite 15 AL15 Ryzen 7 8840HS RAM 16GB SSD 512GB W11+OHS+M365B 15.6”FHD IPS Laptop Kencang Tipis Terlaris,Acer,,RYZEN 7 8840HS,16,512,,15.6,13429000,,new,royalltech,5.0,,False,,Jakarta Utara,2026-08-28T01:36:49.939781,False,
tokopedia,15849513102,https://www.tokopedia.com/king-laptop/laptop-acer-promo-o2o-khusus-offline?extParam=ivf%3Dfalse%26keyword%3Dlaptop+acer%26search_id%3D2026082801364389F0FD5C927D460BD8JM%26src%3Dsearch,LAPTOP ACER - PROMO O2O (KHUSUS OFFLINE),Acer,,,,,,,7000000,,new,KING Laptop,5.0,,False,,Jakarta Pusat,2026-08-28T01:36:49.939871,False,
tokopedia,103339109699,https://www.tokopedia.com/herlinacom/laptop-acer-aspire-lite-al1-14-intel-core-i3-1215u-ram-8gb-512gb-ssd-win-11-office-ori-14-0-1731176195554641294-1735420225999308174?extParam=ivf%3Dtrue%26keyword%3Dlaptop+acer%26search_id%3D2026082801364389F0FD5C927D460BD8JM%26src%3Dsearch,Laptop ACER Aspire Lite 14 AL14 Intel Core i3 1315 Ram 8Gb Ssd 512GB Win 11+OHS 14.0WUXGA IPS,Acer,,I3 1315,8,512,,,9469000,,new,Herlinacom,5.0,,False,,Depok,2026-08-28T01:36:49.939961,False,
tokopedia,16117793316,https://www.tokopedia.com/gameridsurabaya/laptop-acer-aspire-go-spin-agsp14-touche-screen-intel-core-3-n355-ram-8-gb-ssd-512-gb-windows-11-office-home-student-14-wuxga-pen-2-in-1-1730815584267831251?extParam=ivf%3Dfalse%26keyword%3Dlaptop+acer%26search_id%3D2026082801364389F0FD5C927D460BD8JM%26src%3Dsearch,"Laptop Acer Aspire Go Spin AGSP14 Touche Screen Intel Core 3 N355 RAM 8 GB SSD 512 GB Windows 11 + Office Home Student 14"" WUXGA Pen 2 In 1",Acer,,N355,8,512,,,10669000,,new,Gamer ID Surabaya,5.0,,False,,Surabaya,2026-08-28T01:36:49.940079,False,
tokopedia,103782126914,https://www.tokopedia.com/acerid/acer-nitro-v-15-anv15-51-901s-core-i9-rtx4060-16gb-512gb-ssd-rtx-4060-8gb-15-6-fhd-w11-ohs21-bp-ob-nh-qqesn-001-1731239334548440085-1737157925146559509?extParam=ivf%3Dtrue%26keyword%3Dlaptop+acer%26search_id%3D2026082801364389F0FD5C927D460BD8JM%26src%3Dsearch,"Acer Nitro V15 ANV15-52-71PZ (NH.QUASN.001) – Core 7 240H | 16GB DDR5 | 512GB SSD | RTX 4050 6GB GDDR7 | 15.6"" FHD IPS 180Hz 100% sRGB | Windows 11 Home + Office 2024 | Laptop Gaming untuk gaming AAA, editing, rendering, dan multitasking berat.",Acer,Nitro V15,CORE 7 240H,16,512,RTX 4050,,19778822,,new,Acer Official Authorized Store,5.0,,False,,Jakarta Pusat,2026-08-28T01:36:49.940257,False,
tokopedia,16127485029,https://www.tokopedia.com/agres-id-electronics/acer-aspire-go-spin-agsp14-touch-core-i3-n355-8gb-512gb-w11-ohs-14-0wuxga-pen-2in1-slv-laptop-desain-ringan-garansi-resmi-1731060112878503832?extParam=ivf%3Dtrue%26keyword%3Dlaptop+acer%26search_id%3D2026082801364389F0FD5C927D460BD8JM%26src%3Dsearch,ACER ASPIRE GO SPIN AGSP14 TOUCH CORE I3 N355 8GB 512GB W11+OHS 14.0WUXGA PEN 2IN1 SLV LAPTOP DESAIN RINGAN GARANSI RESMI,Acer,,N355,8,,,,10584000,,new,Agres ID Electronics,5.0,,False,,Depok,2026-08-28T01:36:49.940391,False,
tokopedia,102600725453,https://www.tokopedia.com/acerid/gajian-sale-acer-aspire-lite-14-al14-37p-32av-core-3-n355-8gb-512gb-ssd-14-fhd-ips-w11h-oh2024-fresh-blue-silver-pink-laptop-kerja-kuliah-pelajar-1733317312096470037?extParam=ivf%3Dtrue%26keyword%3Dlaptop+acer%26search_id%3D2026082801364389F0FD5C927D460BD8JM%26src%3Dsearch,"Acer Aspire Lite 14 AL14-37P-32AV – Core 3 N355 | 8GB RAM | 512GB SSD | 14” FHD IPS | Win11 + Office 2024 | Fresh Blue / Silver / Pink | Laptop pelajar, kuliah & kerja ringan dengan desain tipis, hemat daya, dan cukup untuk aktivitas harian",Acer,,N355,8,512,,,10178822,,new,Acer Official Authorized Store,5.0,,False,,Jakarta Pusat,2026-08-28T01:36:49.940606,False,
tokopedia,103036530969,https://www.tokopedia.com/gaminglaptopid/acer-aspire-7-pro-a715-gaming-laptop-i5-13420h-16gb-512gb-rtx3050-6gb-15-6fhd-ips-144hz-w11-ohs-1734396858723632747?extParam=ivf%3Dfalse%26keyword%3Dlaptop+acer%26search_id%3D2026082801364389F0FD5C927D460BD8JM%26src%3Dsearch%26whid%3D13856,ACER ASPIRE 7 PRO A715 GAMING LAPTOP i5 13420H 16GB 512GB RTX3050 6GB 15.6FHD IPS 144HZ W11 OHS,Acer,A715,I5 13420H,16,,RTX3050,,14379000,,new,Gaming Laptop ID,5.0,,False,,Jakarta Utara,2026-08-28T01:36:49.940715,False,
tokopedia,14463514189,https://www.tokopedia.com/rogonline/laptop-acer-aspire-lite-al14-core-i3-n355-8gb-1tb-ssd-w-11-ohs-14-fhd-acer-al14-32p-1729975547305886951?extParam=ivf%3Dfalse%26keyword%3Dlaptop+acer%26search_id%3D2026082801364389F0FD5C927D460BD8JM%26src%3Dsearch,Laptop Acer Aspire Lite AL14 Core I3 N355 8GB 1TB SSD W 11 + OHS 14 FHD Acer AL14-32P,Acer,,N355,8,1024,,,9089000,,new,ROGZ Online,5.0,,False,,Jakarta Pusat,2026-08-28T01:36:49.940820,False,
tokopedia,16266586660,https://www.tokopedia.com/kingznotebook/laptop-acer-aspire-go-14-ag14-ryzen-3-7320u-8gb-512ssd-w11-ohs-14-wuxga-1730875965731996839?extParam=ivf%3Dfalse%26keyword%3Dlaptop+acer%26search_id%3D2026082801364389F0FD5C927D460BD8JM%26src%3Dsearch,"Laptop Acer Aspire GO 14 AG14 Ryzen 3 7320U 8GB 512SSD W11+OHS 14"" WUXGA",Acer,,RYZEN 3 7320U,,,,,8609000,,new,Kingz Notebook,5.0,,False,,Jakarta Pusat,2026-08-28T01:36:49.940919,False,
tokopedia,102630377964,https://www.tokopedia.com/royalltech/laptop-acer-aspire-spin-asp14-touch-ultra-7-155u-16gb-1tb-ssd-w11-ohs-14-0wuxga-pen-2in1-touch-screen-bisa-dilipat-kebelakang-1733398176789202423?extParam=ivf%3Dfalse%26keyword%3Dlaptop+acer%26search_id%3D2026082801364389F0FD5C927D460BD8JM%26src%3Dsearch,LAPTOP ACER ASPIRE SPIN ASP14 TOUCH ULTRA 7 155U 16GB 1TB SSD W11+OHS 14.0WUXGA PEN 2IN1 TOUCH SCREEN BISA DILIPAT KEBELAKANG,Acer,,,16,1024,,,17259000,,new,royalltech,5.0,,False,,Jakarta Utara,2026-08-28T01:36:49.941049,False,
tokopedia,103083672121,https://www.tokopedia.com/acerid/acer-aspire-lite-14-upgradable-ram-ryzen-3-ringan-1-1-kg-office-2024-al14-42p-r1d5-ryzen-3-5300u-8gb-512gb-integrated-14-wuxga-w11-ohs-m365-rose-sakura-laptop-pelajar-mahasiswa-dan-pekerja-1734524245398029333?extParam=ivf%3Dtrue%26keyword%3Dlaptop+acer%26search_id%3D2026082801364389F0FD5C927D460BD8JM%26src%3Dsearch,"(New) Acer Aspire Lite 14 Upgradable RAM | Ryzen 3 | Ringan 1,1 Kg Office 2024 AL14-45P-R1QH Ryzen 3 5400U 8GB 512GB SSD 14"" WUXGA IPS Win11 + Office 2024 + M365 – Rose Sakura - Laptop Pelajar, mahasiswa, dan pekerja",Acer,,RYZEN 3 5400U,8,512,,,8878900,,new,Acer Official Authorized Store,5.0,,False,,Jakarta Pusat,2026-08-28T01:36:49.941378,False,
tokopedia,102672058576,https://www.tokopedia.com/royalltech/laptop-acer-aspire-lite-al15-ryzen-5-7430-8gb-512gb-w11-ohs-m365b-15-fhd-ips-garansi-resmi-1733518215977993719?extParam=ivf%3Dfalse%26keyword%3Dlaptop+acer%26search_id%3D2026082801364389F0FD5C927D460BD8JM%26src%3Dsearch,"Laptop ACER Aspire Lite AL15 Ryzen 5 7430 8GB 512GB W11+OHS+M365B 15""FHD IPS Garansi Resmi",Acer,,RYZEN 5 7430,8,,,15.0,10139000,,new,royalltech,5.0,,False,,Jakarta Utara,2026-08-28T01:36:49.941492,False,
tokopedia,103207060925,https://www.tokopedia.com/alienwarestore/laptop-acer-aspire-lite-al14-intel-celeron-n150-8gb-512gb-ssd-14-0wuxga-w11-ohs-1729871851656938840-1735012307526255960?extParam=ivf%3Dfalse%26keyword%3Dlaptop+acer%26search_id%3D2026082801364389F0FD5C927D460BD8JM%26src%3Dsearch,"LAPTOP ACER ASPIRE LITE 14 AL14 AMD RYZEN 7 7730U RAM 8GB SSD 512GB W11+OHS+M365B 14.5"" WUXGA IPS -GARANSI RESMI",Acer,,RYZEN 7 7730U,8,512,,,10789000,,new,ALIENWARE GAMING STORE,5.0,,False,,Jakarta Utara,2026-08-28T01:36:49.941661,False,
tokopedia,103408138878,https://www.tokopedia.com/gamer-id-depok/laptop-acer-aspire-go-ag14-intel-core-5-120u-8gb-1tb-windows11-ohs-14-0-wuxga-ips-1735725018785285385-1735725040417998089?extParam=ivf%3Dfalse%26keyword%3Dlaptop+acer%26search_id%3D2026082801364389F0FD5C927D460BD8JM%26src%3Dsearch,"Laptop Acer Aspire GO AG14 Intel Core 5 120U 16GB 1TB Windows11 + OHS 14.0"" WUXGA IPS",Acer,,INTEL CORE 5 120U,16,,,,10059000,,new,GAMER ID DEPOK,5.0,,False,,Depok,2026-08-28T01:36:49.941846,False,
tokopedia,12892290313,https://www.tokopedia.com/alienwarestore/acer-swift-go-oled-sfg14-ultra-5-125h-32gb-512gb-w11-ohs-14-0-2-8k-unit-70258?extParam=ivf%3Dfalse%26keyword%3Dlaptop+acer%26search_id%3D2026082801364389F0FD5C927D460BD8JM%26src%3Dsearch,"LAPTOP ACER SWIFT EDGE SFE14 14 AI OLED INTEL ULTRA 7 355 RAM 16GB SSD 1TB W11+OHS 14"" WUXGA",Acer,,,16,1024,,,40999000,,new,ALIENWARE GAMING STORE,5.0,,False,,Jakarta Utara,2026-08-28T01:36:49.941950,False,
tokopedia,103097472836,https://www.tokopedia.com/acerid/acer-nitro-v-15-180hz-100-srgb-core-i5-rtx2050-8gb-16gb-512gb-w11-ohs-v15-windows-black-laptop-gaming-15-6-inci-1731239365418124309-1734613261994918933?extParam=ivf%3Dtrue%26keyword%3Dlaptop+acer%26search_id%3D2026082801364389F0FD5C927D460BD8JM%26src%3Dsearch,"Acer Nitro V15 ANV15-52-777R | Core 7 240H | RTX 5050 | 16GB | 512GB SSD | 15.6” FHD 180Hz 100% sRGB | Win 11 + Office 2024 [NH.QZ9SN.005] Laptop Gamer kompetitif, Content creator & editor, Mahasiswa teknik / IT, Multitasker",Acer,Nitro V15,CORE 7 240H,,512,RTX 5050,,20378822,,new,Acer Official Authorized Store,5.0,,False,,Jakarta Pusat,2026-08-28T01:36:49.942147,False,
tokopedia,100663205741,https://www.tokopedia.com/royalltech/laptop-acer-aspire-go-14-ai-intel-ultra-5-125h-16gb-512gb-ssd-w11-ohs-m365b-14-0wuxga-100rgb-ips-garansi-resmi-1731775291911079415?extParam=ivf%3Dfalse%26keyword%3Dlaptop+acer%26search_id%3D2026082801364389F0FD5C927D460BD8JM%26src%3Dsearch,LAPTOP ACER ASPIRE GO 14 AI INTEL ULTRA 5 125H 16GB 512GB SSD W11+OHS+M365B 14.0WUXGA 100RGB IPS - GARANSI RESMI,Acer,,,16,512,,,13319000,,new,royalltech,5.0,,False,,Jakarta Utara,2026-08-28T01:36:49.942291,False,
tokopedia,102954881590,https://www.tokopedia.com/royalltech/laptop-acer-aspire-go-14-ag14-intel-core-i5-120u-16gb-512gb-w11-ohs-14-0wuxga-ips-72p-50c7-1734247030934701559?extParam=ivf%3Dfalse%26keyword%3Dlaptop+acer%26search_id%3D2026082801364389F0FD5C927D460BD8JM%26src%3Dsearch,LAPTOP ACER ASPIRE GO 14 AG14 INTEL CORE I5 120U 16GB 512GB/1TB W11+OHS 14.0WUXGA IPS -72P.50C7,Acer,,,16,,,,10159000,,new,royalltech,5.0,,False,,Jakarta Utara,2026-08-28T01:36:49.942426,False,
tokopedia,102601653580,https://www.tokopedia.com/royalltech/laptop-acer-aspire-lite-al14-ryzen-3-5300u-8gb-512gb-w11-ohs-m365b-14-0wuxga-ips-42p-r2rj-1733319731788875255?extParam=ivf%3Dfalse%26keyword%3Dlaptop+acer%26search_id%3D2026082801364389F0FD5C927D460BD8JM%26src%3Dsearch,Laptop ACER Aspire Lite AL14 Ryzen 3 5300U 8GB 512GB W11+OHS+M365B 14.0WUXGA IPS  -42P.R2RJ,Acer,,RYZEN 3 5300U,8,,,,8559000,,new,royalltech,5.0,,False,,Jakarta Utara,2026-08-28T01:36:49.942648,False,
tokopedia,103782318195,https://www.tokopedia.com/gateway/msi-thin-15-b13ve-core-i7-13620h-rtx4050-32gb-1tb-ssd-w11-15-6-inch-fhd-144hz-1729848475860305333-1737158412441322933?extParam=ivf%3Dfalse%26keyword%3Dlaptop+acer%26search_id%3D2026082801364389F0FD5C927D460BD8JM%26src%3Dsearch,ACER NITRO V 15 CORE 5 210H RTX4050 6GB/ 16GB 512GB W11+OHS+M36B 15.6FHD IPS 180HZ 100SRGB LAPTOP GAMING -52.51TE,Acer,,CORE 5 210H,16,,RTX4050,,18159000,,new,Gateway Indonesia Comp,5.0,,False,,Jakarta Utara,2026-08-28T01:36:49.942915,False,
tokopedia,103240007053,https://www.tokopedia.com/infonetmanggadua/acer-aspire-lite-14-al14-37p-c39a-n150-8gb-256gb-ssd-14-fhd-ips-w11h-oh2024-rose-sakura-pink-nx-dgzsn-001-laptop-kerja-kuliah-pelajar-1731239560545863192-1735084562921326104?extParam=ivf%3Dtrue%26keyword%3Dlaptop+acer%26search_id%3D2026082801364389F0FD5C927D460BD8JM%26src%3Dsearch,"Acer Aspire Lite 14 AL14-36P Series – Intel N4500 | 8GB DDR4 | 256GB / 512GB SSD | 14” FHD IPS | Win11 OH24 | Grey | Laptop pelajar, sekolah, kerja ringan, UMKM, penggunaan harian basic & multitasking ringan",Acer,,INTEL N4500,8,512,,,8178821,,new,Infonet Mangga Dua,5.0,,False,,Jakarta Pusat,2026-08-28T01:36:49.943112,False,
tokopedia,102904648939,https://www.tokopedia.com/kakilimacom/laptop-acer-aspire-go-14-ag14-intel-core-i5-120u-ram-16gb-512gb-w11-ohs-14-0wuxga-ips-1734125874813241096?extParam=ivf%3Dfalse%26keyword%3Dlaptop+acer%26src%3Dsearch,Laptop Acer Aspire GO 14 AG14 intel Core i5 120U ram 16GB 512GB W11+OHS 14.0WUXGA IPS,Acer,,,16,,,,11409000,,new,KakiLima Comp,5.0,,False,,Kab. Tangerang,2026-08-28T01:37:04.875562,False,
tokopedia,100679628560,https://www.tokopedia.com/agres-id-electronics/acer-aspire-go-14-ai-ultra-5-125h-16gb-512gb-w11-ohs-m365b-14-0-wuxga-100rgb-ips-gry-71m-5471-laptop-desain-kantor-pelajar-ringan-garansi-resmi-1731796264716634008?extParam=ivf%3Dfalse%26keyword%3Dlaptop+acer%26src%3Dsearch,ACER ASPIRE GO 14 AI ULTRA 5 125H 16GB 512GB W11+OHS+M365B 14.0 WUXGA 100RGB IPS GRY -71M.5471 LAPTOP DESAIN KANTOR PELAJAR RINGAN GARANSI RESMI,Acer,,,16,,,,13234000,,new,Agres ID Electronics,5.0,,False,,Depok,2026-08-28T01:37:04.875739,False,
tokopedia,102062188232,https://www.tokopedia.com/agresidjakut/acer-aspire-go-14-ai-intel-ultra-7-155h-ram-16gb-512gb-windows-11-office-14-0-wuxga-100rgb-ips-1732150289051059794?extParam=ivf%3Dfalse%26keyword%3Dlaptop+acer%26src%3Dsearch,"[LAPTOP] Acer Aspire GO 14 AI Intel Ultra 7 155H Ram 16GB 512GB Windows 11 + Office 14.0"" WUXGA 100RGB IPS GARANSI RESMI",Acer,,,16,,,,14959000,,new,Agres ID Jakarta Utara,5.0,,False,,Jakarta Pusat,2026-08-28T01:37:04.875867,False,
tokopedia,103397187233,https://www.tokopedia.com/acerid/acer-aspire-lite-15-ryzen-7-7730u-16gb-ram-512gb-ssd-al15-42p-r1gj-ryzen-7-7730u-16gb-512gb-ssd-15-ips-fhd-w11h-oh2024-silver-nx-d3qsn-002-laptop-kerja-kantor-mahasiswa-multitasking-harian-meeting-online-dan-produktivitas-1733884390293996565-1735673972988544021?extParam=ivf%3Dtrue%26keyword%3Dlaptop+acer%26src%3Dsearch,"[XTRA] Acer Aspire Lite 15 AL15-42P-R50P NX.D30SN.002 – Ryzen 5 7430U | 8GB/16GB | 512GB SSD | 15.6” FHD IPS | Win11 OH24 | Silver | Laptop kerja, mahasiswa, UMKM, multitasking harian, produktivitas ringan-menengah",Acer,,RYZEN 5 7430U,,512,,,10338822,,new,Acer Official Authorized Store,5.0,,False,,Jakarta Pusat,2026-08-28T01:37:04.876083,False,
tokopedia,102051964582,https://www.tokopedia.com/technocentral/laptop-acer-aspire-lite-14-al14-i3-n355-8gb-256gb-w11-ohs-14-0wuxga-ips-slv-1732133339263043203?extParam=ivf%3Dfalse%26keyword%3Dlaptop+acer%26src%3Dsearch,LAPTOP ACER ASPIRE LITE 14 AL14 I3 N355 8GB 256GB W11+OHS 14.0WUXGA IPS SLV,Acer,,N355,8,,,,9089000,,new,Techno Central,5.0,,False,,Bogor,2026-08-28T01:37:04.876194,False,
tokopedia,102051882194,https://www.tokopedia.com/technocentral/laptop-acer-aspire-lite-14-al14-i3-n355-8gb-512gb-w11-ohs-14-0wuxga-ips-1732133188681893507?extParam=ivf%3Dfalse%26keyword%3Dlaptop+acer%26src%3Dsearch,LAPTOP ACER ASPIRE LITE 14 AL14 I3 N355 8GB 512GB W11+OHS 14.0WUXGA IPS,Acer,,N355,8,,,,9399000,,new,Techno Central,5.0,,False,,Bogor,2026-08-28T01:37:04.876327,False,
tokopedia,102029741740,https://www.tokopedia.com/kingznotebook/laptop-acer-aspire-lite-al14-i3-n355-16gb-512gb-ssd-w11-ohs-14-wuxga-1732099350824388268?extParam=ivf%3Dfalse%26keyword%3Dlaptop+acer%26src%3Dsearch,"Laptop Acer Aspire Lite AL14 i3 N355 16GB 512GB SSD W11+OHS 14"" WUXGA",Acer,,N355,16,512,,,9399000,,new,Kingz Notebook,5.0,,False,,Jakarta Pusat,2026-08-28T01:37:04.876498,False,
tokopedia,12978717146,https://www.tokopedia.com/alienwarestore/laptop-acer-aspire-lite-al14-53m-i3-1315u-16gb-512gb-ssd-14-wuxga-ips-win11-ohs-1730012975112881496?extParam=ivf%3Dfalse%26keyword%3Dlaptop+acer%26src%3Dsearch,"Laptop ACER Aspire Lite AL14-53M i3-1315U 16GB 512GB SSD 14"" WUXGA IPS Win11 OHS",Acer,,I3-1315U,16,512,,,9199000,,new,ALIENWARE GAMING STORE,5.0,,False,,Jakarta Utara,2026-08-28T01:37:04.876657,False,
tokopedia,103518693989,https://www.tokopedia.com/laptopcreatorid/laptop-acer-aspire-go-14-core-i5-120u-ram-16gb-ssd-1tb-w1-ohs-m365b-14-0-wuxga-ips-slv-72p-51tb-16-1732969719727490066-1736210438957728786?extParam=ivf%3Dfalse%26keyword%3Dlaptop+acer%26src%3Dsearch,LAPTOP ACER ASPIRE GO 14 AG14 CORE I5 120U RAM 8GB SSD 1TB W1+OHS+M365B 14.0 WUXGA IPS SLV -72P.51TB/16,Acer,,,8,1024,,,10159000,,new,LAPTOP SHOP ID,5.0,,False,,Jakarta Utara,2026-08-28T01:37:04.876777,False,
tokopedia,103463760904,https://www.tokopedia.com/acerid/acer-helios-neo-16-180hz-srgb-100-i5-14500hx-8gb-512gb-ssd-nvme-rtx-4050-6gb-gddr6-mgp-140w-16-ips-wuxga-w11-ohs21-nh-qnpsn-003-1731239298051834901-1735979177221719061?extParam=ivf%3Dfalse%26keyword%3Dlaptop+acer%26src%3Dsearch,"Acer Predator Helios Neo 16S AI PHN16S-I51-74JU – Core Ultra 7 | 16GB | 1TB SSD | RTX 5060 8GB | 16” OLED WQXGA 165Hz | Win11 OH24+M365 | Abyssal Black | Laptop gaming AI, creator, rendering, AAA gaming & multitasking berat",Acer,,,,1024,RTX 5060,,36578822,,new,Acer Official Authorized Store,5.0,,False,,Jakarta Pusat,2026-08-28T01:37:04.877015,False,
tokopedia,103172200779,https://www.tokopedia.com/royalltech/packing-bubble-pengiriman-laptop-14-1734091940840441335-1734894393905350135?extParam=ivf%3Dfalse%26keyword%3Dlaptop+acer%26src%3Dsearch,ACER ASPIRE LITE 14 AL14 INTEL N4500 RAM 8GB 256GB/512GB SSD W11+OHS+M365 14.0 FHD IPS - LAPTOP GARANSI RESMI,Acer,,INTEL N4500,8,512,,,8449000,,new,royalltech,5.0,,False,,Jakarta Utara,2026-08-28T01:37:04.877126,False,
tokopedia,12742641221,https://www.tokopedia.com/alienwarestore/acer-nitro-v-15-i7-13620h-rtx4050-16gb-512gb-w11-ohs-15-6fhd-144h-ips-unit-07524?extParam=ivf%3Dfalse%26keyword%3Dlaptop+acer%26src%3Dsearch,"LAPTOP ACER NITRO V 16S AI INTEL CORE 7 240H RTX5060 8GB/ RAM 32GB 512GB W11+OHS+M365B 16"" WQXGA 180HZ 100SRGB IPS 2Y+ADP",Acer,,INTEL CORE 7 240H,32,,RTX5060,,26379000,,new,ALIENWARE GAMING STORE,5.0,,False,,Jakarta Utara,2026-08-28T01:37:04.877220,False,
tokopedia,13901671170,https://www.tokopedia.com/d-m-i/acer-sd200-sodimm-ddr5-16gb-32gb-4800mhz-memory-so-dimm-laptop-i-notebook-1731488538812712106?extParam=ivf%3Dfalse%26keyword%3Dlaptop+acer%26src%3Dsearch,Acer SD200 SODIMM DDR5 16GB 32GB 4800Mhz - Memory So-Dimm Laptop I Notebook,Acer,SD200,,,,,,3820000,,new,Duta Mandiri Infokom,5.0,,False,,Jakarta Pusat,2026-08-28T01:37:04.877328,False,
tokopedia,102370990445,https://www.tokopedia.com/acerid/gajian-sale-acer-aspire-7-a715-59g-i7-13620h-16gb-512gb-ssd-rtx3050-6gb-15-6-fhd-144hz-ips-w11-ohs24-black-nh-qx6sn-002-77wv-1732746859138221077?extParam=ivf%3Dtrue%26keyword%3Dlaptop+acer%26src%3Dsearch,"Acer Aspire 7 A715-59G 77WV – Core i7-13620H | 16GB RAM | 512GB SSD | RTX 3050 6GB | 15.6” FHD IPS 144Hz | Win11 + Office 2024 | Laptop gaming & produktivitas untuk kuliah teknik, editing, desain, dan multitasking berat dengan performa stabil",Acer,A715-59G,I7-13620H,16,512,RTX 3050,,15398822,,new,Acer Official Authorized Store,5.0,,False,,Jakarta Pusat,2026-08-28T01:37:04.877503,False,
tokopedia,103192309976,https://www.tokopedia.com/alienwareofficial/asus-vivobook-14-i7-1355u-i5-13420h-core-5-120u-i3-1315u-8gb-16gb-512gb-ssd-w11-ohs-14-0-fhd-ips-a1404va-a1404za-a1404vap-a1405va-1729869179471955219-1734970573574997267?extParam=ivf%3Dfalse%26keyword%3Dlaptop+acer%26src%3Dsearch,Laptop ACER ASPIRE GO 14 AG14 CORE 5 120U 8GB 512GB 14.0WUXGA IPS W11 OHS,Acer,,CORE 5 120U,8,,,,10359000,,new,AI Official Store,5.0,,False,,Jakarta Utara,2026-08-28T01:37:04.877595,False,
tokopedia,102492146111,https://www.tokopedia.com/prostorecomputer/laptop-acer-travelmate-p40-i5-1335-16gb-512gb-w11-ohs-m365b-14-0wuxga-ips-finger-print-1733013494797600667?extParam=ivf%3Dfalse%26keyword%3Dlaptop+acer%26src%3Dsearch,LAPTOP ACER TRAVELMATE P40 I5 1335 16GB 512GB W11+OHS+M365B 14.0WUXGA IPS FINGER PRINT,Acer,,I5 1335,16,,,,10249000,,new,ProStoreComputer,5.0,,False,,Jakarta Utara,2026-08-28T01:37:04.877691,False,
tokopedia,103242579712,https://www.tokopedia.com/acerid/gajian-sale-acer-nitro-lite-16-nl16-71g-74mv-i7-13620h-16gb-512gb-rtx2050-4gb-gddr6-16-wuxga-180hz-100-srgb-w11h-oh24-white-bp-nh-d58sn-001-1731239360092668949-1735091819601888277?extParam=ivf%3Dfalse%26keyword%3Dlaptop+acer%26src%3Dsearch,"Acer Nitro Lite 16 NL16-71G-76RN NH.DACSN.003 – Core 7 240H | 16GB | 512GB SSD | RTX 3050 6GB | 16” WUXGA IPS 180Hz 100% sRGB | Win11 OH24 | Black | Laptop gaming tipis, creator, editing, rendering, multitasking, esports & harian",Acer,,CORE 7 240H,,512,RTX 3050,,15978900,,new,Acer Official Authorized Store,5.0,,False,,Jakarta Pusat,2026-08-28T01:37:04.877885,False,
tokopedia,102036827083,https://www.tokopedia.com/gameridsurabaya/laptop-acer-aspire-go-14-ai-intel-core-ultra-5-125h-ram-16-32-gb-ssd-512-gb-windows-11-office-home-student-14-wuxga-100srgb-ips-1732115795389679571?extParam=ivf%3Dfalse%26keyword%3Dlaptop+acer%26src%3Dsearch,"Laptop Acer Aspire Go 14 AI Intel Core Ultra 5 125H RAM 16 / 32 GB SSD 512 GB Windows 11 + Office Home Student 14"" WUXGA 100Srgb IPS",Acer,,INTEL CORE ULTRA 5 125H,,512,,,13319000,,new,Gamer ID Surabaya,5.0,,False,,Surabaya,2026-08-28T01:37:04.878003,False,
tokopedia,102960905538,https://www.tokopedia.com/prostorecomputer/laptop-acer-aspire-lite-al14-53m-i3-1315u-16gb-512gb-ssd-14-wuxga-ips-win11-ohs-1734260759393044379?extParam=ivf%3Dfalse%26keyword%3Dlaptop+acer%26src%3Dsearch,"Laptop ACER Aspire Lite AL14-53M i3-1315U 16GB 512GB SSD 14"" WUXGA IPS Win11 OHS",Acer,,I3-1315U,16,512,,,9049000,,new,ProStoreComputer,5.0,,False,,Jakarta Utara,2026-08-28T01:37:04.878097,False,
tokopedia,11624914426,https://www.tokopedia.com/tistonline/extra-murah-laptop-gaming-acer-predator-helios-neo-16-phn16-71-72dn-16-i7-13700hx-16gb-1tb-ssd-rtx4060-1729724377193352098?extParam=ivf%3Dfalse%26keyword%3Dlaptop+acer%26src%3Dsearch,"[EXTRA MURAH] LAPTOP GAMING ACER PREDATOR HELIOS NEO 16 PHN16-71-72DN 16"" I7-13700HX 16GB 1TB SSD RTX4060",Acer,,I7-13700HX,16,1024,RTX4060,,27720000,,new,TIST Online,5.0,,False,,Jakarta Pusat,2026-08-28T01:37:04.878322,False,
tokopedia,103658521746,https://www.tokopedia.com/gateway/msi-cyborg-14-rtx4060-core-i7-13620h-32gb-ssd-1tb-w11-ohs-14-fhd-144hz-a13vf-1729840310861530549-1736784211495388597?extParam=ivf%3Dfalse%26keyword%3Dlaptop+acer%26src%3Dsearch,"ACER SWIFT AIR 14 AI OLED CORE ULTRA 5 125H 16GB 512GB W11+OHS+M365B 14"" WUXGA LAPTOP",Acer,,CORE ULTRA 5 125H,16,,,,16269000,,new,Gateway Indonesia Comp,5.0,,False,,Jakarta Utara,2026-08-28T01:37:04.878417,False,
tokopedia,102954350745,https://www.tokopedia.com/royalltech/laptop-acer-aspire-go-14-ag14-72p-intel-core-i3-1315-8gb-512gb-w11-ohs-m365b-14-0-wuxga-ips-1734245693653747191?extParam=ivf%3Dfalse%26keyword%3Dlaptop+acer%26src%3Dsearch,Laptop ACER ASPIRE GO 14 AG14-72P INTEL CORE I3 1315 8GB 512GB W11+OHS+M365B 14.0 WUXGA IPS,Acer,,I3 1315,8,,,,8979000,,new,royalltech,5.0,,False,,Jakarta Utara,2026-08-28T01:37:04.878520,False,
tokopedia,103195902348,https://www.tokopedia.com/acerid/acer-aspire-lite-14-al14-42p-ryzen-3-wuxga-office-2024-al14-42p-r1d5-ryzen-3-5300u-8gb-512gb-integrated-14-wuxga-w11-ohs-m365-rose-sakura-laptop-pelajar-mahasiswa-dan-pekerja-1734406050293908501-1734981679839347733?extParam=ivf%3Dtrue%26keyword%3Dlaptop+acer%26src%3Dsearch,"Acer Aspire Lite 14 AL14-45P Ryzen 3 5400U – Ryzen 3 5400U | 8GB | 512GB SSD | 14” WUXGA IPS | Win11 OH24 + M365 | Rose Sakura / Light Silver | Laptop pelajar, mahasiswa, pekerja, tipis ringan, multitasking harian",Acer,,RYZEN 3 5400U,,512,,,8878800,,new,Acer Official Authorized Store,5.0,,False,,Jakarta Pusat,2026-08-28T01:37:04.878737,False,
tokopedia,102954852096,https://www.tokopedia.com/royalltech/laptop-acer-aspire-go-14-ag14-72p-intel-core-i5-120u-16gb-512gb-1tb-ssd-w11-ohs-14-0-wuxga-ips-1734246004729939447?extParam=ivf%3Dfalse%26keyword%3Dlaptop+acer%26src%3Dsearch,LAPTOP ACER ASPIRE GO 14 AG14-72P INTEL CORE I5 120U 16GB 512GB 1TB SSD W11+OHS 14.0 WUXGA IPS,Acer,,,16,1024,,,10159000,,new,royalltech,5.0,,False,,Jakarta Utara,2026-08-28T01:37:04.878901,False,
tokopedia,103581204395,https://www.tokopedia.com/infonetmanggadua/acer-aspire-lite-14-al14-32p-core-3-n355-8gb-ddr5-512gb-ssd-uma-14-ips-wuxga-w11h-oh2024-359z-37ce-38re-laptop-ringan-hanya-1-1-kg-upgradeable-ram-1731239415113418264-1736521049939412504?extParam=ivf%3Dfalse%26keyword%3Dlaptop+acer%26src%3Dsearch,"Acer Aspire Lite 14 AL14-32P / AL14-37P (NX.D1TSN.001 / NX.DGRSN.002) – Intel Core 3 N355 | 8GB RAM | 512GB SSD | 14"" WUXGA/FHD IPS | Windows 11 + Office 2024 | Laptop tipis untuk kerja, kuliah, Office, belajar, meeting online, dan multitasking harian",Acer,,N355,8,512,,,10178821,,new,Infonet Mangga Dua,5.0,,False,,Jakarta Pusat,2026-08-28T01:37:04.879253,False,
tokopedia,15349335938,https://www.tokopedia.com/digitalzonepoins/acer-travelmate-tmp414-rn-0003-core-7-155u-16gb-1tbssd-w11-pro-14-0-wuxga-touch-stylus-acer-tkdn-core-7-laptop-tkdn-touch-laptop-tkdn-flip-x360-1730976870553257578?extParam=ivf%3Dfalse%26keyword%3Dlaptop+acer%26src%3Dsearch,Acer Travelmate TMP414/RN/0003 Core 7 155U 16GB 1TBSSD W11 PRO 14.0 WUXGA Touch Stylus - Acer TKDN Core 7 Laptop TKDN Touch - Laptop TKDN Flip X360,Acer,TMP414,CORE 7 155U,16,1024,,,27999000,,new,DIGITALZONE POINS,5.0,,False,,Jakarta Selatan,2026-08-28T01:37:04.879404,False,
tokopedia,102994592449,https://www.tokopedia.com/royalltech/laptop-acer-nitro-v-15-amd-ryzen-7-7445hs-rtx3050-6gb-16gb-512gb-w11-ohs-m365b-15-6fhd-180hz-100srgb-1734330660179248631?extParam=ivf%3Dfalse%26keyword%3Dlaptop+acer%26src%3Dsearch,"LAPTOP ACER NITRO V 16S AI INTEL CORE 7 240H RTX5060 8GB/ RAM 32GB 512GB W11+OHS+M365B 16"" WQXGA 180HZ 100SRGB IPS 2Y+ADP",Acer,,INTEL CORE 7 240H,32,,RTX5060,,26379000,,new,royalltech,5.0,,False,,Jakarta Utara,2026-08-28T01:37:04.879506,False,
tokopedia,102954713797,https://www.tokopedia.com/royalltech/laptop-acer-aspire-lite-14-al14-intel-core-i3-n355-16gb-512gb-w11-ohs-m365b-14-0-wuxga-ips-1734243097733465591?extParam=ivf%3Dfalse%26keyword%3Dlaptop+acer%26src%3Dsearch,LAPTOP ACER ASPIRE LITE 14 AL14 INTEL CORE I3 N355 16GB 512GB W11+OHS+M365B 14.0 WUXGA IPS,Acer,,N355,16,,,,8859000,,new,royalltech,5.0,,False,,Jakarta Utara,2026-08-28T01:37:04.879658,False,
tokopedia,103034706646,https://www.tokopedia.com/toptech/acer-aspire-7-pro-a715-gaming-laptop-i5-13420h-16gb-512gb-rtx3050-6gb-15-6fhd-ips-144hz-w11-ohs-1734394533728322676?extParam=ivf%3Dfalse%26keyword%3Dlaptop+acer%26src%3Dsearch,ACER ASPIRE 7 PRO A715 GAMING LAPTOP i5 13420H 16GB 512GB RTX3050 6GB 15.6FHD IPS 144HZ W11 OHS,Acer,A715,I5 13420H,16,,RTX3050,,14379000,,new,Top Tech Comp,5.0,,False,,Jakarta Utara,2026-08-28T01:37:04.879838,False,
tokopedia,15766140771,https://www.tokopedia.com/kingznotebook/laptop-acer-swift-ai-sfg14-ultra-7-155h-16gb-1tb-ssd-w11-ohs-14-2k-non-bundling-16-1tb-8f9b7?extParam=ivf%3Dfalse%26keyword%3Dlaptop+acer%26src%3Dsearch,"Laptop Acer Swift AI SFG14 ULTRA 7 155H 16GB 1TB SSD W11 + OHS 14"" 2K",Acer,,,16,1024,,,17359000,,new,Kingz Notebook,5.0,,False,,Jakarta Pusat,2026-08-28T01:37:04.880015,False,
tokopedia,103380763418,https://www.tokopedia.com/acerid/acer-aspire-lite-14-al14-32p-n150-8gb-ram-ddr5-256gb-ssd-uma-14-wuxga-ips-w11h-oh24-silver-blue-upgradable-intel-laptop-c8px-c6cc-1731239335436583957-1735577887946146837?extParam=ivf%3Dfalse%26keyword%3Dlaptop+acer%26src%3Dsearch,"Acer Aspire Lite 14 AL14-36P – Intel N4500 | 8GB DDR4 | 256GB SSD | 14” FHD IPS | Win11 OH24 | Grey, Blue, Pink | Laptop pelajar, sekolah, kerja ringan, UMKM, penggunaan harian basic",Acer,,INTEL N4500,8,256,,,8398822,,new,Acer Official Authorized Store,5.0,,False,,Jakarta Pusat,2026-08-28T01:37:04.880335,False,
tokopedia,102321191520,https://www.tokopedia.com/gameridsurabaya/laptop-acer-aspire-lite-al15-amd-ryzen-5-8640hs-ram-8-gb-ssd-512-gb-windows-11-office-home-student-15-full-hd-ips-1732636990729979859?extParam=ivf%3Dfalse%26keyword%3Dlaptop+acer%26src%3Dsearch,"Laptop Acer Aspire Lite AL15 AMD Ryzen 5 8640HS RAM 8 GB SSD 512 GB Windows 11 + Office Home Student 15"" Full HD IPS",Acer,,RYZEN 5 8640HS,8,512,,,10779000,,new,Gamer ID Surabaya,5.0,,False,,Surabaya,2026-08-28T01:37:04.880511,False,
tokopedia,102870444076,https://www.tokopedia.com/kakilimacom/laptop-acer-aspire-go-14-ag14-intel-core-i3-1315-ram-8gb-512gb-ssd-windows-11-ohs-layar-14-inch-wuxga-ips-1734051746502838024?extParam=ivf%3Dfalse%26keyword%3Dlaptop+acer%26src%3Dsearch,Laptop Acer Aspire GO 14 AG14 intel Core i3 1315 ram 8GB 512GB ssd Windows 11 + OHS layar 14 inch WUXGA IPS,Acer,,I3 1315,8,512,,14.0,9099000,,new,KakiLima Comp,5.0,,False,,Kab. Tangerang,2026-08-28T01:37:04.880651,False,
tokopedia,103547978240,https://www.tokopedia.com/jekardah/acer-lite-al1-14-i3-1215-8gb-512gb-win-11-ohs-14-0wuxga-ips-1736360582742705450?extParam=ivf%3Dfalse%26keyword%3Dlaptop+acer%26src%3Dsearch,Acer Lite AL1 14 I3 1215 8GB 512GB Win 11+OHS 14.0WUXGA IPS Laptop Baterai 6000mAh - Battery Garansi Resmi 2 Tahun,Acer,,I3 1215,8,,,,8439000,,new,LAPTOP GADGET ID,5.0,,False,,Jakarta Pusat,2026-08-28T01:37:04.880769,False,
tokopedia,103798650343,https://www.tokopedia.com/acerid/acer-aspire-lite-15-ai-ryzen-7-8840hs-16gb-ddr5-512gb-ssd-15-6-ips-fhd-al15-61p-r572-ryzen-7-8840hs-16gb-512gb-ssd-15-ips-fhd-w11h-oh2024-silver-nx-d1rsn-003-laptop-karyawan-mahasiswa-umkm-multitasking-berat-1733884208499819541-1737206158177960981?extParam=ivf%3Dtrue%26keyword%3Dlaptop+acer%26src%3Dsearch,"[XBP] Acer Aspire Lite 15 AL15-42P-R50P (NX.D30SN.002) – Ryzen 5 7430U | 8GB RAM | 512GB SSD | 15.6"" FHD IPS | Windows 11 Home + Office 2024 | Laptop Ringan untuk kerja, belajar, multitasking, dan aktivitas harian",Acer,,RYZEN 5 7430U,8,512,,,10779899,,new,Acer Official Authorized Store,5.0,,False,,Jakarta Pusat,2026-08-28T01:37:04.880949,False,
tokopedia,103094863775,https://www.tokopedia.com/acerid/gajian-sale-acer-aspire-lite-14-core-i5-13500h-32gb-24gb-ddr5-512gb-ssd-iris-xe-14-ips-wuxga-w11h-ohs2024-light-silver-nx-d7usn-001-nx-d7ssn-001-al14-71p-53tg-544e-1731239359518508053-1734595884901630997?extParam=ivf%3Dtrue%26keyword%3Dlaptop+acer%26src%3Dsearch,"[New Color] Acer Aspire Go 14 AG14-72P | Core 5 | RAM 8GB/16GB | SSD 512GB AG14-72P-50C7 CORE 5 120U 8GB/16GB 512GB SSD 14"" WUXGA IPS W11H OH24 + M365 SILVER, LILAC [NX.JSBSN.005] Laptop Kuliah, Kerja, Pelajar",Acer,,CORE 5 120U,8,512,,,10878822,,new,Acer Official Authorized Store,5.0,,False,,Jakarta Pusat,2026-08-28T01:37:04.881065,False,
tokopedia,102582980762,https://www.tokopedia.com/infonetmanggadua/acer-aspire-7-pro-gaming-gen-13-i7-13620h-16gb-512gb-ssd-rtx3050-6gb-15-6-fhd-144hz-ips-w11-ohs24-black-nh-qx6sn-002-a715-59g-77wv-gaming-laptop-1733270102954182168?extParam=ivf%3Dtrue%26keyword%3Dlaptop+acer%26src%3Dsearch,"ACER ASPIRE 7 PRO GAMING Gen 13 I7 13620H 16GB 512GB SSD RTX3050 6GB 15.6"" FHD 144Hz IPS W11 OHS24 BLACK [NH.QX6SN.002, A715-59G-77WV] Gaming Laptop",Acer,A715-59G-77WV,I7 13620H,16,512,RTX3050,,15378821,,new,Infonet Mangga Dua,5.0,,False,,Jakarta Pusat,2026-08-28T01:37:04.881197,False,
tokopedia,103226016155,https://www.tokopedia.com/acerid/gajian-sale-xtra-acer-aspire-7-pro-rtx3050-i5-12450h-16gb-8gb-512gb-ssd-rtx3050-6gb-15-6-fhd-144hz-ips-w11-ohs24-black-a715-59g-56k7-nh-qx0sn-001-aff-best-seller-gaming-laptop-kuliah-stem-1731239359709873173-1735048980723237909?extParam=ivf%3Dtrue%26keyword%3Dlaptop+acer%26src%3Dsearch,"[XTRA] Acer Aspire 7 Pro A715-59G-516G UN.QX0SD.001 – i5 13420H | 16GB | 512GB SSD | RTX 3050 6GB | 15.6” FHD IPS 144Hz | Win11 OHS | Black | Laptop gaming tipis, creator, editing, rendering ringan-menengah, multitasking berat",Acer,A715-59G-516G,I5 13420H,,512,RTX 3050,,14498822,,new,Acer Official Authorized Store,5.0,,False,,Jakarta Pusat,2026-08-28T01:37:04.881469,False,
tokopedia,103050142050,https://www.tokopedia.com/pusatgaminglaptop/laptop-acer-aspire-go-14-ag14-i3-1315-ram-8gb-ssd-512gb-windows-11-ohs-m365b-14-0-inc-wuxga-ips-1734417856002688697?extParam=ivf%3Dfalse%26keyword%3Dlaptop+acer%26src%3Dsearch,LAPTOP ACER ASPIRE GO 14 AG14 I3 1315 RAM 8GB SSD 512GB WINDOWS 11+OHS+M365B 14.0 INC WUXGA IPS,Acer,,I3 1315,8,512,,,9099000,,new,PUSAT GAMING LAPTOP,5.0,,False,,Bekasi,2026-08-28T01:37:04.881554,False,
tokopedia,103441094468,https://www.tokopedia.com/herlinacom/laptop-acer-nitro-lite-16-core-i5-210h-rtx3050-6gb-ram-16gb-512gb-ssd-win-11-ohs-16-0wuxga-100-srgb-1732543451535279502-1735879370742990222?extParam=ivf%3Dtrue%26keyword%3Dlaptop+acer%26src%3Dsearch,LAPTOP ACER NITRO LITE 16 CORE I5 210H RTX3050 6GB RAM 16GB 512GB SSD Win 11+OHS 16.0WUXGA 100%sRGB,Acer,,,16,512,RTX3050,,14379000,,new,Herlinacom,5.0,,False,,Depok,2026-08-28T01:37:04.881666,False,
tokopedia,102602941052,https://www.tokopedia.com/gamer-id-bogor/laptop-acer-aspire-go-14-ag14-core-5-120-16gb-512gb-w11-ohs-14-0wuxga-ips-gry-72p-50c7-1733325987044820841?extParam=ivf%3Dfalse%26keyword%3Dlaptop+acer%26src%3Dsearch,LAPTOP ACER ASPIRE GO 14 AG14 CORE 5 120 16GB 512GB W11+OHS 14.0WUXGA IPS GRY -72P.50C7,Acer,,CORE 5 120,16,,,,11309000,,new,Gamer ID Bogor,5.0,,False,,Bogor,2026-08-28T01:37:04.881762,False,
tokopedia,102753560046,https://www.tokopedia.com/agresidjakut/acer-aspire-lite-al14-intel-n150-ram-16gb-1tb-ssd-windows-11-ohs-2024-14-0-wuxga-1733768311330539090?extParam=ivf%3Dfalse%26keyword%3Dlaptop+acer%26src%3Dsearch,"[LAPTOP] Acer Aspire Lite AL14 Intel N150 Ram 8GB 256GB | 512GB SSD Windows 11 + OHS 2024 14.0"" WUXGA GARANSI RESMI",Acer,,INTEL N150,8,512,,,8509000,,new,Agres ID Jakarta Utara,5.0,,False,,Jakarta Pusat,2026-08-28T01:37:04.881871,False,
tokopedia,102230173748,https://www.tokopedia.com/gateway/acer-nitro-lite-16-core-i5-13420h-gen-13-rtx4050-ram-16gb-ssd-512gb-windows-11-ohs-layar-16-inch-wuxga-180hz-100-srgb-1732463229979100597?extParam=ivf%3Dfalse%26keyword%3Dlaptop+acer%26src%3Dsearch,ACER NITRO LITE 16 RTX4050 CORE I5 13420H 16GB 512GB W11+OHS 16.0WUXGA 180HZ 100SRGB LAPTOP GAMING,Acer,,I5 13420H,16,,RTX4050,,17349000,,new,Gateway Indonesia Comp,5.0,,False,,Jakarta Utara,2026-08-28T01:37:04.881974,False,
tokopedia,103351193815,https://www.tokopedia.com/infonetmanggadua/acer-aspire-lite-15-al15-42p-r50p-ryzen-5-7430u-8gb-512gb-ssd-15-ips-fhd-w11h-oh2024-silver-1732888476907243032-1735451024716891672?extParam=ivf%3Dfalse%26keyword%3Dlaptop+acer%26src%3Dsearch,"Acer Aspire Lite 15 AL15-42P-R50P NX.D30SN.002 – Ryzen 5 7430U | 8GB/16GB | 512GB SSD | 15.6” FHD IPS | Win11 OH2024 | Silver | Laptop kerja, kuliah, UMKM, multitasking harian, produktivitas & layar besar | Gajian Sale",Acer,OH2024,RYZEN 5 7430U,,512,,,10178821,,new,Infonet Mangga Dua,5.0,,False,,Jakarta Pusat,2026-08-28T01:37:04.882336,False,
tokopedia,102222534266,https://www.tokopedia.com/toptech/laptop-acer-aspire-lite-al15-amd-ryzen-5-7430u-8gb-512gb-15-0fhd-ips-w11-ohs-1y-1732443440311600244?extParam=ivf%3Dfalse%26keyword%3Dlaptop+acer%26src%3Dsearch,Laptop ACER Aspire Lite AL15 AMD Ryzen 5 7430U 16GB 512GB 15.0FHD IPS W11 OHS 1Y,Acer,,RYZEN 5 7430U,16,,,,10139000,,new,Top Tech Comp,5.0,,False,,Jakarta Utara,2026-08-28T01:37:04.882439,False,
tokopedia,102522858151,https://www.tokopedia.com/houseofit/laptop-tkdn-acer-travelmate-tmp214-0049-i5-1334u-8gb-512gb-w11-14-wuxga-garansi-resmi-3-tahun-1733093572841014753?extParam=ivf%3Dfalse%26keyword%3Dlaptop+acer%26src%3Dsearch,"Laptop TKDN Acer TravelMate TMP214/0049 i5 1334U 8GB 512GB W11 14""WUXGA - Garansi Resmi 3 Tahun",Acer,TMP214,I5 1334U,8,,,14.0,13799000,,new,House Of IT,5.0,,False,,Jakarta Pusat,2026-08-28T01:37:04.882539,False,
tokopedia,103680375819,https://www.tokopedia.com/sentralkomputer/laptop-acer-aspire-7-pro-a715-59g-i5-12450h-rtx3050-8gb-512gb-w11-ohs-15-6fhd-144hz-1731243755646191113-1736872895730386441?extParam=ivf%3Dfalse%26keyword%3Dlaptop+acer%26src%3Dsearch,LAPTOP ACER ASPIRE 7 PRO A715 59G I5 12450H RTX3050 8GB 512GB W11+OHS 15.6FHD 144HZ,Acer,A715,I5 12450H,8,,RTX3050,,16799000,,new,Sentral Komputer Pusat,5.0,,False,,Jakarta Timur,2026-08-28T01:37:04.882638,False,
tokopedia,103782103018,https://www.tokopedia.com/acerid/acer-nitro-v-15-anv15-41-r9sx-r5-6600h-rtx-2050-4gb-gddr6-16gb-8gb-ram-ddrv-15-6-fhd-165hz-512gb-ssd-nvme-backlit-keyboard-win-11-home-ohs2021-v15-gaming-1731239359678153749-1737157840399795221?extParam=ivf%3Dfalse%26keyword%3Dlaptop+acer%26src%3Dsearch,"Acer Nitro V15 ANV15-52-51TE (NH.QUASN.002) – Core 5 210H | 16GB DDR5 | 512GB SSD | RTX 4050 6GB GDDR7 | 15.6"" FHD IPS 180Hz 100% sRGB | Windows 11 Home + Office 2024 | Laptop Gaming untuk gaming AAA, editing, dan multitasking",Acer,Nitro V15,CORE 5 210H,16,512,RTX 4050,,18778822,,new,Acer Official Authorized Store,5.0,,False,,Jakarta Pusat,2026-08-28T01:37:04.882798,False,
tokopedia,102548805752,https://www.tokopedia.com/acer-indonesia/acer-laptop-gaming-predator-triton-14-ai-pt14-52t-9162-graphics-nvidia-geforce-rtx-5070-14-5-oled-intel-core-ultra-9-288v-ram-32gb-storage-1tb-ssd-windows-11-1733183163536737720?extParam=ivf%3Dfalse%26keyword%3Dlaptop+acer%26src%3Dsearch,"ACER LAPTOP GAMING PREDATOR TRITON 14 AI  PT14-52T-9162 GRAPHICS NVIDIA GEFORCE RTX 5070 14.5"" OLED INTEL CORE ULTRA 9 288V RAM 32GB STORAGE 1TB SSD WINDOWS 11",Acer,,INTEL CORE ULTRA 9 288V,32,1024,RTX 5070,,50999000,,new,Acer Indonesia,5.0,,False,,Jakarta Timur,2026-08-28T01:37:04.882892,False,
tokopedia,100331795516,https://www.tokopedia.com/royalltech/laptop-acer-travelmate-x-intel-core-5-120u-16gb-512gb-ssd-w11-ohs-14-0-wuxga-ips-garansi-resmi-1731380652241683959?extParam=ivf%3Dfalse%26keyword%3Dlaptop+acer%26src%3Dsearch,LAPTOP ACER TRAVELMATE X INTEL CORE 5 120U 16GB 512GB SSD W11+OHS 14.0 WUXGA IPS GARANSI RESMI,Acer,,INTEL CORE 5 120U,16,512,,,12999000,,new,royalltech,5.0,,False,,Jakarta Utara,2026-08-28T01:37:04.882987,False,
tokopedia,102868902371,https://www.tokopedia.com/agresidjakut/acer-aspire-go-14-ag14-core-i5-120u-8gb-1tb-ssd-w-11-ohs-2024-14-0-wuxga-ips-1734050758808995410?extParam=ivf%3Dfalse%26keyword%3Dlaptop+acer%26src%3Dsearch,[LAPTOP] Acer Aspire Go 14 AG14 Core i5 120U 8GB 1TB SSD W 11 + OHS 2024 14.0 WUXGA IPS GARANSI RESMI,Acer,,,8,1024,,,10059000,,new,Agres ID Jakarta Utara,5.0,,False,,Jakarta Pusat,2026-08-28T01:37:04.883105,False,
tokopedia,102628340210,https://www.tokopedia.com/toptech/laptop-acer-aspire-lite-al14-42p-amd-ryzen-3-5300u-8gb-512gb-ssd-14-0-wuxga-ips-w11-ohs-1733391325205529716?extParam=ivf%3Dfalse%26keyword%3Dlaptop+acer%26src%3Dsearch,Laptop ACER Aspire Lite AL14 42P AMD Ryzen 3 5300U 8GB 512GB ssd 14.0 WUXGA IPS W11 OHS,Acer,,RYZEN 3 5300U,8,512,,,10239000,,new,Top Tech Comp,5.0,,False,,Jakarta Utara,2026-08-28T01:37:04.883208,False,
tokopedia,102539009676,https://www.tokopedia.com/technocentral/laptop-acer-aspire-go-14-ai-ultra-5-125h-16gb-512gb-w11-ohs-m365b-14-0wuxga-100rgb-ips-1733135306518529667?extParam=ivf%3Dfalse%26keyword%3Dlaptop+acer%26src%3Dsearch,LAPTOP ACER ASPIRE GO 14 AI ULTRA 5 125H 16GB 512GB W11+OHS+M365B 14.0WUXGA 100RGB IPS,Acer,,,16,,,,13319000,,new,Techno Central,5.0,,False,,Bogor,2026-08-28T01:37:04.883421,False,
tokopedia,16246524185,https://www.tokopedia.com/alienwarestore/laptop-acer-aspire-lite-al14-ryzen-3-5300u-8gb-512gb-w11-ohs-m365b-14-0wuxga-ips-1730863780781851992?extParam=ivf%3Dfalse%26keyword%3Dlaptop+acer%26src%3Dsearch,LAPTOP ACER ASPIRE LITE AL14 RYZEN 3 5300U 8GB 512GB W11+OHS+M365B 14.0WUXGA IPS,Acer,,RYZEN 3 5300U,8,,,,8559000,,new,ALIENWARE GAMING STORE,5.0,,False,,Jakarta Utara,2026-08-28T01:37:04.883515,False,
tokopedia,103279109746,https://www.tokopedia.com/acerid/gajian-sale-acer-aspire-lite-14-core-i3-n355-8gb-ram-ddr5-512gb-ssd-uma-14-ips-wuxga-w11h-oh2024-light-silver-bp-nx-d3ksn-001-al14-32p-38re-laptop-pelajar-mahasiswa-profesional-laptop-ringan-cepat-upgradeable-1731775288432296981-1735192302810465301?extParam=ivf%3Dfalse%26keyword%3Dlaptop+acer%26src%3Dsearch,"Acer Aspire Lite 14 AL14-42P-R2RJ NX.DJ3SN.001 – Ryzen 3 5300U | 8GB | 512GB SSD | 14” WUXGA IPS | Win11 OH24 + M365 | Silver | Laptop pelajar, mahasiswa, kerja kantor, UMKM, multitasking harian ringan",Acer,,RYZEN 3 5300U,,512,,,8579000,,new,Acer Official Authorized Store,5.0,,False,,Jakarta Pusat,2026-08-28T01:37:04.883710,False,
tokopedia,100292436487,https://www.tokopedia.com/acer-indonesia/laptop-acer-swift-14-sf14-71t-58f1-14qhd-intel-gen-13-i5-13500h-ram-16gb-storage-512gb-ssd-win11-1729642511847688632?extParam=ivf%3Dfalse%26keyword%3Dlaptop+acer%26src%3Dsearch,LAPTOP ACER SWIFT 14 SF14-71T-58F1 14QHD INTEL GEN 13 I5-13500H RAM 16GB STORAGE 512GB SSD WIN11,Acer,Swift 14,I5-13500H,16,512,,,18599000,,new,Acer Indonesia,5.0,,False,,Jakarta Timur,2026-08-28T01:37:04.883802,False,
tokopedia,9376393830,https://www.tokopedia.com/technosify/acer-travelmate-p214-006-laptop-notebook-core-i7-512-gb-8-windows-11-sl-1730833206314894759?extParam=ivf%3Dfalse%26keyword%3Dlaptop+acer%26src%3Dsearch,Acer Travelmate P214 (025) Laptop Notebook - Core i7 - 512 GB - 8 - Windows 11 sl,Acer,P214,,,,,,15575655,,new,technosify,5.0,,False,,Surabaya,2026-08-28T01:37:20.445739,False,
tokopedia,103190011986,https://www.tokopedia.com/royalltech/hp-250-g8-intel-core-i5-1135g7-i3-1115g4-16gb-8gb-512gb-256gb-w11-15-6fhd-1729817350083282423-1734961715107956215?extParam=ivf%3Dfalse%26keyword%3Dlaptop+acer%26src%3Dsearch,"LAPTOP ACER ASPIRE LITE 14 AL14 AMD RYZEN 3 5400 RAM 8GB SSD 512GB W11+OHS+M365B 14"" WUXGA IPS - LAPTOP SIAP PAKAI GARANSI RESMI",Acer,,RYZEN 3 5400,8,512,,,8509000,,new,royalltech,5.0,,False,,Jakarta Utara,2026-08-28T01:37:20.445950,False,
tokopedia,102491625092,https://www.tokopedia.com/royalltech/acer-aspire-go-spin-agsp14-touch-intel-core-i3-n355-8gb-512gb-w11-ohs-14-0wuxga-pen-2in1-31pt-386w-laptop-notebook-ultrabook-touch-screen-x360-1733011973478581751?extParam=ivf%3Dfalse%26keyword%3Dlaptop+acer%26src%3Dsearch,ACER ASPIRE GO SPIN AGSP14 TOUCH INTEL CORE I3 N355 8GB 512GB W11+OHS 14.0WUXGA PEN 2IN1 -31PT.386W -LAPTOP NOTEBOOK ULTRABOOK TOUCH SCREEN X360,Acer,X360,N355,8,,,,10669000,,new,royalltech,5.0,,False,,Jakarta Utara,2026-08-28T01:37:20.446223,False,
tokopedia,102682441282,https://www.tokopedia.com/prostorecomputer/laptop-acer-aspire-lite-al14-intel-n150-8gb-512gb-w11-ohs-m365b-14-fhd-ips-include-office-siap-pakai-garansi-resmi-acer-1733562446670104475?extParam=ivf%3Dfalse%26keyword%3Dlaptop+acer%26src%3Dsearch,"Laptop ACER ASPIRE LITE AL14 Intel N150 8GB 512GB W11+OHS+M365B 14""FHD IPS Include Office Siap Pakai Garansi Resmi Acer",Acer,,INTEL N150,8,,,14.0,8559000,,new,ProStoreComputer,5.0,,False,,Jakarta Utara,2026-08-28T01:37:20.446475,False,
tokopedia,103095783611,https://www.tokopedia.com/infonetmanggadua/acer-aspire-7-pro-gaming-i7-12650h-16gb-512gb-ssd-rtx3050-6gb-15-6-fhd-144hz-ips-w11-ohs24-black-nh-qx6sn-001-a715-59g-71ph-1731239541142619672-1734601177244665368?extParam=ivf%3Dtrue%26keyword%3Dlaptop+acer%26src%3Dsearch,"Acer Aspire 7 Pro A715-59G i5 13420H 16GB 512GB SSD RTX3050 6GB 15.6"" 144Hz Win11 OHS21 – Gaming / Creator Laptop (UN.QX0SD.001)",Acer,A715-59G,I5 13420H,16,512,RTX3050,,14278821,,new,Infonet Mangga Dua,5.0,,False,,Jakarta Pusat,2026-08-28T01:37:20.446770,False,
tokopedia,102030859050,https://www.tokopedia.com/acerid/gajian-sale-acer-nitro-v-15-anv15-52-56v5-i5-13420h-16gb-512gb-ssd-geforce-rtx5050-8gb-gddr7-15-6-ips-fhd-180hz-100-srgb-w11h-oh2024-m365-1y-black-nh-qz9sn-001-laptop-gaming-kompetitif-content-creator-1732101713214669845?extParam=ivf%3Dtrue%26keyword%3Dlaptop+acer%26src%3Dsearch,"Acer Nitro V 15 ANV15-52-56V5 – Core i5-13420H | 16GB RAM | 512GB SSD | RTX 5050 8GB GDDR7 | 15.6"" FHD IPS 180Hz 100% sRGB | Win11 + Office 2024 + M365 | Laptop gaming kompetitif, esports, dan content creator dengan performa tinggi & layar smooth",Acer,,I5-13420H,16,512,RTX 5050,,19878822,,new,Acer Official Authorized Store,5.0,,False,,Jakarta Pusat,2026-08-28T01:37:20.447133,False,
tokopedia,103333393004,https://www.tokopedia.com/acerid/gajian-sale-990g-acer-swift-lite-14-air-edition-intel-ultra-5-16gb-512gb-ssd-14-wuxga-windows-11-ohs2024-metal-chassis-ultra-lightweight-laptop-pelajar-pekerja-profesional-pengguna-aktif-laptop-super-ringan-1731682634086712341-1735398399606227989?extParam=ivf%3Dtrue%26keyword%3Dlaptop+acer%26src%3Dsearch,"Acer Swift Lite 14 Air Edition – Intel Core Ultra 5 | 16GB | 512GB SSD | 14” WUXGA | Win11 OHS2024 | Metal Chassis | Laptop super ringan 990g, pelajar, profesional, mobile worker, multitasking & produktivitas harian",Acer,OHS2024,,,512,,,13378900,,new,Acer Official Authorized Store,5.0,,False,,Jakarta Pusat,2026-08-28T01:37:20.447618,False,
tokopedia,103596241345,https://www.tokopedia.com/alienwareofficial/acer-aspire-lite-14-al14-n150-i3-n355-i5-13500h-i7-12650h-8gb-16gb-256gb-512gb-w11-ohs-m365b-14-0wuxga-1731920239430436115-1736585364479247635?extParam=ivf%3Dfalse%26keyword%3Dlaptop+acer%26src%3Dsearch,"ACER ASPIRE LITE 14 AL14 INTEL N4500/N150/CORE I3 N355 8GB 512GB W11+OHS+M365B 14"" FHD IPS LAPTOP",Acer,,INTEL N4500,8,,,,7919000,,new,AI Official Store,5.0,,False,,Jakarta Utara,2026-08-28T01:37:20.448160,False,
tokopedia,102267531992,https://www.tokopedia.com/intelstore-id/laptop-acer-aspire-go-14-i3-1315u-8gb-512gb-ssd-14-wuxga-w11-ohs-1732536471691560362?extParam=ivf%3Dtrue%26keyword%3Dlaptop+acer%26src%3Dsearch,"LAPTOP ACER ASPIRE GO 14 72P - I3 1315U 8GB 512GB SSD 14""WUXGA W11+OHS",Acer,,I3 1315U,8,512,,14.0,8969000,,new,INTEL STORE ID,5.0,,False,,Jakarta Utara,2026-08-28T01:37:20.448345,False,
tokopedia,102223191566,https://www.tokopedia.com/gameridsurabaya/laptop-acer-aspire-lite-al15-amd-ryzen-5-7430-ram-8gb-ssd-512gb-windows-11-office-home-student-15-fhd-1732446685449586643?extParam=ivf%3Dfalse%26keyword%3Dlaptop+acer%26src%3Dsearch,"Laptop ACER ASPIRE LITE AL15 AMD RYZEN 5 7430 RAM 8GB - 16GB SSD 512GB Windows 11 + Office Home Student 15"" fhd",Acer,,RYZEN 5 7430,8,512,,,10139000,,new,Gamer ID Surabaya,5.0,,False,,Surabaya,2026-08-28T01:37:20.448543,False,
tokopedia,103782336952,https://www.tokopedia.com/gateway/asus-tuf-gaming-a15-fa506nfr-ryzen-7-7435hs-rtx2050-16gb-512gb-15-6-fhd-144hz-w11-ohs-1737158448147629493?extParam=ivf%3Dfalse%26keyword%3Dlaptop+acer%26src%3Dsearch,ACER NITRO V 15 CORE 7 240H RTX4050 6GB/ 16GB 512GB W11+OHS+M36B 15.6FHD IPS 180HZ 100SRGB LAPTOP GAMING -52.71PZ,Acer,,CORE 7 240H,16,,RTX4050,,19279000,,new,Gateway Indonesia Comp,5.0,,False,,Jakarta Utara,2026-08-28T01:37:20.448751,False,
tokopedia,102953175448,https://www.tokopedia.com/royalltech/acer-aspire-lite-al14-intel-n150-8gb-512gb-ssd-w11-ohs-m365b-14-0-fhd-ips-laptop-warna-pink-1734242859053385207?extParam=ivf%3Dfalse%26keyword%3Dlaptop+acer%26src%3Dsearch,ACER ASPIRE LITE AL14 INTEL N150 8GB 512GB SSD W11+OHS+M365B 14.0 FHD IPS - laptop warna pink,Acer,,INTEL N150,8,512,,,8029000,,new,royalltech,5.0,,False,,Jakarta Utara,2026-08-28T01:37:20.449535,False,
tokopedia,103350486606,https://www.tokopedia.com/acerid/gajian-sale-acer-aspire-lite-15-al15-42p-r50p-ryzen-5-7430u-16gb-8gb-512gb-ssd-15-ips-fhd-w11h-oh2024-silver-nx-d30sn-002-1731239351966794773-1735448383131059221?extParam=ivf%3Dtrue%26keyword%3Dlaptop+acer%26src%3Dsearch,"Acer Aspire Lite 15 AL15-42P-R50P NX.D30SN.002 – Ryzen 5 7430U | 8GB/16GB | 512GB SSD | 15.6” FHD IPS | Win11 OH2024 | Silver | Laptop kerja, kuliah, UMKM, multitasking harian, produktivitas & layar besar | Gajian Sale",Acer,OH2024,RYZEN 5 7430U,,512,,,10178900,,new,Acer Official Authorized Store,5.0,,False,,Jakarta Pusat,2026-08-28T01:37:20.449945,False,
tokopedia,102960914145,https://www.tokopedia.com/royalltech/laptop-acer-aspire-lite-al14-53m-i3-1315u-16gb-512gb-ssd-14-wuxga-ips-win11-ohs-1734260770203403767?extParam=ivf%3Dfalse%26keyword%3Dlaptop+acer%26src%3Dsearch,"Laptop ACER Aspire Lite AL14-53M i3-1315U 16GB 512GB SSD 14"" WUXGA IPS Win11 OHS",Acer,,I3-1315U,16,512,,,9199000,,new,royalltech,5.0,,False,,Jakarta Utara,2026-08-28T01:37:20.450150,False,
tokopedia,102244392116,https://www.tokopedia.com/gateway/acer-aspire-lite-al15-ryzen-5-7430u-16gb-ssd-512gb-w11-ohs-m365b-15-fhd-ips-1732490719689606581?extParam=ivf%3Dfalse%26keyword%3Dlaptop+acer%26src%3Dsearch,"[SALE] ACER ASPIRE LITE AL15 RYZEN 5 7430U 8GB 512GB W11+OHS+M365B 15"" FHD IPS LAPTOP",Acer,,RYZEN 5 7430U,8,,,,10331780,,new,Gateway Indonesia Comp,5.0,,False,,Jakarta Utara,2026-08-28T01:37:20.450356,False,
tokopedia,103059755972,https://www.tokopedia.com/royalltech/laptop-acer-aspire-go-14-ai-intel-ultra-7-155h-32gb-512gb-ssd-w11-ohs-m365b-14-0wuxga-100rgb-ips-garansi-resmi-1734429431696426487?extParam=ivf%3Dfalse%26keyword%3Dlaptop+acer%26src%3Dsearch,LAPTOP ACER ASPIRE GO 14 AI INTEL ULTRA 7 155H 32GB 512GB SSD W11+OHS+M365B 14.0WUXGA 100RGB IPS - GARANSI RESMI,Acer,,,32,512,,,14379000,,new,royalltech,5.0,,False,,Jakarta Utara,2026-08-28T01:37:20.450626,False,
tokopedia,103177693738,https://www.tokopedia.com/intelstore-id/acer-aspire-lite-al14-36p-n4500-8gb-512gb-ssd-14-fhd-w11-ohs-1734917723782743466-1734918693905335722?extParam=ivf%3Dfalse%26keyword%3Dlaptop+acer%26src%3Dsearch,"LAPTOP ACER ASPIRE LITE AL14 36P - N4500 8GB 512GB SSD 14""FHD W11+OHS",Acer,,N4500,8,512,,14.0,8439000,,new,INTEL STORE ID,5.0,,False,,Jakarta Utara,2026-08-28T01:37:20.450825,False,
tokopedia,102671810216,https://www.tokopedia.com/royalltech/laptop-acer-aspire-lite-14-al14-i3-n355-16gb-512gb-w11-ohs-m365b-14-0fhd-ips-garansi-resmi-1733517650892850679?extParam=ivf%3Dfalse%26keyword%3Dlaptop+acer%26src%3Dsearch,LAPTOP ACER ASPIRE LITE 14 AL14 I3 N355 16GB 512GB W11+OHS+M365B 14.0FHD IPS GARANSI RESMI,Acer,,N355,16,,,,8859000,,new,royalltech,5.0,,False,,Jakarta Utara,2026-08-28T01:37:20.451047,False,
tokopedia,103202732153,https://www.tokopedia.com/royalltech/laptop-lenovo-ideapad-slim-3-15-i5-1334u-ryzen-7-7730u-ryzen-5-7520u-windows-11-ohs-15-6-fhd-ips-laptop-akuntansi-admin-kantor-1731983335651640823-1735003191545988599?extParam=ivf%3Dfalse%26keyword%3Dlaptop+acer%26src%3Dsearch,"LAPTOP ACER ASPIRE LITE 14 AL14 AMD RYZEN 7 7730U RAM 8GB SSD 512GB W11+OHS+M365B 14.5"" WUXGA IPS -GARANSI RESMI",Acer,,RYZEN 7 7730U,8,512,,,10789000,,new,royalltech,5.0,,False,,Jakarta Utara,2026-08-28T01:37:20.451231,False,
tokopedia,102062581963,https://www.tokopedia.com/acer-indonesia/acer-laptop-gaming-nitro-v-15-anv15-52-7783-graphics-nvidia-geforce-rtx-5050-15-6-fhd-intel-core-i7-13620h-ram-16gb-storage-512-gb-ssd-windows-11-1732151332985144760?extParam=ivf%3Dfalse%26keyword%3Dlaptop+acer%26src%3Dsearch,"ACER LAPTOP GAMING NITRO V 15 ANV15 52 7783 GRAPHICS NVIDIA GEFORCE RTX 5050 15.6"" FHD INTEL CORE i7-13620H RAM 16GB STORAGE 512 GB SSD WINDOWS 11",Acer,,I7-13620H,16,512,RTX 5050,,23799000,,new,Acer Indonesia,5.0,,False,,Jakarta Timur,2026-08-28T01:37:20.451469,False,
tokopedia,13402090575,https://www.tokopedia.com/houseofit/laptop-tkdn-acer-travelmate-p214-tmp214-0037-i3-1315u-8gb-512gb-14hd-windowss-11-tkdn?extParam=ivf%3Dfalse%26keyword%3Dlaptop+acer%26src%3Dsearch,"Laptop TKDN Acer TravelMate TMP214/0037 i3 1315U 8GB 512GB W11 14""WUXGA - Garansi Resmi 3 Tahun",Acer,TMP214,I3 1315U,8,,,14.0,8699000,,new,House Of IT,5.0,,False,,Jakarta Pusat,2026-08-28T01:37:20.451660,False,
tokopedia,103672983628,https://www.tokopedia.com/infonet-margonda-depok/acer-nitro-v-15-anv15-52-56v5-i5-13420h-16gb-512gb-ssd-rtx5050-8gb-gddr7-15-6-ips-fhd-180hz-win-11-ohs2024-m365-1y-laptop-gaming-original-garansi-resmi-2-tahun-1732075924697352107-1736838843047643051?extParam=ivf%3Dfalse%26keyword%3Dlaptop+acer%26src%3Dsearch,"Acer Nitro V 15 ANV15-52-56V5 I5 13420H 16GB 512GB SSD RTX5050 8GB GDDR7 15.6"" IPS FHD 180Hz Win 11 OHS2024+M365 1Y Laptop Gaming Original Garansi Resmi 2 Tahun",Acer,OHS2024,I5 13420H,16,512,RTX5050,,19899000,,new,INFONET MARGONDA DEPOK,5.0,,False,,Depok,2026-08-28T01:37:20.451925,False,
tokopedia,102562554143,https://www.tokopedia.com/herlinacom/laptop-acer-aspire-lite-15-al15-ryzen-5-7430u-ram-16gb-ssd-512gb-win-11-ohs-15-6-fhd-garansi-resmi-1733220418528314766?extParam=ivf%3Dtrue%26keyword%3Dlaptop+acer%26src%3Dsearch,"Laptop Acer Aspire Lite 15 AL15 Ryzen 5 7430U Ram 8Gb Ssd 512Gb Win 11 + OHS 15.6"" FHD GARANSI RESMI",Acer,,RYZEN 5 7430U,8,512,,,10139000,,new,Herlinacom,5.0,,False,,Depok,2026-08-28T01:37:20.452100,False,
tokopedia,102292442082,https://www.tokopedia.com/technocentral/laptop-acer-aspire-go-14-ag14-i3-1315u-8gb-512gb-w11-ohs-m365b-14-0wuxga-ips-1732576508135507587?extParam=ivf%3Dfalse%26keyword%3Dlaptop+acer%26src%3Dsearch,LAPTOP ACER ASPIRE GO 14 AG14 I3 1315U 8GB 512GB W11+OHS+M365B 14.0WUXGA IPS,Acer,,I3 1315U,8,,,,9469000,,new,Techno Central,5.0,,False,,Bogor,2026-08-28T01:37:20.452489,False,
tokopedia,103279261570,https://www.tokopedia.com/infonet-margonda-depok/acer-aspire-lite-al14-45p-r1qh-r8jn-ryzen-3-5400u-8gb-512gb-integrated-14-wuxga-ips-w11h-oh24-m365-rose-sakura-1735192911499921323-1735192880522495915?extParam=ivf%3Dfalse%26keyword%3Dlaptop+acer%26src%3Dsearch,"ACER ASPIRE LITE AL14-45P-R1QH/R8JN RYZEN 3 5400U 8GB 512GB INTEGRATED 14"" WUXGA IPS W11H OH24+M365 LAPTOP GARANSI RESMI",Acer,,RYZEN 3 5400U,8,,,,8899000,,new,INFONET MARGONDA DEPOK,5.0,,False,,Depok,2026-08-28T01:37:20.452731,False,
tokopedia,103298542377,https://www.tokopedia.com/agresidjakut/laptop-acer-aspire-7-pro-a715-i5-13420h-rtx3050-6gb-16gb-512gb-w11-ohs-m365b-15-6fhd-ips-144hz-blk-59g-516g-garansi-resmi-1735262071698916946-1735262111299241554?extParam=ivf%3Dfalse%26keyword%3Dlaptop+acer%26src%3Dsearch,[LAPTOP] ACER ASPIRE 7 PRO A715 I5 13420H RTX3050 6GB/ 16GB 512GB W11+OHS+M365B 15.6FHD IPS 144HZ BLK -59G.516G GARANSI RESMI,Acer,A715,I5 13420H,16,,RTX3050,,14329000,,new,Agres ID Jakarta Utara,5.0,,False,,Jakarta Pusat,2026-08-28T01:37:20.452967,False,
tokopedia,102954087971,https://www.tokopedia.com/royalltech/laptop-acer-aspire-lite-14-al14-intel-core-i3-n355-16gb-8gb-512gb-w11-ohs-14-0wuxga-ips-1734245314222523895?extParam=ivf%3Dfalse%26keyword%3Dlaptop+acer%26src%3Dsearch,LAPTOP ACER ASPIRE LITE 14 AL14 INTEL CORE I3 N355 16GB 8GB 512GB W11+OHS 14.0WUXGA IPS,Acer,,N355,8,,,,8859000,,new,royalltech,5.0,,False,,Jakarta Utara,2026-08-28T01:37:20.453189,False,
tokopedia,103050018768,https://www.tokopedia.com/royalltech/laptop-acer-aspire-lite-14-al14-amd-ryzen-3-5300-8gb-512gb-ssd-w11-ohs-m365b-14-0wuxga-ips-silver-pink-1734417821344564727?extParam=ivf%3Dfalse%26keyword%3Dlaptop+acer%26src%3Dsearch,LAPTOP ACER ASPIRE LITE 14 AL14 AMD RYZEN 3 5300 8GB 512GB SSD W11+OHS+M365B 14.0WUXGA IPS SILVER - PINK,Acer,,RYZEN 3 5300,8,512,,,8559000,,new,royalltech,5.0,,False,,Jakarta Utara,2026-08-28T01:37:20.453424,False,
tokopedia,103536605710,https://www.tokopedia.com/acerid/gajian-sale-acer-aspire-7-pro-rtx3050-i5-12450h-16gb-8gb-512gb-ssd-rtx3050-6gb-15-6-fhd-144hz-ips-w11-ohs2024-black-usb-thunderbolt-nh-qx0sn-001-a715-59g-56k7-laptop-gaming-creator-stem-kuliah-1731239351393354773-1736309794215330837?extParam=ivf%3Dtrue%26keyword%3Dlaptop+acer%26src%3Dsearch,"Acer Aspire 7 Pro A715-59G-516G (UN.QX0SD.001) – Core i5-13420H | RTX 3050 6GB | 16GB | 512GB SSD | 15.6"" FHD IPS 144Hz | Win11 + Office H&S 2021 | Laptop gaming & creator untuk editing, desain, rendering, multitasking, dan gaming AAA",Acer,A715-59G-516G,I5-13420H,,512,RTX 3050,,14278822,,new,Acer Official Authorized Store,5.0,,False,,Jakarta Pusat,2026-08-28T01:37:20.453853,False,
tokopedia,16187199305,https://www.tokopedia.com/rogsstoreid/acer-aspire-lite-al1-core-i3-1215u-8gb-512gb-ssd-w11-ohs-14-0wuxga-ips-magical-color-1730835231465637196?extParam=ivf%3Dfalse%26keyword%3Dlaptop+acer%26src%3Dsearch,[ Pickup / Kurir Toko ] Acer Aspire Lite 14 AL14 Core i3-N355 RAM 8GB SSD 512GB 14 FHD IPS Win11 OHS Laptop,Acer,,N355,8,512,,,8681820,,new,ROGS STORE,5.0,,False,,Jakarta Utara,2026-08-28T01:37:20.454067,False,
tokopedia,103380499754,https://www.tokopedia.com/acerid/gajian-sale-acer-aspire-go-ai-ag14-71m-5471-ultra-5-125h-16gb-ram-ddr5-512gb-ssd-14-ips-wuxga-100-srgb-w11h-ohs2024-space-grey-upgradable-laptop-intel-1731775311831008277-1735575987660751893?extParam=ivf%3Dtrue%26keyword%3Dlaptop+acer%26src%3Dsearch,"Acer Aspire Go 14 AI AG14-71M-5471 – Core Ultra 5 125H | 16GB RAM | 512GB SSD | 14"" WUXGA IPS 100% sRGB | Win11 + Office 2024 | Space Grey | Laptop AI untuk profesional, kantoran, mahasiswa, dan content creator ringan dengan layar akurat warna",Acer,,CORE ULTRA 5 125H,16,512,,,12878900,,new,Acer Official Authorized Store,5.0,,False,,Jakarta Pusat,2026-08-28T01:37:20.454398,False,
tokopedia,103360747376,https://www.tokopedia.com/alienwarestore/laptop-acer-travelmate-p40-core-i5-1335-16gb-512gb-ssd-14-0-wuxga-ips-fp-w11-ohs-1730333443403777368-1735479686394774872?extParam=ivf%3Dfalse%26keyword%3Dlaptop+acer%26src%3Dsearch,Laptop ACER Travelmate P40 Core i5 1335 16GB 512GB ssd 14.0 WUXGA IPS FP W11 OHS,Acer,,I5 1335,16,512,,,10249000,,new,ALIENWARE GAMING STORE,5.0,,False,,Jakarta Selatan,2026-08-28T01:37:20.454597,False,
tokopedia,100652154862,https://www.tokopedia.com/herlinacom/laptop-acer-aspire-lite-al14-intel-n150-ram-8gb-512gb-ssd-win-11-office-ori-14-0-wuxga-1731759917679478158?extParam=ivf%3Dtrue%26keyword%3Dlaptop+acer%26src%3Dsearch,Laptop Acer Aspire Lite AL14 Intel N150 Ram 8Gb 512Gb Ssd Win 11 + Office Ori 14.0 WUXGA,Acer,,INTEL N150,8,512,,,8129000,,new,Herlinacom,5.0,,False,,Depok,2026-08-28T01:37:20.454962,False,
tokopedia,103449225761,https://www.tokopedia.com/technocentral/laptop-acer-aspire-lite-14-al14-n4500-8gb-512gb-w11-ohs-m365b-14-0fhd-ips-1735911571835225731-1735911575353067139?extParam=ivf%3Dfalse%26keyword%3Dlaptop+acer%26src%3Dsearch,LAPTOP ACER ASPIRE LITE 14 AL14 N4500 8GB 512GB W11+OHS+M365B 14.0FHD IPS,Acer,,N4500,8,,,,12529000,,new,Techno Central,5.0,,False,,Bogor,2026-08-28T01:37:20.455159,False,
tokopedia,102352069493,https://www.tokopedia.com/royalltech/laptop-acer-swift-lite-14-sfl14-amd-ryzen-5-240-16gb-512gb-ssd-w11-ohs-m365b-14-0wuxga-ips-41m-r5d2-1732710245969200631?extParam=ivf%3Dfalse%26keyword%3Dlaptop+acer%26src%3Dsearch,LAPTOP ACER SWIFT LITE 14 SFL14 AMD RYZEN 5 240 16GB 512GB SSD W11+OHS+M365B 14.0WUXGA IPS -41M.R5D2,Acer,,RYZEN 5 240,16,512,,,12479000,,new,royalltech,5.0,,False,,Jakarta Utara,2026-08-28T01:37:20.455375,False,
tokopedia,103387686415,https://www.tokopedia.com/acerid/gajian-sale-acer-nitro-v-15-rtx5050-core-i7-13620h-16gb-512gb-ssd-15-6-ips-fhd-100-srgb-180hz-w11h-oh2024-m365-1y-black-bp-nh-qz9sn-002-anv15-52-7783-1731239299535307797-1735628298043032597?extParam=ivf%3Dtrue%26keyword%3Dlaptop+acer%26src%3Dsearch,"Acer Nitro V 15 ANV15-52-7783 NH.QZ9SN.002 – i7 13620H | 16GB | 512GB SSD | RTX 5050 | 15.6” FHD IPS 180Hz 100% sRGB | Win11 OH2024 + M365 | Black | Laptop gaming, creator, editing, AAA gaming & multitasking | Gajian Sale",Acer,OH2024,I7 13620H,,512,RTX 5050,,22078822,,new,Acer Official Authorized Store,5.0,,False,,Jakarta Pusat,2026-08-28T01:37:20.456471,False,
tokopedia,103195770041,https://www.tokopedia.com/acerid/acer-aspire-lite-14-al14-42p-ryzen-3-wuxga-office-2024-al14-42p-r1d5-ryzen-3-5300u-8gb-512gb-integrated-14-wuxga-w11-ohs-m365-rose-sakura-silver-nx-dl7sn-001-laptop-pelajar-mahasiswa-dan-pekerja-1731239359702991893-1734981405016032277?extParam=ivf%3Dfalse%26keyword%3Dlaptop+acer%26src%3Dsearch,"ACER Aspire Lite 14 AL14-42P | Ryzen 3 | WUXGA | Office 2024 AL14-42P-R2RJ/R1D5 Ryzen 3 5300U | 8GB | 512GB SSD | 14” WUXGA IPS | Win11 OHS + M365 | Light Silver - Rose Sakura | Laptop pelajar, mahasiswa, kerja ringan, UMKM, produktivitas harian",Acer,,RYZEN 3 5300U,,512,,,8578900,,new,Acer Official Authorized Store,5.0,,False,,Jakarta Pusat,2026-08-28T01:37:20.458116,False,
tokopedia,102473166599,https://www.tokopedia.com/acerid/gajian-sale-acer-nitro-v-15-180hz-100-srgb-anv15-52-56v5-i5-13420h-32gb-16gb-ram-512gb-ssd-rtx5050-8gb-gddr7-15-6-ips-fhd-180hz-w11h-oh2024-m365-1y-black-bp-nh-qz9sn-001-1732976369405625365?extParam=ivf%3Dtrue%26keyword%3Dlaptop+acer%26src%3Dsearch,"Acer Nitro V 15 ANV15-52-56V5 – Core i5-13420H | RAM 32GB/16GB | SSD 512GB | RTX 5050 8GB GDDR7 | 15.6"" FHD IPS 180Hz 100% sRGB | Win11 + Office 2024 + M365 | Laptop gaming, desain, editing, dan multitasking berat",Acer,,I5-13420H,32,512,RTX 5050,,19878822,,new,Acer Official Authorized Store,5.0,,False,,Jakarta Pusat,2026-08-28T01:37:20.458407,False,
tokopedia,102060050607,https://www.tokopedia.com/gameridsurabaya/laptop-acer-nitro-lite-16-core-5-210h-geforce-rtx-3050-6-gb-ram-16-gb-ssd-512-gb-windows-11-office-home-student-16-wuxga-180-hz-100-srgb-1732146428289976275?extParam=ivf%3Dfalse%26keyword%3Dlaptop+acer%26src%3Dsearch,"Laptop Acer Nitro Lite 16 Core 5 210H GeForce RTX 3050 6 GB RAM 16 GB SSD 512 GB Windows 11 + Office Home Student 16"" WUXGA 180 Hz 100 Srgb",Acer,,CORE 5 210H,16,512,RTX 3050,,14479000,,new,Gamer ID Surabaya,5.0,,False,,Surabaya,2026-08-28T01:37:20.458634,False,
tokopedia,13233068034,https://www.tokopedia.com/decacom/laptop-acer-aspire-14-a14-51m-core-7-150u-ddr5-16gb-512gb-ssd-14-wuxga-ips-w11-ohs-non-bundle-7ffb8?extParam=ivf%3Dfalse%26keyword%3Dlaptop+acer%26src%3Dsearch,"Laptop ACER Aspire 14 A14-51M Core 7-150U DDR5 16GB 512GB SSD 14"" WUXGA IPS W11 OHS",Acer,Aspire 14,CORE 7-150U,16,512,,,11879000,,new,Deca Computer,5.0,,False,,Jakarta Utara,2026-08-28T01:37:20.458828,False,
tokopedia,103589893489,https://www.tokopedia.com/acerid/acer-nitro-v-15-anv15-41-r9sx-rtx2050-amd-ryzen-5-6600h-8-512gb-ssd-w11-ohs-15-6-fhd-165hz-black-1731239312329835541-1736552540016182293?extParam=ivf%3Dfalse%26keyword%3Dlaptop+acer%26src%3Dsearch,"Acer Nitro V15 ANV15-52-50AQ Intel Core 5 210H 16GB 512GB SSD RTX 3050 6GB 15.6"" FHD IPS 180Hz Black - Laptop Gaming Editing Render Kencang Murah Garansi Resmi Acer Indonesia OHS 2024 Win 11",Acer,Nitro V15,INTEL CORE 5 210H,16,512,RTX 3050,,15028822,,new,Acer Official Authorized Store,5.0,,False,,Jakarta Pusat,2026-08-28T01:37:20.459078,False,
tokopedia,102954350730,https://www.tokopedia.com/royalltech/laptop-acer-aspire-lite-14-al14-intel-core-i3-n355-16gb-512gb-ssd-14-fhd-ips-windows-11-ohs-1734245367920887287?extParam=ivf%3Dfalse%26keyword%3Dlaptop+acer%26src%3Dsearch,Laptop ACER Aspire Lite 14 AL14 Intel Core i3-N355 16GB 512GB SSD 14” FHD IPS Windows 11+OHS,Acer,,N355,16,512,,,8859000,,new,royalltech,5.0,,False,,Jakarta Utara,2026-08-28T01:37:20.459337,False,
tokopedia,102074816966,https://www.tokopedia.com/gameridsurabaya/laptop-acer-aspire-7-pro-a715-intel-core-i7-13620h-rtx-3050-6gb-ram-16-gb-ssd-512-gb-windows-11-office-home-student-15-6y-full-hd-144-hz-1732173928500266963?extParam=ivf%3Dfalse%26keyword%3Dlaptop+acer%26src%3Dsearch,"Laptop Acer Aspire 7 Pro A715 Intel Core i7 13620H RTX 3050 6GB RAm 16 GB SSD 512 GB WIndows 11 + Office Home Student 15.6y"" Full HD 144 Hz",Acer,A715,I7 13620H,16,512,RTX 3050,,15969000,,new,Gamer ID Surabaya,5.0,,False,,Surabaya,2026-08-28T01:37:20.459537,False,
tokopedia,103117741509,https://www.tokopedia.com/acerid/acer-aspire-lite-14-upgradable-ram-core-3-ringan-1-1-kg-al14-37p-36aw-core-3-n355-8gb-512gb-ssd-14-fhd-ips-w11h-oh2024-rose-sakura-pink-nx-dgysn-002-laptop-pelajar-mahasiswa-pekerja-ringan-stylish-bisa-di-upgrade-produktivitas-1733897259433427989-1734723000441209877?extParam=ivf%3Dtrue%26keyword%3Dlaptop+acer%26src%3Dsearch,"Acer Aspire Lite 14 Upgradable RAM | Core 3 | Ringan 1,1 Kg AL14-37P-32AV Core 3 N355 8GB 512GB SSD 14"" FHD IPS Win11 + Office 2024 – Fresh Blue |  Laptop Pelajar, mahasiswa, pekerja, ringan, stylish, bisa di-upgrade, produktivitas",Acer,,N355,8,512,,,10178822,,new,Acer Official Authorized Store,5.0,,False,,Jakarta Pusat,2026-08-28T01:37:20.460021,False,
tokopedia,102931476694,https://www.tokopedia.com/myhartono/acer-laptop-gaming-nitro-v-15-ai-anv15-42-r60u-nvidia-geforce-rtx-4050-15-6-fhd-ips-amd-ryzen-7-7745hs-ram-16gb-storage-512gb-ssd-windows-11-black-nhu2zsn001-1734196071138297197?extParam=ivf%3Dfalse%26keyword%3Dlaptop+acer%26src%3Dsearch%26whid%3D18738074,"Acer Laptop Gaming Nitro V 15 AI ANV15-42-R60U NVIDIA GEFORCE RTX 4050 15.6"" FHD IPS AMD Ryzen 7 7445HS RAM 16GB Storage 512GB SSD Windows 11 Black NHU2ZSN001",Acer,,RYZEN 7 7445HS,16,512,RTX 4050,,18989000,,new,MyHartono,5.0,,False,,Malang,2026-08-28T01:37:20.461054,False,
tokopedia,103351647985,https://www.tokopedia.com/acerid/gajian-sale-acer-aspire-7-pro-a715-59g-516g-i5-13420h-16gb-512gb-ssd-rtx3050-6gb-15-6-fhd-ips-144hz-w11h-ohs21-black-un-qx0sd-001-laptop-gaming-stem-teknik-kuliah-1731239312745530389-1735452675120858133?extParam=ivf%3Dtrue%26keyword%3Dlaptop+acer%26src%3Dsearch,"Acer Aspire 7 Pro A715-59G-516G UN.QX0SD.001 – i5 13420H | 16GB | 512GB SSD | RTX 3050 6GB | 15.6” FHD IPS 144Hz | Win11 OHS21 | Black | Laptop gaming, STEM, teknik, kuliah, creator, rendering & multitasking | Gajian Sale",Acer,A715-59G-516G,I5 13420H,,512,RTX 3050,,14278822,,new,Acer Official Authorized Store,5.0,,False,,Jakarta Pusat,2026-08-28T01:37:20.461477,False,
tokopedia,102265345391,https://www.tokopedia.com/gameridsurabaya/laptop-acer-aspire-go-14-ag-14-intel-core-i3-1315-ram-8-gb-16-gb-ssd-256-gb-512-gb-windows-11-office-home-student-14-wuxga-ips-1732534907337869267?extParam=ivf%3Dfalse%26keyword%3Dlaptop+acer%26src%3Dsearch,"Laptop Acer Aspire Go 14 AG 14 Intel Core i3 1315 RAM 8 GB / 16 GB SSD 256 gb / 512 GB Windows 11 + Office Home Student 14"" WUXGA IPS",Acer,,I3 1315,8,256,,,9299000,,new,Gamer ID Surabaya,5.0,,False,,Surabaya,2026-08-28T01:37:20.461691,False,
tokopedia,2067616716,https://www.tokopedia.com/acerid/acer-aspire-lite-14-core-i7-12650h-16gb-1tb-ssd-windows-11-ohs-14-wuxga-ips-silver-nx-j4bsn-001-al14-71m-71e2-1731239351968891925?extParam=ivf%3Dfalse%26keyword%3Dlaptop+acer%26src%3Dsearch,"Acer Aspire Go 14 AG14-71M-5471 Ultra 5 125H 16GB 512GB SSD 14"" WUXGA 100 sRGB Space Grey - Laptop AI PC Kuliah Kerja Desain Tipis Ringan Awet Murah Garansi Resmi Acer Indonesia Win 11 OHS 2024",Acer,,,16,512,,,12778800,,new,Acer Official Authorized Store,5.0,,False,,Jakarta Pusat,2026-08-28T01:37:20.462092,False,
tokopedia,103277558716,https://www.tokopedia.com/infonetmanggadua/acer-aspire-7-pro-gaming-i5-12450h-16gb-8gb-512gb-ssd-rtx3050-6gb-15-6-fhd-144hz-ips-w11-ohs24-black-nh-qx0sn-001-a715-59g-56k7-laptop-creator-stem-1731239489004275224-1735187349872739864?extParam=ivf%3Dtrue%26keyword%3Dlaptop+acer%26src%3Dsearch,"Acer Aspire 7 A715-59G-77WV NH.QX6SN.002 – i7 13620H | 16GB | 512GB SSD | RTX 3050 6GB | 15.6” FHD IPS 144Hz | Win11 OHS24 | Black | Laptop gaming tipis, creator, editing, rendering, multitasking berat, kerja & hiburan",Acer,A715-59G-77WV,I7 13620H,,512,RTX 3050,,15378821,,new,Infonet Mangga Dua,5.0,,False,,Jakarta Pusat,2026-08-28T01:37:20.462501,False,
tokopedia,103098169497,https://www.tokopedia.com/gamer-id-jakarta-selatan/amd-processor-ryzen-7-5700x-am4-1yt-1732488307840157651-1734620087124395987?extParam=ivf%3Dfalse%26keyword%3Dlaptop+acer%26src%3Dsearch,Laptop Acer Nitro Lite 16 Core 5 210H RTX3050 6G/ 16GB 512GB W11+Office 16.0 inch Wuxga 180Hz 100%sRGB,Acer,,CORE 5 210H,16,,RTX3050,16.0,14809000,,new,Gamer ID Jakarta Selatan,5.0,,False,,Jakarta Selatan,2026-08-28T01:37:20.462731,False,
tokopedia,103191376773,https://www.tokopedia.com/alienwarestore/acer-aspire-lite-al14-31p-intel-n100-8gb-512gb-14-0-fhd-ips-win11-1734966669194134872?extParam=ivf%3Dfalse%26keyword%3Dlaptop+acer%26src%3Dsearch,"LAPTOP ACER ASPIRE LITE 14 AL14 AMD RYZEN 3 5400 RAM 8GB SSD 512GB W11+OHS+M365B 14"" WUXGA IPS",Acer,,RYZEN 3 5400,8,512,,,8509000,,new,ALIENWARE GAMING STORE,5.0,,False,,Jakarta Utara,2026-08-28T01:37:20.462913,False,
tokopedia,103034918076,https://www.tokopedia.com/royalltech/laptop-acer-swift-x-sfx14-oled-touch-intel-ultra-9-285h-rtx5060-8gb-32gb-1tb-ssd-w11-ohs-m365b-14-0wqxga-oled-120hz-touch-screen-1734394877170976247?extParam=ivf%3Dfalse%26keyword%3Dlaptop+acer%26src%3Dsearch,LAPTOP ACER SWIFT X SFX14 OLED TOUCH INTEL ULTRA 9 285H RTX5060 8GB/ 32GB 1TB SSD W11+OHS+M365B 14.0WQXGA+ OLED 120HZ TOUCH SCREEN,Acer,,,32,1024,RTX5060,,34999000,,new,royalltech,5.0,,False,,Jakarta Utara,2026-08-28T01:37:20.463182,False,
tokopedia,103377221916,https://www.tokopedia.com/acerid/gajian-sale-acer-aspire-go-ai-ag14-71m-5471-intel-core-ultra-5-125h-16gb-ddr5-512gb-ssd-14-wuxga-ips-100-srgb-win11-office-2024-space-grey-laptop-mahasiswa-profesional-1734690200031495189-1735558918414500885?extParam=ivf%3Dtrue%26keyword%3Dlaptop+acer%26src%3Dsearch,"Acer Aspire Go 14 AI AG14-71M-5471 – Core Ultra 5 125H | 16GB DDR5 | 512GB SSD | 14” WUXGA IPS 100% sRGB | Win11 + Office 2024 | Space Grey | Laptop AI, mahasiswa, profesional, creator pemula, multitasking & kerja modern | Gajian Sale",Acer,,CORE ULTRA 5 125H,16,512,,,12879000,,new,Acer Official Authorized Store,5.0,,False,,Jakarta Pusat,2026-08-28T01:37:20.463513,False,
tokopedia,100837508756,https://www.tokopedia.com/gateway/acer-nitro-v-15-rtx5050-core-i7-13620h-16gb-512gb-ssd-windows-11-ohs-15-6fhd-180hz-100srgb-2y-adp-52-7783-laptop-1732033860702668213?extParam=ivf%3Dfalse%26keyword%3Dlaptop+acer%26src%3Dsearch,ACER NITRO V 15 RTX5050 CORE I7 13620H  16GB 512GB SSD Windows 11+OHS 15.6FHD 180HZ 100SRGB 2Y+ADP -52.7783 Laptop,Acer,,I7 13620H,16,512,RTX5050,,21099000,,new,Gateway Indonesia Comp,5.0,,False,,Jakarta Utara,2026-08-28T01:37:20.463752,False,
tokopedia,102918290657,https://www.tokopedia.com/herlinacom/laptop-acer-travelmate-p40-intel-core-i5-1335u-ram-16gb-512gb-ssd-win-11-office-ohs-ori-14-0-wuxga-ips-1734154535087474062?extParam=ivf%3Dtrue%26keyword%3Dlaptop+acer%26src%3Dsearch,Laptop Acer Travelmate P40 Intel Core i5 1335U Ram 16Gb 512Gb Ssd Win 11 + Office Ohs Ori 14.0 Wuxga Ips,Acer,,I5 1335U,16,512,,,10249000,,new,Herlinacom,5.0,,False,,Depok,2026-08-28T01:37:20.463956,False,
tokopedia,102331718210,https://www.tokopedia.com/herlinacom/laptop-acer-aspire-go-14-ag14-i3-1315u-8gb-512gb-ssd-win11-ohs-14-0-wuxga-1732656711777289614?extParam=ivf%3Dtrue%26keyword%3Dlaptop+acer%26src%3Dsearch,Laptop Acer Aspire GO 14 AG14 Intel Core i3 1315 Ram 16Gb 512Gb Ssd Win 11 + Office OHS Ori 14.0Wuxga Ips,Acer,,I3 1315,16,512,,,9099000,,new,Herlinacom,5.0,,False,,Depok,2026-08-28T01:37:20.464138,False,
tokopedia,103377221916,https://www.tokopedia.com/acerid/gajian-sale-acer-aspire-go-ai-ag14-71m-5471-intel-core-ultra-5-125h-16gb-ddr5-512gb-ssd-14-wuxga-ips-100-srgb-win11-office-2024-space-grey-laptop-mahasiswa-profesional-1734690200031495189-1735558918414500885?extParam=ivf%3Dtrue%26keyword%3Dlaptop+acer%26src%3Dsearch,"Acer Aspire Go 14 AI AG14-71M-5471 – Core Ultra 5 125H | 16GB DDR5 | 512GB SSD | 14” WUXGA IPS 100% sRGB | Win11 + Office 2024 | Space Grey | Laptop AI, mahasiswa, profesional, creator pemula, multitasking & kerja modern | Gajian Sale",Acer,,CORE ULTRA 5 125H,16,512,,,12879000,,new,Acer Official Authorized Store,5.0,,False,,Jakarta Pusat,2026-08-28T01:37:34.028211,False,
tokopedia,100837508756,https://www.tokopedia.com/gateway/acer-nitro-v-15-rtx5050-core-i7-13620h-16gb-512gb-ssd-windows-11-ohs-15-6fhd-180hz-100srgb-2y-adp-52-7783-laptop-1732033860702668213?extParam=ivf%3Dfalse%26keyword%3Dlaptop+acer%26src%3Dsearch,ACER NITRO V 15 RTX5050 CORE I7 13620H  16GB 512GB SSD Windows 11+OHS 15.6FHD 180HZ 100SRGB 2Y+ADP -52.7783 Laptop,Acer,,I7 13620H,16,512,RTX5050,,21099000,,new,Gateway Indonesia Comp,5.0,,False,,Jakarta Utara,2026-08-28T01:37:34.028611,False,
tokopedia,102582903877,https://www.tokopedia.com/gameridsurabaya/laptop-acer-aspire-lite-14-al14-intel-core-3-n355-ram-8-gb-ssd-256-gb-windows-11-office-home-student-14-wuxga-ips-1733269927932757971?extParam=ivf%3Dfalse%26keyword%3Dlaptop+acer%26src%3Dsearch,"Laptop Acer Aspire Lite 14 AL14 Intel Core 3 N355 RAM 8 GB SSD 256 GB Windows 11 + Office HOme Student 14"" WUXGA IPS",Acer,,N355,8,256,,,9089000,,new,Gamer ID Surabaya,5.0,,False,,Surabaya,2026-08-28T01:37:34.028879,False,
tokopedia,103360765052,https://www.tokopedia.com/rogsstoreid/acer-mate-14-core-i5-1235-16gb-512gb-ssd-windows-11-ohs-14-inch-wuxga-ips-laptop-travelmate-1729867415496918348-1735479795246073164?extParam=ivf%3Dfalse%26keyword%3Dlaptop+acer%26src%3Dsearch,ACER MATE 14 CORE I5 1235 16GB 512GB SSD Windows 11+OHS 14 Inch WUXGA IPS -LAPTOP TRAVELMATE,Acer,,I5 1235,16,512,,14.0,18698900,,new,ROGS STORE,5.0,,False,,Jakarta Utara,2026-08-28T01:37:34.029109,False,
tokopedia,103488055958,https://www.tokopedia.com/infonetmanggadua/acer-aspire-lite-al14-45p-r1qh-nx-dq6sn-001-ryzen-3-5400u-8gb-512gb-ssd-14-wuxga-ips-16-10-win11-office-2024-m365-rose-sakura-laptop-kerja-kuliah-multitasking-harian-ram-upgradable-hingga-32gb-1736093616692692504-1736093636328195608?extParam=ivf%3Dtrue%26keyword%3Dlaptop+acer%26src%3Dsearch,"Acer Aspire Lite AL14-45P Ryzen 3 5400U – Ryzen 3 5400U | 8GB | 512GB SSD | 14” WUXGA IPS 16:10 | Win11 + Office 2024 + M365 | Rose Sakura / Light Silver | Laptop kuliah, kerja, UMKM & multitasking harian | RAM upgradable hingga 32GB",Acer,,RYZEN 3 5400U,,512,,,8878821,,new,Infonet Mangga Dua,5.0,,False,,Jakarta Pusat,2026-08-28T01:37:34.029600,False,
tokopedia,102671941220,https://www.tokopedia.com/prostorecomputer/laptop-acer-aspire-lite-al15-ryzen-5-7430-8gb-512gb-w11-ohs-m365b-15-fhd-ips-garansi-resmi-original-laptop-slim-laptop-kuliah-laptop-office-cocok-untuk-multitasking-1733518106212534171?extParam=ivf%3Dfalse%26keyword%3Dlaptop+acer%26src%3Dsearch,"Laptop ACER Aspire Lite AL15 Ryzen 5 7430 8GB 512GB W11+OHS+M365B 15""FHD IPS Garansi Resmi Original Laptop Slim Laptop Kuliah Laptop Office Cocok Untuk Multitasking",Acer,,RYZEN 5 7430,8,,,15.0,10139000,,new,ProStoreComputer,5.0,,False,,Jakarta Utara,2026-08-28T01:37:34.029873,False,
tokopedia,102716673570,https://www.tokopedia.com/herlinacom/laptop-acer-aspire-go-14-ag14-intel-core-i5-120u-ram-16gb-ssd-512gb-win-11-ohs-14-0wuxga-ips-resmi-1733670379013244302?extParam=ivf%3Dtrue%26keyword%3Dlaptop+acer%26src%3Dsearch,Laptop Acer Aspire Go 14 AG14 Intel Core I5 120U RAM 16GB SSD 512GB Win 11 + OHS 14.0WUXGA IPS Resmi,Acer,,,16,512,,,10159000,,new,Herlinacom,5.0,,False,,Depok,2026-08-28T01:37:34.030131,False,
tokopedia,102448136511,https://www.tokopedia.com/toptech/laptop-acer-aspire-go-14-core-i5-120u-16gb-1tb-ssd-14-0wuxga-ips-w11-ohs-1732926489122407540?extParam=ivf%3Dfalse%26keyword%3Dlaptop+acer%26src%3Dsearch,Laptop ACER Aspire GO 14 Core i5 120U 16GB 1TB ssd 14.0WUXGA IPS W11 OHS,Acer,,,16,1024,,,10779000,,new,Top Tech Comp,5.0,,False,,Jakarta Utara,2026-08-28T01:37:34.030302,False,
tokopedia,102413835431,https://www.tokopedia.com/ten-com/pink-edition-laptop-acer-aspire-lite-14-al14-intel-i3-n355-8gb-512gb-14inch-full-hd-ips-windows-11-ohs-garansi-resmi-1732855292055880967?extParam=ivf%3Dfalse%26keyword%3Dlaptop+acer%26src%3Dsearch,(PINK EDITION) Laptop Acer Aspire Lite 14 AL14 Intel i3 N355 8GB 512GB 14inch Full HD IPS Windows 11 OHS Garansi Resmi,Acer,,N355,8,,,14.0,9499000,,new,Ten Com,5.0,,False,,Jakarta Selatan,2026-08-28T01:37:34.030544,False,
tokopedia,15326144758,https://www.tokopedia.com/decacom/laptop-acer-aspire-14-51m-core-3-100u-8gb-512gb-win11-ohs-14-0wuxga-ips-non-bundle-a731e?extParam=ivf%3Dfalse%26keyword%3Dlaptop+acer%26src%3Dsearch,Laptop ACER Aspire 14 51M Core 3 100U 8GB 512GB Win11+OHS 14.0WUXGA IPS GREY,Acer,Aspire 14,CORE 3 100U,8,,,,8525000,,new,Deca Computer,5.0,,False,,Jakarta Utara,2026-08-28T01:37:34.030660,False,
tokopedia,103108144831,https://www.tokopedia.com/gateway/laptop-acer-aspire-lite-al15-ryzen-5-7430u-16gb-ssd-512gb-w11-ohs-m365b-15-fhd-ips-1731965055464670645-1734694293313193397?extParam=ivf%3Dfalse%26keyword%3Dlaptop+acer%26src%3Dsearch,"ACER ASPIRE LITE AL15 RYZEN 5 7430U 16GB 1TB W11+OHS+M365B 15"" FHD IPS LAPTOP",Acer,,RYZEN 5 7430U,16,,,,10129000,,new,Gateway Indonesia Comp,5.0,,False,,Jakarta Utara,2026-08-28T01:37:34.030787,False,
tokopedia,103034848704,https://www.tokopedia.com/royalltech/laptop-acer-aspire-7-pro-a715-intel-core-i5-13420h-rtx3050-6gb-16gb-512gb-w11-ohs-m365b-15-6fhd-ips-144hz-1734394734453622263?extParam=ivf%3Dfalse%26keyword%3Dlaptop+acer%26src%3Dsearch,LAPTOP ACER ASPIRE 7 PRO A715 INTEL CORE I5 13420H RTX3050 6GB/ 16GB 512GB W11+OHS+M365B 15.6FHD IPS 144HZ,Acer,A715,I5 13420H,16,,RTX3050,,14169000,,new,royalltech,5.0,,False,,Jakarta Utara,2026-08-28T01:37:34.031072,False,
tokopedia,103403502926,https://www.tokopedia.com/toptech/kabel-power-adapter-asus-lubang-3-1735607843480831092-1735702535546831988?extParam=ivf%3Dfalse%26keyword%3Dlaptop+acer%26src%3Dsearch,Laptop ACER Aspire Lite AL14 42P AMD Ryzen 3 5300U 8GB 512GB ssd 14.0 WUXGA IPS W11 OHS,Acer,,RYZEN 3 5300U,8,512,,,8609000,,new,Top Tech Comp,5.0,,False,,Jakarta Utara,2026-08-28T01:37:34.031186,False,
tokopedia,16174105536,https://www.tokopedia.com/gaminglaptopid/laptop-acer-swift-lite-14-air-edition-intel-ultra-5-115u-16gb-512gb-ssd-14-wuxga-ips-1730831747158410859?extParam=ivf%3Dfalse%26keyword%3Dlaptop+acer%26src%3Dsearch%26whid%3D13856,"LAPTOP ACER SWIFT LITE 14 AIR EDITION INTEL ULTRA 5-115U 16GB 512GB SSD 14"" WUXGA IPS",Acer,,,16,512,,,13739000,,new,Gaming Laptop ID,5.0,,False,,Jakarta Utara,2026-08-28T01:37:34.031313,False,
tokopedia,13901358701,https://www.tokopedia.com/d-m-i/acer-sd100-so-dimm-ddr4-8gb-16gb-32gb-3200mhz-memory-sodimm-laptop-8gb-f79f7?extParam=ivf%3Dfalse%26keyword%3Dlaptop+acer%26src%3Dsearch,Acer SD100 So-Dimm DDR4 8GB 16GB 32GB 3200Mhz - Memory SoDimm Laptop,Acer,SD100,,,,,,1450000,,new,Duta Mandiri Infokom,5.0,,False,,Jakarta Pusat,2026-08-28T01:37:34.031425,False,
tokopedia,16574880092,https://www.tokopedia.com/gameridsurabaya/laptop-acer-aspire-lite-al14-intel-celeron-n150-ram-8-gb-ssd-256-gb-windows-11-office-home-student-14-wuxga-1731160476330067923?extParam=ivf%3Dfalse%26keyword%3Dlaptop+acer%26src%3Dsearch,"Laptop ACER Aspire Lite AL14 Intel Celeron N150 RAM 8 GB SSD 256 GB Windows 11 + Office Home Student 14"" WUXGA",Acer,,CELERON N150,8,256,,,8129000,,new,Gamer ID Surabaya,5.0,,False,,Surabaya,2026-08-28T01:37:34.031650,False,
tokopedia,103278888457,https://www.tokopedia.com/acerid/gajian-sale-acer-aspire-lite-14-al14-32p-38re-intel-core-3-n355-8-512gb-ssd-windows-11-ohs-14-wuxga-ips-silver-nx-d3ksn-001-al14-32p-38re-1731239365589369877-1735191999290442773?extParam=ivf%3Dfalse%26keyword%3Dlaptop+acer%26src%3Dsearch,"[XTRA] Acer Aspire Lite 14 AL14-45P-R8JN NX.DPESN.001 – Ryzen 3 5400U | 8GB | 512GB SSD | 14” WUXGA IPS | Win11 OH24 + M365 | Light Silver | Laptop pelajar, mahasiswa, kerja kantor, UMKM, multitasking harian ringan",Acer,,RYZEN 3 5400U,,512,,,8878822,,new,Acer Official Authorized Store,5.0,,False,,Jakarta Pusat,2026-08-28T01:37:34.031878,False,
tokopedia,102579996233,https://www.tokopedia.com/royalltech/laptop-acer-aspire-lite-al14-ryzen-3-5300u-8gb-512gb-w11-ohs-m365b-14-0wuxga-ips-42p-r2rj-1733265266333418999?extParam=ivf%3Dfalse%26keyword%3Dlaptop+acer%26src%3Dsearch,Laptop ACER Aspire Lite AL14 Ryzen 3 5300U 8GB 512GB W11+OHS+M365B 14.0WUXGA IPS  -42P.R2RJ,Acer,,RYZEN 3 5300U,8,,,,8559000,,new,royalltech,5.0,,False,,Jakarta Utara,2026-08-28T01:37:34.032063,False,
tokopedia,102353159047,https://www.tokopedia.com/gateway/laptop-hp-240-g9-core-i3-1315-8gb-512gb-ssd-w11-14-inch-fhd-1732712428960777653?extParam=ivf%3Dfalse%26keyword%3Dlaptop+acer%26src%3Dsearch,"ACER EXTENSA EX215 I5 1135G7 8GB 512GB W11 15.6"" FHD LAPTOP",Acer,EX215,,8,,,,9389000,,new,Gateway Indonesia Comp,5.0,,False,,Jakarta Utara,2026-08-28T01:37:34.032196,False,
tokopedia,102342507474,https://www.tokopedia.com/toptech/laptop-acer-aspire-a14-51m-core-7-150u-16gb-512gb-14-wuxga-ips-ohs-w11-1732680041203008628?extParam=ivf%3Dfalse%26keyword%3Dlaptop+acer%26src%3Dsearch,"Laptop Acer Aspire A14-51M Core 7 150U 16GB 512GB 14"" WUXGA IPS OHS W11",Acer,Aspire A14-51M,CORE 7 150U,16,,,,12449000,,new,Top Tech Comp,5.0,,False,,Jakarta Utara,2026-08-28T01:37:34.032301,False,
tokopedia,103035020997,https://www.tokopedia.com/prostorecomputer/laptop-acer-aspire-7-pro-a715-intel-core-i7-13620h-rtx3050-6gb-16gb-512gb-w11-ohs-m365b-15-6fhd-144hz-1734394982459672475?extParam=ivf%3Dfalse%26keyword%3Dlaptop+acer%26src%3Dsearch,LAPTOP ACER ASPIRE 7 PRO A715 INTEL CORE I7 13620H RTX3050 6GB/ 16GB 512GB W11+OHS+M365B 15.6FHD 144HZ,Acer,A715,I7 13620H,16,,RTX3050,,15749000,,new,ProStoreComputer,5.0,,False,,Jakarta Utara,2026-08-28T01:37:34.032426,False,
tokopedia,103312056018,https://www.tokopedia.com/technocentral/laptop-acer-nitro-lite-16-core-i5-210h-rtx3050-6gb-16gb-512gb-w11-ohs-16-0wuxga-180hz-100srgb-blit-1732927337551136387-1735324092548941443?extParam=ivf%3Dfalse%26keyword%3Dlaptop+acer%26src%3Dsearch,LAPTOP ACER NITRO LITE 16 CORE I5 210H RTX3050 6GB/ 16GB 512GB W11+OHS 16.0WUXGA 180HZ 100SRGB BLIT,Acer,,,16,,RTX3050,,19499000,,new,Techno Central,5.0,,False,,Bogor,2026-08-28T01:37:34.032570,False,
tokopedia,102349995178,https://www.tokopedia.com/agresidjakut/acer-aspire-lite-al15-ryzen-5-7430u-8gb-512gb-w11-ohs-m365b-15-0fhd-ips-42p-r50p-silver-1732698642171659858?extParam=ivf%3Dfalse%26keyword%3Dlaptop+acer%26src%3Dsearch,[LAPTOP] Acer Aspire Lite AL15 Ryzen 5 7430U 8GB 512GB W11+OHS+M365B 15.0FHD IPS -42P.R50P GARANSI RESMI,Acer,,RYZEN 5 7430U,8,,,,10089000,,new,Agres ID Jakarta Utara,5.0,,False,,Jakarta Pusat,2026-08-28T01:37:34.032695,False,
tokopedia,100554551980,https://www.tokopedia.com/gameridsurabaya/laptop-acer-aspire-lite-14-al14-core-3-n355-ram-8gb-ssd-512-gb-windows-11-office-home-student-14-inch-wuxga-ips-1731561784224417747?extParam=ivf%3Dfalse%26keyword%3Dlaptop+acer%26src%3Dsearch,"Laptop Acer Aspire Lite 14 AL14 Core 3 N355 RAM 8GB SSD 512 GB Windows 11 + Office Home Student 14"" inch WUXGA IPS",Acer,,N355,8,512,,,9089000,,new,Gamer ID Surabaya,5.0,,False,,Surabaya,2026-08-28T01:37:34.032810,False,
tokopedia,103312019157,https://www.tokopedia.com/technocentral/laptop-acer-aspire-lite-al14-n150-8gb-256gb-w11-ohs-m365b-14-0wuxga-1731923868957771395-1735324053695202947?extParam=ivf%3Dfalse%26keyword%3Dlaptop+acer%26src%3Dsearch,LAPTOP ACER ASPIRE LITE AL14 N150 8GB 256GB W11+OHS+M365B 14.0WUXGA,Acer,,N150,8,,,,10649000,,new,Techno Central,5.0,,False,,Bogor,2026-08-28T01:37:34.033037,False,
tokopedia,103190379845,https://www.tokopedia.com/laptopcreatorid/acer-aspire-lite-al1-14-intel-i3-1215-ram-8gb-512gb-ssd-14-wuxga-ips-windows-11-office-1729870487584211986-1734962469237523474?extParam=ivf%3Dfalse%26keyword%3Dlaptop+acer%26src%3Dsearch,"LAPTOP ACER ASPIRE LITE 14 AL14 AMD RYZEN 3 5400 RAM 8GB SSD 512GB W11+OHS+M365B 14"" WUXGA IPS",Acer,,RYZEN 3 5400,8,512,,,8609000,,new,LAPTOP SHOP ID,5.0,,False,,Jakarta Utara,2026-08-28T01:37:34.033159,False,
tokopedia,102222475540,https://www.tokopedia.com/royalltech/laptop-acer-aspire-lite-al15-amd-ryzen-5-7430u-8gb-512gb-ssd-w11-ohs-m365b-15-0fhd-ips-1732443138416674295?extParam=ivf%3Dfalse%26keyword%3Dlaptop+acer%26src%3Dsearch,LAPTOP ACER ASPIRE LITE AL15 AMD RYZEN 5 7430U 8GB 512GB SSD W11+OHS+M365B 15.0FHD IPS,Acer,,RYZEN 5 7430U,8,512,,,10139000,,new,royalltech,5.0,,False,,Jakarta Utara,2026-08-28T01:37:34.033275,False,
tokopedia,102615309751,https://www.tokopedia.com/royalltech/laptop-acer-swift-go-oled-sfg14-intel-ultra-9-185h-32gb-1tb-ssd-w11-ohs-14-0-2-8k-90hz-2y-adp-73-9686-1733361652134610423?extParam=ivf%3Dfalse%26keyword%3Dlaptop+acer%26src%3Dsearch,LAPTOP ACER SWIFT GO OLED SFG14 INTEL ULTRA 9 185H 32GB 1TB SSD W11+OHS 14.0 2.8K 90HZ 2Y+ADP -73.9686,Acer,,,32,1024,,,20699000,,new,royalltech,5.0,,False,,Jakarta Utara,2026-08-28T01:37:34.033411,False,
tokopedia,100482992193,https://www.tokopedia.com/herlinacom/laptop-acer-aspire-7-pro-a715-intel-core-i5-12450h-rtx-3050-6gb-ram-16gb-512gb-ssd-win-11-office-ohs-ori-15-6-full-hd-144hz-1731448464980936078?extParam=ivf%3Dtrue%26keyword%3Dlaptop+acer%26src%3Dsearch,Laptop Acer Aspire 7 Pro A715 Intel Core i5 12450H Rtx 3050 6Gb / Ram 16Gb 512Gb Ssd Win 11 + Office OHS Ori 15.6 Full HD 144Hz,Acer,A715,I5 12450H,16,512,RTX 3050,,14169000,,new,Herlinacom,5.0,,False,,Depok,2026-08-28T01:37:34.033556,False,
tokopedia,102927187250,https://www.tokopedia.com/rogonline/acer-nitro-16s-anv16s-41-rtx-5050-8gb-ryzen-7-260-64gb-1tb-ssd-w-11-ohs-16-0-180hz-1734183804338275559?extParam=ivf%3Dfalse%26keyword%3Dlaptop+acer%26src%3Dsearch,Acer Nitro 16S ANV16S-41 RTX 5050 8GB Ryzen 7 260 32GB 1TB SSD W11 OHS 16.0 180Hz Laptop Hitam dengan Garansi 3 Tahun - Black,Acer,Nitro 16S,RYZEN 7 260,32,1024,RTX 5050,,22029000,,new,ROGZ Online,5.0,,False,,Jakarta Pusat,2026-08-28T01:37:34.033719,False,
tokopedia,12990186869,https://www.tokopedia.com/technocentral/laptop-acer-aspire-go-spin-agsp14-touch-core-3-n355-8gb-512gb-w11-ohs-14-0wuxga-pen-2in1-d24e1-laptop-e669a?extParam=ivf%3Dfalse%26keyword%3Dlaptop+acer%26src%3Dsearch,LAPTOP ACER ASPIRE GO SPIN AGSP14 TOUCH CORE 3 N355 8GB 512GB W11+OHS 14.0WUXGA PEN 2IN1,Acer,,N355,8,,,,10669000,,new,Techno Central,5.0,,False,,Bogor,2026-08-28T01:37:34.033858,False,
tokopedia,102163967068,https://www.tokopedia.com/kingznotebook/laptop-acer-aspire-lite-al14-intel-n150-8gb-512gb-ssd-w11-ohs-14-wuxga-1732313768905311916?extParam=ivf%3Dfalse%26keyword%3Dlaptop+acer%26src%3Dsearch,"Laptop Acer Aspire Lite AL14 Intel N150 8GB 512GB SSD W11+OHS 14"" WUXGA",Acer,,INTEL N150,8,512,,,8129000,,new,Kingz Notebook,5.0,,False,,Jakarta Pusat,2026-08-28T01:37:34.033971,False,
tokopedia,103602555193,https://www.tokopedia.com/intelstore-id/kabel-power-adapter-asus-lubang-3-1735641752741250474-1736611477869921706?extParam=ivf%3Dfalse%26keyword%3Dlaptop+acer%26src%3Dsearch,"LAPTOP ACER TRAVELMATE P214 - I3 1315U 8GB 512GB SSD 14"" W11 +UP OFFICE ORI",Acer,P214,I3 1315U,8,512,,,10979000,,new,INTEL STORE ID,5.0,,False,,Jakarta Utara,2026-08-28T01:37:34.034216,False,
tokopedia,102381375628,https://www.tokopedia.com/gamer-id-bogor/laptop-acer-aspire-lite-al15-ryzen-5-7430u-8gb-512gb-w11-ohs-m365b-15-0fhd-ips-42p-r50p-1732775225620399977?extParam=ivf%3Dfalse%26keyword%3Dlaptop+acer%26src%3Dsearch,LAPTOP ACER ASPIRE LITE AL15 RYZEN 5 7430U 8GB 512GB W11+OHS+M365B 15.0FHD IPS  -42P.R50P,Acer,,RYZEN 5 7430U,8,,,,10039000,,new,Gamer ID Bogor,5.0,,False,,Bogor,2026-08-28T01:37:34.034331,False,
tokopedia,102954719939,https://www.tokopedia.com/royalltech/laptop-acer-aspire-lite-14-al14-intel-core-i3-n355-16gb-512gb-w11-ohs-m365b-14-0-wuxga-ips-garansi-resmi-indonesia-1734243430741280247?extParam=ivf%3Dfalse%26keyword%3Dlaptop+acer%26src%3Dsearch,LAPTOP ACER ASPIRE LITE 14 AL14 INTEL CORE I3 N355 16GB 512GB W11+OHS+M365B 14.0 WUXGA IPS Garansi Resmi Indonesia,Acer,,N355,16,,,,8859000,,new,royalltech,5.0,,False,,Jakarta Utara,2026-08-28T01:37:34.034472,False,
tokopedia,103049486142,https://www.tokopedia.com/acer-indonesia/acer-laptop-aspire-lite-14-al14-45p-r1qh-al14-45p-r8jn-14-wuxga-amd-ryzen-3-5400u-ram-8gb-storage-512gb-ssd-amd-radeon-graphics-windows-11-1734417309413443000?extParam=ivf%3Dfalse%26keyword%3Dlaptop+acer%26src%3Dsearch,"ACER LAPTOP ASPIRE LITE 14 AL14-45P-R1QH/AL14-45P-R8JN 14"" WUXGA AMD RYZEN 3 5400U RAM 8GB STORAGE 512GB SSD AMD RADEON GRAPHICS WINDOWS 11",Acer,,RYZEN 3 5400U,8,512,,,9099000,,new,Acer Indonesia,5.0,,False,,Jakarta Timur,2026-08-28T01:37:34.034593,False,
tokopedia,102335087298,https://www.tokopedia.com/rogonline/acer-aspire-7-pro-a715-rtx-3050-i7-gen-13-32gb-1tb-ssd-w-11-ohs-15-6-ips-panel-144hz-1732667007718294759?extParam=ivf%3Dfalse%26keyword%3Dlaptop+acer%26src%3Dsearch,"Acer Aspire 7 Pro A715-59G-77WV Laptop Hitam Intel Core i7-13620H RTX 3050 32GB 1TB SSD 15.6"" IPS 144Hz Win 11 Office 2024 - Black",Acer,A715-59G-77WV,I7-13620H,32,1024,RTX 3050,,15969000,,new,ROGZ Online,5.0,,False,,Jakarta Pusat,2026-08-28T01:37:34.034715,False,
tokopedia,103665846863,https://www.tokopedia.com/zxcomputer/laptop-tkdn-acer-travelmate-tmp214-0011-intel-core-i7-1165g7-16gb-512gb-ssd-14-0-full-hd-windows-11-pro-1731241436435613116-1736802907781301692?extParam=ivf%3Dfalse%26keyword%3Dlaptop+acer%26src%3Dsearch,LAPTOP TKDN ACER TRAVELMATE TMP214/0091 INTEL CORE I7 1355U 8GB 512GB SSD 14”FHD WINDOWS 11 HOME,Acer,TMP214,I7 1355U,8,512,,14.0,15399000,,new,ZX COMPUTER,5.0,,False,,Jakarta Pusat,2026-08-28T01:37:34.034869,False,
tokopedia,102896716671,https://www.tokopedia.com/intelgamingid/laptop-acer-aspire-go-spin-agsp14-touch-i3-n355-8gb-512gb-w11-ohs-14-0wuxga-pen-2in1-1734107391338579264?extParam=ivf%3Dfalse%26keyword%3Dlaptop+acer%26src%3Dsearch,LAPTOP ACER ASPIRE GO SPIN AGSP14 TOUCH I3 N355 8GB 512GB W11+OHS 14.0WUXGA PEN 2IN1,Acer,,N355,8,,,,10658999,,new,Intel Gaming ID,5.0,,False,,Jakarta Utara,2026-08-28T01:37:34.035073,False,
tokopedia,100461698583,https://www.tokopedia.com/herlinacom/laptop-acer-aspire-go-spin-agsp14-touch-core-intel-core-i3-n355-ram-8gb-512gb-ssd-win-11-office-ohs-ori-14-0-1731426383424423310?extParam=ivf%3Dtrue%26keyword%3Dlaptop+acer%26src%3Dsearch,Laptop Acer Aspire Go Spin AGSP14 Touch Core Intel Core i3 N355 Ram 8Gb 512Gb Ssd Win 11 + Office OHS Ori 14.0,Acer,,N355,8,512,,,10669000,,new,Herlinacom,5.0,,False,,Depok,2026-08-28T01:37:34.035277,False,
tokopedia,100668731853,https://www.tokopedia.com/rogonline/laptop-acer-aspire-go-14-ai-intel-ultra-5-125h-32gb-1tb-ssd-w-11-ohs-14-0-ips-panel-intel-arc-130v-copilot-pc-1731782073163875559?extParam=ivf%3Dfalse%26keyword%3Dlaptop+acer%26src%3Dsearch,Laptop Acer Aspire Go 14 AI Intel Ultra 5 125H 32GB 1TB SSD W 11 + OHS 14.0 IPS Panel Intel Arc 130V Copilot PC,Acer,,,32,1024,,,13319000,,new,ROGZ Online,5.0,,False,,Jakarta Pusat,2026-08-28T01:37:34.035456,False,
tokopedia,16502779317,https://www.tokopedia.com/technocentral/laptop-acer-aspire-7-pro-a715-i7-13620h-rtx3050-6gb-16gb-512gb-w11-ohs-m365-15-6fhd-144hz-1731067653585536643?extParam=ivf%3Dfalse%26keyword%3Dlaptop+acer%26src%3Dsearch,LAPTOP ACER ASPIRE 7 PRO A715 I7 13620H RTX3050 6GB/ 16GB 512GB W11+OHS+M365 15.6FHD 144HZ,Acer,A715,I7 13620H,16,,RTX3050,,15969000,,new,Techno Central,5.0,,False,,Bogor,2026-08-28T01:37:34.035577,False,
tokopedia,100833340365,https://www.tokopedia.com/gameridsurabaya/laptop-acer-nitro-v-15-intel-core-i7-13620h-rtx-5050-8-gb-ram-16-gb-ssd-512-gb-windows-11-office-home-student-15-6-full-hd-180hz-100srgb-1732028575582029779?extParam=ivf%3Dfalse%26keyword%3Dlaptop+acer%26src%3Dsearch,Laptop Acer Nitro V 15 Intel Core I7 13620H RTX 5050 8 GB RAM 16 GB SSD 512 GB Windows 11 + office Home Student 15.6 Full HD 180Hz 100Srgb,Acer,,I7 13620H,16,512,RTX 5050,,21109000,,new,Gamer ID Surabaya,5.0,,False,,Surabaya,2026-08-28T01:37:34.035687,False,
tokopedia,102600863176,https://www.tokopedia.com/acerid/gajian-sale-acer-nitro-v-15-rtx5050-i7-13620h-16gb-512gb-ssd-15-6-ips-fhd-100-srgb-180hz-w11h-oh2024-m365-1y-black-bp-nh-qz9sn-002-anv15-52-7783-1733317739971249173?extParam=ivf%3Dtrue%26keyword%3Dlaptop+acer%26src%3Dsearch,"Acer Nitro V 15 ANV15-52-7783 – Core i7-13620H | 16GB RAM | 512GB SSD | RTX 5050 8GB | 15.6” FHD IPS 180Hz 100% sRGB | Win11 + Office 2024 + M365 | Laptop gaming, esports, dan content creator dengan performa tinggi & layar super smooth",Acer,,I7-13620H,16,512,RTX 5050,,22078822,,new,Acer Official Authorized Store,5.0,,False,,Jakarta Pusat,2026-08-28T01:37:34.035886,False,
tokopedia,103782241925,https://www.tokopedia.com/acerid/acer-aspire-lite-14-al14-32p-pink-blue-core-i3-n355-8gb-ram-ddr5-512gb-ssd-uma-14-ips-wuxga-w11h-oh2024-upgradable-intel-laptop-37ce-359z-1731239350890562581-1737158144398427157?extParam=ivf%3Dtrue%26keyword%3Dlaptop+acer%26src%3Dsearch,"Acer Aspire Lite 14 AL14-32P – Core 3 N355 | 8GB LPDDR5 | 512GB SSD | 14"" WUXGA IPS | Windows 11 + Office 2024 + Microsoft 365 | Pilihan Light Silver (NX.D1TSN.001) / Fresh Blue (NX.D22SN.001) | Laptop ringkas untuk kerja, belajar, dan multitasking",Acer,,N355,8,512,,,10178822,,new,Acer Official Authorized Store,4.9,,False,,Jakarta Pusat,2026-08-28T01:37:34.036244,False,
tokopedia,102210085903,https://www.tokopedia.com/royalltech/laptop-acer-aspire-lite-14-al14-intel-n150-8gb-512gb-windows-11-ohs-m365-14-fhd-ips-laptop-slim-tipis-enteng-ringan-1732411242500294135?extParam=ivf%3Dfalse%26keyword%3Dlaptop+acer%26src%3Dsearch,Laptop ACER Aspire Lite 14 AL14 Intel N150 8GB 512GB Windows 11+OHS+M365 14” FHD IPS Laptop Slim Tipis Enteng Ringan,Acer,,INTEL N150,8,,,,8029000,,new,royalltech,4.9,,False,,Jakarta Utara,2026-08-28T01:37:34.036494,False,
tokopedia,103374041118,https://www.tokopedia.com/acerid/gajian-sale-acer-aspire-7-pro-gaming-a715-59g-516g-gen-13-core-i5-rtx3050-i5-13420h-16gb-512gb-ssd-rtx3050-6gb-15-6-fhd-ips-144hz-w11h-ohs21-black-un-qx0sd-001-laptop-kuliah-gaming-stem-1731239365588911125-1735543335595181077?extParam=ivf%3Dtrue%26keyword%3Dlaptop+acer%26src%3Dsearch,"Acer Aspire 7 Pro Gaming A715-59G-516G UN.QX0SD.001 – i5 13420H | 16GB | 512GB SSD | RTX 3050 6GB | 15.6” FHD IPS 144Hz | Win11 OHS21 | Black | Laptop gaming, kuliah, STEM, creator, rendering & multitasking | Gajian Sale",Acer,A715-59G-516G,I5 13420H,,512,RTX 3050,,14278822,,new,Acer Official Authorized Store,4.9,,False,,Jakarta Pusat,2026-08-28T01:37:34.036733,False,
tokopedia,103105658041,https://www.tokopedia.com/prostorecomputer/laptop-acer-aspire-lite-al14-i3-1215-n305-core-3-n355-100u-intel-n100-n150-8gb-512gb-w11-ohs-14-0wuxga-ips-ag14-1729793435475806107-1734684215794632603?extParam=ivf%3Dfalse%26keyword%3Dlaptop+acer%26src%3Dsearch,Laptop ACER Aspire Lite AL14 i3 1215 N305 Core 3 N355 100U - INTEL N100 N150 8GB 512GB W11+OHS 14.0WUXGA IPS - AG14,Acer,,I3 1215,8,,,,8029000,,new,ProStoreComputer,4.9,,False,,Jakarta Utara,2026-08-28T01:37:34.037133,False,
tokopedia,102834140495,https://www.tokopedia.com/onestopgaming/laptop-acer-aspire-go-spin-agsp14-core-3-n355-ram-8gb-512gb-ssd-14-wuxga-touch-x360-1733966998132589826?extParam=ivf%3Dfalse%26keyword%3Dlaptop+acer%26src%3Dsearch,"Laptop ACER Aspire GO SPIN AGSP14 CORE 3 N355 RAM 8GB 512GB SSD 14"" WUXGA Touch X360",Acer,X360,N355,8,512,,,11475500,,new,Onestop Gaming,4.9,,False,,Jakarta Pusat,2026-08-28T01:37:34.037244,False,
tokopedia,102400904920,https://www.tokopedia.com/acerid/gajian-sale-acer-aspire-lite-14-core-i3-n355-8gb-ddr5-512gb-ssd-uma-14-ips-wuxga-w11h-oh2024-silver-blue-rose-pink-al14-32p-38re-37ce-359z-laptop-murah-1732825931959403541?extParam=ivf%3Dtrue%26keyword%3Dlaptop+acer%26src%3Dsearch,"[Gajian Sale] ACER ASPIRE LITE 14 CORE i3 N355 8GB DDR5 512GB SSD UMA 14"" IPS WUXGA W11H OH2024 SILVER, BLUE, ROSE PINK [AL14-32P, 38RE, 37CE, 359Z] laptop murah",Acer,OH2024,N355,8,512,,,14758822,,new,Acer Official Authorized Store,4.9,,False,,Jakarta Pusat,2026-08-28T01:37:34.037401,False,
tokopedia,102616410298,https://www.tokopedia.com/distri-laptop/laptop-acer-aspire-go-intel-core-i3-1315u-ram-8gb-512gb-ssd-oh24-w11-1733362159334622733?extParam=ivf%3Dtrue%26keyword%3Dlaptop+acer%26src%3Dsearch,Laptop Acer Aspire Go Intel Core i3-1315U RAM 8GB 512GB SSD OH24 W11 Best Price,Acer,,I3-1315U,8,512,,,11905950,,new,Distri Laptop,4.9,,False,,Jakarta Pusat,2026-08-28T01:37:34.037492,False,
tokopedia,103467523443,https://www.tokopedia.com/rogsstoreid/acer-aspire-3-slim-a314-celeron-n5100-4gb-256ssd-w10-ohs-14-0fhd-ips-1735997286434833740?extParam=ivf%3Dfalse%26keyword%3Dlaptop+acer%26src%3Dsearch,[ Pickup / Kurir Toko ] Acer Aspire Lite 14 AL14-32P Intel N150 RAM 8GB SSD 512GB 14 WUXGA IPS Win11 OHS Laptop,Acer,,INTEL N150,8,512,,,7868420,,new,ROGS STORE,4.9,,False,,Jakarta Utara,2026-08-28T01:37:34.037620,False,
tokopedia,103081709411,https://www.tokopedia.com/acerid/acer-aspire-go-14-ag14-72p-core-5-ram-8gb-16gb-ssd-512gb-ag14-72p-50c7-core-5-120u-8gb-16gb-512gb-ssd-14-wuxga-ips-w11h-oh24-m365-silver-bp-nx-jsbsn-005-laptop-kuliah-kerja-pelajar-1734511657649734677?extParam=ivf%3Dtrue%26keyword%3Dlaptop+acer%26src%3Dsearch,"[XTRA] Acer Aspire Go 14 AG14-72P-50C7 – Core 5 120U | 8GB/16GB | 512GB SSD | 14” WUXGA IPS | Win11 OH24 + M365 | Silver | Laptop kuliah, kerja, pelajar, multitasking harian, desain ringan & produktivitas [NX.JSBSN.005] Intel Core i5",Acer,,CORE 5 120U,,512,,,10878900,,new,Acer Official Authorized Store,4.9,,False,,Jakarta Pusat,2026-08-28T01:37:34.037905,False,
tokopedia,102557665689,https://www.tokopedia.com/acer-indonesia/acer-laptop-aspire-lite-14-al14-53m-36gd-14-wuxga-intel-core-i3-1315u-ram-8gb-storage-512gb-ssd-intel-uhd-graphics-windows-11-1733209920326829496?extParam=ivf%3Dfalse%26keyword%3Dlaptop+acer%26src%3Dsearch,"ACER LAPTOP ASPIRE LITE 14 AL14-53M-36GD 14"" WUXGA INTEL CORE I3-1315U RAM 8GB STORAGE 512GB SSD INTEL UHD GRAPHICS WINDOWS 11",Acer,,I3-1315U,8,512,,,10049000,,new,Acer Indonesia,4.9,,False,,Jakarta Timur,2026-08-28T01:37:34.038031,False,
tokopedia,102210174122,https://www.tokopedia.com/royalltech/laptop-acer-aspire-lite-al14-intel-n150-ram-8gb-ssd-512gb-14-wuxga-ips-windows-11-ohs-1732411271694091767?extParam=ivf%3Dfalse%26keyword%3Dlaptop+acer%26src%3Dsearch,Laptop ACER Aspire Lite AL14 Intel N150 RAM 8GB SSD 512GB | 14”WUXGA IPS Windows 11 + OHS,Acer,,INTEL N150,8,512,,14.0,8029000,,new,royalltech,4.9,,False,,Jakarta Utara,2026-08-28T01:37:34.038170,False,
tokopedia,102092266512,https://www.tokopedia.com/gameridsurabaya/laptop-lenovo-legion-5-15-intel-core-i7-13650hx-rtx-5050-8-gb-ram-16-gb-ssd-512-gb-windows-11-office-home-student-15-3-wuxga-165hz-100srgb-1732195924137248723?extParam=ivf%3Dfalse%26keyword%3Dlaptop+lenovo%26search_id%3D20260828013744B83AAC23B9528707AIW7%26src%3Dsearch,"Laptop Lenovo Legion 5 15 Intel Core i7 13650HX RTX 5050 8 GB RAM 16 gb SSD 512 GB Windows 11 + Office Home Student 15.3"" WUXGA 165Hz 100Srgb",Lenovo,Legion 5,I7 13650HX,16,512,RTX 5050,,27799000,,new,Gamer ID Surabaya,5.0,,False,,Surabaya,2026-08-28T01:37:53.610673,False,
tokopedia,102631381862,https://www.tokopedia.com/royalltech/laptop-lenovo-ideapad-slim-3-14-ryzen-3-7320-8gb-512gb-w11-ohs-14-fhd-1733399540251657719?extParam=ivf%3Dfalse%26keyword%3Dlaptop+lenovo%26search_id%3D20260828013744B83AAC23B9528707AIW7%26src%3Dsearch,Laptop Lenovo Ideapad Slim 3 14 AMD Ryzen 5 7535HS RAM 16GB 512GB SSD W11+OHS+M365B 14.0WUXGA IPS 2Y PREM+2ADP,Lenovo,,RYZEN 5 7535HS,16,512,,,11049000,,new,royalltech,5.0,,False,,Jakarta Utara,2026-08-28T01:37:53.611964,False,
tokopedia,103477807910,https://www.tokopedia.com/technosify/lenovo-legion-pro-5-16afr10-2fid-laptop-ryzen-9-9955hx-1tb-32gb-ddr5-rtx-5070-8gb-16-wqxga-oled-165hz-windows-11-home-office-2024-office-365-3y-warranty-eclipse-black-1736044418777908647?extParam=ivf%3Dfalse%26keyword%3Dlaptop+lenovo%26search_id%3D20260828013744B83AAC23B9528707AIW7%26src%3Dsearch,"Lenovo Legion Pro 5 16AFR10 2FID Laptop Ryzen 9 9955HX 1TB 32GB DDR5 RTX 5070 8GB 16"" WQXGA OLED 165Hz Windows 11 Home + Office 2024 + Office 365 3Y Warranty Eclipse Black",Lenovo,,RYZEN 9 9955HX,32,,RTX 5070,,39163581,,new,technosify,5.0,,False,,Surabaya,2026-08-28T01:37:53.612630,False,
tokopedia,102588587988,https://www.tokopedia.com/royalltech/laptop-lenovo-ideapad-5-2in1-14-touch-ryzen-ai-7-350-16gb-1tb-w11-ohs-14-fhd-ips-laptop-convertible-laptop-2in1-1733282836276479479?extParam=ivf%3Dfalse%26keyword%3Dlaptop+lenovo%26search_id%3D20260828013744B83AAC23B9528707AIW7%26src%3Dsearch,"Laptop LENOVO IdeaPad 5 2in1 14 Touch Ryzen AI 7 350 16GB 1TB W11+OHS 14"" FHD IPS Laptop Convertible Laptop 2IN1",Lenovo,Ideapad 5,RYZEN AI 7 350,16,,,,15969000,,new,royalltech,4.7,,False,,Jakarta Utara,2026-08-28T01:37:53.613268,False,
tokopedia,102510640634,https://www.tokopedia.com/gasol-kaliurang/lenovo-ideapad-slim-3-14iru8-intel-core-i3-1315u-256gb-ssd-8gb-ram-6cid-abyss-blue-6did-arctic-grey-nmotebook-laptop-1733061641075983485?extParam=ivf%3Dfalse%26keyword%3Dlaptop+lenovo%26search_id%3D20260828013744B83AAC23B9528707AIW7%26src%3Dsearch,Lenovo Ideapad Slim 3 14IRU8 - Intel Core i3-1315U 256GB SSD 8GB RAM - 6CID  Abyss Blue / 6DID Arctic Grey NMotebook Laptop,Lenovo,,I3-1315U,8,256,,,9894000,,new,GASOL KALIURANG,5.0,,False,,Malang,2026-08-28T01:37:53.613727,False,
tokopedia,103790188570,https://www.tokopedia.com/thinkpadofficial/lenovo-ideapad-slim-5-14-oled-intel-core-i5-210h-ram-16gb-512gb-ssd-14-0-inch-wuxga-windows-11-office-5gid-1732556696537957770-1737183560641774986?extParam=ivf%3Dfalse%26keyword%3Dlaptop+lenovo%26search_id%3D20260828013744B83AAC23B9528707AIW7%26src%3Dsearch,[CO52] Lenovo V14 Gen 5 Intel Core i3 1315U 8GB 256SSD Windows 11 Home FHD 14 Inch | Laptop Murah 7AID,Lenovo,,I3 1315U,,,,14.0,9561628,,new,Thinkpad Official Store,5.0,,False,,Jakarta Utara,2026-08-28T01:37:53.613961,False,
tokopedia,103690167294,https://www.tokopedia.com/infonet-official-store/lenovo-ideapad-slim-3-14irh10-i5-13420h-8gb-512gb-ssd-integrated-14-wuxga-ips-w11-ohs-m365-1732124027626030792-1736911184496395976?extParam=ivf%3Dfalse%26keyword%3Dlaptop+lenovo%26search_id%3D20260828013744B83AAC23B9528707AIW7%26src%3Dsearch,"LENOVO IDEAPAD SLIM 3 14IRH10 INTEL CORE I5-13420H 8GB 512GB SSD 14"" WUXGA IPS LAPTOP WINDOWS 11 HOME OFFICE HOME 2024",Lenovo,,I5-13420H,8,512,,,11379000,,new,Infonet Official Store,5.0,,False,,Jakarta Utara,2026-08-28T01:37:53.614598,False,
tokopedia,103629892187,https://www.tokopedia.com/herlinacom/laptop-lenovo-ideapad-5-2in1-14-touch-ryzen-ai-7-350-ram-16gb-1tb-ssd-win-11-ori-14-0-full-hd-ips-1732899256604132750-1736701681471882638?extParam=ivf%3Dtrue%26keyword%3Dlaptop+lenovo%26search_id%3D20260828013744B83AAC23B9528707AIW7%26src%3Dsearch,Laptop Lenovo Ideapad 5 2in1 14 Touch Ryzen Ai 7 350 Ram 16Gb 1Tb Ssd Win 11 Ori 14.0 Full HD Ips,Lenovo,Ideapad 5,RYZEN AI 7 350,16,1024,,,15969000,,new,Herlinacom,5.0,,False,,Depok,2026-08-28T01:37:53.614722,False,
tokopedia,102537718676,https://www.tokopedia.com/thinkpadofficial/lenovo-ideapad-slim-3i-14irh10-core-i5-13420h-16gb-512ssd-windows-11-office-14-inch-ips-laptop-7eid-1733131703789520266?extParam=ivf%3Dfalse%26keyword%3Dlaptop+lenovo%26search_id%3D20260828013744B83AAC23B9528707AIW7%26src%3Dsearch,[GRATIS ONGKIR] Lenovo IdeaPad Slim 3i 14IRH10 Core i5 13420H 16GB 512SSD Windows 11 Office 14 Inch IPS Laptop - BWID,Lenovo,,I5 13420H,,,,14.0,10899000,,new,Thinkpad Official Store,5.0,,False,,Jakarta Utara,2026-08-28T01:37:53.614867,False,
tokopedia,102285630035,https://www.tokopedia.com/legendeltro-id/laptop-lenovo-ideapad-slim-3-14-i7-13620h-16gb-512gb-w11-ohs-m365b-14-0wuxga-ips-2y-prem-2adp-1732567705166316593?extParam=ivf%3Dfalse%26keyword%3Dlaptop+lenovo%26search_id%3D20260828013744B83AAC23B9528707AIW7%26src%3Dsearch,Laptop Lenovo Ideapad Slim 3 14 I7 13620H 16GB 512GB W11+OHS+M365B 14.0WUXGA IPS 2Y PREM+2ADP,Lenovo,,I7 13620H,16,,,,17249000,,new,LEGEND.ELTRO.ID,5.0,,False,,Tangerang Selatan,2026-08-28T01:37:53.614997,False,
tokopedia,100770292896,https://www.tokopedia.com/gasolsumbersari/lenovo-ideapad-slim-3-14irh10-intel-core-i5-13420h-512gb-ssd-8gb-ram-notebook-laptop-7did-blue-7eid-grey-1731942023680984975?extParam=ivf%3Dfalse%26keyword%3Dlaptop+lenovo%26search_id%3D20260828013744B83AAC23B9528707AIW7%26src%3Dsearch,Lenovo IdeaPad Slim 3 14IRH10 - Intel Core i5-13420H 512GB SSD 8GB RAM Notebook Laptop - 7DID Blue / 7EID Grey,Lenovo,,I5-13420H,8,512,,,11894000,,new,GASOL SUMBERSARI,5.0,,False,,Malang,2026-08-28T01:37:53.615116,False,
tokopedia,100626255270,https://www.tokopedia.com/herlinacom/laptop-lenovo-ideapad-5-2in1-14-touch-oled-core-i7-150u-ram-16gb-512gb-ssd-win-11-office-ohs-ori-14-0-1731713204000032142?extParam=ivf%3Dtrue%26keyword%3Dlaptop+lenovo%26search_id%3D20260828013744B83AAC23B9528707AIW7%26src%3Dsearch,Laptop Lenovo Ideapad 5 2in1 14 Touch Oled Core i7 150U Ram 16Gb 512Gb Ssd Win 11 + Office Ohs Ori 14.0,Lenovo,Ideapad 5,,16,512,,,18979000,,new,Herlinacom,5.0,,False,,Depok,2026-08-28T01:37:53.615279,False,
tokopedia,102887067154,https://www.tokopedia.com/infonet-margonda-depok/lenovo-ideapad-slim-3-14iru8-i3-1315u-8gb-256gb-ssd-14-fhd-tn-w11-ohs-laptop-original-garansi-resmi-2-tahun-1734091399160039339?extParam=ivf%3Dfalse%26keyword%3Dlaptop+lenovo%26search_id%3D20260828013744B83AAC23B9528707AIW7%26src%3Dsearch,"Lenovo Ideapad Slim 3 14IRU8 I3 1315U 8GB 256GB SSD 14"" FHD TN W11 OHS Laptop Original Garansi Resmi 2 Tahun",Lenovo,,I3 1315U,8,256,,,9499000,,new,INFONET MARGONDA DEPOK,5.0,,False,,Depok,2026-08-28T01:37:53.615431,False,
tokopedia,102673985327,https://www.tokopedia.com/prostorecomputer/laptop-lenovo-v14-g4-ryzen-3-7320-8gb-256gb-w11-ohs-14-0fhd-garansi-resmi-2th-laptop-sekolah-laptop-kuliah-laptop-admin-laptop-kantor-1733517225271003035?extParam=ivf%3Dfalse%26keyword%3Dlaptop+lenovo%26search_id%3D20260828013744B83AAC23B9528707AIW7%26src%3Dsearch,Laptop LENOVO V14 G4 Ryzen 3 7320 8GB 256GB W11+OHS 14.0FHD Garansi Resmi 2Th | Laptop Sekolah Laptop Kuliah Laptop Admin Laptop Kantor,Lenovo,,RYZEN 3 7320,8,,,,8769000,,new,ProStoreComputer,5.0,,False,,Jakarta Utara,2026-08-28T01:37:53.615874,False,
tokopedia,15727874676,https://www.tokopedia.com/kingznotebook/laptop-lenovo-ideapad-5-2in1-14irh9-i5-13420h-16gb-512gb-w11-ohs-14-wuxga-ips-1731005213920691884?extParam=ivf%3Dfalse%26keyword%3Dlaptop+lenovo%26search_id%3D20260828013744B83AAC23B9528707AIW7%26src%3Dsearch,"Laptop Lenovo IdeaPad 5 2in1 14IRH9 i5 13420H 16GB 512GB W11+OHS 14"" WUXGA IPS",Lenovo,Ideapad 5,I5 13420H,16,,,,17259000,,new,Kingz Notebook,5.0,,False,,Jakarta Pusat,2026-08-28T01:37:53.616384,False,
tokopedia,102384788698,https://www.tokopedia.com/amtechgrosiria/lenovo-laptop-gaming-loq-15irx9-intel-core-i7-13650hx-16gb-512gb-geforce-rtx-4050-windows-11-ohs-2024-15-6-fhd-ips-m365-basic-luna-grey-83dv01arid-arid-1732782982789301587?extParam=ivf%3Dfalse%26keyword%3Dlaptop+lenovo%26search_id%3D20260828013744B83AAC23B9528707AIW7%26src%3Dsearch,"LENOVO Laptop Gaming LOQ 15IRX9 Intel Core i7 13650HX 16GB 512GB GeForce RTX 4050 Windows 11 OHS 2024 15.6"" FHD IPS M365 Basic Luna Grey [83DV01ARID] ARID",Lenovo,Loq 15Irx9,I7 13650HX,16,,RTX 4050,,24169999,,new,GROSIRIA.ID,5.0,,False,,Surabaya,2026-08-28T01:37:53.616551,False,
tokopedia,103630847406,https://www.tokopedia.com/gateway/hp-pavilion-aero-13-amd-ryzen-5-8640u-16gb-512gb-ssd-13-3-wuxga-ips-win11-ohs-bg0111au-bg0222au-1736703682229732789?extParam=ivf%3Dfalse%26keyword%3Dlaptop+lenovo%26search_id%3D20260828013744B83AAC23B9528707AIW7%26src%3Dsearch,"LENOVO LEGION 5 15 OLED RYZEN 7 260 RTX5060 32GB 1TB W11 15.1"" QHD 165HZ LAPTOP GAMING",Lenovo,Legion 5,RYZEN 7 260,32,,RTX5060,,26569000,,new,Gateway Indonesia Comp,5.0,,False,,Jakarta Utara,2026-08-28T01:37:53.616683,False,
tokopedia,102887964392,https://www.tokopedia.com/royalltech/laptop-lenovo-legion-pro-5i-16-oled-ultra-7-255hx-rtx5060-8gb-32gb-1tb-ssd-w11-ohs-m365b-16-0wqxga-165hz-24zrgb-3y-3adp-1734090547405227511?extParam=ivf%3Dfalse%26keyword%3Dlaptop+lenovo%26search_id%3D20260828013744B83AAC23B9528707AIW7%26src%3Dsearch,LAPTOP LENOVO LEGION PRO 5I 16 OLED ULTRA 7 255HX RTX5060 8GB/ 32GB 1TB SSD W11+OHS+M365B 16.0WQXGA 165HZ 24ZRGB 3Y+3ADP,Lenovo,,,32,1024,RTX5060,,31549000,,new,royalltech,5.0,,False,,Jakarta Utara,2026-08-28T01:37:53.616853,False,
tokopedia,3536000477,https://www.tokopedia.com/amtechgrosiria/lenovo-laptop-v14-alc-ryzen-7-8gb-512gb-82kc007kid?extParam=ivf%3Dfalse%26keyword%3Dlaptop+lenovo%26search_id%3D20260828013744B83AAC23B9528707AIW7%26src%3Dsearch,"LENOVO Laptop V14 ALC Ryzen 7 8GB 512GB 14"" Windows 11 OHS24 [82KC007KID]",Lenovo,,,8,,,,11019999,,new,GROSIRIA.ID,5.0,,False,,Surabaya,2026-08-28T01:37:53.616989,False,
tokopedia,103242960002,https://www.tokopedia.com/technocentral/laptop-lenovo-legion-5i-15-i7-13650hx-rtx5050-8gb-16gb-512gb-w11-ohs-m365b-15-3wuxga-165hz-100srgb-blit-1732110768756983427-1735094259695847043?extParam=ivf%3Dfalse%26keyword%3Dlaptop+lenovo%26search_id%3D20260828013744B83AAC23B9528707AIW7%26src%3Dsearch,LAPTOP LENOVO LEGION 5I 15 I7 13650HX RTX5050 8GB/ 16GB 512GB W11+OHS+M365B 15.3WUXGA 165HZ 100SRGB BLIT,Lenovo,Legion 5I,I7 13650HX,16,,RTX5050,,29000000,,new,Techno Central,5.0,,False,,Bogor,2026-08-28T01:37:53.617124,False,
tokopedia,2618833404,https://www.tokopedia.com/technosify/lenovo-yoga-slim-7-14itl5-lbid-laptop-core-i5-1135-g7-512-gb-ssd-8-gb-ddr4-intel-iris-xe-14-fhd-screen-windows-11-office-2021-3-years-warranty-2-year-adp-1730833206352119207?extParam=ivf%3Dfalse%26keyword%3Dlaptop+lenovo%26search_id%3D20260828013744B83AAC23B9528707AIW7%26src%3Dsearch,"Lenovo Yoga Slim 7 14ITL5 LBID Laptop i5 1135G7 512GB 8GB DDR4 Intel Iris Xe Graphics 14"" FHD Windows 11 Home - 2 Year Warranty - Slate Grey",Lenovo,,,8,,,,12899655,,new,technosify,5.0,,False,,Surabaya,2026-08-28T01:37:53.617304,False,
tokopedia,11966671825,https://www.tokopedia.com/ten-com/lenovo-ideapad-slim-3-14-i3-1315-8gb-512ssd-win11-14-full-hd-1729893679828534535?extParam=ivf%3Dtrue%26keyword%3Dlaptop+lenovo%26search_id%3D20260828013744B83AAC23B9528707AIW7%26src%3Dsearch,Lenovo Ideapad Slim 3 Intel i3 1315U 8GB 512GB 14inch Full HD Windows 11 Office Garansi Resmi - Laptop Pelajar - Laptop Kantor,Lenovo,,I3 1315U,8,,,14.0,9309000,,new,Ten Com,5.0,,False,,Jakarta Selatan,2026-08-28T01:37:53.617678,False,
tokopedia,103581105982,https://www.tokopedia.com/thinkpadofficial/lenovo-ideapad-slim-3i-intel-core-i3-1315u-8gb-512ssd-windows-11-office-14-inch-fhd-14iru8-5pid-1731201723419755914-1736520567049782666?extParam=ivf%3Dtrue%26keyword%3Dlaptop+lenovo%26search_id%3D20260828013744B83AAC23B9528707AIW7%26src%3Dsearch,LAPTOP LENOVO IDEAPAD SLIM 3 14IPH11 ULTRA 5 322 16GB 512GB WINDOWS 11+OFFICE 14.0WUXGA  -3BID,Lenovo,,,16,,,,19999000,,new,Thinkpad Official Store,5.0,,False,,Jakarta Utara,2026-08-28T01:37:53.618059,False,
tokopedia,103187679516,https://www.tokopedia.com/teknotrend/laptop-lenovo-ideapad-slim-5-5i-14irl8-core-i7-13620h-16gb-512gb-ssd-ips-1731262212153378754-1734952826665338818?extParam=ivf%3Dfalse%26keyword%3Dlaptop+lenovo%26search_id%3D20260828013744B83AAC23B9528707AIW7%26src%3Dsearch,[Extra Promo] - Laptop LENOVO IdeaPad Slim 3 14IRU8 Core i3 1315U 8GB 256GB W11 OHS 2024 M365 Basic,Lenovo,,I3 1315U,8,,,,9299500,,new,TeknoTrend ID,5.0,,False,,Jakarta Pusat,2026-08-28T01:37:53.618550,False,
tokopedia,100706955410,https://www.tokopedia.com/lenovo-store-by-infonet/gajian-sale-lenovo-yoga-pro-7i-aura-edition-14iah10-ultra-9-285h-32gb-1tb-ssd-intel-arc-140t-gpu-14-5-3k-oled-120hz-w11-ohs-luna-grey-83kf0027id-ai-pc-1731829525751629773?extParam=ivf%3Dtrue%26keyword%3Dlaptop+lenovo%26search_id%3D20260828013744B83AAC23B9528707AIW7%26src%3Dsearch,"Lenovo Yoga Pro 7i Aura Edition 14IAH10 (83KF0027ID) – Core Ultra 9 285H | 32GB | 1TB SSD | Intel Arc 140T | 14.5"" 3K OLED 120Hz | AI PC | Win11 + Office Home & Student | Laptop premium untuk profesional, content creator, editing, desain, coding",Lenovo,,CORE ULTRA 9 285H,,1024,,,34678822,,new,Lenovo Store by Infonet,5.0,,False,,Jakarta Pusat,2026-08-28T01:37:53.618960,False,
tokopedia,15959238556,https://www.tokopedia.com/gateway/laptop-lenovo-v14-g5-i3-1315u-8gb-512gb-ssd-w11-14-fhd-1730698027787519413?extParam=ivf%3Dfalse%26keyword%3Dlaptop+lenovo%26search_id%3D20260828013744B83AAC23B9528707AIW7%26src%3Dsearch,"[SALE] LENOVO V14 G5 CORE I3 1315 8GB 512GB SSD W11 14"" FHD LAPTOP",Lenovo,,I3 1315,8,512,,,9260780,,new,Gateway Indonesia Comp,5.0,,False,,Jakarta Utara,2026-08-28T01:37:53.619179,False,
tokopedia,102946606019,https://www.tokopedia.com/kingznotebook/laptop-lenovo-ideapad-slim-3-14amn8-ryzen-3-7320u-8gb-512gb-ssd-w11-ohs-14-fhd-1734229625061541548?extParam=ivf%3Dfalse%26keyword%3Dlaptop+lenovo%26search_id%3D20260828013744B83AAC23B9528707AIW7%26src%3Dsearch,"Laptop Lenovo IdeaPad Slim 3 14AMN8 Ryzen 3 7320U 8GB 512GB SSD W11+OHS 14""FHD",Lenovo,,RYZEN 3 7320U,8,512,,14.0,10039000,,new,Kingz Notebook,5.0,,False,,Jakarta Pusat,2026-08-28T01:37:53.619417,False,
tokopedia,102796435201,https://www.tokopedia.com/royalltech/lenovo-ideapad-5-2in1-16-touch-intel-ultra-7-255u-32gb-1tb-w11-office-16-0fhd-ips-laptop-touch-screen-flip-x360-1733880758936962551?extParam=ivf%3Dfalse%26keyword%3Dlaptop+lenovo%26search_id%3D20260828013744B83AAC23B9528707AIW7%26src%3Dsearch,LENOVO IDEAPAD 5 2IN1 16 TOUCH INTEL ULTRA 7 255U 32GB 1TB W11 OFFICE 16.0FHD IPS - LAPTOP TOUCH SCREEN FLIP X360,Lenovo,X360,,32,,,,16809000,,new,royalltech,5.0,,False,,Jakarta Utara,2026-08-28T01:37:53.619755,False,
tokopedia,102638180529,https://www.tokopedia.com/royalltech/laptop-lenovo-ideapad-slim-3-14-intel-core-i5-13420h-16gb-512gb-w11-ohs-14-0wuxga-ips-blit-2y-prem-2adp-garansi-2-tahun-laptop-tahan-banting-laptop-kantor-laptop-coding-1733420517333108215?extParam=ivf%3Dfalse%26keyword%3Dlaptop+lenovo%26search_id%3D20260828013744B83AAC23B9528707AIW7%26src%3Dsearch,LAPTOP LENOVO IDEAPAD SLIM 3 14 INTEL CORE I5 13420H 16GB 512GB W11+OHS 14.0WUXGA IPS BLIT 2Y PREM+2ADP Garansi 2 Tahun Laptop Tahan Banting Laptop Kantor Laptop Coding,Lenovo,,I5 13420H,16,,,,10899000,,new,royalltech,5.0,,False,,Jakarta Utara,2026-08-28T01:37:53.620053,False,
tokopedia,100562807050,https://www.tokopedia.com/alienwareofficial/lenovo-ideapad-slim-1-14-intel-celeron-n4500-n4020-8gb-512gb-256gb-ssd-w11-ohs-14-0-laptop-consumer-murah-cepat-ringan-ssd-kencang-ram-besar-anti-panas-cocok-untuk-office-kuliah-zoom-netflix-editing-kerja-harian-1731584239384298771?extParam=ivf%3Dfalse%26keyword%3Dlaptop+lenovo%26search_id%3D20260828013744B83AAC23B9528707AIW7%26src%3Dsearch,"LENOVO IDEAPAD SLIM 1 14 INTEL CELERON N4500 N4020 8GB 512GB 256GB SSD W11+OHS 14.0 - Laptop Consumer Murah, Cepat & Ringan – SSD Kencang, RAM Besar, Anti Panas, Cocok untuk Office, Kuliah, Zoom, Netflix, Editing & Kerja Harian",Lenovo,,CELERON N4500,8,256,,,7119000,,new,AI Official Store,5.0,,False,,Jakarta Utara,2026-08-28T01:37:53.620542,False,
tokopedia,102685526873,https://www.tokopedia.com/laptopcreatorid/lenovo-loq-essential-i5-12450hx-rtx-3050-512gb-15-6-fhd-144hz-srgb-100-w11-ohs-laptop-gaming-dengan-nvidia-geforce-rtx-3050-6gb-gddr6-ray-tracing-1733576403613680658?extParam=ivf%3Dfalse%26keyword%3Dlaptop+lenovo%26search_id%3D20260828013744B83AAC23B9528707AIW7%26src%3Dsearch,"Lenovo LOQ Essential I5 12450HX RTX 3050 512GB 15.6"" FHD 144HZ sRGB 100% W11 OHS Laptop Gaming Dengan NVIDIA GeForce RTX 3050 6GB GDDR6 & Ray Tracing",Lenovo,,I5 12450HX,,,RTX 3050,,15969000,,new,LAPTOP SHOP ID,5.0,,False,,Jakarta Utara,2026-08-28T01:37:53.620835,False,
tokopedia,103589609326,https://www.tokopedia.com/gateway/lenovo-ideapad-slim-3-14-ryzen-5-7530-8gb-512gb-ssd-w11-ohs-fhd-ips-1736551602963383733?extParam=ivf%3Dfalse%26keyword%3Dlaptop+lenovo%26search_id%3D20260828013744B83AAC23B9528707AIW7%26src%3Dsearch,LENOVO LEGION 7 16 OLED RTX5080 INTEL CORE ULTRA 9 275HX 64GB 2TB W11 16-INCH QHD 240HZ LAPTOP GAMING,Lenovo,Legion 7,INTEL CORE ULTRA 9 275HX,64,,RTX5080,,49989000,,new,Gateway Indonesia Comp,5.0,,False,,Jakarta Utara,2026-08-28T01:37:53.621081,False,
tokopedia,102960809979,https://www.tokopedia.com/kingznotebook/laptop-lenovo-legion-5i-15irx10-i7-14700hx-24gb-512gb-ssd-rtx5060-8gb-w11-ohs-15-1-wqxga-oled-1734260441780815532?extParam=ivf%3Dfalse%26keyword%3Dlaptop+lenovo%26search_id%3D20260828013744B83AAC23B9528707AIW7%26src%3Dsearch,"Laptop Lenovo Legion 5i 15IRX10 i7 14700HX 24GB 512GB SSD RTX5060 8GB W11+OHS 15.1"" WQXGA OLED",Lenovo,Legion 5I,I7 14700HX,24,512,RTX5060,,30639000,,new,Kingz Notebook,5.0,,False,,Jakarta Pusat,2026-08-28T01:37:53.621308,False,
tokopedia,102061624095,https://www.tokopedia.com/gamingdistributorid/laptop-lenovo-ideapad-slim-3-14-i7-13620h-16gb-512gb-w11-ohs-14-0-fhd-ips-1732149542814844526?extParam=ivf%3Dfalse%26keyword%3Dlaptop+lenovo%26search_id%3D20260828013744B83AAC23B9528707AIW7%26src%3Dsearch,Laptop Lenovo Ideapad Slim 3 14 I7 13620H 16GB 1TB SSD W11+OHS+M365B 14.0WUXGA IPS,Lenovo,,I7 13620H,16,1024,,,17059000,,new,GAMING DISTRIBUTOR ID,5.0,,False,,Jakarta Barat,2026-08-28T01:37:53.621744,False,
tokopedia,103064944068,https://www.tokopedia.com/lenovo-authorized-jaksel/laptop-lenovo-loq-15-arp10e-amd-ryzen-7-7735hs-512gb-ssd-16g-15-6-fhd-ips-rtx4050-6gb-w11-ohs-1734442231309371249?extParam=ivf%3Dfalse%26keyword%3Dlaptop+lenovo%26search_id%3D20260828013744B83AAC23B9528707AIW7%26src%3Dsearch,"Laptop LENOVO LOQ 15 ARP10E AMD RYZEN 7 7735HS 512GB SSD 16G 15.6"" FHD IPS  RTX4050 6GB W11+OHS",Lenovo,Loq 15,RYZEN 7 7735HS,,512,RTX4050,,20055000,,new,Lenovo Authorized Jaksel,5.0,,False,,Jakarta Barat,2026-08-28T01:37:53.622054,False,
tokopedia,102981210293,https://www.tokopedia.com/lenovo-store-by-infonet/gajian-sale-lenovo-ideapad-slim-3i-14iru8-i3-1315u-8gb-256gb-ssd-14-fhd-win11-office-2024-82x6006cid-82x6006did-laptop-kerja-kuliah-pelajar-1734304979859638221?extParam=ivf%3Dtrue%26keyword%3Dlaptop+lenovo%26search_id%3D20260828013744B83AAC23B9528707AIW7%26src%3Dsearch,"Lenovo IdeaPad Slim 3i 14IRU8 – Core i3-1315U | 8GB | 256GB SSD | 14"" FHD | Win11 + Office 2024 + M365 | Grey/Blue | Laptop ringan untuk pelajar, kuliah, kerja kantoran, browsing, dan meeting online. Garansi 2 Tahun ADP + Premium Care",Lenovo,,I3-1315U,,256,,,9479000,,new,Lenovo Store by Infonet,5.0,,False,,Jakarta Pusat,2026-08-28T01:37:53.622681,False,
tokopedia,100722804544,https://www.tokopedia.com/alienwareofficial/lenovo-loq-15-i5-13450hx-rtx5050-rtx4050-rtx3050-24gb-1tb-512gb-ssd-w11-ohs-m365b-15-6fhd-144hz-100srgb-24rgb-2y-prem-2adp-laptop-gaming-1731864950269183251?extParam=ivf%3Dfalse%26keyword%3Dlaptop+lenovo%26search_id%3D20260828013744B83AAC23B9528707AIW7%26src%3Dsearch,LENOVO LOQ 15 I5 13450HX RTX5050 RTX4050 RTX3050 24GB 1TB 512GB SSD W11+OHS+M365B 15.6FHD 144HZ 100SRGB 24RGB 2Y PREM+2ADP - LAPTOP GAMING,Lenovo,Loq 15,I5 13450HX,24,512,RTX5050,,19989000,,new,AI Official Store,5.0,,False,,Jakarta Utara,2026-08-28T01:37:53.622964,False,
tokopedia,102497814119,https://www.tokopedia.com/gaminglaptopid/laptop-lenovo-ideapad-slim-3-14-intel-i7-13620h-16gb-512gb-w11-ohs-m365b-14-0wuxga-ips-1733032952937350763?extParam=ivf%3Dfalse%26keyword%3Dlaptop+lenovo%26search_id%3D20260828013744B83AAC23B9528707AIW7%26src%3Dsearch%26whid%3D13856,Laptop LENOVO IDEAPAD SLIM 3 14 Intel I7 13620H 16GB 512GB W11+OHS+M365B 14.0WUXGA IPS,Lenovo,,I7 13620H,16,,,,17059000,,new,Gaming Laptop ID,5.0,,False,,Jakarta Utara,2026-08-28T01:37:53.623201,False,
tokopedia,102430887785,https://www.tokopedia.com/gamingdistributorid/laptop-lenovo-loq-15-i5-13450hx-rtx3050-6gb-16gb-512gb-w11-ohs-15-6fhd-144hz-100srgb-4zrgb-1732893263963194990?extParam=ivf%3Dfalse%26keyword%3Dlaptop+lenovo%26src%3Dsearch,Laptop Lenovo Loq 15 I5 13450HX RTX3050 6GB/ 16GB 512GB W11+OHS 15.6FHD 144HZ 100SRGB 4ZRGB,Lenovo,Loq 15,I5 13450HX,16,,RTX3050,,19779000,,new,GAMING DISTRIBUTOR ID,5.0,,False,,Jakarta Barat,2026-08-28T01:38:09.606092,False,
tokopedia,103064944068,https://www.tokopedia.com/lenovo-authorized-jaksel/laptop-lenovo-loq-15-arp10e-amd-ryzen-7-7735hs-512gb-ssd-16g-15-6-fhd-ips-rtx4050-6gb-w11-ohs-1734442231309371249?extParam=ivf%3Dfalse%26keyword%3Dlaptop+lenovo%26src%3Dsearch,"Laptop LENOVO LOQ 15 ARP10E AMD RYZEN 7 7735HS 512GB SSD 16G 15.6"" FHD IPS  RTX4050 6GB W11+OHS",Lenovo,Loq 15,RYZEN 7 7735HS,,512,RTX4050,,20055000,,new,Lenovo Authorized Jaksel,5.0,,False,,Jakarta Barat,2026-08-28T01:38:09.606345,False,
tokopedia,102960809979,https://www.tokopedia.com/kingznotebook/laptop-lenovo-legion-5i-15irx10-i7-14700hx-24gb-512gb-ssd-rtx5060-8gb-w11-ohs-15-1-wqxga-oled-1734260441780815532?extParam=ivf%3Dfalse%26keyword%3Dlaptop+lenovo%26src%3Dsearch,"Laptop Lenovo Legion 5i 15IRX10 i7 14700HX 24GB 512GB SSD RTX5060 8GB W11+OHS 15.1"" WQXGA OLED",Lenovo,Legion 5I,I7 14700HX,24,512,RTX5060,,30639000,,new,Kingz Notebook,5.0,,False,,Jakarta Pusat,2026-08-28T01:38:09.606571,False,
tokopedia,13435607364,https://www.tokopedia.com/calosastore/lenovo-legion-5-16irx9-i7-14650hx-ram-16gb-512gb-ssd-83dg000aid-16-dis-win-11-luna-grey-laptop-gaming-original-bergaransi-resmiv?extParam=ivf%3Dfalse%26keyword%3Dlaptop+lenovo%26src%3Dsearch,LENOVO LEGION 5 16IRX9 I7-14650HX RAM 16GB 512GB SSD (83DG000AID) 16'' DIS WIN 11 LUNA GREY LAPTOP GAMING ORIGINAL BERGARANSI RESMIV,Lenovo,Legion 5,I7-14650HX,16,512,,,26999000,,new,Calosastore,5.0,,False,,Malang,2026-08-28T01:38:09.606972,False,
tokopedia,103187764531,https://www.tokopedia.com/onestopgaming/laptop-lenovo-ideapad-slim-3-amd-ryzen-3-7320u-ram-8gb-512gb-ssd-14-fhd-win11-1731305029670831362-1734953025363674370?extParam=ivf%3Dtrue%26keyword%3Dlaptop+lenovo%26src%3Dsearch,"[ RESMI ] Laptop Lenovo Ideapad Slim 3i intel Core i3 1315U RAM 8GB 512GB SSD 14"" FHD Windows 11 + OHS Grey Blue",Lenovo,,I3 1315U,8,512,,,9307500,,new,Onestop Gaming,5.0,,False,,Jakarta Pusat,2026-08-28T01:38:09.607084,False,
tokopedia,103432405829,https://www.tokopedia.com/alienwarestore/lenovo-ideapad-slim-5i-i7-1165g7-16gb-512ssd-mx450-2gb-w10-ohs-14-0fhd-1735840864270320984?extParam=ivf%3Dfalse%26keyword%3Dlaptop+lenovo%26src%3Dsearch,"LAPTOP LENOVO IDEAPAD 5 2IN1 14 TOUCH AMD RYZEN AI 5 430 16GB 512GB W11+OHS+M365B 14"" WUXGA PEN",Lenovo,Ideapad 5,RYZEN AI 5 430,16,,,,30999000,,new,ALIENWARE GAMING STORE,5.0,,False,,Jakarta Utara,2026-08-28T01:38:09.607251,False,
tokopedia,103578283481,https://www.tokopedia.com/rogsstoreid/lenovo-slim-7-14-oled-touch-core-ultra-7-155-32gb-1tb-ssd-w11-14-0fhd-ips-1730820475288323404-1736505655035004236?extParam=ivf%3Dfalse%26keyword%3Dlaptop+lenovo%26src%3Dsearch,LENOVO IDEAPAD SLIM 3 15 TOUCH INTEL CORE I5 210H 16GB 1TB W11 15.3-INCH FHD LAPTOP,Lenovo,,,16,,,,20999000,,new,ROGS STORE,5.0,,False,,Jakarta Utara,2026-08-28T01:38:09.607425,False,
tokopedia,102895243388,https://www.tokopedia.com/lenovo-store-by-dgi/kombo-hemat-laptop-lenovo-ideapad-slim-3-14irh10-intel-core-i5-13420h-8gb-512gb-ssd-14-wuxga-ips-1734106731309074046?extParam=ivf%3Dfalse%26keyword%3Dlaptop+lenovo%26src%3Dsearch,"(PROMO EXCLUSIVE CREATOR) - Price Laptop Lenovo IdeaPad Slim 3 14IRH10 Intel Core i5-13420H 8GB 512GB SSD 14"" WUXGA IPS",Lenovo,,I5-13420H,8,512,,,11214000,,new,Lenovo Store by DGI,5.0,,False,,Jakarta Pusat,2026-08-28T01:38:09.607655,False,
tokopedia,103401301660,https://www.tokopedia.com/teknotrend/pickup-kurir-toko-laptop-lenovo-ideapad-slim-3-14irh10-intel-core-i5-13420h-8gb-512gb-ssd-14-wuxga-ips-1735693485590153154-1735693485525731266?extParam=ivf%3Dfalse%26keyword%3Dlaptop+lenovo%26src%3Dsearch,"Pickup / Kurir Toko | Laptop Lenovo IdeaPad Slim 3 14IRH10 Intel Core i5-13420H 8GB 512GB SSD 14"" WUXGA IPS",Lenovo,,I5-13420H,8,512,,,10621500,,new,TeknoTrend ID,5.0,,False,,Jakarta Pusat,2026-08-28T01:38:09.607797,False,
tokopedia,103618726932,https://www.tokopedia.com/gateway/msi-thin-gf63-10sc-264-ips-i5-10500-8gb-512ssd-gtx1650-4gb-14-fhdips-1736664781613008309?extParam=ivf%3Dfalse%26keyword%3Dlaptop+lenovo%26src%3Dsearch,"LENOVO LEGION 5 15 OLED RYZEN AI 7 250 RTX5060 32GB 1TB W11+OHS+M365B 15.3"" WQXGA 165HZ 24ZRGB LAPTOP GAMING",Lenovo,Legion 5,RYZEN AI 7 250,32,,RTX5060,,31439000,,new,Gateway Indonesia Comp,5.0,,False,,Jakarta Utara,2026-08-28T01:38:09.608019,False,
tokopedia,102076509240,https://www.tokopedia.com/lenovo-store-by-dgi/laptop-gaming-lenovo-legion-5-15iax10-83f00064id-core-ultra-7-255hx-32gb-512gb-5070-w11-ohs-m365-64id-1732179441323968126?extParam=ivf%3Dfalse%26keyword%3Dlaptop+lenovo%26src%3Dsearch,Laptop Gaming LENOVO LEGION 5 15IAX10 83F00064ID Core Ultra 7 255HX 32GB 512GB 5070 W11 OHS M365 64ID,Lenovo,Legion 5,CORE ULTRA 7 255HX,32,,,,30460000,,new,Lenovo Store by DGI,5.0,,False,,Jakarta Pusat,2026-08-28T01:38:09.608293,False,
tokopedia,102370616037,https://www.tokopedia.com/distri-laptop/laptop-lenovo-ideapad-slim-3-intel-i3-1315u-ram-8gb-512gb-ssd-ohs-w11-1732746337007142413?extParam=ivf%3Dtrue%26keyword%3Dlaptop+lenovo%26src%3Dsearch,Laptop Lenovo Ideapad Slim 3 intel i3-1315U RAM 8GB 512GB SSD OHS W11 Best Price,Lenovo,,I3-1315U,8,512,,,8800950,,new,Distri Laptop,5.0,,False,,Jakarta Pusat,2026-08-28T01:38:09.608433,False,
tokopedia,103288532580,https://www.tokopedia.com/royalltech/laptop-lenovo-ideapad-slim-3-14-amd-ryzen-7-7735hs-16gb-512gb-w11-ohs-m365b-14-0wuxga-ips-2yprem-2adp-laptop-notebook-garansi-resmi-lenovo-1729976253219440119-1735214674494916087?extParam=ivf%3Dfalse%26keyword%3Dlaptop+lenovo%26src%3Dsearch,LAPTOP LENOVO IDEAPAD SLIM 3 14 AMD RYZEN 7 7735HS 16GB 512GB W11+OHS+M365B 14.0WUXGA IPS 2YPREM+2ADP - LAPTOP NOTEBOOK GARANSI RESMI LENOVO,Lenovo,,RYZEN 7 7735HS,16,,,,17989000,,new,royalltech,5.0,,False,,Jakarta Utara,2026-08-28T01:38:09.608600,False,
tokopedia,103187953047,https://www.tokopedia.com/onestopgaming/laptop-lenovo-ideapad-slim-1-celeron-n4020-ram-8gb-256gb-512gb-ssd-w11-1734953803992761602?extParam=ivf%3Dfalse%26keyword%3Dlaptop+lenovo%26src%3Dsearch,"[ RESMI ] Laptop Lenovo Ideapad Slim 3i intel Core i3-1315U RAM 8GB 512GB SSD 14"" FHD Windows 11 + OHS Blue Grey",Lenovo,,I3-1315U,8,512,,,9306500,,new,Onestop Gaming,5.0,,False,,Jakarta Pusat,2026-08-28T01:38:09.608769,False,
tokopedia,102974665049,https://www.tokopedia.com/kingznotebook/laptop-lenovo-loq-essential-15iax9e-i5-12450hx-16gb-512-ssd-rtx3050-6gb-w11-ohs-15-6-fhd-1734292171127097004?extParam=ivf%3Dfalse%26keyword%3Dlaptop+lenovo%26src%3Dsearch,"Laptop Lenovo LOQ Essential 15IAX9E i5-12450HX 16GB 512 SSD RTX3050 6GB W11+OHS 15.6"" FHD",Lenovo,,I5-12450HX,,,RTX3050,,15969000,,new,Kingz Notebook,5.0,,False,,Jakarta Pusat,2026-08-28T01:38:09.608897,False,
tokopedia,103097557637,https://www.tokopedia.com/firstech-1/laptop-lenovo-v14-g4-ryzen-5-7520-16gb-512gb-w11-ohs-14-0-fhd-ips-1734613315511289177-1734613707548558681?extParam=ivf%3Dfalse%26keyword%3Dlaptop+lenovo%26src%3Dsearch,LAPTOP LENOVO V14 G4 RYZEN 5 7520 16GB 512GB W11+OHS 14.0 FHD IPS GRY,Lenovo,,RYZEN 5 7520,16,,,,11199000,,new,Firstech,5.0,,False,,Jakarta Pusat,2026-08-28T01:38:09.609010,False,
tokopedia,102375851097,https://www.tokopedia.com/teknotrend/laptop-gaming-lenovo-loq-15irx10-core-i5-13450hx-rtx5050-16gb-512gb-15-6-fhd-1732763660474091458?extParam=ivf%3Dfalse%26keyword%3Dlaptop+lenovo%26src%3Dsearch,"Laptop Gaming Lenovo LOQ 15IRX9 Core i7-13650HX 16GB 512GB SSD RTX4050 6GB W11 + M365 + OH2024 15.6"" FHD IPS 300nits Anti-glare 100% sRGB 144Hz",Lenovo,OH2024,I7-13650HX,16,512,RTX4050,,22129500,,new,TeknoTrend ID,5.0,,False,,Jakarta Pusat,2026-08-28T01:38:09.609158,False,
tokopedia,100505786928,https://www.tokopedia.com/thinkpadofficial/lenovo-v14-g5-iru-core-i3-1315u-8gb-256gb-ssd-windows-11-14-fhd-2yr-grey-laptop-murah-1731462179395831178?extParam=ivf%3Dfalse%26keyword%3Dlaptop+lenovo%26src%3Dsearch,"Lenovo V14 G5 IRU Core i3 1315U 8GB  256GB SSD Windows 11 14"" FHD 2YR Grey Laptop murah",Lenovo,,I3 1315U,8,256,,,9089000,,new,Thinkpad Official Store,5.0,,False,,Jakarta Utara,2026-08-28T01:38:09.609272,False,
tokopedia,103390305884,https://www.tokopedia.com/technocentral/laptop-lenovo-legion-5i-15-i7-13650hx-rtx5050-8gb-16gb-512gb-w11-ohs-m365b-15-3wuxga-165hz-100srgb-blit-1729806055119947395-1735639575335503491?extParam=ivf%3Dfalse%26keyword%3Dlaptop+lenovo%26src%3Dsearch,LAPTOP LENOVO LEGION 5I 15 I7 13650HX RTX5050 8GB/ 16GB 512GB W11+OHS+M365B 15.3WUXGA 165HZ 100SRGB BLIT,Lenovo,Legion 5I,I7 13650HX,16,,RTX5050,,32189000,,new,Techno Central,5.0,,False,,Bogor,2026-08-28T01:38:09.609410,False,
tokopedia,103046497727,https://www.tokopedia.com/lenovo-store-by-infonet/gajian-sale-lenovo-ideapad-slim-3-14arp10-r5-7535hs-16gb-512gb-ssd-14-wuxga-ips-win11-oh2024-m365-luna-grey-cosmic-blue-laptop-kantoran-mahasiswa-programmer-user-produktivitas-tinggi-1734412593878632397?extParam=ivf%3Dtrue%26keyword%3Dlaptop+lenovo%26src%3Dsearch,"Lenovo IdeaPad Slim 3i 14IRH10 – Core i5-13420H | 8GB | 512GB SSD | 14” WUXGA IPS | Win11 + Office 2024 + M365 | Cosmic Blue / Luna Grey | Laptop kerja, kuliah, multitasking & produktivitas harian | 2Y ADP + Premium Care",Lenovo,,I5-13420H,,512,,,11478822,,new,Lenovo Store by Infonet,5.0,,False,,Jakarta Pusat,2026-08-28T01:38:09.609676,False,
tokopedia,15745700267,https://www.tokopedia.com/decacom/laptop-lenovo-ideapad-slim-3-ryzen-7-7730u-16gb-512gb-14-fhd-ips-w11-ohs-non-bundle-new-2166b?extParam=ivf%3Dfalse%26keyword%3Dlaptop+lenovo%26src%3Dsearch,"Laptop LENOVO IdeaPad Slim 3 Ryzen 7-7730U 16GB 512GB 14"" FHD IPS W11 OHS",Lenovo,,,16,,,,16999000,,new,Deca Computer,5.0,,False,,Jakarta Utara,2026-08-28T01:38:09.609816,False,
tokopedia,102750621893,https://www.tokopedia.com/lenovo-store-by-infonet/lenovo-yoga-slim-7i-aura-edition-14ill10-oled-ultra-7-258v-32gb-1tb-ssd-14-wuxga-oled-w11h-oh24-m365-seashell-83jx00avid-ai-pc-category-copilot-pc-npu-integrated-intel-ai-boost-up-to-47-tops-1733758955330045901?extParam=ivf%3Dtrue%26keyword%3Dlaptop+lenovo%26src%3Dsearch,"Lenovo Yoga Slim 7i Aura Edition 14ILL10 – Core Ultra 7 258V | 32GB | 1TB SSD | Intel Arc 140V | 14"" WUXGA OLED | Copilot+ PC 47 TOPS | 1.19kg | Win11 + Office 2024 + M365 | Laptop AI premium untuk profesional, kreator, dan mobilitas tinggi",Lenovo,,CORE ULTRA 7 258V,,1024,,,24478822,,new,Lenovo Store by Infonet,5.0,,False,,Jakarta Pusat,2026-08-28T01:38:09.610036,False,
tokopedia,103351906027,https://www.tokopedia.com/technocentral/laptop-lenovo-loq-15-i5-13450hx-rtx3050-6gb-16gb-512gb-w11-ohs-15-6fhd-144hz-100srgb-4zrgb-1730130166778791555-1735453466497484419?extParam=ivf%3Dfalse%26keyword%3Dlaptop+lenovo%26src%3Dsearch,LAPTOP LENOVO LOQ 15 I5 13450HX RTX3050 6GB/ 16GB 512GB W11+OHS 15.6FHD 144HZ 100SRGB 4ZRGB,Lenovo,Loq 15,I5 13450HX,16,,RTX3050,,22799000,,new,Techno Central,5.0,,False,,Bogor,2026-08-28T01:38:09.610163,False,
tokopedia,103333465630,https://www.tokopedia.com/royalltech/packing-bubble-pengiriman-laptop-102-1734643134785029623-1735398300978873847?extParam=ivf%3Dfalse%26keyword%3Dlaptop+lenovo%26src%3Dsearch,"LAPTOP LENOVO THINKPAD X1 CARBON G12 INTEL ULTRA 7 155U RAM 32GB SSD 1TB WINDOWS 11 PRO 14"" FHD IPS",Lenovo,Thinkpad X1,,32,1024,,,29829000,,new,royalltech,5.0,,False,,Jakarta Utara,2026-08-28T01:38:09.610274,False,
tokopedia,103618843161,https://www.tokopedia.com/gateway/laptop-infinix-inbook-air-xl442-i5-1235u-16gb-512gb-ssd-14-ips-100-srgb-1736665152275514805?extParam=ivf%3Dfalse%26keyword%3Dlaptop+lenovo%26src%3Dsearch,"LENOVO IDEAPAD 5 2IN1 14 TOUCH RYZEN AI 5 430 16GB 512GB W11+OHS+M365B 14"" WUXGA LAPTOP TOUCHSCREEN",Lenovo,Ideapad 5,RYZEN AI 5 430,16,,,,19119000,,new,Gateway Indonesia Comp,5.0,,False,,Jakarta Utara,2026-08-28T01:38:09.610404,False,
tokopedia,103574631054,https://www.tokopedia.com/rogsstoreid/msi-thin-15-rtx2050-core-i7-13620h-16gb-512gb-ssd-15-6-fhd-144hz-1736482133603550540?extParam=ivf%3Dfalse%26keyword%3Dlaptop+lenovo%26src%3Dsearch,LENOVO THINKPAD X1 CARBON G12 INTEL CORE ULTRA 7 165H RAM 32GB SSD 2TB W11 14-INCH FHD LAPTOP BISNIS,Lenovo,Thinkpad X1,INTEL CORE ULTRA 7 165H,32,2048,,,53198950,,new,ROGS STORE,5.0,,False,,Jakarta Utara,2026-08-28T01:38:09.610734,False,
tokopedia,12970872957,https://www.tokopedia.com/kingznotebook/laptop-lenovo-ideapad-slim-3-i7-13620h-16gb-512gb-w11-ohs-14-fhd-non-bundling-abyss-blue-bec99?extParam=ivf%3Dfalse%26keyword%3Dlaptop+lenovo%26src%3Dsearch,"Laptop Lenovo IdeaPad Slim 3 i7 13620H 16GB 512GB W11+OHS 14"" FHD",Lenovo,,I7 13620H,16,,,,17059000,,new,Kingz Notebook,5.0,,False,,Jakarta Pusat,2026-08-28T01:38:09.610833,False,
tokopedia,102913533813,https://www.tokopedia.com/agresidjaktim/laptop-lenovo-loq-15-intel-i5-gen-13-rtx-3050-6gb-24gb-512gb-win-11-plus-office-15-6-inch-full-hd-1734144076034836256?extParam=ivf%3Dfalse%26keyword%3Dlaptop+lenovo%26src%3Dsearch,Laptop LENOVO Loq 15 Intel I5 Gen 13 RTX 3050 6Gb 24Gb 512Gb Win 11 Plus Office 15.6 Inch Full HD,Lenovo,Loq 15,,24,,RTX 3050,15.6,19774000,,new,AGRES ID Jakarta Timur,5.0,,False,,Jakarta Timur,2026-08-28T01:38:09.610992,False,
tokopedia,102791093265,https://www.tokopedia.com/onestopgaming/laptop-lenovo-ideapad-slim-3-intel-core-i3-1315u-ram-8gb-512gb-256gb-ssd-14-fhd-windows-11-ohs-2024-1733865505515013378?extParam=ivf%3Dtrue%26keyword%3Dlaptop+lenovo%26src%3Dsearch,"[ RESMI ] Laptop Lenovo Ideapad Slim 3 intel Core i3-1315U RAM 8GB 512GB 256GB SSD 14"" FHD Windows 11 + OHS 2024",Lenovo,,I3-1315U,8,256,,,8799500,,new,Onestop Gaming,5.0,,False,,Jakarta Pusat,2026-08-28T01:38:09.611099,False,
tokopedia,100766444707,https://www.tokopedia.com/kingznotebook/laptop-lenovo-ideapad-slim-3-14irh10-i5-13420h-20gb-512gb-ssd-w11-ohs-14-wuxga-1731936225739179692?extParam=ivf%3Dfalse%26keyword%3Dlaptop+lenovo%26src%3Dsearch,"Laptop Lenovo IdeaPad Slim 3 14IRH10 i5 13420H 20GB 512GB SSD W11+OHS 14"" WUXGA",Lenovo,,I5 13420H,,512,,,11099000,,new,Kingz Notebook,5.0,,False,,Jakarta Pusat,2026-08-28T01:38:09.611210,False,
tokopedia,102186208377,https://www.tokopedia.com/bestcomp46/laptop-lenovo-legion-pro-5i-oled-ultra-7-255hx-rtx5060-8gb-16gb-1tb-1732362988417418545?extParam=ivf%3Dfalse%26keyword%3Dlaptop+lenovo%26src%3Dsearch,LAPTOP LENOVO LEGION PRO 5I OLED ULTRA 7 255HX RTX5060 8GB/ 16GB 1TB,Lenovo,,,16,,RTX5060,,31549000,,new,BestComp46,5.0,,False,,Jakarta Selatan,2026-08-28T01:38:09.611415,False,
tokopedia,103400972259,https://www.tokopedia.com/infonetmanggadua/lenovo-v14-g4-amn-athlon-silver-7120u-8gb-256gb-ssd-14-fhd-tn-windows-ohs-arctic-grey-1731239415996515864-1735692659626640920?extParam=ivf%3Dtrue%26keyword%3Dlaptop+lenovo%26src%3Dsearch,LENOVO IdeaPad Slim 3 14IRU8 Core i3-1315U 8GB 256GB SSD 14” FHD Win11 Office 2024 + M365 Abyss Blue Laptop Kerja Kuliah [82X6006CID],Lenovo,,I3-1315U,8,256,,,9478821,,new,Infonet Mangga Dua,5.0,,False,,Jakarta Pusat,2026-08-28T01:38:09.611579,False,
tokopedia,102609742038,https://www.tokopedia.com/herlinacom/laptop-lenovo-loq-15-intel-core-i5-13450hx-rtx-3050-6gb-ram-24gb-512gb-ssd-win-11-office-ohs-ori-15-6-full-hd-144hz-100-srgb-1733347828481361294?extParam=ivf%3Dtrue%26keyword%3Dlaptop+lenovo%26src%3Dsearch,Laptop Lenovo LOQ 15 Intel Core i5 13450HX Rtx3050 6Gb / Ram 24Gb 512Gb Ssd Win 11 + Office OHS Ori 15.6 Full HD 144HZ 100% SRGB,Lenovo,Loq 15,I5 13450HX,24,512,RTX3050,,19789000,,new,Herlinacom,5.0,,False,,Depok,2026-08-28T01:38:09.611695,False,
tokopedia,103322310262,https://www.tokopedia.com/herlinacom/laptop-lenovo-loq-15-ryzen-7-170-rtx3050-6gb-16gb-512gb-win11-ohs-15-6-fhd-ips-144hz-1735365041463461262-1735365251818489230?extParam=ivf%3Dtrue%26keyword%3Dlaptop+lenovo%26src%3Dsearch,"Laptop Lenovo LOQ 15 Ryzen 7 170 RTX3050 6Gb/ 16Gb 512Gb Win11+Ohs 15.6"" Fhd IPS 144Hz",Lenovo,Loq 15,RYZEN 7 170,16,,RTX3050,,16289000,,new,Herlinacom,5.0,,False,,Depok,2026-08-28T01:38:09.611820,False,
tokopedia,100279065523,https://www.tokopedia.com/laptopcreatorid/lenovo-thinkpad-x1-carbon-g13-aura-edition-oled-ultra-7-258v-ram-32gb-ssd-1tb-w11pro-14-0-2-8k-400nits-100srgb-120hz-1731278961883317266?extParam=ivf%3Dfalse%26keyword%3Dlaptop+lenovo%26src%3Dsearch,"LAPTOP LENOVO YOGA BOOK 9 INTEL ULTRA 7 255H RAM 32GB SSD 1TB W11 + OFFICE 14"" 2.8K WQXGA+ OLED 120HZ",Lenovo,,,32,1024,,,29519000,,new,LAPTOP SHOP ID,5.0,,False,,Jakarta Utara,2026-08-28T01:38:09.611930,False,
tokopedia,102403785410,https://www.tokopedia.com/kingznotebook/laptop-lenovo-v14-g4-amd-ryzen-5-7520u-16gb-512gb-ssd-w11-ohs-14-fhd-ips-1732832747768022700?extParam=ivf%3Dfalse%26keyword%3Dlaptop+lenovo%26src%3Dsearch,"Laptop Lenovo V14 G4 AMD Ryzen 5 7520U 16GB 512GB SSD W11+OHS 14""FHD IPS",Lenovo,,RYZEN 5 7520U,16,512,,14.0,11199000,,new,Kingz Notebook,5.0,,False,,Jakarta Pusat,2026-08-28T01:38:09.612058,False,
tokopedia,102978992401,https://www.tokopedia.com/spacetech/laptop-lenovo-v14-g5-i3-1315u-8gb-512gb-ssd-14-fhd-ips-win11-ohs-1734300621491766905?extParam=ivf%3Dfalse%26keyword%3Dlaptop+lenovo%26src%3Dsearch,"Laptop Lenovo V14 G5 i3-1315U 8GB 512GB SSD 14""FHD IPS Win11 OHS",Lenovo,,I3-1315U,8,512,,14.0,10799000,,new,Space Tech Store,5.0,,False,,Jakarta Barat,2026-08-28T01:38:09.612159,False,
tokopedia,103104523342,https://www.tokopedia.com/gasolsurabaya/lenovo-loq-15arp10e-1bid-geforce-rtx-4050-ryzen-7-7735hs-512gb-ssd-16gb-ram-notebook-laptop-gaming-1734669867833788411?extParam=ivf%3Dfalse%26keyword%3Dlaptop+lenovo%26src%3Dsearch,LENOVO LOQ 15ARP10E-1BID - GeForce RTX 4050 Ryzen 7 7735HS 512GB SSD 16GB RAM Notebook Laptop Gaming,Lenovo,Loq 15Arp10E-1Bid,RYZEN 7 7735HS,16,16,RTX 4050,,20299000,,new,Gasol Maspion Square Surabaya,5.0,,False,,Surabaya,2026-08-28T01:38:09.612264,False,
tokopedia,15783305209,https://www.tokopedia.com/kingznotebook/laptop-lenovo-ideapad-5-2in1-core-7-150u-16gb-512gb-w11-ohs-14-wuxga-non-bundling-grey-layar-oled-3f5a6?extParam=ivf%3Dfalse%26keyword%3Dlaptop+lenovo%26src%3Dsearch,"Laptop Lenovo IdeaPad 5 2in1 Core 7 150U 16GB 512GB W11+OHS 14""WUXGA",Lenovo,Ideapad 5,CORE 7 150U,16,,,14.0,19689000,,new,Kingz Notebook,5.0,,False,,Jakarta Pusat,2026-08-28T01:38:09.612363,False,
tokopedia,102850031658,https://www.tokopedia.com/herlinacom/laptop-lenovo-yoga-slim-7-aura-edition-14-ultra-7-258v-32gb-1tb-win11-ohs-14-0-wuxga-1734005324785812878?extParam=ivf%3Dtrue%26keyword%3Dlaptop+lenovo%26src%3Dsearch,"Laptop Lenovo Yoga Slim 7 Aura Edition 14 Ultra 7 258V Ram 32Gb Ssd 1Tb Win 11+OHS 14.0"" WUXGA OLED",Lenovo,,,32,1024,,,25569000,,new,Herlinacom,5.0,,False,,Depok,2026-08-28T01:38:09.612471,False,
tokopedia,100602593992,https://www.tokopedia.com/herlinacom/laptop-lenovo-ideapad-slim-3-14-ryzen-3-7320u-ram-8gb-512gb-win-11-office-ohs-14-0-full-hd-1731671525501011342?extParam=ivf%3Dtrue%26keyword%3Dlaptop+lenovo%26src%3Dsearch,Laptop Lenovo IdeaPad Slim 3 14 Ryzen 3 7320U Ram 8Gb 512Gb Win 11 + Office Ohs 14.0 Full HD,Lenovo,,RYZEN 3 7320U,8,,,,10039000,,new,Herlinacom,5.0,,False,,Depok,2026-08-28T01:38:09.612574,False,
tokopedia,100462843589,https://www.tokopedia.com/gameridsurabaya/laptop-lenovo-ideapad-slim-3-14-intel-core-i5-13420h-ram-8-gb-ssd-512-gb-windows-11-office-home-student-14-wuxga-ips-1731429263468693459?extParam=ivf%3Dfalse%26keyword%3Dlaptop+lenovo%26src%3Dsearch,"Laptop Lenovo Ideapad Slim 3 14 Intel Core i5 13420H RAM 8 GB SSD 512 GB Windows 11 + Office Home Student 14"" WUXGA IPS",Lenovo,,I5 13420H,8,512,,,11099000,,new,Gamer ID Surabaya,5.0,,False,,Surabaya,2026-08-28T01:38:09.612672,False,
tokopedia,103616068064,https://www.tokopedia.com/gaminglaptopid/laptop-lenovo-v14-g4-ryzen-3-7320-8gb-256gb-ssd-14-fhd-w11-1730104135191332459-1736654647102441067?extParam=ivf%3Dfalse%26keyword%3Dlaptop+lenovo%26src%3Dsearch,"[KURIR  TOKO] LENOVO V14 G4 RYZEN 3 7320 8GB 512GB W11 14"" FHD LAPTOP",Lenovo,,RYZEN 3 7320,8,,,,8691620,,new,Gaming Laptop ID,5.0,,False,,Jakarta Utara,2026-08-28T01:38:09.612787,False,
tokopedia,102311928145,https://www.tokopedia.com/agresidjaktim/laptop-lenovo-ideapad-slim-3-core-i3-gen-13-8gb-512gb-win-11-office-14-inch-1732616445421586208?extParam=ivf%3Dfalse%26keyword%3Dlaptop+lenovo%26src%3Dsearch,LAPTOP LENOVO IDEAPAD SLIM 3 CORE I3 GEN 13 8GB 512GB WIN 11 OFFICE 14 INCH,Lenovo,,,8,,,14.0,9729000,,new,AGRES ID Jakarta Timur,5.0,,False,,Jakarta Timur,2026-08-28T01:38:09.612920,False,
tokopedia,103092473671,https://www.tokopedia.com/royalltech/laptop-lenovo-v14-g4-amd-ryzen-3-7320-athlon-7120-16gb-512gb-w11-ohs-14-fhd-1729891114212361719-1734581903153661431?extParam=ivf%3Dfalse%26keyword%3Dlaptop+lenovo%26src%3Dsearch,LAPTOP LENOVO V14 G4 AMD RYZEN 3 7320 RAM 8GB 512GB SSD WINDOWS 11 - OFFICE 14.0 FHD,Lenovo,,RYZEN 3 7320,8,512,,,8769000,,new,royalltech,5.0,,False,,Jakarta Utara,2026-08-28T01:38:09.613019,False,
tokopedia,103631130468,https://www.tokopedia.com/gateway/msi-thin-gf63-12uc-rtx3050-i7-12650h-16gb-512gb-ssd-4gb-fhd-ips-144hz-1736704675072148917?extParam=ivf%3Dfalse%26keyword%3Dlaptop+lenovo%26src%3Dsearch,"LENOVO THINKPAD X1 CARBON G13 AURA EDITION OLED CORE ULTRA 7 258V 32GB 1TB W11PRO 14"" 2.8K LAPTOP BISNIS",Lenovo,Thinkpad X1,CORE ULTRA 7 258V,32,,,,38329000,,new,Gateway Indonesia Comp,5.0,,False,,Jakarta Utara,2026-08-28T01:38:09.613137,False,
tokopedia,102012637532,https://www.tokopedia.com/agres-id-electronics/lenovo-legion-5i-oled-i7-14700hx-rtx5050-8gb-24gb-512gb-w11-ohs-m365b-15-1-wqxga-165hz-24zrgb-3y-3adp-laptop-gaming-desain-garansi-resmi-1732074352992290712?extParam=ivf%3Dfalse%26keyword%3Dlaptop+lenovo%26src%3Dsearch,LENOVO LEGION 5I OLED I7 14700HX RTX5050 8GB/ 24GB 512GB W11+OHS+M365B 15.1 WQXGA 165HZ 24ZRGB 3Y+3ADP LAPTOP GAMING DESAIN GARANSI RESMI,Lenovo,Legion 5I,I7 14700HX,24,,RTX5050,,29544000,,new,Agres ID Electronics,5.0,,False,,Depok,2026-08-28T01:38:09.613306,False,
tokopedia,12292010960,https://www.tokopedia.com/zxcomputer/laptop-lenovo-v14-g4-amd-ryzen-3-7320u-8gb-256gb-ssd-14-full-hd-windows-11-1731241479547618748?extParam=ivf%3Dfalse%26keyword%3Dlaptop+lenovo%26src%3Dsearch,Laptop Lenovo V14-G4 Amd Ryzen 3-7320u 8GB/256GB SSD 14'' Full HD Windows 11,Lenovo,,,,256,,,9299000,,new,ZX COMPUTER,5.0,,False,,Jakarta Pusat,2026-08-28T01:38:09.613470,False,
tokopedia,103431811751,https://www.tokopedia.com/thinkpadofficial/lenovo-yoga-slim-7-oled-14imh9-intel-evo-core-ultra-7-155h-1tb-ssd-16gb-ram-windows-11-touch-04id-1735838682589857162?extParam=ivf%3Dfalse%26keyword%3Dlaptop+lenovo%26src%3Dsearch,LAPTOP LENOVO YOGA SLIM 7 14AGP11 RYZEN AI 7 445 16GB 512GB W11+OHS+M365B 14.0WUXGA OLED -47ID,Lenovo,,RYZEN AI 7 445,16,,,,22429000,,new,Thinkpad Official Store,5.0,,False,,Jakarta Utara,2026-08-28T01:38:09.613808,False,
tokopedia,14538343688,https://www.tokopedia.com/jekardah/lenovo-v14-g4-ryzen-3-7320-8gb-256gb-win-11-ohs-14-0fhd-non-bundling-bd1f6?extParam=ivf%3Dfalse%26keyword%3Dlaptop+lenovo%26src%3Dsearch,Lenovo V14 G4 Ryzen 3 7320U RAM 8GB 256GB SSD FHD 14 inch Laptop Kerja / Sekolah Garansi Resmi,Lenovo,,RYZEN 3 7320U,8,256,,14.0,8859000,,new,LAPTOP GADGET ID,5.0,,False,,Jakarta Pusat,2026-08-28T01:38:09.614018,False,
tokopedia,100552016240,https://www.tokopedia.com/gasolsurabaya/lenovo-yoga-pro-7-14iah10-27id-intel-core-ultra-9-285h-1tb-ssd-32gb-ram-arc-graphics-140t-grey-notebook-laptop-1731553299447842811?extParam=ivf%3Dfalse%26keyword%3Dlaptop+lenovo%26src%3Dsearch,Lenovo Yoga Pro 7 14IAH10-27ID - Intel Core Ultra 9 285H 1TB SSD 32GB RAM Arc Graphics 140T - Grey Notebook Laptop,Lenovo,,INTEL CORE ULTRA 9 285H,32,1024,,,34699000,,new,Gasol Maspion Square Surabaya,5.0,,False,,Surabaya,2026-08-28T01:38:09.614191,False,
tokopedia,100651685068,https://www.tokopedia.com/gameridsurabaya/laptop-lenovo-legion-5i-intel-core-i7-14700hx-geforce-rtx-5060-8gb-ram-24-gb-ssd-512-gb-windows-11-office-home-student-15-1-wqxga-165hz-1731759324452915155?extParam=ivf%3Dfalse%26keyword%3Dlaptop+lenovo%26src%3Dsearch,Laptop Lenovo Legion 5I Intel core I7 14700HX GeForce RTX 5060 8GB RAM 24 GB SSD 512 GB windows 11 + Office Home Student 15.1 WQXGA 165HZ,Lenovo,Legion 5I,I7 14700HX,24,512,RTX 5060,,31449000,,new,Gamer ID Surabaya,5.0,,False,,Surabaya,2026-08-28T01:38:09.614735,False,
tokopedia,10568779265,https://www.tokopedia.com/distri-laptop/laptop-lenovo-ideapad-slim-1-celeron-n4020-ram-8gb-256gb-ssd-ohs-w11-grey-athlon-non-bundle?extParam=ivf%3Dfalse%26keyword%3Dlaptop+lenovo%26src%3Dsearch,"Pick up Toko / Kurir Kustom- Laptop Lenovo IdeaPad Slim 5 14IMH10 Intel Core Ultra 5 135H 16GB 512GB 14"" WUXGA OLED",Lenovo,,INTEL CORE ULTRA 5 135H,16,,,,16547990,,new,Distri Laptop,5.0,,False,,Jakarta Pusat,2026-08-28T01:38:25.426109,False,
tokopedia,103618949129,https://www.tokopedia.com/gateway/lenovo-yoga-slim-7-14-oled-touch-evo-ultra-5-125h-16gb-512gb-w11-wuxga-1736665168753690037?extParam=ivf%3Dfalse%26keyword%3Dlaptop+lenovo%26src%3Dsearch,"LENOVO IDEAPAD SLIM 5 14 OLED CORE ULTRA 5 135H 16GB 512GB W11+OHS+M365B 14"" WUXGA LAPTOP",Lenovo,,CORE ULTRA 5 135H,16,,,,17649000,,new,Gateway Indonesia Comp,5.0,,False,,Jakarta Utara,2026-08-28T01:38:25.426216,False,
tokopedia,103262873575,https://www.tokopedia.com/onestopgaming/laptop-lenovo-ideapad-slim-3-intel-core-i3-1315u-ram-8gb-512gb-256gb-ssd-14-fhd-windows-11-ohs-2024-1735141988452959490-1735142031453291778?extParam=ivf%3Dtrue%26keyword%3Dlaptop+lenovo%26src%3Dsearch,"[ PICKUP / KURIR TOKO ] Laptop Lenovo Ideapad Slim 3 intel Core i3-1315U RAM 8GB 512GB 256GB SSD 14"" FHD Windows 11 + OHS Garansi RESMI",Lenovo,,I3-1315U,8,256,,,8799500,,new,Onestop Gaming,5.0,,False,,Jakarta Pusat,2026-08-28T01:38:25.426321,False,
tokopedia,102239569619,https://www.tokopedia.com/enterkomputer/lenovo-loq-15irx9-asid-laptop-core-i5-13450hx-ram-16gb-ssd-512gb-rtx-3050-6gb-15-6-fhd-144hz-1732479593581151824?extParam=ivf%3Dfalse%26keyword%3Dlaptop+lenovo%26src%3Dsearch,"Lenovo LOQ 15IRX9-ASID - Laptop Core i5-13450HX RAM 16GB SSD 512GB RTX 3050 6GB 15.6"" FHD 144Hz",Lenovo,Loq 15Irx9-Asid,I5-13450HX,16,512,RTX 3050,,20133000,,new,Enter Komputer Official,5.0,,False,,Jakarta Pusat,2026-08-28T01:38:25.426403,False,
tokopedia,100723106457,https://www.tokopedia.com/laptopgrosirid/laptop-lenovo-ideapad-slim-3-14irh10-core-i5-13420h-8gb-512gb-windows-11-14-fhd-ips-1731866776225350985?extParam=ivf%3Dfalse%26keyword%3Dlaptop+lenovo%26src%3Dsearch,"Laptop Lenovo Ideapad Slim 3 14IRH10 Core i5 13420H 8GB 512GB Windows 11 14"" FHD IPS",Lenovo,,I5 13420H,8,,,,10899000,,new,Laptop Grosir ID,5.0,,False,,Jakarta Selatan,2026-08-28T01:38:25.426504,False,
tokopedia,102832272905,https://www.tokopedia.com/infonetmanggadua/lenovo-ideapad-slim-3-14irh10-i5-13420h-8gb-512gb-ssd-integrated-14-wuxga-ips-w11-ohs-m365-luna-grey-bag-83k000bwid-8gbddr5-1733962078143284760?extParam=ivf%3Dtrue%26keyword%3Dlaptop+lenovo%26src%3Dsearch,"Lenovo IdeaPad Slim 3 14IRH10 83K000BWID – i5 13420H | 8GB | 512GB SSD | 14” WUXGA IPS | Win11 OHS + M365 | Luna Grey | Laptop kerja, kuliah, multitasking, office & produktivitas harian + Bag",Lenovo,,I5 13420H,,512,,,11478821,,new,Infonet Mangga Dua,5.0,,False,,Jakarta Pusat,2026-08-28T01:38:25.426784,False,
tokopedia,103210699616,https://www.tokopedia.com/gamer-id-bogor/laptop-lenovo-ideapad-slim-3-14-i5-13420h-8gb-512gb-w11-ohs-14-0wuxga-ips-1731935905076447081-1735019998988044137?extParam=ivf%3Dtrue%26keyword%3Dlaptop+lenovo%26src%3Dsearch,LAPTOP LENOVO IDEAPAD SLIM 3 14 I5 13420H 8GB 512GB W11+OHS 14.0WUXGA IPS,Lenovo,,I5 13420H,8,,,,10899000,,new,Gamer ID Bogor,5.0,,False,,Bogor,2026-08-28T01:38:25.426956,False,
tokopedia,103210554199,https://www.tokopedia.com/elevenlaptop/lenovo-v14-g4-abp-ryzen-5-7430u-16gb-512gb-full-hd-ips-windows-11-ohs-laptop-grey-garansi-resmi-2-tahun-1734135133060105948-1735019675476657884?extParam=ivf%3Dfalse%26keyword%3Dlaptop+lenovo%26src%3Dsearch,Lenovo V14 G4 ABP Ryzen 5 7430U 16GB 512GB Full HD IPS Windows 11+OHS Laptop Grey Garansi Resmi 2 Tahun,Lenovo,,RYZEN 5 7430U,16,,,,11939000,,new,Eleven Laptop,5.0,,False,,Jakarta Selatan,2026-08-28T01:38:25.427320,False,
tokopedia,103059692097,https://www.tokopedia.com/royalltech/laptop-lenovo-ideapad-slim-5-14-oled-amd-ryzen-ai-5-330-16gb-512gb-w11-ohs-m365b-14-0wuxga-2y-prem-2adp-1734429349689394679?extParam=ivf%3Dfalse%26keyword%3Dlaptop+lenovo%26src%3Dsearch,LAPTOP LENOVO IDEAPAD SLIM 5 14 OLED AMD RYZEN AI 5 330 16GB 512GB W11+OHS+M365B 14.0WUXGA 2Y PREM+2ADP,Lenovo,,RYZEN AI 5 330,16,,,,16489000,,new,royalltech,5.0,,False,,Jakarta Utara,2026-08-28T01:38:25.427540,False,
tokopedia,16323092354,https://www.tokopedia.com/teknotrend/laptop-lenovo-ideapad-slim-3-ideapad-14iru8-i3-1315-8gb-256gb-14-fhd-w11-ohs-1731262237728081858?extParam=ivf%3Dfalse%26keyword%3Dlaptop+lenovo%26src%3Dsearch,"Payday SALE Laptop LENOVO IDEAPAD SLIM 3 IdeaPad 14IRU8 I3 1315 8GB 256GB 14"" FHD W11 OHS",Lenovo,Ideapad 14Iru8,I3 1315,8,,,,8799500,,new,TeknoTrend ID,5.0,,False,,Jakarta Pusat,2026-08-28T01:38:25.427751,False,
tokopedia,102106162391,https://www.tokopedia.com/teknotrend/laptop-lenovo-ideapad-5-2-in-1-14ial10-core-ultra-7-255u-16gb-512gb-14-wuxga-1732221800259946434?extParam=ivf%3Dfalse%26keyword%3Dlaptop+lenovo%26src%3Dsearch,"Laptop LENOVO IdeaPad 5 2 in 1 14IAL10 Core Ultra 7 255U 16GB 512GB 14"" WUXGA",Lenovo,Ideapad 5,CORE ULTRA 7 255U,16,,,,20721500,,new,TeknoTrend ID,5.0,,False,,Jakarta Pusat,2026-08-28T01:38:25.427936,False,
tokopedia,100821378582,https://www.tokopedia.com/zxcomputer/laptop-lenovo-v15-g5irl-intel-core-i3-1315u-8gb-512gb-ssd-15-6-full-hd-ips-windows-11-1732012457865086396?extParam=ivf%3Dfalse%26keyword%3Dlaptop+lenovo%26src%3Dsearch,"Laptop Lenovo V15-G5IRL Intel Core i3-1315U 8GB/512GB SSD 15.6"" Full HD IPS Windows 11",Lenovo,,I3-1315U,,512,,,9849000,,new,ZX COMPUTER,5.0,,False,,Jakarta Pusat,2026-08-28T01:38:25.428127,False,
tokopedia,102819738251,https://www.tokopedia.com/agresidjakut/lenovo-loq-gaming-15-irx9-rtx-4050-core-i7-gen-13-32gb-1tb-ssd-w-11-ohs-24-15-6-inch-ips-144hz-1733930131892307538?extParam=ivf%3Dfalse%26keyword%3Dlaptop+lenovo%26src%3Dsearch,[LAPTOP] LENOVO LOQ 15i I7 13650HX RTX4050 6GB/ 16GB 512GB W11+OHS+M365B 15.6FHD 144HZ 100SRGB 4ZRGB 2Y PREM+2ADP GARANSI RESMI,Lenovo,Loq 15I,I7 13650HX,16,,RTX4050,,22069000,,new,Agres ID Jakarta Utara,5.0,,False,,Jakarta Pusat,2026-08-28T01:38:25.428336,False,
tokopedia,102708445486,https://www.tokopedia.com/alienwarestore/laptop-lenovo-loq-15-amd-ryzen-7-7735hs-rtx3050-6gb-16gb-512gb-w11-ohs-m365b-15-6fhd-144hz-100srgb-blit-2y-prem-2adp-1733648206304609624?extParam=ivf%3Dfalse%26keyword%3Dlaptop+lenovo%26src%3Dsearch,LAPTOP LENOVO LOQ 15 AMD RYZEN 7 7735HS RTX3050 6GB/ 16GB 512GB W11+OHS+M365B 15.6FHD 144HZ 100SRGB BLIT 2Y PREM+2ADP,Lenovo,Loq 15,RYZEN 7 7735HS,16,,RTX3050,,16599000,,new,ALIENWARE GAMING STORE,5.0,,False,,Jakarta Utara,2026-08-28T01:38:25.428552,False,
tokopedia,102968742673,https://www.tokopedia.com/kingznotebook/laptop-lenovo-ideapad-slim-3-14arp10-ryzen-5-7535hs-16gb-1tb-ssd-w11-ohs-14-fhd-1734280913097164460?extParam=ivf%3Dfalse%26keyword%3Dlaptop+lenovo%26src%3Dsearch,"Laptop Lenovo IdeaPad Slim 3 14ARP10 Ryzen 5 7535HS 16GB 1TB SSD W11+OHS 14""FHD",Lenovo,,RYZEN 5 7535HS,16,1024,,14.0,11049000,,new,Kingz Notebook,5.0,,False,,Jakarta Pusat,2026-08-28T01:38:25.428707,False,
tokopedia,102486559174,https://www.tokopedia.com/kingznotebook/laptop-lenovo-v14-g5-i3-1315u-16gb-1tb-ssd-w11-14-fhd-anti-glare-1732999368014268076?extParam=ivf%3Dfalse%26keyword%3Dlaptop+lenovo%26src%3Dsearch,"Laptop Lenovo V14 G5 i3 1315U 16GB 1TB SSD W11 14"" FHD Anti Glare",Lenovo,,I3 1315U,16,1024,,,9299000,,new,Kingz Notebook,5.0,,False,,Jakarta Pusat,2026-08-28T01:38:25.428840,False,
tokopedia,102333363096,https://www.tokopedia.com/studiolaptop/lenovo-legion-5-ultra-7-255hx-i7-13650hx-rtx5070-rtx5050-rtx5060-32gb-1tb-512gb-ssd-w11-ohs-m365b-165hz-laptop-gaming-coding-rendering-editing-creator-1732663275214571335?extParam=ivf%3Dfalse%26keyword%3Dlaptop+lenovo%26src%3Dsearch,LENOVO LEGION 5 ULTRA 7 255HX I7 13650HX RTX5070 RTX5050 RTX5060 32GB 1TB 512GB SSD W11+OHS+M365B 165HZ - LAPTOP GAMING CODING RENDERING EDITING CREATOR,Lenovo,Legion 5,I7 13650HX,32,512,RTX5070,,46837094,,new,Studio Laptop,5.0,,False,,Jakarta Pusat,2026-08-28T01:38:25.429049,False,
tokopedia,102311962542,https://www.tokopedia.com/agresidjaktim/laptop-lenovo-ideapad-slim-3-14-core-i5-ram-16gb-512gb-ssd-14in-fhd-1732616659288753952?extParam=ivf%3Dfalse%26keyword%3Dlaptop+lenovo%26src%3Dsearch,LAPTOP LENOVO IDEAPAD SLIM 3 14 CORE i5 RAM 16GB 512GB SSD 14in FHD,Lenovo,,,16,512,,,10899000,,new,AGRES ID Jakarta Timur,5.0,,False,,Jakarta Timur,2026-08-28T01:38:25.429204,False,
tokopedia,102387634737,https://www.tokopedia.com/komputermedan/laptop-lenovo-loq-15irx9-geforce-rtx-4050-6gb-intel-core-i7-13650hx-ram-16gb-ddr5-512gb-ssd-15-6-fhd-ips-144-win-11-home-ohs-2024-luna-grey-83dv01arid-1732789913578210742?extParam=ivf%3Dfalse%26keyword%3Dlaptop+lenovo%26src%3Dsearch,"Laptop LENOVO LOQ 15IRX9 Geforce RTX 4050 6GB Intel Core i7 13650HX RAM 16GB DDR5 512GB SSD 15,6 FHD IPS 144 WIN 11 Home + OHS 2024 Luna Grey 83DV01ARID",Lenovo,Loq 15Irx9,I7 13650HX,16,512,RTX 4050,,24999000,,new,KomputerMedan OS,5.0,,False,,Medan,2026-08-28T01:38:25.429387,False,
tokopedia,103803486878,https://www.tokopedia.com/agresidtangerang/laptop-axioo-hype-10-intel-n4020-8gb-256gb-ssd-windows-11-14-0-garansi-resmi-1735165048074372123-1737220459874518043?extParam=ivf%3Dfalse%26keyword%3Dlaptop+lenovo%26src%3Dsearch,Laptop LENOVO Ideapad 5 14 Touch Intel Ultra 5 325 16GB 512GB SSD Layar WUXGA +Stylus Pen 2 in 1,Lenovo,Ideapad 5,,16,512,,,20289000,,new,Agres ID Tangerang,5.0,,False,,Tangerang,2026-08-28T01:38:25.429609,False,
tokopedia,102456757342,https://www.tokopedia.com/infonet-margonda-depok/lenovo-ideapad-slim-3-14iru8-intel-core-i3-1315u-8gb-256gb-ssd-windows-11-ohs-2024-laptop-original-garansi-resmi-2-tahun-1732946903207282603?extParam=ivf%3Dfalse%26keyword%3Dlaptop+lenovo%26src%3Dsearch,Lenovo IdeaPad Slim 3 14IRU8 Intel Core i3-1315U 8GB 256GB SSD Windows 11 OHS 2024 Laptop Original Garansi Resmi 2 Tahun,Lenovo,,I3-1315U,8,256,,,9499000,,new,INFONET MARGONDA DEPOK,5.0,,False,,Depok,2026-08-28T01:38:25.429802,False,
tokopedia,11832518616,https://www.tokopedia.com/kingznotebook/laptop-lenovo-v14-g3-i3-1215u-8gb-256gb-ssd-14-fhd-anti-glare-8gb-256gb-non-bundling-340ae?extParam=ivf%3Dfalse%26keyword%3Dlaptop+lenovo%26src%3Dsearch,"Laptop Lenovo V14 G5 IRL i3 1315U 8GB 512GB SSD 14"" FHD",Lenovo,,I3 1315U,8,512,,,9299000,,new,Kingz Notebook,5.0,,False,,Jakarta Pusat,2026-08-28T01:38:25.429943,False,
tokopedia,102503294562,https://www.tokopedia.com/herlinacom/laptop-lenovo-loq-15-intel-core-i7-13650hx-rtx-4050-6gb-ram-24gb-512gb-ssd-win-11-office-ohs-ori-15-6-full-hd-144hz-100-srgb-1733045976077600142?extParam=ivf%3Dtrue%26keyword%3Dlaptop+lenovo%26src%3Dsearch,Laptop Lenovo LOQ 15 Intel Core i7 13650HX RTX4050 6Gb / Ram 24Gb 512Gb Ssd Win 11 + Office OHS Ori 15.6 Full HD 144HZ 100% SRGB,Lenovo,Loq 15,I7 13650HX,24,512,RTX4050,,22119000,,new,Herlinacom,5.0,,False,,Depok,2026-08-28T01:38:25.430264,False,
tokopedia,102433366232,https://www.tokopedia.com/herlinacom/laptop-lenovo-v14-g4-ryzen-5-7520u-ram-16gb-1tb-win-11-office-ohs-ori-14-0-full-hd-ips-1732900890789774734?extParam=ivf%3Dtrue%26keyword%3Dlaptop+lenovo%26src%3Dsearch,Laptop Lenovo V14 G4 Ryzen 5 7520U Ram 16Gb 1Tb Win 11 + Office Ori 14.0 Full HD IPS Garansi Resmi,Lenovo,,RYZEN 5 7520U,16,,,,11199000,,new,Herlinacom,5.0,,False,,Depok,2026-08-28T01:38:25.430410,False,
tokopedia,102255611463,https://www.tokopedia.com/lenovo-store-by-dgi/laptop-gaming-lenovo-loq-15irx9-83dv01arid-core-i7-13650hx-16gb-512gb-ssd-rtx4050-6gb-w11-m365-oh2024-15-6-fhd-ips-300nits-anti-glare-100-srgb-144hz-1732525141980448382?extParam=ivf%3Dfalse%26keyword%3Dlaptop+lenovo%26src%3Dsearch,"Laptop Gaming Lenovo LOQ 15IRX9 83DV01ARID Core i7-13650HX 16GB 512GB SSD RTX4050 6GB W11 + M365 + OH2024 15.6"" FHD IPS 300nits Anti-glare 100% sRGB 144Hz",Lenovo,OH2024,I7-13650HX,16,512,RTX4050,,22130000,,new,Lenovo Store by DGI,5.0,,False,,Jakarta Pusat,2026-08-28T01:38:25.430548,False,
tokopedia,103370374453,https://www.tokopedia.com/teknotrend/lenovo-loq-15irx9-core-i5-13420hx-rtx-3050-8gb-512gb-15-6-ips-144hz-1735525147520436162?extParam=ivf%3Dfalse%26keyword%3Dlaptop+lenovo%26src%3Dsearch,"Payday SALE Lenovo LOQ 15ARP10E Ryzen 7 170 RTX 3050 6GB 16GB 512GB SSD 15.6"" FHD IPS 144Hz 100% sRGB Win11 + OHS Gaming Laptop Garansi 2Y Premium Care + ADP",Lenovo,Loq 15Arp10E,RYZEN 7 170,16,512,RTX 3050,,15602500,,new,TeknoTrend ID,5.0,,False,,Jakarta Pusat,2026-08-28T01:38:25.430690,False,
tokopedia,100552016338,https://www.tokopedia.com/galaxy-solusindo/lenovo-yoga-pro-7-14iah10-27id-intel-core-ultra-9-285h-1tb-ssd-32gb-ram-arc-graphics-140t-grey-notebook-laptop-1731553312628835745?extParam=ivf%3Dfalse%26keyword%3Dlaptop+lenovo%26src%3Dsearch,Lenovo Yoga Pro 7 14IAH10-27ID - Intel Core Ultra 9 285H 1TB SSD 32GB RAM Arc Graphics 140T - Grey Notebook Laptop,Lenovo,,INTEL CORE ULTRA 9 285H,32,1024,,,34699000,,new,Galaxy Solusindo,5.0,,False,,Malang,2026-08-28T01:38:25.430773,False,
tokopedia,102076349474,https://www.tokopedia.com/lenovo-store-by-dgi/laptop-gaming-laptop-gaming-lenovo-legion-7-16iax10-83ky004eid-core-ultra-9-275hx-2x16gb-1tb-ssd-rtx-5070-16-wqxga-oled-w11-oh24-4eid-1732178897281189502?extParam=ivf%3Dfalse%26keyword%3Dlaptop+lenovo%26src%3Dsearch,"Laptop Gaming Lenovo Legion 7 16IAX10 83KY004EID Core Ultra 9 275HX 2x16GB 1TB SSD RTX 5070 16"" WQXGA OLED W11 OH24 4EID",Lenovo,Legion 7,CORE ULTRA 9 275HX,,1024,RTX 5070,,42600000,,new,Lenovo Store by DGI,5.0,,False,,Jakarta Pusat,2026-08-28T01:38:25.430869,False,
tokopedia,103802123514,https://www.tokopedia.com/rogonline/lenovo-yoga-slim-7i-aura-edition-14-ultra-7-258v-1734808371306005735-1737216594735760615?extParam=ivf%3Dfalse%26keyword%3Dlaptop+lenovo%26src%3Dsearch,"Lenovo Yoga Slim 7i Aura Edition 14ILL10 Laptop 14"" OLED 1TB SSD 32GB RAM Intel Core Ultra 7 258V Windows 11 Office 2024 SEASHELL - Smart, Battery",Lenovo,,INTEL CORE ULTRA 7 258V,32,1024,,,21819000,,new,ROGZ Online,5.0,,False,,Jakarta Pusat,2026-08-28T01:38:25.430953,False,
tokopedia,102521841891,https://www.tokopedia.com/vivatech/laptop-lenovo-loq-essential-15-i5-12450hx-rtx3050-6gb-12gb-512gb-w11-ohs-m365b-15-6fhd-144hz-100srgb-blit-2y-prem-2adp-gry-b7id-1733091341001065776?extParam=ivf%3Dfalse%26keyword%3Dlaptop+lenovo%26src%3Dsearch,LAPTOP LENOVO LOQ ESSENTIAL 15 I5 12450HX RTX3050 6GB/ 12GB 512GB W11+OHS+M365B 15.6FHD 144HZ 100SRGB BLIT 2Y PREM+2ADP GRY -B7ID,Lenovo,,I5 12450HX,12,,RTX3050,,15959000,,new,VIVATECH STORE,5.0,,False,,Jakarta Timur,2026-08-28T01:38:25.431077,False,
tokopedia,103247405643,https://www.tokopedia.com/teknotrend/laptop-gaming-lenovo-loq-15irx9-i5-13450hx-rtx-3050-12gb-512gb-15-6-srgb-100-144hz-1731262087195232194-1735108567548987330?extParam=ivf%3Dfalse%26keyword%3Dlaptop+lenovo%26src%3Dsearch,"Payday SALE Lenovo LOQ 15AHP11 Ryzen 7 250 RTX 5060 8GB 16GB 512GB SSD 15.3"" WUXGA 165Hz 100% sRGB RGB Win11 + OHS + M365 Gaming Laptop",Lenovo,Loq 15Ahp11,RYZEN 7 250,16,512,RTX 5060,,26312500,,new,TeknoTrend ID,5.0,,False,,Jakarta Pusat,2026-08-28T01:38:25.431209,False,
tokopedia,14810009261,https://www.tokopedia.com/thinkpadofficial/lenovo-yoga-7i-2in1-intel-ultra-7-155h-32gb-ram-1tb-ssd-windows-11-oled-14-inch-120hz-evo-ggid-1731201686141240714?extParam=ivf%3Dfalse%26keyword%3Dlaptop+lenovo%26src%3Dsearch,[CO52] Lenovo IdeaPad Slim 3i Intel Core i3 1315U 8GB 51GB SSD Windows 11 Office Home Full HD 14 inch | Laptop 6DID,Lenovo,,I3 1315U,,51,,14.0,10129708,,new,Thinkpad Official Store,5.0,,False,,Jakarta Utara,2026-08-28T01:38:25.431323,False,
tokopedia,100651648049,https://www.tokopedia.com/gameridsurabaya/laptop-lenovo-legion-pro-5i-oled-intel-core-ultra-7-255hx-geforce-rtx5060-8-gb-ram-16-gb-ssd-1-tb-windows-11-office-home-student-16-wqxga-165-hz-1731759208600602579?extParam=ivf%3Dfalse%26keyword%3Dlaptop+lenovo%26src%3Dsearch,"Laptop Lenovo Legion Pro 5I OLED INtel Core Ultra 7 255HX GeForce RTX5060 8 GB / RAM 16 GB SSD 1 TB windows 11 + Office Home Student 16"" WQXGA 165 Hz",Lenovo,,INTEL CORE ULTRA 7 255HX,16,1024,RTX5060,,31549000,,new,Gamer ID Surabaya,5.0,,False,,Surabaya,2026-08-28T01:38:25.431393,False,
tokopedia,102955357420,https://www.tokopedia.com/ten-com/laptop-gaming-lenovo-5i-oled-165hz-rtx5060-rtx5050-intel-i7-14700hx-24gb-512gb-windows-11-ohs-15-1inc-wqxga-garansi-resmi-1734249563155825927?extParam=ivf%3Dtrue%26keyword%3Dlaptop+lenovo%26src%3Dsearch,Laptop Gaming Lenovo 5i OLED 165HZ RTX5050 Intel i7 14700HX 32GB 1TB Windows 11 OHS 15.1inc WQXGA Garansi Resmi,Lenovo,,I7 14700HX,32,,RTX5050,,34989000,,new,Ten Com,5.0,,False,,Jakarta Selatan,2026-08-28T01:38:25.431522,False,
tokopedia,100585636247,https://www.tokopedia.com/rogonline/lenovo-ideapad-slim-3-15-touch-ryzen-7-7730u-16gb-1tb-ssd-w-11-15-6-ips-panel-touchscreen-1731640796017886439?extParam=ivf%3Dfalse%26keyword%3Dlaptop+lenovo%26src%3Dsearch,"Lenovo IdeaPad Slim 3 15ABR8 Ryzen 5 7520U 8GB DDR4 1TB SSD 15.6"" FHD IPS Touchscreen Windows 11 Home Original Arctic Grey Laptop",Lenovo,,RYZEN 5 7520U,8,1024,,,10089000,,new,ROGZ Online,5.0,,False,,Jakarta Pusat,2026-08-28T01:38:25.431634,False,
tokopedia,103631145588,https://www.tokopedia.com/gateway/acer-pc-aio-aspire-c24-i5-1235-8gb-512gb-w11-ohs-23-8fhd-1736704863519344053?extParam=ivf%3Dfalse%26keyword%3Dlaptop+lenovo%26src%3Dsearch,"[KURIR TOKO] LENOVO THINKPAD X1 CARBON G12 CORE ULTRA 7 165H 32GB 1TB W11 14"" FHD LAPTOP BISNIS",Lenovo,Thinkpad X1,CORE ULTRA 7 165H,32,,,,29819000,,new,Gateway Indonesia Comp,5.0,,False,,Jakarta Utara,2026-08-28T01:38:25.431734,False,
tokopedia,12928306573,https://www.tokopedia.com/teknotrend/lenovo-loq-15irx9-i5-13450hx-512gb-rtx4050-12gb-15-6-srgb-100-1731262212456155074?extParam=ivf%3Dtrue%26keyword%3Dlaptop+lenovo%26src%3Dsearch,"[Extra Promo] - Lenovo LOQ 15AHP11 Ryzen 7 250 RTX 5050 8GB 16GB DDR5 512GB SSD 15.6"" FHD Win11 Gaming Laptop RTX 50 Series Garansi 2Y ADP Premium Care",Lenovo,Loq 15Ahp11,RYZEN 7 250,16,512,RTX 5050,,25573500,,new,TeknoTrend ID,5.0,,False,,Jakarta Pusat,2026-08-28T01:38:25.431917,False,
tokopedia,103308920074,https://www.tokopedia.com/jagonotebook/lenovo-ideapad-slim-3i-14ian8-intel-n100-8gb-256gb-512gb-14-fhd-w11-ohs-1731011054547666664-1735312753345332968?extParam=ivf%3Dfalse%26keyword%3Dlaptop+lenovo%26src%3Dsearch,LAPTOP LENOVO V14 G4 RYZEN 5 7520 16GB 512GB W11+OHS 14.0 FHD IPS,Lenovo,,RYZEN 5 7520,16,,,,11189000,,new,JAGO Notebook,5.0,,False,,Kab. Tangerang,2026-08-28T01:38:25.432093,False,
tokopedia,5802096237,https://www.tokopedia.com/zxcomputer/lenovo-laptop-v15-g5irl-intel-core-i3-1315u-8gb-512gb-ssd-15-6-fhd-ips-windows-11-home-office-home-2024-1731241429335442876?extParam=ivf%3Dfalse%26keyword%3Dlaptop+lenovo%26src%3Dsearch,"Lenovo Laptop V15-G5IRL Intel Core i3-1315U 8GB/512GB SSD 15.6"" FHD IPS Windows 11 Home + Office Home 2024",Lenovo,,I3-1315U,,512,,,9849000,,new,ZX COMPUTER,5.0,,False,,Jakarta Pusat,2026-08-28T01:38:25.432278,False,
tokopedia,3042110109,https://www.tokopedia.com/amtechgrosiria/lenovo-laptop-ideapad-3-14iru8-intel-core-i3-1315u-8gb-512gb-ssd-14-fhd-w11-ohs-artic-grey-82x6006fid-6fid-1731184426302473555?extParam=ivf%3Dfalse%26keyword%3Dlaptop+lenovo%26src%3Dsearch,"LENOVO Laptop IdeaPad 3 14IRU8 Intel Core I3 1315U 8GB 512GB SSD 14"" FHD W11+OHS Artic Grey 82X6006FID 6FID",Lenovo,Ideapad 3,I3 1315U,8,512,,,10168999,,new,GROSIRIA.ID,5.0,,False,,Surabaya,2026-08-28T01:38:25.432407,False,
tokopedia,103384739356,https://www.tokopedia.com/lenovo-store-by-dgi/laptop-gaming-lenovo-loq-15irx10-83je0052id-i5-13450hx-rtx5050-512gb-ssd-12gb-ips-100-srgb-144hz-52id-1732179425183499902-1735609749605680766?extParam=ivf%3Dfalse%26keyword%3Dlaptop+lenovo%26src%3Dsearch,"Payday SALE Lenovo LOQ 15ARP10E 83S000D1ID GeForce RTX 3050 6GB AMD Ryzen 7 170 16GB RAM 512GB SSD 15.6"" FHD IPS 300 nits 100% sRGB 144Hz Win11 + Office Home Student Laptop Gaming Creator Editing Rendering Garansi Resmi 2Y Premium Care + ADP",Lenovo,Loq 15Arp10E,RYZEN 7 170,512,512,RTX 3050,,15603000,,new,Lenovo Store by DGI,5.0,,False,,Jakarta Pusat,2026-08-28T01:38:25.432589,False,
tokopedia,15912329880,https://www.tokopedia.com/alienwarestore/lenovo-ideapad-5-2in1-14-touch-ryzen-7-8845-16gb-1tb-w11-14-fhd-ips-1730642754852259160?extParam=ivf%3Dfalse%26keyword%3Dlaptop+lenovo%26src%3Dsearch%26whid%3D4141453,LAPTOP LENOVO IDEAPAD 5 2IN1 14 TOUCH OLED INTEL CORE I7 13620H  16GB 512GB W11+OHS+M365B 14.0WUXGA PEN 2Y+2ADP,Lenovo,Ideapad 5,I7 13620H,16,,,,18952000,,new,ALIENWARE GAMING STORE,5.0,,False,,Jakarta Utara,2026-08-28T01:38:25.432766,False,
tokopedia,102395075339,https://www.tokopedia.com/rogonline/laptop-lenovo-v14-g4-ryzen-3-7320-8gb-256-ssd-windows-11-14-0-inch-full-hd-1732806276219438311?extParam=ivf%3Dfalse%26keyword%3Dlaptop+lenovo%26src%3Dsearch,Laptop Lenovo V14 G4 Ryzen 3 7320 8GB 256 SSD Windows 11 14.0 Inch Full HD,Lenovo,,RYZEN 3 7320,,,,14.0,8869000,,new,ROGZ Online,5.0,,False,,Jakarta Pusat,2026-08-28T01:38:25.432962,False,
tokopedia,102672043116,https://www.tokopedia.com/royalltech/lenovo-legion-7i-16-oled-intel-ultra-7-255hx-rtx5060-8gb-32gb-1tb-w11-ohs-m365b-16-0wqxga-165hz-pkrgb-3y-3adp-laptop-gaming-1733518186939778551?extParam=ivf%3Dfalse%26keyword%3Dlaptop+lenovo%26src%3Dsearch,LENOVO LEGION 7I 16 OLED INTEL ULTRA 7 255HX RTX5060 8GB/ 32GB 1TB W11+OHS+M365B 16.0WQXGA 165HZ PKRGB 3Y+3ADP LAPTOP GAMING,Lenovo,Legion 7I,,32,,RTX5060,,38039000,,new,royalltech,5.0,,False,,Jakarta Utara,2026-08-28T01:38:25.433236,False,
tokopedia,102607529274,https://www.tokopedia.com/eternal-komputerid/lenovo-loq-15-i5-13450hx-rtx3050-6gb-16gb-512gb-w11-ohs-m365b-15-6fhd-144hz-100srgb-4zrgb-2y-prem-2adp-laptop-garansi-resmi-laptop-1733341096537851622?extParam=ivf%3Dtrue%26keyword%3Dlaptop+lenovo%26src%3Dsearch,LENOVO LOQ 15 I5 13450HX RTX3050 6GB/ 16GB 512GB W11+OHS+M365B 15.6FHD 144HZ 100SRGB 4ZRGB 2Y PREM+2ADP LAPTOP GARANSI RESMI - LAPTOP,Lenovo,Loq 15,I5 13450HX,16,,RTX3050,,19739000,,new,ETERNAL KOMPUTER.ID,5.0,,False,,Depok,2026-08-28T01:38:25.433453,False,
tokopedia,100552016257,https://www.tokopedia.com/gasol/lenovo-yoga-pro-7-14iah10-27id-intel-core-ultra-9-285h-1tb-ssd-32gb-ram-arc-graphics-140t-grey-notebook-laptop-1731553299282887886?extParam=ivf%3Dfalse%26keyword%3Dlaptop+lenovo%26src%3Dsearch,Lenovo Yoga Pro 7 14IAH10-27ID - Intel Core Ultra 9 285H 1TB SSD 32GB RAM Arc Graphics 140T - Grey Notebook Laptop,Lenovo,,INTEL CORE ULTRA 9 285H,32,1024,,,34699000,,new,GASOL MALANG,5.0,,False,,Malang,2026-08-28T01:38:25.433621,False,
tokopedia,103702126291,https://www.tokopedia.com/infonet-margonda-depok/lenovo-loq-15arp10e-ryzen-7-7735hs-16gb-512gb-ssd-rtx-3050-6gb-15-6-fhd-ips-144hz-w11-ohs-luna-grey-laptop-gaming-terbaik-1734354908020770731-1736948495515551659?extParam=ivf%3Dfalse%26keyword%3Dlaptop+lenovo%26src%3Dsearch,"Lenovo LOQ 15ARP10E Ryzen 7 7735HS 16GB 512GB SSD RTX 3050 6GB 15.6"" FHD IPS 144Hz W11 OHS Luna Grey Laptop Gaming Terbaik",Lenovo,Loq 15Arp10E,RYZEN 7 7735HS,16,512,RTX 3050,,16339000,,new,INFONET MARGONDA DEPOK,5.0,,False,,Depok,2026-08-28T01:38:25.434079,False,
tokopedia,103414003775,https://www.tokopedia.com/rogonline/lenovo-ideapad-5-2-in-1-ryzen-ai-7-350-16gb-1tb-ssd-radeon-860m-windows-11-14-0-inch-touch-screen-1735756335694316775-1735756702230938855?extParam=ivf%3Dfalse%26keyword%3Dlaptop+lenovo%26src%3Dsearch,Lenovo Ideapad 5 2-IN-1 Ryzen AI 7 350 16GB 1TB SSD Radeon 860M Windows 11 14.0 Inch Touch Screen Cosmic Blue Laptop,Lenovo,Ideapad 5,RYZEN AI 7 350,16,1024,RADEON 860M,14.0,15919000,,new,ROGZ Online,5.0,,False,,Jakarta Pusat,2026-08-28T01:38:25.434419,False,
tokopedia,103527119654,https://www.tokopedia.com/agres-id-electronics/lenovo-ideapad-slim-3-14-i3-1315-8gb-512gb-w11-ohs-m365b-14-0fhd-blit-2y-laptop-garansi-resmi-1731995257728501656-1736252419500115864?extParam=ivf%3Dfalse%26keyword%3Dlaptop+lenovo%26src%3Dsearch,LENOVO IDEAPAD SLIM 3 14 I3 1315 8GB 512GB W11+OHS+M365B 14.0FHD BLIT 2Y LAPTOP GARANSI RESMI,Lenovo,,I3 1315,8,,,,9844000,,new,Agres ID Electronics,5.0,,False,,Depok,2026-08-28T01:38:25.434895,False,
tokopedia,102917793147,https://www.tokopedia.com/royalltech/laptop-lenovo-ideapad-slim-3-14-intel-core-i3-1315-ram-8gb-ssd-512gb-layar-14-fhd-windows-11-ohs-laptop-tipis-laptop-kerja-laptop-kuliah-1734153451204806135?extParam=ivf%3Dfalse%26keyword%3Dlaptop+lenovo%26src%3Dsearch,Laptop LENOVO IdeaPad Slim 3 14 Intel Core I3 1315 ram 8GB ssd 512GB Layar 14” FHD Windows 11 + OHS | Laptop Tipis - Laptop Kerja Laptop Kuliah,Lenovo,,I3 1315,8,512,,,9399000,,new,royalltech,5.0,,False,,Jakarta Utara,2026-08-28T01:38:25.435099,False,
tokopedia,14999356956,https://www.tokopedia.com/royal-com/lenovo-ideapad-slim-3-14-i3-1315-8gb-512gb-ssd-windows-11-ohs-m365b-14-0-fhd-backlit-2y-prem-2adp-laptop-intel-core-i3-1215u-1731601334625928506?extParam=ivf%3Dfalse%26keyword%3Dlaptop+lenovo%26src%3Dsearch,Lenovo Ideapad Slim 3 14 I3 1315 8GB 512GB DAN 256 SSD Windows 11+OHS+M365B 14.0 FHD Backlit 2Y Prem+2ADP Laptop Intel Core i3-1215U,Lenovo,,I3 1315,8,,,,9729000,,new,ROYAL COM,5.0,,False,,Kab. Bekasi,2026-08-28T01:38:25.435285,False,
tokopedia,103295524158,https://www.tokopedia.com/technocentral/laptop-lenovo-legion-5i-oled-i7-14700hx-rtx5050-8gb-24gb-512gb-w11-ohs-m365b-15-1-wqxga-165hz-24zrgb-1732110701480412803-1735248764035958403?extParam=ivf%3Dfalse%26keyword%3Dlaptop+lenovo%26src%3Dsearch,LAPTOP LENOVO LEGION 5I OLED I7 14700HX RTX5050 8GB/ 24GB 512GB W11+OHS+M365B 15.1 WQXGA 165HZ 24ZRGB,Lenovo,Legion 5I,I7 14700HX,24,,RTX5050,,34199000,,new,Techno Central,5.0,,False,,Bogor,2026-08-28T01:38:25.435564,False,
tokopedia,103616264044,https://www.tokopedia.com/gameridos/lenovo-v14-g5-i3-1315-8gb-256gb-windows-11-14-0fhd-2y-grey-7aid-1729914501826578017-1736655770989659745?extParam=ivf%3Dfalse%26keyword%3Dlaptop+lenovo%26src%3Dsearch,LAPTOP LENOVO V14 G5 I3 1315 8GB 256GB W11 14.0FHD,Lenovo,,I3 1315,8,,,,9089000,,new,GAMER.ID,5.0,,False,,Jakarta Utara,2026-08-28T01:38:25.435644,False,
tokopedia,103489527758,https://www.tokopedia.com/rogsstoreid/lenovo-ideapad-slim-1-15-ryzen-5-7520-8gb-512gb-ssd-15-6-fhd-1736102042290193740?extParam=ivf%3Dfalse%26keyword%3Dlaptop+lenovo%26src%3Dsearch,[ Pickup / Kurir Toko ] Lenovo V14 G5 Core i3-1315U RAM 16GB SSD 512GB 14 Inch FHD Windows 11 Laptop,Lenovo,,I3-1315U,16,512,,14.0,8907220,,new,ROGS STORE,5.0,,False,,Jakarta Utara,2026-08-28T01:38:25.435726,False,
tokopedia,14999356956,https://www.tokopedia.com/royal-com/lenovo-ideapad-slim-3-14-i3-1315-8gb-512gb-ssd-windows-11-ohs-m365b-14-0-fhd-backlit-2y-prem-2adp-laptop-intel-core-i3-1215u-1731601334625928506?extParam=ivf%3Dfalse%26keyword%3Dlaptop+lenovo%26src%3Dsearch,Lenovo Ideapad Slim 3 14 I3 1315 8GB 512GB DAN 256 SSD Windows 11+OHS+M365B 14.0 FHD Backlit 2Y Prem+2ADP Laptop Intel Core i3-1215U,Lenovo,,I3 1315,8,,,,9729000,,new,ROYAL COM,5.0,,False,,Kab. Bekasi,2026-08-28T01:38:41.559400,False,
tokopedia,100513463007,https://www.tokopedia.com/toptech/laptop-lenovo-v14-g5-i3-1315-16gb-512gb-ssd-14-0fhd-w11-resmi-1731469270355838068?extParam=ivf%3Dfalse%26keyword%3Dlaptop+lenovo%26src%3Dsearch,[CO52] LAPTOP LENOVO V14 G5 - i3 1315 16GB 512GB SSD 14.0FHD W11 RESMI,Lenovo,,I3 1315,16,512,,,9782548,,new,Top Tech Comp,5.0,,False,,Jakarta Utara,2026-08-28T01:38:41.559651,False,
tokopedia,2256071044,https://www.tokopedia.com/vortexindocomputer/thinkbook-yoga-ultra-7-155u-32gb-1tb-ssd-windows-11-office-lenovo-slim-pen-14-wuxga-ips-300nits-100-srgb-touch-2yr-1729840549026629289?extParam=ivf%3Dfalse%26keyword%3Dlaptop+lenovo%26src%3Dsearch,"Laptop ThinkBook Yoga Ultra 7 155U 32GB 1TB SSD Windows 11+Office Lenovo Slim Pen 14"" WUXGA IPS 300nits 100% sRGB Touch 2Yr",Lenovo,,,32,1024,,,26409000,,new,Vortexindo.Computer,5.0,,False,,Jakarta Pusat,2026-08-28T01:38:41.560003,False,
tokopedia,103167434277,https://www.tokopedia.com/jambu-dua-laptop/laptop-hp-14-i5-1235u-8gb-512gb-w11-ohs-14-fhd-ips-dq5152tu-1734857357537347561?extParam=ivf%3Dfalse%26keyword%3Dlaptop+lenovo%26src%3Dsearch,Lenovo LOQ ESSENTIAL 15 I5 13450HX RTX5050 8GB/16GB RAM 512GB SSD W11+OHS+M365B 15.6FHD 144HZ 100SRGB BLIT 2Y PREM+2ADP GRY Laptop Gaming Terbaik,Lenovo,,I5 13450HX,512,512,RTX5050,,21099000,,new,JAMBU DUA LAPTOP,5.0,,False,,Bogor,2026-08-28T01:38:41.560227,False,
tokopedia,103312736427,https://www.tokopedia.com/onestopgaming/lenovo-ideapad-slim-5i-14-ips-14itl0-i7-1165g7-mx450-16gb-512ssd-fhd-1735325467563361538?extParam=ivf%3Dtrue%26keyword%3Dlaptop+lenovo%26src%3Dsearch,"Laptop Lenovo IdeaPad Slim 5 AMD Ryzen Ai 5-330 RAM 16GB 512GB SSD 14"" WUXGA OLED 100% DCI-P3 Windows 11 Resmi Blue Grey",Lenovo,,,16,512,,,15802500,,new,Onestop Gaming,5.0,,False,,Jakarta Pusat,2026-08-28T01:38:41.560498,False,
tokopedia,102343665328,https://www.tokopedia.com/collinsofficial/laptop-lenovo-yoga-7-2-in-1-14iml9-intel-ultra-7-155h-ram-16gb-storage-1tb-win-11-office-m365b-14-2-8k-oled-120hz-pen-1732680978857362631?extParam=ivf%3Dfalse%26keyword%3Dlaptop+lenovo%26src%3Dsearch,"LAPTOP LENOVO Yoga 7 2-in-1 14IML9 INTEL ULTRA 7 155H RAM 16GB STORAGE 1TB WIN 11 +OFFICE +M365B 14"" 2.8K OLED 120HZ PEN",Lenovo,Yoga 7,,16,,,,22939000,,new,Collins Official,5.0,,False,,Jakarta Utara,2026-08-28T01:38:41.560954,False,
tokopedia,100605920251,https://www.tokopedia.com/herlinacom/laptop-lenovo-ideapad-slim-3-14-intel-core-i7-13620h-ram-24gb-512gb-ssd-win-11-office-ohs-ori-14-0-1731678854738969998?extParam=ivf%3Dtrue%26keyword%3Dlaptop+lenovo%26src%3Dsearch,Laptop Lenovo IdeaPad Slim 3 14 Intel Core i7 13620H Ram 24Gb 512Gb Ssd Win 11+Office Ori 14.0 WUXGA IPS,Lenovo,,I7 13620H,24,512,,,17259000,,new,Herlinacom,5.0,,False,,Depok,2026-08-28T01:38:41.561756,False,
tokopedia,14499212546,https://www.tokopedia.com/agresidkarawang/lenovo-ideapad-slim-3-14-intel-i7-13620h-ram-16gb-512gb-ssd-w11-ohs-14-0-wuxga-ips-laptop-garansi-2-tahun-1731071289542870615?extParam=ivf%3Dtrue%26keyword%3Dlaptop+lenovo%26src%3Dsearch,Lenovo Ideapad Slim 3 14 Intel i7-13620H Ram 16GB 512GB SSD W11+OHS 14.0 WUXGA IPS Laptop Garansi 2 Tahun,Lenovo,,I7-13620H,16,512,,,17249000,,new,Agres ID Karawang,5.0,,False,,Kab. Karawang,2026-08-28T01:38:41.561978,False,
tokopedia,103694489691,https://www.tokopedia.com/infonet-official-store/lenovo-loq-15arp10e-ryzen-7-7735hs-16gb-512g-ssd-rtx-3050-6gb-15-6-fhd-ips-144hz-w11-ohs-m365-1734308854819686088-1736928768999851720?extParam=ivf%3Dfalse%26keyword%3Dlaptop+lenovo%26src%3Dsearch,"LENOVO LOQ 15ARP10E AMD RYZEN 7 170 16GB 512GB SSD RTX 3050 6GB GDDR6 15.6"" FHD IPS 144HZ LAPTOP WINDOWS 11 HOME OFFICE HOME 2024",Lenovo,Loq 15Arp10E,RYZEN 7 170,16,512,RTX 3050,,16309000,,new,Infonet Official Store,5.0,,False,,Jakarta Utara,2026-08-28T01:38:41.562260,False,
tokopedia,102666386440,https://www.tokopedia.com/kanglaptop/lenovo-ideapad-5-2-in-1-14-touch-ryzen-ai-7-350-16gb-1tb-w11-14-1733489651261015881?extParam=ivf%3Dfalse%26keyword%3Dlaptop+lenovo%26src%3Dsearch,Laptop Lenovo Ideapad 5 2in1 14AKP10 Ryzen AI 7-350 16GB 1TB SSD 14.0 Inch WUXGA Touch Wndows 11,Lenovo,Ideapad 5,,16,1024,,14.0,15969000,,new,KangLaptop_NEW,5.0,,False,,Jakarta Selatan,2026-08-28T01:38:41.562517,False,
tokopedia,103781953977,https://www.tokopedia.com/thinkpadofficial/lenovo-thinkbook-14-g8-ultra-5-225u-8gb-512gb-w11pro-ohs-14-0wuxga-ips-2-2-2-gry-a1id-1731201670787990922-1737157306068600202?extParam=ivf%3Dfalse%26keyword%3Dlaptop+lenovo%26src%3Dsearch,[CO52] Lenovo V14 Gen 5 Intel Core i3 1315U 8GB 256SSD Windows 11 Home FHD 14 Inch | Laptop Murah 7AID,Lenovo,,I3 1315U,,,,14.0,9561628,,new,Thinkpad Official Store,5.0,,False,,Jakarta Utara,2026-08-28T01:38:41.562782,False,
tokopedia,102255272850,https://www.tokopedia.com/teknotrend/laptop-gaming-lenovo-loq-15irx9-core-i5-13450hx-16gb-512gb-ssd-rtx3050-w11-m365-oh2024-15-6-fhd-ips-300nits-anti-glare-100-srgb-144hz-1732524144474032066?extParam=ivf%3Dfalse%26keyword%3Dlaptop+lenovo%26src%3Dsearch,"Payday SALE Laptop Gaming Lenovo LOQ 15IRX9 Core i5-13450HX 16GB 512GB SSD RTX3050 W11 + M365 + OH2024 15.6"" FHD IPS 300nits Anti-glare 100% sRGB 144Hz",Lenovo,OH2024,I5-13450HX,16,512,RTX3050,,18312500,,new,TeknoTrend ID,5.0,,False,,Jakarta Pusat,2026-08-28T01:38:41.563768,False,
tokopedia,102400433774,https://www.tokopedia.com/herlinacom/laptop-lenovo-v14-g4-ryzen-3-7320u-ram-8gb-512gb-ssd-win-11-ori-14-0-full-hd-1732823212930467214?extParam=ivf%3Dtrue%26keyword%3Dlaptop+lenovo%26src%3Dsearch,Laptop Lenovo V14 G4 Ryzen 3 7320U Ram 8Gb 512Gb Ssd Win 11 Ori 14.0 Full HD,Lenovo,,RYZEN 3 7320U,8,512,,,8869000,,new,Herlinacom,5.0,,False,,Depok,2026-08-28T01:38:41.563952,False,
tokopedia,102843694552,https://www.tokopedia.com/intelstore-id/laptop-lenovo-loq-15-i5-12450hx-rtx3050-6gb-20gb-512gb-w11-ohs-15-6fhd-144hz-100srgb-blit-1730968649641264554?extParam=ivf%3Dfalse%26keyword%3Dlaptop+lenovo%26src%3Dsearch,Laptop LENOVO LOQ 15 I5 12450HX RTX3050 6GB/ 20GB 512GB W11+OHS 15.6FHD 144HZ 100SRGB BLIT,Lenovo,Loq 15,I5 12450HX,,,RTX3050,,16738000,,new,INTEL STORE ID,5.0,,False,,Jakarta Utara,2026-08-28T01:38:41.564177,False,
tokopedia,102412018792,https://www.tokopedia.com/think-id/lenovo-thinkpad-t14s-gen-6-ultra-7-268v-32gb-1tb-ssd-14-ips-arc-ir-win11-pro-laptop-1732538764698813908?extParam=ivf%3Dfalse%26keyword%3Dlaptop+lenovo%26src%3Dsearch,"Lenovo ThinkPad T14s Gen 6 Ultra 7 268V 32GB 1TB SSD 14"" IPS Arc IR Win11 Pro Laptop",Lenovo,Thinkpad T14S,,32,1024,,,46942000,,new,THINK-ID,5.0,,False,,Surabaya,2026-08-28T01:38:41.564409,False,
tokopedia,100565334888,https://www.tokopedia.com/royalltech/laptop-lenovo-yoga-7-2in1-14-ultra-7-258v-32gb-1tb-w11-ohs-m365b-14-0-2-8k-oled-120hz-pen-3y-1731587801263605239?extParam=ivf%3Dfalse%26keyword%3Dlaptop+lenovo%26src%3Dsearch,LAPTOP LENOVO YOGA 7 2IN1 14 ULTRA 7 258V 32GB 1TB W11+OHS+M365B 14.0 2.8K OLED 120HZ PEN 3Y,Lenovo,Yoga 7,,32,,,,29999000,,new,royalltech,5.0,,False,,Jakarta Utara,2026-08-28T01:38:41.564726,False,
tokopedia,10533929561,https://www.tokopedia.com/teknotrend/laptop-gaming-lenovo-legion-5-15iax10-core-ultra-7-255hx-32gb-512gb-5070-w11-ohs-m365-1731262212446521282?extParam=ivf%3Dfalse%26keyword%3Dlaptop+lenovo%26src%3Dsearch,Laptop Gaming LENOVO LEGION 5 15IAX10 Core Ultra 7 255HX 32GB 512GB 5070 W11 OHS M365,Lenovo,Legion 5,CORE ULTRA 7 255HX,32,,,,30459500,,new,TeknoTrend ID,5.0,,False,,Jakarta Pusat,2026-08-28T01:38:41.564935,False,
tokopedia,102783054774,https://www.tokopedia.com/intelstore-id/laptop-lenovo-ideapad-slim-3i-14iru8-i3-1315u-8gb-512gb-ssd-14-fhd-w11-ohs-1733841534087234986?extParam=ivf%3Dtrue%26keyword%3Dlaptop+lenovo%26src%3Dsearch,"Laptop Lenovo Ideapad Slim 3i 14IRU8 - I3 1315U 8GB 512GB SSD 14""FHD W11+OHS",Lenovo,,I3 1315U,8,512,,14.0,9389000,,new,INTEL STORE ID,5.0,,False,,Jakarta Utara,2026-08-28T01:38:41.565137,False,
tokopedia,102585214040,https://www.tokopedia.com/teknotrend/laptop-gaming-lenovo-legion-pro-5-16irx10-core-i9-14900hx-32gb-1tb-ssd-rtx5060-8gb-16-wqxga-eclipse-black-1733276668793030594?extParam=ivf%3Dfalse%26keyword%3Dlaptop+lenovo%26src%3Dsearch,"Laptop Gaming Lenovo Legion Pro 5 16IRX10 Core i9-14900HX 32GB 1TB SSD RTX5060 8GB 16"" WQXGA Eclipse Black",Lenovo,,I9-14900HX,32,1024,RTX5060,,32969500,,new,TeknoTrend ID,5.0,,False,,Jakarta Pusat,2026-08-28T01:38:41.565545,False,
tokopedia,102407247006,https://www.tokopedia.com/royalltech/laptop-lenovo-v14-g4-i3-1315-16gb-8gb-512gb-256gb-w11-office-14-0fhd-1732841696445040119?extParam=ivf%3Dfalse%26keyword%3Dlaptop+lenovo%26src%3Dsearch,LAPTOP LENOVO V14 G5 INTEL CORE I3 1315 8GB 256GB SSD WINDOWS 11 OFFICE 14.0 FHD 2Y,Lenovo,,I3 1315,8,256,,,9089000,,new,royalltech,5.0,,False,,Jakarta Utara,2026-08-28T01:38:41.565766,False,
tokopedia,102786202789,https://www.tokopedia.com/infonet-margonda-depok/lenovo-loq-15irx9-i7-13650hx-16gb-512gb-ssd-rtx4050-6gb-15-6-fhd-ips-144hz-w11h-oh-2024-luna-grey-bag-laptop-gaming-ai-powered-dengan-garansi-resmi-2-tahun-1733846275065939883?extParam=ivf%3Dfalse%26keyword%3Dlaptop+lenovo%26src%3Dsearch,"Lenovo LOQ 15IRX9 I7 13650HX 16GB 512GB SSD RTX4050 6GB 15.6"" FHD IPS 144Hz W11H OH 2024 Luna Grey Bag Laptop Gaming AI-Powered dengan Garansi Resmi 2 Tahun",Lenovo,Loq 15Irx9,I7 13650HX,16,512,RTX4050,,21899000,,new,INFONET MARGONDA DEPOK,5.0,,False,,Depok,2026-08-28T01:38:41.566034,False,
tokopedia,102670443720,https://www.tokopedia.com/legendeltro-id/laptop-lenovo-ideapad-slim-3-14-ryzen-5-7535hs-16gb-512gb-w11-ohs-m365b-14-0wuxga-ips-2y-prem-2adp-1733510500686988337?extParam=ivf%3Dfalse%26keyword%3Dlaptop+lenovo%26src%3Dsearch,Laptop Lenovo Ideapad Slim 3 14 Ryzen 5 7535HS 16GB 512GB W11+OHS+M365B 14.0WUXGA IPS 2Y PREM+2ADP,Lenovo,,RYZEN 5 7535HS,16,,,,11039000,,new,LEGEND.ELTRO.ID,5.0,,False,,Tangerang Selatan,2026-08-28T01:38:41.566816,False,
tokopedia,5831937049,https://www.tokopedia.com/teknotrend/laptop-gaming-lenovo-loq-15iax9-83gs001jid-i5-12450hx-12gb-512gb-rtx-3050-6gb-w11-ohs-1731262086864340930?extParam=ivf%3Dfalse%26keyword%3Dlaptop+lenovo%26src%3Dsearch,"Payday SALE Lenovo LOQ 15AHP11 Ryzen 7 250 RTX 5060 8GB 16GB 512GB SSD 15.3"" WUXGA 165Hz 100% sRGB RGB Win11 + OHS + M365 Gaming Laptop",Lenovo,Loq 15Ahp11,RYZEN 7 250,16,512,RTX 5060,,26312500,,new,TeknoTrend ID,5.0,,False,,Jakarta Pusat,2026-08-28T01:38:41.567102,False,
tokopedia,103294238598,https://www.tokopedia.com/lenovo-store-by-dgi/laptop-lenovo-ideapad-slim-3-14irh10-83k0007did-core-i5-13420h-8gb-512gb-w11-ohs-m365-1732977690594018942-1735242547072894590?extParam=ivf%3Dfalse%26keyword%3Dlaptop+lenovo%26src%3Dsearch,"Lenovo IdeaPad Slim 3 14 Intel Core i5-13420H 8GB RAM 512GB SSD 14"" WUXGA IPS Win11 + Office Home Student Laptop Tipis Multitasking Kerja Kuliah Garansi Resmi 2 Tahun",Lenovo,,I5-13420H,512,512,,,11090000,,new,Lenovo Store by DGI,5.0,,False,,Jakarta Pusat,2026-08-28T01:38:41.567314,False,
tokopedia,103395813371,https://www.tokopedia.com/gamingdistributorid/lenovo-slim-7-aura-edition-14-oled-touch-ultra-7-258v-32gb-1tb-w11-14-fhd-ips-2-8k-1732817741778945646-1735663856073606766?extParam=ivf%3Dtrue%26keyword%3Dlaptop+lenovo%26src%3Dsearch,Laptop Lenovo Slim 7 Aura Edition 14 Oled Touch Ultra 7 258V 32GB 1TB SSD W11 14.0FHD IPS,Lenovo,,,32,1024,,,20809000,,new,GAMING DISTRIBUTOR ID,5.0,,False,,Jakarta Barat,2026-08-28T01:38:41.567551,False,
tokopedia,102632270866,https://www.tokopedia.com/herlinacom/laptop-lenovo-ideapad-5-2in1-16-touch-intel-ultra-7-255u-ram-32gb-1tb-ssd-win-11-ori-16-0-full-hd-ips-1733401630176609678?extParam=ivf%3Dtrue%26keyword%3Dlaptop+lenovo%26src%3Dsearch,Laptop Lenovo Ideapad 5 2in1 16 Touch Intel Ultra 7 255U Ram 32GB 1Tb Ssd Win 11 Ori 16.0 Full HD Ips,Lenovo,Ideapad 5,,32,1024,,,16809000,,new,Herlinacom,5.0,,False,,Depok,2026-08-28T01:38:41.567885,False,
tokopedia,12630700955,https://www.tokopedia.com/onestopgaming/lenovo-v14-g4amn-ryzen-5-7530u-8gb-512gb-ssd-14-fhd-win11-ohs-g4-amn-arctic-grey-non-bundle-d6c2d?extParam=ivf%3Dfalse%26keyword%3Dlaptop+lenovo%26src%3Dsearch,"KHUSUS PICKUP / KURIR TOKO Laptop Lenovo V14 G4 AMN Ryzen 3 7320U RAM 8GB 256GB SSD 14"" FHD Windows 11 Resmi Grey",Lenovo,,RYZEN 3 7320U,8,256,,,8398500,,new,Onestop Gaming,5.0,,False,,Jakarta Pusat,2026-08-28T01:38:41.568153,False,
tokopedia,102625884929,https://www.tokopedia.com/intelstore-id/laptop-lenovo-v14-g5-irl-core-i3-1315u-ram-8gb-512gb-ssd-14-fhd-w11-1733386200893982122?extParam=ivf%3Dtrue%26keyword%3Dlaptop+lenovo%26src%3Dsearch,"Laptop Lenovo V14 G5 IRL - Core I3 1315U Ram 8GB 512GB SSD 14"" FHD W11",Lenovo,,I3 1315U,8,512,,,9079000,,new,INTEL STORE ID,5.0,,False,,Jakarta Utara,2026-08-28T01:38:41.568555,False,
tokopedia,100837269513,https://www.tokopedia.com/gateway/lenovo-yoga-book-9-core-ultra-9-285h-32gb-1tb-w11-ohs-m365-2x-14-0-2-8k-wqxga-oled-120hz-1732029557347616181?extParam=ivf%3Dfalse%26keyword%3Dlaptop+lenovo%26src%3Dsearch,LENOVO SLIM 7 AURA EDITION 14 OLED TOUCH INTEL CORE ULTRA 7 258V 32GB 1TB W11 14-INCH FHD IPS LAPTOP,Lenovo,,INTEL CORE ULTRA 7 258V,32,,,,20799000,,new,Gateway Indonesia Comp,5.0,,False,,Jakarta Utara,2026-08-28T01:38:41.568998,False,
tokopedia,103718032351,https://www.tokopedia.com/gateway/laptop-lenovo-v14-g4-core-i7-13620h-16gb-512gb-w11-ohs-14-inch-fhd-1729855854750172597-1736984758766044597?extParam=ivf%3Dfalse%26keyword%3Dlaptop+lenovo%26src%3Dsearch,"LENOVO V14 G5 CORE I3 1315 16GB 512GB W11 14"" FHD LAPTOP",Lenovo,,I3 1315,16,,,,9079000,,new,Gateway Indonesia Comp,5.0,,False,,Jakarta Utara,2026-08-28T01:38:41.569210,False,
tokopedia,103690266956,https://www.tokopedia.com/infonet-official-store/lenovo-ideapad-slim-3-14iru8-i3-1315u-8gb-512gb-14-fhd-tn-w11-ohs-m365-1731052483788506824-1736913112131208904?extParam=ivf%3Dfalse%26keyword%3Dlaptop+lenovo%26src%3Dsearch,"LENOVO IDEAPAD SLIM 3 14IRU8 INTEL CORE I3-1315U 8GB 512GB SSD 14"" FHD TN LAPTOP WINDOWS 11 HOME OFFICE HOME 2024",Lenovo,,I3-1315U,8,512,,,9769000,,new,Infonet Official Store,5.0,,False,,Jakarta Utara,2026-08-28T01:38:41.569468,False,
tokopedia,103063388050,https://www.tokopedia.com/theideaco/lenovo-ideapad-slim-5-83hx00ckid-ryzen-ai-5-330-16gb-512gb-ssd-oled-w11h-m365b-oh-2024-premium-adp-1734438446134625376?extParam=ivf%3Dfalse%26keyword%3Dlaptop+lenovo%26src%3Dsearch,Lenovo IdeaPad Slim 5 83HX00CKID Ryzen AI 5 330 16GB 512GB SSD OLED W11H M365B OH 2024 Premium ADP Laptop,Lenovo,,RYZEN AI 5 330,16,512,,,18299000,,new,THEIDEACO,5.0,,False,,Jakarta Pusat,2026-08-28T01:38:41.569728,False,
tokopedia,102988485260,https://www.tokopedia.com/lenovo-store-by-infonet/lenovo-ideapad-slim-3-14iru8-core-i3-gen-13-1315u-8gb-512gb-ssd-14-fhd-tn-w11h-oh24-m365-pelajar-mahasiswa-pekerja-kantoran-laptop-ringan-awet-stabil-untuk-daily-use-1734310300670330829?extParam=ivf%3Dfalse%26keyword%3Dlaptop+lenovo%26src%3Dsearch,"Lenovo IdeaPad Slim 3 14IRU8 | Core i3 Gen 13  1315U 8GB 512GB SSD 14"" FHD TN W11H OH24+M365 | Pelajar, mahasiswa, pekerja kantoran, laptop ringan, awet,stabil untuk daily use",Lenovo,,,8,512,,,9778822,,new,Lenovo Store by Infonet,5.0,,False,,Jakarta Pusat,2026-08-28T01:38:41.570204,False,
tokopedia,102490451955,https://www.tokopedia.com/royalltech/laptop-lenovo-v14-g4-ryzen-5-7520-ryzen-3-7320-16gb-512gb-w11-ohs-14-0fhd-ips-2y-garansi-resmi-1733008892677424631?extParam=ivf%3Dfalse%26keyword%3Dlaptop+lenovo%26src%3Dsearch,[BEBAS ONGKIR] LAPTOP LENOVO V14 G4 AMD RYZEN 5 7520 16GB 512GB SSD W11+OHS 14.0FHD IPS 2Y - GARANSI RESMI,Lenovo,,RYZEN 5 7520,16,512,,,11199000,,new,royalltech,5.0,,False,,Jakarta Utara,2026-08-28T01:38:41.571620,False,
tokopedia,102492065105,https://www.tokopedia.com/infonet-margonda-depok/lenovo-ideapad-slim-3-14irh10-i5-13420h-8gb-512gb-ssd-14-fhd-ips-windows-11-laptop-original-garansi-resmi-2-tahun-1733013113665783723?extParam=ivf%3Dfalse%26keyword%3Dlaptop+lenovo%26src%3Dsearch,"Lenovo Ideapad Slim 3 14IRH10 I5 13420H 8GB 512GB SSD 14"" FHD IPS Windows 11 Laptop Original Garansi Resmi 2 Tahun",Lenovo,,I5 13420H,8,512,,,11499000,,new,INFONET MARGONDA DEPOK,5.0,,False,,Depok,2026-08-28T01:38:41.572457,False,
tokopedia,102944660321,https://www.tokopedia.com/intelgamingid/laptop-lenovo-yoga-slim-7-aura-edition-14-ultra-5-226v-16gb-512gb-w11-ohs-m365b-14-0wuxga-oled-1734226873032869184?extParam=ivf%3Dfalse%26keyword%3Dlaptop+lenovo%26src%3Dsearch,LAPTOP LENOVO YOGA SLIM 7 AURA EDITION 14 ULTRA 5 226V 16GB 512GB W11+OHS+M365B 14.0WUXGA OLED,Lenovo,,,16,,,,19678999,,new,Intel Gaming ID,5.0,,False,,Jakarta Utara,2026-08-28T01:38:41.573783,False,
tokopedia,102303997611,https://www.tokopedia.com/alienwarestore/lenovo-yoga-7-2in1-14-touch-ultra-7-155h-16gb-1tb-w11-14-fhd-ips-1732593019259290968?extParam=ivf%3Dfalse%26keyword%3Dlaptop+lenovo%26src%3Dsearch%26whid%3D20926381,"LAPTOP LENOVO YOGA SLIM 7I AURA EDITION 14 INTEL ULTRA 7 355 16GB 512GB W11+OHS+M365B 14"" WUXGA OLED 3Y PREM+3ADP",Lenovo,,,16,,,,24859000,,new,ALIENWARE GAMING STORE,5.0,,False,,Bogor,2026-08-28T01:38:41.574175,False,
tokopedia,103481277109,https://www.tokopedia.com/lenovo-store-by-infonet/lenovo-loq-essential-15arp10e-83s0001aid-ryzen-7-7735hs-16gb-ddr5-512gb-ssd-rtx-3050-6gb-15-6-fhd-ips-144hz-100-srgb-win11-office-2024-laptop-gaming-teknik-desain-creator-multitasking-berat-2y-adp-premium-care-1736059809393051597-1736059928424908749?extParam=ivf%3Dtrue%26keyword%3Dlaptop+lenovo%26src%3Dsearch,"Lenovo LOQ Essential 15ARP10E 83S0001AID – Ryzen 7 7735HS | 16GB DDR5 | 512GB SSD | RTX 3050 6GB | 15.6” FHD IPS 144Hz 100% sRGB | Win11 + Office 2024 | Laptop gaming, teknik, desain, creator & multitasking berat | 2Y ADP + Premium Care",Lenovo,,RYZEN 7 7735HS,16,512,RTX 3050,,16299000,,new,Lenovo Store by Infonet,5.0,,False,,Jakarta Pusat,2026-08-28T01:38:41.574614,False,
tokopedia,103239004730,https://www.tokopedia.com/infonetmanggadua/lenovo-loq-15irx10-i5-13450hx-32gb-16gb-512gb-ssd-rtx5050-8gb-gddr7-15-6-fhd-ips-144hz-w11h-oh2024-luna-grey-bag-83je00qcid-laptop-gaming-loq15-1731239541001258520-1735082407564183064?extParam=ivf%3Dtrue%26keyword%3Dlaptop+lenovo%26src%3Dsearch,"Lenovo LOQ Essential 15IRX11 83SC003KID – i5 13450HX | 16GB | 512GB SSD | RTX 5050 8GB | 15.6” FHD IPS 144Hz | Win11 OH24 + M365 | Luna Grey | Laptop gaming RTX 50 series, esports, creator, editing, rendering, multitasking berat",Lenovo,,I5 13450HX,,512,RTX 5050,,19878821,,new,Infonet Mangga Dua,5.0,,False,,Jakarta Pusat,2026-08-28T01:38:41.575077,False,
tokopedia,100789373670,https://www.tokopedia.com/alienwareofficial/lenovo-ideapad-slim-3-14-i7-13620h-i5-13420h-12450h-16gb-512gb-ssd-w11-ohs-m365b-14-0wuxga-ips-laptop-ultrabook-notebook-cocok-untuk-kerja-sekolah-admin-office-streaming-netflix-1731967883331142931?extParam=ivf%3Dfalse%26keyword%3Dlaptop+lenovo%26src%3Dsearch,LENOVO IDEAPAD SLIM 3 14 I7 13620H I5 13420H 12450H 16GB 512GB SSD W11+OHS+M365B 14.0WUXGA IPS - LAPTOP ULTRABOOK NOTEBOOK COCOK UNTUK KERJA SEKOLAH ADMIN OFFICE STREAMING NETFLIX,Lenovo,,I7 13620H,16,512,,,11099000,,new,AI Official Store,5.0,,False,,Jakarta Utara,2026-08-28T01:38:41.575405,False,
tokopedia,12884635794,https://www.tokopedia.com/kingznotebook/laptop-lenovo-yoga-7-2in1-14iml9-intel-ultra-7-155h-16gb-1tb-ssd-w11-non-bundling-16-1tb-2be2e?extParam=ivf%3Dfalse%26keyword%3Dlaptop+lenovo%26src%3Dsearch,Laptop Lenovo Yoga 7 2in1 14IML9 intel Ultra 7 155H 16GB 1TB SSD W11,Lenovo,Yoga 7,,16,1024,,,22939000,,new,Kingz Notebook,5.0,,False,,Jakarta Pusat,2026-08-28T01:38:41.575634,False,
tokopedia,102697109669,https://www.tokopedia.com/distri-laptop/laptop-lenovo-ideapad-slim-3i-intel-n100-ram-8gb-512gb-ohs-w11-1733617961328215565?extParam=ivf%3Dfalse%26keyword%3Dlaptop+lenovo%26src%3Dsearch,"Pick up Toko / Kurir Kustom- Laptop Lenovo V14 Gen 4 AMD Ryzen 5 7520U RAM 16GB 512GB SSD 14"" FHD",Lenovo,,RYZEN 5 7520U,16,512,,,10764990,,new,Distri Laptop,5.0,,False,,Jakarta Pusat,2026-08-28T01:38:41.576516,False,
tokopedia,102490970070,https://www.tokopedia.com/agres-id-electronics/lenovo-loq-15-i5-13450hx-rtx3050-6gb-16gb-512gb-w11-ohs-m365b-15-6fhd-144hz-100srgb-4zrgb-2y-prem-2adp-laptop-garansi-resmi-1733010859096508312?extParam=ivf%3Dfalse%26keyword%3Dlaptop+lenovo%26src%3Dsearch,LENOVO LOQ 15 I5 13450HX RTX3050 6GB/ 16GB 512GB W11+OHS+M365B 15.6FHD 144HZ 100SRGB 4ZRGB 2Y PREM+2ADP LAPTOP GARANSI RESMI,Lenovo,Loq 15,I5 13450HX,16,,RTX3050,,19704000,,new,Agres ID Electronics,5.0,,False,,Depok,2026-08-28T01:38:41.576879,False,
tokopedia,102635394199,https://www.tokopedia.com/gamingdistributorid/lenovo-ideapad-5-2in1-16-touch-intel-ultra-7-255u-32gb-1tb-w11-16-full-hd-ips-1733411693101090414?extParam=ivf%3Dtrue%26keyword%3Dlaptop+lenovo%26src%3Dsearch,"Laptop Lenovo Ideapad 5 2IN1 16 TOUCH INTEL ULTRA 7 255U 32GB 1TB SSD W11 16"" FULL HD IPS",Lenovo,Ideapad 5,,32,1024,,,16809000,,new,GAMING DISTRIBUTOR ID,5.0,,False,,Jakarta Barat,2026-08-28T01:38:41.577178,False,
tokopedia,103630726184,https://www.tokopedia.com/gateway/laptop-acer-aspire-14-core-i5-120u-16gb-512gb-w11-ohs-14-inch-wuxga-ips-51m-52v6-1730330653563454901-1736703424583140789?extParam=ivf%3Dfalse%26keyword%3Dlaptop+lenovo%26src%3Dsearch,"LENOVO LEGION 5 16 RTX5060 CORE ULTRA 9 275HX 64GB 2TB W11 16"" QHD 240Hz LAPTOP GAMING",Lenovo,Legion 5,CORE ULTRA 9 275HX,64,,RTX5060,,29919000,,new,Gateway Indonesia Comp,5.0,,False,,Jakarta Utara,2026-08-28T01:38:41.577401,False,
tokopedia,102978786572,https://www.tokopedia.com/wei-1/laptop-lenovo-v14-g5-i3-1315u-8gb-512gb-ssd-14-fhd-ips-win11-ohs-1734299840407176667?extParam=ivf%3Dfalse%26keyword%3Dlaptop+lenovo%26src%3Dsearch,"Laptop Lenovo V14 G5 i3-1315U 8GB 512GB SSD 14""FHD IPS Win11 OHS",Lenovo,,I3-1315U,8,512,,14.0,10799000,,new,We Itech,5.0,,False,,Jakarta Barat,2026-08-28T01:38:41.577588,False,
tokopedia,103567677209,https://www.tokopedia.com/collinsofficial/laptop-lenovo-yoga-pro-7-aura-edition-15-ultra-9-386h-rtx5060-8gb-ram-32gb-1tb-oled-165hz-pen-windows-11-ohs-1736461015942661319-1736461041195844807?extParam=ivf%3Dfalse%26keyword%3Dlaptop+lenovo%26src%3Dsearch,LAPTOP LENOVO YOGA PRO 7 AURA EDITION 15 ULTRA 9 386H RTX5060 8GB RAM 32GB 1TB  OLED 165HZ PEN Windows 11 OHS,Lenovo,,,32,,RTX5060,,50209000,,new,Collins Official,5.0,,False,,Jakarta Utara,2026-08-28T01:38:41.577842,False,
tokopedia,102933127761,https://www.tokopedia.com/royalltech/laptop-lenovo-v14-amd-ryzen-5-7520-7430-ram-24gb-ssd-1tb-windows-11-ohs-layar-14-fhd-laptop-ultrabook-notebook-1734198895180416503?extParam=ivf%3Dfalse%26keyword%3Dlaptop+lenovo%26src%3Dsearch,Laptop LENOVO V14 AMD RYZEN 5 7520 RAM 24GB SSD 1TB Windows 11 + OHS Layar 14”FHD - LAPTOP ULTRABOOK NOTEBOOK,Lenovo,,RYZEN 5 7520,24,1024,,14.0,11199000,,new,royalltech,5.0,,False,,Jakarta Utara,2026-08-28T01:38:41.578041,False,
tokopedia,15849495777,https://www.tokopedia.com/king-laptop/laptop-lenovo-promo-o2o-khusus-offline?extParam=ivf%3Dfalse%26keyword%3Dlaptop+lenovo%26src%3Dsearch,LAPTOP LENOVO - PROMO O2O (KHUSUS OFFLINE),Lenovo,,,,,,,18350000,,new,KING Laptop,5.0,,False,,Jakarta Pusat,2026-08-28T01:38:41.578209,False,
tokopedia,102119677772,https://www.tokopedia.com/gameridsurabaya/laptop-lenovo-legion-pro-5i-16-intel-core-i9-14900hx-geforce-rtx-5060-8gb-ram-32-gb-ssd-1-tb-windows-11-office-home-student-16-wqxga-240-hz-100-dcip3-1732249590117992403?extParam=ivf%3Dfalse%26keyword%3Dlaptop+lenovo%26src%3Dsearch,"Laptop Lenovo Legion Pro 5I 16 Intel COre i9 14900HX GeForce RTX 5060 8GB RAM 32 GB SSD 1 TB Windows 11 + Office Home Student 16"" WQXGA 240 HZ 100 DCIP3",Lenovo,,I9 14900HX,32,1024,RTX 5060,,32969000,,new,Gamer ID Surabaya,5.0,,False,,Surabaya,2026-08-28T01:38:41.578719,False,
tokopedia,102759254937,https://www.tokopedia.com/it-galeri-ratu-plaza/laptop-hp-omnibook-x-flip-14-fk0888au-amd-ryzen-ai-7-350-32gb-1tb-touch-14-0-oled-win11-ohs2024-m365-silver-1733786167072360130?extParam=ivf%3Dfalse%26keyword%3Dlaptop+hp%26src%3Dsearch,Laptop HP OmniBook X FLIP 14-FK0888AU - AMD RYZEN AI 7-350/32GB/1TB/TOUCH 14.0 OLED/WIN11+OHS2024+M365/SILVER,Hp,FK0888AU,,,,,,24199000,,new,IT Galeri Ratu Plaza_NEW,5.0,,False,,Jakarta Pusat,2026-08-28T01:39:58.279160,False,
tokopedia,102796233811,https://www.tokopedia.com/alienwarestore/laptop-hp-245-g10-ryzen-3-7320-8gb-256ssd-vega7-w11-14-0-blk-1733880316300723544?extParam=ivf%3Dfalse%26keyword%3Dlaptop+hp%26src%3Dsearch,LAPTOP HP 245 G10 Ryzen 3 7320 8GB 256ssd Vega7 W11 14.0 BLK,Hp,,RYZEN 3 7320,,,,,10999000,,new,ALIENWARE GAMING STORE,5.0,,False,,Jakarta Utara,2026-08-28T01:39:58.279356,False,
tokopedia,102939474452,https://www.tokopedia.com/royalltech/laptop-hp-14-intel-core-i5-120u-16gb-512gb-w11-ohs-m365b-14-0-fhd-win11-ohs-garansi-2-tahun-laptop-ultrabook-notebook-cocok-untuk-kerja-sekolah-admin-office-work-streaming-netflix-1734213548644730359?extParam=ivf%3Dfalse%26keyword%3Dlaptop+hp%26src%3Dsearch,[PROMO CO] Laptop HP 14 INTEL CORE I5 120U 16GB 512GB W11+OHS+M365B 14.0 FHD Win11 + OHS Garansi 2 Tahun -LAPTOP ULTRABOOK NOTEBOOK COCOK UNTUK KERJA SEKOLAH ADMIN OFFICE WORK STREAMING NETFLIX,Hp,,,16,,,,10678380,,new,royalltech,5.0,,False,,Jakarta Utara,2026-08-28T01:39:58.280666,False,
tokopedia,102960256811,https://www.tokopedia.com/onestopgaming/laptop-hp-14-ep0261tu-intel-core-i3-1315u-ram-8gb-ssd-512gb-14-fhd-windows-11-ohs-silver-gold-ep0260tu-1734259150773519618?extParam=ivf%3Dfalse%26keyword%3Dlaptop+hp%26src%3Dsearch,"Laptop HP 14 ep0261TU Intel Core i3-1315U RAM 8GB SSD 512GB 14"" FHD Windows 11 + OHS Silver Gold ep0260TU",Hp,EP0261TU,I3-1315U,8,512,,,9814500,,new,Onestop Gaming,5.0,,False,,Jakarta Pusat,2026-08-28T01:39:58.280849,False,
tokopedia,103405681504,https://www.tokopedia.com/zxcomputer/laptop-hp-245-g8-amd-athlon-3050-4gb-256gb-ssd-14-0-windows-11-1735711071060133308?extParam=ivf%3Dfalse%26keyword%3Dlaptop+hp%26src%3Dsearch,"LAPTOP HP 14 EM0730AU AMD Ryzen 7-7730U 16GB DDR4 512GB SSD 14.0"" Full HD Windows 11",Hp,EM0730AU,,16,512,,,13999000,,new,ZX COMPUTER,5.0,,False,,Jakarta Pusat,2026-08-28T01:39:58.281082,False,
tokopedia,102887905301,https://www.tokopedia.com/myhartono/hp-laptop-pavilion-aero-omnibook-7-13-bg1777au-amd-ryzen-ai-7-radeon-860m-16gb-ram-512gb-ssd-silver-aero-bm7r2pa-ar6-1734092722976687469?extParam=ivf%3Dfalse%26keyword%3Dlaptop+hp%26src%3Dsearch%26whid%3D18738129,HP Laptop Pavilion Aero OmniBook 7 13-BG1777AU AMD Ryzen AI 7 Radeon 860M 16GB RAM 512GB SSD Silver AERO_BM7R2PA#AR6,Hp,BG1777AU,,512,512,RADEON 860M,,19529000,,new,MyHartono,5.0,,False,,Bandung,2026-08-28T01:39:58.281333,False,
tokopedia,103076474028,https://www.tokopedia.com/royalltech/laptop-hp-victus-15-amd-ryzen-7-260-rtx5050-8gb-24gb-512gb-w11-ohs-m365b-15-6fhd-ips-fb3232ax-fb3151ax-1734485809130800631?extParam=ivf%3Dfalse%26keyword%3Dlaptop+hp%26src%3Dsearch,LAPTOP HP VICTUS 15 AMD RYZEN 7 260 RTX5050 8GB/ 24GB 512GB W11+OHS+M365B 15.6FHD IPS -FB3232AX FB3151AX,Hp,FB3232AX,RYZEN 7 260,24,,RTX5050,,29999000,,new,royalltech,5.0,,False,,Jakarta Utara,2026-08-28T01:39:58.281606,False,
tokopedia,100282626755,https://www.tokopedia.com/gamingdistributorid/laptop-hp-14-i3-1315-16gb-512gb-w11-ohs-14-0fhd-1731304420212770414?extParam=ivf%3Dfalse%26keyword%3Dlaptop+hp%26src%3Dsearch,Laptop HP 14 I3 1315 16GB 1TB SSD W11+OHS+M365B 14.0FHD BLIT COPILOT,Hp,,I3 1315,16,1024,,,9599000,,new,GAMING DISTRIBUTOR ID,5.0,,False,,Jakarta Barat,2026-08-28T01:39:58.281781,False,
tokopedia,102654729975,https://www.tokopedia.com/rogsstoreid/hp-14-laptop-core-ultra-5-125h-24gb-512gb-ssd-w11-ohs-m365-14-inch-fhd-ips-ep1187tu-ep1188tu-1733459589497062732?extParam=ivf%3Dfalse%26keyword%3Dlaptop+hp%26src%3Dsearch,HP 14 LAPTOP CORE ULTRA 5 125H 24GB 512GB SSD W11+OHS+M365 14 INCH FHD IPS -EP1187TU/EP1188TU,Hp,EP1187TU,CORE ULTRA 5 125H,24,512,,14.0,12059000,,new,ROGS STORE,5.0,,False,,Jakarta Utara,2026-08-28T01:39:58.281967,False,
tokopedia,103378093631,https://www.tokopedia.com/zxcomputer/hp-15-fd1111tu-fd1222tu-intel-core-ultra-5-125h-16gb-512gb-ssd-15-6-fhd-ips-windows-11-ohs-1735563942914524604?extParam=ivf%3Dfalse%26keyword%3Dlaptop+hp%26src%3Dsearch,"LAPTOP HP 15 FA0031TX Intel Core i5-1334U 8GB DDR4 512GB SSD NVIDIA MX570A 2GB 15.6"" Full HD IPS Windows 11",Hp,FA0031TX,I5-1334U,8,512,,,13699000,,new,ZX COMPUTER,5.0,,False,,Jakarta Pusat,2026-08-28T01:39:58.282140,False,
tokopedia,103097891852,https://www.tokopedia.com/itgaleri/hp-14-em0530au-em0531au-laptop-amd-ryzen-5-7530u-2x8gb-512gb-14-0-fhd-win11-ohs2024-m365-silver-gold-1732998484638991530?extParam=ivf%3Dfalse%26keyword%3Dlaptop+hp%26src%3Dsearch,HP 14 em0530AU em0531AU Laptop - AMD Ryzen 5-7530U/2X4GB/512GB/14.0 FHD/WIN11+OHS2024+M365/SILVER/GOLD,Hp,EM0530AU,,,,,,9899000,,new,IT Galeri,5.0,,False,,Tangerang Selatan,2026-08-28T01:39:58.282408,False,
tokopedia,102720390266,https://www.tokopedia.com/gateway/hp-victus-15-laptop-core-i5-13420h-rtx3050-32gb-1tb-ssd-w11-ohs-15-6-inch-fhd-144hz-fa2716tx-1733682441506031029?extParam=ivf%3Dfalse%26keyword%3Dlaptop+hp%26src%3Dsearch,HP VICTUS 15 LAPTOP CORE I5 13420H RTX3050 32GB 1TB SSD W11+OHS 15.6 INCH FHD 144HZ -FA2716TX FA2666TX,Hp,FA2716TX,I5 13420H,32,1024,RTX3050,15.6,16269000,,new,Gateway Indonesia Comp,5.0,,False,,Jakarta Utara,2026-08-28T01:39:58.282860,False,
tokopedia,102204627540,https://www.tokopedia.com/intelstore-id/laptop-hp-14-ep1733tu-core-5-120u-8gb-512gb-ssd-14-fhd-w11-ohs-1732398494854055338?extParam=ivf%3Dfalse%26keyword%3Dlaptop+hp%26src%3Dsearch,"LAPTOP HP 14 EP1733TU - CORE 5 120U 8GB / 16GB 512GB SSD 14""FHD W11 + OHS",Hp,EP1733TU,CORE 5 120U,16,512,,14.0,10459000,,new,INTEL STORE ID,5.0,,False,,Jakarta Utara,2026-08-28T01:39:58.283069,False,
tokopedia,102773685692,https://www.tokopedia.com/rogsstoreid/hp-victus-15-laptop-rtx3050-core-i5-13420h-32gb-1tb-ssd-w11-ohs-15-6-inch-fhd-144hz-fa2716tx-1733822000587638092?extParam=ivf%3Dfalse%26keyword%3Dlaptop+hp%26src%3Dsearch,HP VICTUS 15 LAPTOP RTX3050 CORE I5 13420H 32GB 1TB SSD W11+OHS 15.6 INCH FHD 144HZ -FA2716TX FA2666TX,Hp,FA2716TX,I5 13420H,32,1024,RTX3050,15.6,16279000,,new,ROGS STORE,5.0,,False,,Jakarta Utara,2026-08-28T01:39:58.283275,False,
tokopedia,102198160832,https://www.tokopedia.com/jagonotebook/hp-laptop-14-core-5-120u-16gb-1tbssd-14-fhd-ips-w11-ohs-1732383073976878824?extParam=ivf%3Dfalse%26keyword%3Dlaptop+hp%26src%3Dsearch,"HP Laptop 14 Core 5 -120U 16GB 1TBSSD 14"" FHD IPS W11 OHS",Hp,,,16,1024,,,10679000,,new,JAGO Notebook,5.0,,False,,Kab. Tangerang,2026-08-28T01:39:58.283470,False,
tokopedia,102168156866,https://www.tokopedia.com/gameridsurabaya/laptop-hp-14-amd-ryzen-3-7320-ram-8-gb-ssd-512-gb-windows-11-office-home-student-14-full-hd-1732321662420092883?extParam=ivf%3Dfalse%26keyword%3Dlaptop+hp%26src%3Dsearch,"Laptop HP 14 AMD Ryzen 3 7320 RAM 8 GB SSD 512 Gb Windows 11 + Office Home Student 14"" Full HD",Hp,,RYZEN 3 7320,8,512,,,9189000,,new,Gamer ID Surabaya,5.0,,False,,Surabaya,2026-08-28T01:39:58.283646,False,
tokopedia,100382577584,https://www.tokopedia.com/agresidtangerang/motorola-fogo-5g-8gb-256gb-garansi-resmi-indonesia-1731396689693082651?extParam=ivf%3Dfalse%26keyword%3Dlaptop+hp%26src%3Dsearch,HP Laptop TKDN 240R G9 GZPC Core 5 120U 8GB 512GB 14 FHD Windows 11 Home,Hp,,CORE 5 120U,8,,,,10359000,,new,Agres ID Tangerang,5.0,,False,,Tangerang,2026-08-28T01:39:58.283830,False,
tokopedia,103458388328,https://www.tokopedia.com/distri-laptop/laptop-hp-14s-dq2614tu-i3-1115g4-ram-4gb-512gb-ssd-14-fhd-ohs-w11-1735946672798795277?extParam=ivf%3Dtrue%26keyword%3Dlaptop+hp%26src%3Dsearch,"HP Laptop 14 em0320AU / em0321AU AMD Ryzen 3 [Pick up Toko / Kurir Custom] RAM 8GB 512GB 14"" FHD OHS Windows",Hp,EM0320AU,,8,,,,9655950,,new,Distri Laptop,5.0,,False,,Jakarta Pusat,2026-08-28T01:39:58.284078,False,
tokopedia,103328623497,https://www.tokopedia.com/agresidtangerang/laptop-hp-14-ep0321tu-intel-i3-1315u-4gb-8gb-512gb-w11-ohs-14-0fhd-blit-copilot-1080p-cam-2y-silver-1735382344440972315-1735382403317793819?extParam=ivf%3Dfalse%26keyword%3Dlaptop+hp%26src%3Dsearch,Laptop HP 14 EP0321TU INTEL I3 1315U 4GB / 8GB 512GB W11+OHS 14.0FHD BLIT COPILOT 1080P CAM 2Y Silver,Hp,EP0321TU,I3 1315U,8,,,,8769000,,new,Agres ID Tangerang,5.0,,False,,Tangerang,2026-08-28T01:39:58.284306,False,
tokopedia,102317532312,https://www.tokopedia.com/herlinacom/laptop-hp-14-intel-core-5-120u-ram-16gb-ssd-512gb-windows-11-ohs-14-0-fhd-ips-garansi-resmi-1732628356829316494?extParam=ivf%3Dtrue%26keyword%3Dlaptop+hp%26src%3Dsearch,Laptop HP 14 Intel Core i5 120U Ram 16Gb Ssd 512Gb Windows 11 + OHS 14.0 FHD IPS GARANSI RESMI,Hp,,,16,512,,,10679000,,new,Herlinacom,5.0,,False,,Depok,2026-08-28T01:39:58.285663,False,
tokopedia,100519120730,https://www.tokopedia.com/distri-laptop/hp-laptop-14-amd-ryzen-3-ram-8gb-512gb-14-fhd-ohs-windows-em0320au-em0321au-1731472272878306829?extParam=ivf%3Dtrue%26keyword%3Dlaptop+hp%26src%3Dsearch,"HP Laptop 14 AMD Ryzen 3 RAM 8GB 512GB 14"" FHD OHS Windows em0320AU / em0321AU Best Price",Hp,EM0320AU,,8,,,,9248950,,new,Distri Laptop,5.0,,False,,Jakarta Pusat,2026-08-28T01:39:58.286481,False,
tokopedia,103578990355,https://www.tokopedia.com/intelgamingid/laptop-hp-victus-15-i5-13420h-rtx3050-6gb-16gb-512gb-w11-ohs-15-6fhd-144hz-blit-1731185337709200704-1736508338003150144?extParam=ivf%3Dfalse%26keyword%3Dlaptop+hp%26src%3Dsearch,LAPTOP HP VICTUS 15 I5 13420H RTX3050 6GB/ 16GB 512GB W11+OHS 15.6FHD 144HZ BLIT,Hp,Victus 15,I5 13420H,16,,RTX3050,,24999000,,new,Intel Gaming ID,5.0,,False,,Jakarta Utara,2026-08-28T01:39:58.287570,False,
tokopedia,12544673103,https://www.tokopedia.com/rogonline/laptop-hp-14-core-i3-gen-13-32gb-1tb-ssd-w-11-ohs-14-0-ep0261tu-cool-silver-thin-light-1729844436223296743?extParam=ivf%3Dfalse%26keyword%3Dlaptop+hp%26src%3Dsearch,Laptop HP 14 Core I3 Gen 13 32GB 1TB SSD W 11 + OHS 14.0 EP0261TU Cool Silver Thin & Light,Hp,EP0261TU,,32,1024,,,9609000,,new,ROGZ Online,5.0,,False,,Jakarta Pusat,2026-08-28T01:39:58.287891,False,
tokopedia,103244304946,https://www.tokopedia.com/semarcomputama/laptop-second-dell-latitude-5300-i5-gen-8-ram-8gb-ssd-256gb-13-touchscreen-siap-pakai-1735101843665290265?extParam=ivf%3Dfalse%26keyword%3Dlaptop+dell%26search_id%3D202608280140107750C9BA8365FE15BL7K%26src%3Dsearch,Laptop Second Dell Latitude 5300 i5 Gen 8 RAM 8GB SSD 256GB 13” Touchscreen Siap Pakai,Dell,Latitude 5300,,8,256,,,3500000,,used,SEMAR COMPUTAMA STORE,5.0,,False,,Kab. Sidoarjo,2026-08-28T01:40:20.045169,False,
tokopedia,103745664413,https://www.tokopedia.com/gateway/dell-xps-13-9350-oled-touch-core-ultra-7-256v-32gb-1tb-ssd-w11-13-4-2-8k-1731397080926029237-1737052400027862453?extParam=ivf%3Dfalse%26keyword%3Dlaptop+dell%26search_id%3D202608280140107750C9BA8365FE15BL7K%26src%3Dsearch,"DELL ALIENWARE 16 AURORA CORE I7 240H RTX5050 8GB/ 16GB 512GB W11 16"" LAPTOP GAMING",Dell,Alienware 16,,16,,RTX5050,,22419000,,new,Gateway Indonesia Comp,5.0,,False,,Jakarta Utara,2026-08-28T01:40:20.047461,False,
tokopedia,15608656875,https://www.tokopedia.com/dell-technologies/laptop-dell-latitude-3450-core-i7-1355u-16gb-512gb-nvidia-mx570a-2gb-windows-11-pro-3-years-warranty-dell-official-1730440952089052266?extParam=ivf%3Dfalse%26keyword%3Dlaptop+dell%26search_id%3D202608280140107750C9BA8365FE15BL7K%26src%3Dsearch,Laptop Dell Latitude 3450 [Core i7-1355U-16GB-512GB-Nvidia MX570A 2GB-Windows 11 Pro-3 Years Warranty] DELL OFFICIAL,Dell,MX570A,I7-1355U,,,,,26500000,,new,Dell Technologies,5.0,,False,,Jakarta Pusat,2026-08-28T01:40:20.047714,False,
tokopedia,6796641430,https://www.tokopedia.com/technosify/dell-inspiron-3511-laptop-i5-1-tb-512-gb-4-win-ohs-vga?extParam=ivf%3Dfalse%26keyword%3Dlaptop+dell%26search_id%3D202608280140107750C9BA8365FE15BL7K%26src%3Dsearch,Dell Inspiron 3511 Laptop - i5 - 1 TB + 512 GB - 4 - Win - OHS - VGA,Dell,Inspiron 3511,,,,,,13537655,,new,technosify,5.0,,False,,Surabaya,2026-08-28T01:40:20.048235,False,
tokopedia,16174803246,https://www.tokopedia.com/technosify/dell-inspiron-7440-2in1-touch-laptop-core-7-150u-1tb-ssd-16gb-ddr5-14-fhd-touch-wva-windows-11-office-2021-ice-blue-2-years-pro-support-1730832021321188536?extParam=ivf%3Dfalse%26keyword%3Dlaptop+dell%26search_id%3D202608280140107750C9BA8365FE15BL7K%26src%3Dsearch,"Dell Inspiron 7440 2in1 Touch Laptop - Core 7 150U - 1TB SSD - 16GB DDR5 - 14"" FHD+ Touch WVA - Windows 11 + Office 2021 - Ice Blue - 2 Years Pro Support",Dell,Inspiron 7440,CORE 7 150U,16,1024,,,24772055,,new,technosify,5.0,,False,,Surabaya,2026-08-28T01:40:20.048443,False,
tokopedia,16027528173,https://www.tokopedia.com/technosify/laptop-notebook-dell-inspiron-3511-i5-1-tb-8-win-ohs-1730769068355912888?extParam=ivf%3Dfalse%26keyword%3Dlaptop+dell%26search_id%3D202608280140107750C9BA8365FE15BL7K%26src%3Dsearch,Laptop Notebook Dell Inspiron 3511 - i5 - 1 TB - 8 - Win - OHS,Dell,Inspiron 3511,,,,,,9544595,,new,technosify,5.0,,False,,Surabaya,2026-08-28T01:40:20.049053,False,
tokopedia,102895548652,https://www.tokopedia.com/dell-technologies/dell-pro-14-laptop-pc14250-ultra-5-225u-vpro-16gb-512gb-uma-windows-11-pro-3-years-warranty-dell-official-1734106859808261226?extParam=ivf%3Dfalse%26keyword%3Dlaptop+dell%26search_id%3D202608280140107750C9BA8365FE15BL7K%26src%3Dsearch,Dell Pro 14 Laptop PC14250 [Ultra 5 225U vPro-16GB-512GB-UMA-Windows 11 Pro-3 Years Warranty] DELL OFFICIAL,Dell,PC14250,,,,,,31050000,,new,Dell Technologies,5.0,,False,,Jakarta Pusat,2026-08-28T01:40:20.049334,False,
tokopedia,103273444958,https://www.tokopedia.com/laptopcreatorid/laptop-dell-pro-15-essential-pv15255-amd-ryzen-3-7320-ram-8gb-ssd-512gb-15-6-fhd-w11-pro-garansi-resmi-dell-1735171918941553682-1735171920002843666?extParam=ivf%3Dfalse%26keyword%3Dlaptop+dell%26search_id%3D202608280140107750C9BA8365FE15BL7K%26src%3Dsearch,"LAPTOP DELL PRO 15 ESSENTIAL PV15255 AMD RYZEN 3 7320 RAM 8GB SSD 512GB 15.6"" FHD DOS - GARANSI RESMI DELL",Dell,PV15255,RYZEN 3 7320,8,512,,,8339000,,new,LAPTOP SHOP ID,5.0,,False,,Jakarta Utara,2026-08-28T01:40:20.049835,False,
tokopedia,103390696938,https://www.tokopedia.com/kingznotebook/laptop-dell-xps-13-9350-ultra-7-256v-16gb-1tb-ssd-w11-13-4-fhd-ips-1731374944999081644-1735641439095654060?extParam=ivf%3Dfalse%26keyword%3Dlaptop+dell%26search_id%3D202608280140107750C9BA8365FE15BL7K%26src%3Dsearch,"Laptop Dell XPS 13 9350 ULTRA 7 256V 16GB 1TB SSD W11 13.4"" FHD IPS",Dell,Xps 13,,16,1024,,,24709000,,new,Kingz Notebook,5.0,,False,,Jakarta Pusat,2026-08-28T01:40:20.050039,False,
tokopedia,102952673175,https://www.tokopedia.com/alienwareofficial/dell-pro-14-essential-pv14255-amd-ryzen-5-220-8gb-512gb-14-0-wuxga-dos-1734242409609266451?extParam=ivf%3Dfalse%26keyword%3Dlaptop+dell%26search_id%3D202608280140107750C9BA8365FE15BL7K%26src%3Dsearch,LAPTOP DELL PRO 14 ESSENTIAL PV14255 AMD RYZEN 5 220 8GB 512GB 14.0 WUXGA DOS,Dell,PV14255,RYZEN 5 220,8,,,,9559000,,new,AI Official Store,5.0,,False,,Jakarta Utara,2026-08-28T01:40:20.050815,False,
tokopedia,12576495856,https://www.tokopedia.com/technosify/laptop-dell-notebook-inspiron-13-5301-i3-256-gb-ssd-win-256-gb-b97fb?extParam=ivf%3Dfalse%26keyword%3Dlaptop+dell%26search_id%3D202608280140107750C9BA8365FE15BL7K%26src%3Dsearch,Laptop Dell Notebook Inspiron 13 5301 - i3 - 256 GB SSD - WIN,Dell,Inspiron 13,,,256,,,13172655,,new,technosify,5.0,,False,,Surabaya,2026-08-28T01:40:20.052485,False,
tokopedia,1992717695,https://www.tokopedia.com/technosify/laptop-dell-notebook-inspiron-15-5405-ryzen-7-512-gb-ssd-win?extParam=ivf%3Dfalse%26keyword%3Dlaptop+dell%26search_id%3D202608280140107750C9BA8365FE15BL7K%26src%3Dsearch,Laptop Dell Notebook Inspiron 15 5405 - Ryzen 7 - 512 GB SSD - WIN,Dell,Inspiron 15,,,512,,,13104118,,new,technosify,5.0,,False,,Surabaya,2026-08-28T01:40:20.053115,False,
tokopedia,103578579959,https://www.tokopedia.com/rogsstoreid/lenovo-thinkpad-x1-carbon-g13-aura-edition-touch-core-ultra-7-255u-16gb-1tb-w11pro-14-fhd-ips-1734610771837945164-1736506373423465804?extParam=ivf%3Dfalse%26keyword%3Dlaptop+dell%26search_id%3D202608280140107750C9BA8365FE15BL7K%26src%3Dsearch,DELL PLUS 14 2IN1 TOUCH INTEL CORE ULTRA 9 288V 32GB 1TB W11 14-INCH FHD LAPTOP,Dell,,INTEL CORE ULTRA 9 288V,32,,,,40999000,,new,ROGS STORE,5.0,,False,,Jakarta Utara,2026-08-28T01:40:20.053318,False,
tokopedia,9066781949,https://www.tokopedia.com/technosify/laptop-notebook-dell-latitude-15-3510-i3-1-tb-hdd-win-256gb-ssd-1tb?extParam=ivf%3Dfalse%26keyword%3Dlaptop+dell%26search_id%3D202608280140107750C9BA8365FE15BL7K%26src%3Dsearch,Laptop Notebook Dell Latitude 15 3510 - i3 - 1 TB HDD - Win,Dell,Latitude 15,,,1024,,,7616384,,new,technosify,5.0,,False,,Surabaya,2026-08-28T01:40:20.053505,False,
tokopedia,102979049522,https://www.tokopedia.com/dell-technologies/laptop-dell-latitude-3450-core-i7-1355u-8gb-512gb-uma-windows-11-home-3-years-warranty-dell-official-1734300274871796842?extParam=ivf%3Dfalse%26keyword%3Dlaptop+dell%26search_id%3D202608280140107750C9BA8365FE15BL7K%26src%3Dsearch,Laptop Dell Latitude 3450 [Core i7-1355U-8GB-512GB-UMA-Windows 11 Home-3 Years Warranty] DELL OFFICIAL,Dell,Latitude 3450,I7-1355U,,,,,20500000,,new,Dell Technologies,5.0,,False,,Jakarta Pusat,2026-08-28T01:40:20.053728,False,
tokopedia,103565499595,https://www.tokopedia.com/gateway/asus-vivobook-14-core-i5-120u-16gb-1tb-ssd-w11-14-inch-fhd-ips-x1404va-1734286913807418805-1736448485795202485?extParam=ivf%3Dfalse%26keyword%3Dlaptop+dell%26search_id%3D202608280140107750C9BA8365FE15BL7K%26src%3Dsearch,"DELL PRO 13 PLUS RYZEN 7 250 16GB 1TB W11PRO 13.3"" FHD LAPTOP",Dell,,RYZEN 7 250,16,,,,16269000,,new,Gateway Indonesia Comp,5.0,,False,,Jakarta Utara,2026-08-28T01:40:20.053919,False,
tokopedia,2027873603,https://www.tokopedia.com/technosify/laptop-dell-notebook-inspiron-15-5502-i5-512-8-gb-win-nvidia?extParam=ivf%3Dfalse%26keyword%3Dlaptop+dell%26search_id%3D202608280140107750C9BA8365FE15BL7K%26src%3Dsearch,Laptop Dell Notebook Inspiron 15 5502 - i5 - 512 - 8 GB - WIN - nVidia,Dell,Inspiron 15,,,,,,14368870,,new,technosify,5.0,,False,,Surabaya,2026-08-28T01:40:20.054144,False,
tokopedia,15733079586,https://www.tokopedia.com/dell-technologies/laptop-dell-inspiron-7440-2-in-1-core-ultra-7-150u-16gb-1tb-uma-windows-11-home-ohs-dell-official-1730439725013763178?extParam=ivf%3Dfalse%26keyword%3Dlaptop+dell%26search_id%3D202608280140107750C9BA8365FE15BL7K%26src%3Dsearch,Laptop Dell Inspiron 7440 2-in-1 [Core Ultra 7-150U-16GB-1TB-UMA-Windows 11 Home-OHS] DELL OFFICIAL,Dell,Inspiron 7440,CORE ULTRA 7-150U,,,,,24499000,,new,Dell Technologies,5.0,,False,,Jakarta Pusat,2026-08-28T01:40:20.054360,False,
tokopedia,1151682367,https://www.tokopedia.com/technosify/laptop-notebook-dell-gaming-g7-7588-i7-1tb-256gb-16-win-vga?extParam=ivf%3Dfalse%26keyword%3Dlaptop+dell%26search_id%3D202608280140107750C9BA8365FE15BL7K%26src%3Dsearch,Laptop Notebook Dell Gaming G7 7588 - i7 - 1TB+256Gb - 16 - Win - VGA,Dell,,,,,,,23419655,,new,technosify,5.0,,False,,Surabaya,2026-08-28T01:40:20.054603,False,
tokopedia,102917925724,https://www.tokopedia.com/technosify/dell-inspiron-3511-laptop-i5-1135g7-1tb-hdd-8gb-ddr4-intel-iris-xe-4gb-ddr4-nvidia-geforce-mx350-15-6-fhd-windows-10-sl-office-2019-1-year-warranty-1734153717458372007?extParam=ivf%3Dfalse%26keyword%3Dlaptop+dell%26search_id%3D202608280140107750C9BA8365FE15BL7K%26src%3Dsearch,"Dell Inspiron 3511 Laptop i5 1135G7 1TB HDD 8GB DDR4 Intel Iris Xe/4GB DDR4 nVidia GeForce MX350 15.6"" FHD Windows 10 SL + Office 2019 - 1 Year Warranty",Dell,MX350,,8,1024,,,9790042,,new,technosify,5.0,,False,,Surabaya,2026-08-28T01:40:20.054885,False,
tokopedia,9137679688,https://www.tokopedia.com/technosify/laptop-dell-notebook-inspiron-15-3501-i5-512-gb-ssd-vga-win-8gb-512gb-1tb-hdd?extParam=ivf%3Dfalse%26keyword%3Dlaptop+dell%26search_id%3D202608280140107750C9BA8365FE15BL7K%26src%3Dsearch,Laptop Dell Notebook Inspiron 15 3501 - i5 - 512 GB SSD - VGA - WIN,Dell,Inspiron 15,,,512,,,13777655,,new,technosify,5.0,,False,,Surabaya,2026-08-28T01:40:20.055104,False,
tokopedia,2219928000,https://www.tokopedia.com/technosify/notebook-laptop-dell-vostro-14-3405-ryzen-5-256-gb-4-win-ohs?extParam=ivf%3Dfalse%26keyword%3Dlaptop+dell%26search_id%3D202608280140107750C9BA8365FE15BL7K%26src%3Dsearch,Notebook Laptop Dell Vostro 14 3405 - Ryzen 5 - 256 Gb - 4 - Win - OHS,Dell,,,,,,,9920804,,new,technosify,5.0,,False,,Surabaya,2026-08-28T01:40:20.055899,False,
tokopedia,103744847065,https://www.tokopedia.com/gateway/dell-xps-13-9350-ultra-7-256v-16gb-1tb-w11-13-4fhd-1729892934330451381-1737050971086685621?extParam=ivf%3Dfalse%26keyword%3Dlaptop+dell%26search_id%3D202608280140107750C9BA8365FE15BL7K%26src%3Dsearch,DELL XPS 13 9350 CORE ULTRA 7 256V 16GB 1TB W11 13.4FHD IPS LAPTOP,Dell,Xps 13,CORE ULTRA 7 256V,16,,,,24749000,,new,Gateway Indonesia Comp,5.0,,False,,Jakarta Utara,2026-08-28T01:40:20.056093,False,
tokopedia,6796514067,https://www.tokopedia.com/technosify/laptop-notebook-dell-inspiron-3511-i5-1-tb-512-8-win-ohs?extParam=ivf%3Dfalse%26keyword%3Dlaptop+dell%26search_id%3D202608280140107750C9BA8365FE15BL7K%26src%3Dsearch,Laptop Notebook Dell Inspiron 3511 - i5 - 1 TB + 512 - 8 - Win - OHS,Dell,Inspiron 3511,,,,,,12302655,,new,technosify,5.0,,False,,Surabaya,2026-08-28T01:40:20.056320,False,
tokopedia,103578419520,https://www.tokopedia.com/rogsstoreid/lenovo-thinkbook-14-g7-ultra-5-125u-8gb-512gb-ssd-w11-ohs-14-0wuxga-ips-2y-1730840775098664268-1736505834493674828?extParam=ivf%3Dfalse%26keyword%3Dlaptop+dell%26search_id%3D202608280140107750C9BA8365FE15BL7K%26src%3Dsearch,DELL PRO 13 PLUS AMD RYZEN 7 250 16GB 1TB W11PRO 13.3-INCH FHD LAPTOP,Dell,,RYZEN 7 250,16,,,,30999000,,new,ROGS STORE,5.0,,False,,Jakarta Utara,2026-08-28T01:40:20.056573,False,
tokopedia,103097285698,https://www.tokopedia.com/gateway/dell-xps-13-9340-core-ultra-7-155h-16gb-1tb-ssd-w11-13-4-inch-fhd-ips-1730010253980435893-1734611467513529781?extParam=ivf%3Dfalse%26keyword%3Dlaptop+dell%26search_id%3D202608280140107750C9BA8365FE15BL7K%26src%3Dsearch,"DELL XPS 13 9350 CORE ULTRA 7 256V 16GB 1TB W11 13.4"" FHD IPS LAPTOP",Dell,Xps 13,CORE ULTRA 7 256V,16,,,,24749000,,new,Gateway Indonesia Comp,5.0,,False,,Jakarta Utara,2026-08-28T01:40:20.056773,False,
tokopedia,103398012881,https://www.tokopedia.com/dell-technologies/laptop-dell-inspiron-3530-core-i7-1355u-16gb-512gb-uma-windows-11-home-ohs-dell-official-1730257845881308266-1735678164774454378?extParam=ivf%3Dfalse%26keyword%3Dlaptop+dell%26search_id%3D202608280140107750C9BA8365FE15BL7K%26src%3Dsearch,Laptop Dell Inspiron 3530 [Core i7-1355U-16GB-512GB-UMA-Windows 11 Home-OHS] DELL OFFICIAL,Dell,Inspiron 3530,I7-1355U,,,,,16999000,,new,Dell Technologies,4.9,,False,,Jakarta Pusat,2026-08-28T01:40:20.056984,False,
tokopedia,9137232468,https://www.tokopedia.com/technosify/dell-inspiron-3515-laptop-amd-athlon-1-tb-4-windows-11-ohs-4gb-1tb-hdd?extParam=ivf%3Dfalse%26keyword%3Dlaptop+dell%26src%3Dsearch,"Dell Inspiron 3515 Laptop Notebook - AMD Athlon 1TB 4GB DDR4 UMA 15.6"" Screen Windowd 11 + Office",Dell,Inspiron 3515,ATHLON 1TB,4,,,,5537047,,new,technosify,4.8,,False,,Surabaya,2026-08-28T01:40:40.097063,False,
tokopedia,1992893652,https://www.tokopedia.com/technosify/laptop-dell-notebook-inspiron-15-5502-i5-512-gb-ssd-8-gb-win?extParam=ivf%3Dfalse%26keyword%3Dlaptop+dell%26src%3Dsearch,Laptop Dell Notebook Inspiron 15 5502 - i5 - 512 GB SSD - 8 GB - WIN,Dell,Inspiron 15,,,512,,,13672186,,new,technosify,4.8,,False,,Surabaya,2026-08-28T01:40:40.097308,False,
tokopedia,103514170171,https://www.tokopedia.com/semarcomputama/laptop-dell-latitude-3410-core-i5-gen-10-ram-8gb-ssd-256gb-nvme-fhd-14-murah-1736191157768651801?extParam=ivf%3Dfalse%26keyword%3Dlaptop+dell%26src%3Dsearch,"Laptop Dell Latitude 3410 Core i5 Gen 10 RAM 8GB SSD 256GB NVMe FHD 14"" murah",Dell,Latitude 3410,,8,256,,,3950000,,new,SEMAR COMPUTAMA STORE,,,False,,Kab. Sidoarjo,2026-08-28T01:40:40.097708,False,
tokopedia,103288279831,https://www.tokopedia.com/semarcomputama/laptop-second-dell-latitude-3420-i5-gen-11-ram-8gb-ssd-256gb-nvme-14-fhd-siap-pakai-1735213537807336473?extParam=ivf%3Dfalse%26keyword%3Dlaptop+dell%26src%3Dsearch,Laptop Second Dell Latitude 3420 i5 Gen 11 RAM 8GB SSD 256GB NVMe 14” FHD Siap Pakai,Dell,Latitude 3420,,8,256,,,4850000,,used,SEMAR COMPUTAMA STORE,,,False,,Kab. Sidoarjo,2026-08-28T01:40:40.098055,False,
tokopedia,102953190673,https://www.tokopedia.com/alienwarestore/laptop-dell-pro-14-essential-pv14255-amd-ryzen-5-220-8gb-512gb-14-0-wuxga-dos-2y-1734244434927191384?extParam=ivf%3Dfalse%26keyword%3Dlaptop+dell%26src%3Dsearch,LAPTOP DELL PRO 14 ESSENTIAL PV14255 AMD RYZEN 5 220 8GB 512GB 14.0 WUXGA DOS 2Y,Dell,PV14255,RYZEN 5 220,8,,,,9559000,,new,ALIENWARE GAMING STORE,,,False,,Jakarta Utara,2026-08-28T01:40:40.098278,False,
tokopedia,103365267205,https://www.tokopedia.com/semarcomputama/laptop-second-dell-latitude-7320-core-i7-gen11-ram-32gb-ssd-256gb-1735500295877002265?extParam=ivf%3Dfalse%26keyword%3Dlaptop+dell%26src%3Dsearch,Laptop Second Dell Latitude 7320 Core i7 Gen11 RAM 32GB SSD 256GB,Dell,Latitude 7320,,32,256,,,6500000,,used,SEMAR COMPUTAMA STORE,,,False,,Kab. Sidoarjo,2026-08-28T01:40:40.098402,False,
tokopedia,103365837257,https://www.tokopedia.com/wahidcomputer/dell-latitude-e-7270-7280-core-i3-7th-8th-second-mulus-bergaransi-1735502910465410711-1735505222273238679?extParam=ivf%3Dfalse%26keyword%3Dlaptop+dell%26src%3Dsearch,Laptop Dell Latitude E 7270 7280 Core i3 7th-8th SECOND MULUS BERGARANSI,Dell,,,,,,,2198000,,used,Wahid Computer,5.0,,False,,Tangerang,2026-08-28T01:40:57.815053,False,
tokopedia,15844018096,https://www.tokopedia.com/cvspartacompu/promo-laptop-dell-latitude-3380-core-i5-gen-7-ram-8gb-ssd-256gb-termurah-bergaransi-panjang?extParam=ivf%3Dfalse%26keyword%3Dlaptop+dell%26src%3Dsearch,Promo Laptop Dell Latitude 3380 Core I5 Gen 7 Ram 8Gb Ssd 256Gb Termurah Bergaransi Panjang,Dell,Latitude 3380,,8,256,,,3000000,,new,SPARTA COMPUTINDO TEKNOLOGI,5.0,,False,,Jakarta Timur,2026-08-28T01:41:14.165361,False,
tokopedia,2273594874,https://www.tokopedia.com/rtzstores/laptop-unbk-obral-dell-latitude-d620-d630-t7200-core2duo-ram-2gb-hdd-1-2gb-160gb?extParam=ivf%3Dfalse%26keyword%3Dlaptop+dell%26src%3Dsearch,Laptop UNBK Obral Dell latitude D620/D630 T7200 Core2Duo Ram 2GB HDD 1,Dell,D620,,2,,,,1699000,,new,RTZstoree,5.0,,False,,Semarang,2026-08-28T01:41:14.166807,False,
tokopedia,102009807569,https://www.tokopedia.com/gameridsurabaya/laptop-msi-cyborg-15-intel-core-7-240h-rtx-5060-8-gb-ram-16-gb-ssd-512-gb-windows-11-office-home-student-15-6-full-hd-144hz-1732070418275010515?extParam=ivf%3Dfalse%26keyword%3Dlaptop+msi%26search_id%3D20260828014127FE73F687E5BC52321V4J%26src%3Dsearch,Laptop MSI Cyborg 15 Intel Core 7 240H RTX 5060 8 GB RAM 16 GB SSD 512 GB Windows 11 + Office Home Student 15.6 Full HD 144Hz,Msi,Cyborg 15,INTEL CORE 7 240H,16,512,RTX 5060,,21919000,,new,Gamer ID Surabaya,5.0,,False,,Surabaya,2026-08-28T01:41:36.026427,False,
tokopedia,103504489155,https://www.tokopedia.com/herlinacom/laptop-msi-modern-14-intel-core-i5-1334-ram-8gb-512gb-ssd-win-11-office-ohs-ori-14-0-full-hd-ips-1731176202572236174-1736154839477618062?extParam=ivf%3Dtrue%26keyword%3Dlaptop+msi%26search_id%3D20260828014127FE73F687E5BC52321V4J%26src%3Dsearch,Laptop Msi Modern 14 Intel Core i5 1334 Ram 8Gb 512Gb Ssd Win 11 + Office Ohs Ori 14.0 Full HD Ips,Msi,Modern 14,I5 1334,8,512,,,10359000,,new,Herlinacom,5.0,,False,,Depok,2026-08-28T01:41:36.026576,False,
tokopedia,103295873316,https://www.tokopedia.com/ten-com/msi-laptop-modern-14-intel-i3-1315u-14-fhd-8gb-ddr4-512gb-nvme-ssd-windows-11-garansi-resmi-2-tahun-1729897523591349511-1735250295093757191?extParam=ivf%3Dtrue%26keyword%3Dlaptop+msi%26search_id%3D20260828014127FE73F687E5BC52321V4J%26src%3Dsearch,"MSI Laptop Modern 14 Intel i3 1315U 14"" FHD 8GB DDR4 512GB NVMe SSD Windows 11 Garansi Resmi 2 Tahun",Msi,Modern 14,I3 1315U,8,512,,,13479000,,new,Ten Com,5.0,,False,,Jakarta Selatan,2026-08-28T01:41:36.026721,False,
tokopedia,103551420067,https://www.tokopedia.com/kanglaptop/msi-thin-15-i5-13420h-rtx4050-6gb-16gb-512gb-w11-15-6fhd-144hz-blit-1731161672263239497-1736384061247358793?extParam=ivf%3Dfalse%26keyword%3Dlaptop+msi%26search_id%3D20260828014127FE73F687E5BC52321V4J%26src%3Dsearch,Laptop MSI Thin 15 B13UC Core i5-13420H RTX 3050 16GB 512GB SSD 15.6 Inch FHD 144Hz Windows 11,Msi,Thin 15,I5-13420H,16,512,RTX 3050,15.6,13729000,,new,KangLaptop_NEW,5.0,,False,,Jakarta Selatan,2026-08-28T01:41:36.026882,False,
tokopedia,102102032282,https://www.tokopedia.com/rogonline/laptop-msi-cyborg-gaming-15-rtx-5060-core-7-240h-32gb-1tb-ssd-w-11-ohs-15-6-ips-panel-144hz-1732213885308273895?extParam=ivf%3Dfalse%26keyword%3Dlaptop+msi%26search_id%3D20260828014127FE73F687E5BC52321V4J%26src%3Dsearch,Laptop MSI Cyborg Gaming 15 RTX 5060 Core 7 240H 32GB 1TB SSD W 11 + OHS 15.6 IPS Panel 144Hz,Msi,,CORE 7 240H,32,1024,RTX 5060,,21919000,,new,ROGZ Online,5.0,,False,,Jakarta Pusat,2026-08-28T01:41:36.027252,False,
tokopedia,103099521714,https://www.tokopedia.com/ten-com/msi-katana-15-hx-rtx5070-intel-i9-14900hx-16gb-1tb-15-6inch-quad-hd-165hz-100dcip3-4zrgb-garansi-resmi-1729879792434840839-1734632018672452871?extParam=ivf%3Dtrue%26keyword%3Dlaptop+msi%26search_id%3D20260828014127FE73F687E5BC52321V4J%26src%3Dsearch,MSI Katana 15 HX RTX5060 Intel i9 14900HX 16GB 1TB 15.6inch Quad HD 165HZ Windows 11 Office Garansi Resmi - Laptop Gaming MSI,Msi,Katana 15,I9 14900HX,16,,RTX5060,15.6,28099000,,new,Ten Com,5.0,,False,,Jakarta Selatan,2026-08-28T01:41:36.027434,False,
tokopedia,12836615004,https://www.tokopedia.com/rogonline/laptop-msi-thin-15-b13u-gaming-i7-13620h-rtx-3050-32gb-1tb-ssd-w-11-15-6-144hz-1729973919740036327?extParam=ivf%3Dfalse%26keyword%3Dlaptop+msi%26search_id%3D20260828014127FE73F687E5BC52321V4J%26src%3Dsearch,Laptop MSI THIN 15 B13U Gaming I7 13620H RTX 3050 32GB 1TB SSD W 11 15.6 144Hz,Msi,Thin 15,I7 13620H,32,1024,RTX 3050,,15169000,,new,ROGZ Online,5.0,,False,,Jakarta Pusat,2026-08-28T01:41:36.027579,False,
tokopedia,102302870796,https://www.tokopedia.com/royalltech/laptop-msi-modern-14-intel-core-i3-1315-8gb-512gb-w11-14-0fhd-ips-1732590567780550135?extParam=ivf%3Dfalse%26keyword%3Dlaptop+msi%26search_id%3D20260828014127FE73F687E5BC52321V4J%26src%3Dsearch,LAPTOP MSI MODERN 14 INTEL CORE I3 1315 8GB 512GB W11 14.0FHD IPS,Msi,Modern 14,I3 1315,8,,,,9719000,,new,royalltech,5.0,,False,,Jakarta Utara,2026-08-28T01:41:36.027715,False,
tokopedia,102302970770,https://www.tokopedia.com/herlinacom/laptop-msi-modern-14-intel-core-i3-1315u-ram-8gb-512gb-ssd-win-11-ori-14-0-full-hd-ips-1732591418362135950?extParam=ivf%3Dtrue%26keyword%3Dlaptop+msi%26search_id%3D20260828014127FE73F687E5BC52321V4J%26src%3Dsearch,Laptop Msi Modern 14 Intel Core i3 1315U Ram 8Gb 512Gb Ssd Win 11 Ori 14.0 Full HD Ips,Msi,Modern 14,I3 1315U,8,512,,,9719000,,new,Herlinacom,5.0,,False,,Depok,2026-08-28T01:41:36.027852,False,
tokopedia,103368128873,https://www.tokopedia.com/herlinacom/laptop-msi-thin-a15-ryzen-5-7535hs-rtx-2050-4gb-ram-16gb-512gb-win-11-office-ori-1735515550982505870?extParam=ivf%3Dtrue%26keyword%3Dlaptop+msi%26search_id%3D20260828014127FE73F687E5BC52321V4J%26src%3Dsearch,Laptop MSI THIN A15 Ryzen 7 7735HS RTX3050 4GB Ram 16Gb Ssd 512Gb Win 11 Ori 15.6FHD IPS 144Hz,Msi,Thin A15,RYZEN 7 7735HS,16,512,RTX3050,,13949000,,new,Herlinacom,5.0,,False,,Depok,2026-08-28T01:41:36.027984,False,
tokopedia,103045479750,https://www.tokopedia.com/royalltech/laptop-msi-thin-15-intel-core-i5-13420h-rtx4050-6gb-16gb-512gb-w11-15-6fhd-144hz-blit-2y-b13ve-3415-1734411416700421623?extParam=ivf%3Dfalse%26keyword%3Dlaptop+msi%26search_id%3D20260828014127FE73F687E5BC52321V4J%26src%3Dsearch,LAPTOP MSI THIN 15 INTEL CORE I5 13420H RTX4050 6GB/ 16GB 512GB W11 15.6FHD 144HZ BLIT 2Y -B13VE.3415,Msi,Thin 15,I5 13420H,16,,RTX4050,,18999000,,new,royalltech,5.0,,False,,Jakarta Utara,2026-08-28T01:41:36.028145,False,
tokopedia,16299268725,https://www.tokopedia.com/tpediapc/msi-rtx-3050-ventus-2x-e-6g-oc-1730897528489215276?extParam=ivf%3Dfalse%26keyword%3Dlaptop+msi%26search_id%3D20260828014127FE73F687E5BC52321V4J%26src%3Dsearch,MSI GeForce RTX 3050 VENTUS 2X E 6G OC Kartu Grafis Laptop dengan 6GB GDDR6 dan 14 Gbps Memori untuk Performa Gaming Terbaik,Msi,,,,,RTX 3050,,4565000,,new,t pedia pc,5.0,,False,,Jakarta Pusat,2026-08-28T01:41:36.028348,False,
tokopedia,103274652719,https://www.tokopedia.com/gateway/msi-thin-15-b13uc-rtx3050-i7-13620h-32gb-512gb-ssd-15-6-fhd-144hz-ips-1735177300208879029?extParam=ivf%3Dfalse%26keyword%3Dlaptop+msi%26search_id%3D20260828014127FE73F687E5BC52321V4J%26src%3Dsearch,"MSI THIN 15 B13UC CORE I7 13620H RTX3050 32GB 1TB SSD W11 15.6"" FHD 144HZ LAPTOP GAMING",Msi,Thin 15,I7 13620H,32,1024,RTX3050,,15159000,,new,Gateway Indonesia Comp,5.0,,False,,Jakarta Utara,2026-08-28T01:41:36.028483,False,
tokopedia,100649651362,https://www.tokopedia.com/royalltech/laptop-msi-katana-15-hx-intel-core-i7-14650hx-rtx5050-8gb-16gb-512gb-ssd-w11-ohs-15-6qhd-165hz-100dcip3-4zrgb-1731756709792876023?extParam=ivf%3Dfalse%26keyword%3Dlaptop+msi%26search_id%3D20260828014127FE73F687E5BC52321V4J%26src%3Dsearch,LAPTOP MSI KATANA 15 HX INTEL CORE I7 14650HX RTX5050 8GB/ 16GB 512GB SSD W11+OHS 15.6QHD 165HZ 100DCIP3 4ZRGB,Msi,Katana 15,I7 14650HX,16,512,RTX5050,,23749000,,new,royalltech,5.0,,False,,Jakarta Utara,2026-08-28T01:41:36.028652,False,
tokopedia,103088920617,https://www.tokopedia.com/gateway/msi-thin-a15-amd-ryzen-7-7735hs-rtx3050-32gb-1tb-ssd-w11-15-6fhd-144hz-blit-2y-b7uc-664-1734556914827494837?extParam=ivf%3Dfalse%26keyword%3Dlaptop+msi%26search_id%3D20260828014127FE73F687E5BC52321V4J%26src%3Dsearch,"MSI THIN A15 B7UC RYZEN 7 7735HS RTX3050 32GB 1TB SSD W11 15.6"" FHD 144HZ LAPTOP GAMING",Msi,Thin A15,RYZEN 7 7735HS,32,1024,RTX3050,,13939000,,new,Gateway Indonesia Comp,5.0,,False,,Jakarta Utara,2026-08-28T01:41:36.028792,False,
tokopedia,100671216605,https://www.tokopedia.com/rogonline/msi-crosshair-16-hx-ai-rtx-5060-ultra-9-275hx-64gb-1tb-ssd-w-11-ohs-16-0-qhd-2k-240hz-laptop-gaming-1731785536896009447?extParam=ivf%3Dfalse%26keyword%3Dlaptop+msi%26search_id%3D20260828014127FE73F687E5BC52321V4J%26src%3Dsearch,MSI Crosshair 16 HX AI RTX 5060 Ultra 9 275HX 32GB 1TB SSD W 11 + OHS 16.0 QHD 2K 240Hz Laptop Gaming,Msi,,,32,1024,RTX 5060,,37299000,,new,ROGZ Online,5.0,,False,,Jakarta Pusat,2026-08-28T01:41:36.028970,False,
tokopedia,102243963433,https://www.tokopedia.com/intelstore-id/laptop-msi-modern-14-f13mg-i3-1315u-8gb-512ssd-w11-ohs-14-fhd-blit-1732489646697776554?extParam=ivf%3Dfalse%26keyword%3Dlaptop+msi%26search_id%3D20260828014127FE73F687E5BC52321V4J%26src%3Dsearch,"[PICKUP / KURIR TOKO] LAPTOP MSI MODERN 14 F13MG - I3 1315U 8GB 512SSD W11 14"" FHD BLIT",Msi,Modern 14,I3 1315U,,,,,9330240,,new,INTEL STORE ID,5.0,,False,,Jakarta Utara,2026-08-28T01:41:36.029121,False,
tokopedia,103193857911,https://www.tokopedia.com/laptopcreatorid/msi-modern-14-i7-1355u-ram-16gb-ssd-512gb-w11-ohs-14-0fhd-ips-blit-f13mg-064-1734977672860238866?extParam=ivf%3Dfalse%26keyword%3Dlaptop+msi%26search_id%3D20260828014127FE73F687E5BC52321V4J%26src%3Dsearch,"LAPTOP MSI THIN 15 INTEL CORE I7 13620H RTX3050 4GB/ RAM 16GB 512GB W11 15.6"" FHD 144HZ BACKLIT 2Y -B13UC.2407",Msi,Thin 15,I7 13620H,16,,RTX3050,,15169000,,new,LAPTOP SHOP ID,5.0,,False,,Jakarta Utara,2026-08-28T01:41:36.029282,False,
tokopedia,102267208130,https://www.tokopedia.com/gasolsurabaya/msi-modern-15-f1mg-475id-core-5-120u-512gb-ssd-16gb-ram-grey-notebook-laptop-1732535912364476411?extParam=ivf%3Dfalse%26keyword%3Dlaptop+msi%26search_id%3D20260828014127FE73F687E5BC52321V4J%26src%3Dsearch,MSI Modern 15 F1MG 475ID - Core  5 120U 512GB SSD 16GB RAM - Grey Notebook Laptop,Msi,Modern 15,CORE 5 120U,16,16,,,11199000,,new,Gasol Maspion Square Surabaya,5.0,,False,,Surabaya,2026-08-28T01:41:36.029402,False,
tokopedia,103032490907,https://www.tokopedia.com/royalltech/laptop-msi-modern-a14-ai-amd-ryzen-5-220-8gb-512gb-w11-ohs-m365b-14-0fhd-blit-ips-2y-f2hmg-005-1734390782735451639?extParam=ivf%3Dfalse%26keyword%3Dlaptop+msi%26search_id%3D20260828014127FE73F687E5BC52321V4J%26src%3Dsearch,LAPTOP MSI MODERN A14 AI AMD RYZEN 5 220 8GB 512GB W11+OHS+M365B 14.0FHD BLIT IPS 2Y -F2HMG.005,Msi,Modern A14,RYZEN 5 220,8,,,,13999000,,new,royalltech,5.0,,False,,Jakarta Utara,2026-08-28T01:41:36.029809,False,
tokopedia,102586553212,https://www.tokopedia.com/kanglaptop/msi-cyborg-15-rtx5060-core-i7-240h-16gb-512gb-w11-ohs-15-6fhd-144hz-4zrgb-1733278726163564361?extParam=ivf%3Dtrue%26keyword%3Dlaptop+msi%26search_id%3D20260828014127FE73F687E5BC52321V4J%26src%3Dsearch,Laptop MSI Cyborg 15 B2RWFKG Core 7-240H RTX 5060 16GB 512GB SSD 15.6 Inch FHD 144Hz 100sRGB Windows 11,Msi,Cyborg 15,CORE 7-240H,16,512,RTX 5060,15.6,21909000,,new,KangLaptop_NEW,5.0,,False,,Jakarta Selatan,2026-08-28T01:41:36.029962,False,
tokopedia,15252396851,https://www.tokopedia.com/legendeltro-id/laptop-msi-modern-14-i3-1315-8gb-512gb-w11-14-0fhd-blit-ips-2y-blk-1730179354283181105?extParam=ivf%3Dfalse%26keyword%3Dlaptop+msi%26search_id%3D20260828014127FE73F687E5BC52321V4J%26src%3Dsearch,Laptop MSI MODERN 14 I3 1315 8GB 512GB W11 14.0FHD BLIT IPS 2Y BLK,Msi,Modern 14,I3 1315,8,,,,9709000,,new,LEGEND.ELTRO.ID,5.0,,False,,Tangerang Selatan,2026-08-28T01:41:36.030092,False,
tokopedia,102668117502,https://www.tokopedia.com/rogonline/laptop-msi-modern-14-core-i5-gen-13-32gb-1tb-ssd-windows-11-14-inch-ips-panel-f13mg-1733498991880013031?extParam=ivf%3Dfalse%26keyword%3Dlaptop+msi%26search_id%3D20260828014127FE73F687E5BC52321V4J%26src%3Dsearch,Laptop MSI Modern 14 Core I5 Gen 13 32GB 1TB SSD Windows 11 + Office 14 Inch IPS Panel F13MG,Msi,Modern 14,,32,1024,,14.0,10569000,,new,ROGZ Online,5.0,,False,,Jakarta Pusat,2026-08-28T01:41:36.030409,False,
tokopedia,100581115382,https://www.tokopedia.com/gasolsumbersari/msi-crosshair-16-hx-ai-d2xwfkg-039id-rtx-5060-intel-core-ultra-9-275hx-1tb-ssd-16gb-ram-notebook-laptop-gaming-1731631241489254287?extParam=ivf%3Dfalse%26keyword%3Dlaptop+msi%26search_id%3D20260828014127FE73F687E5BC52321V4J%26src%3Dsearch,MSI CROSSHAIR 16 HX AI D2XWFKG-039ID - RTX 5060  Intel Core Ultra 9 275HX 1TB SSD 16GB RAM Notebook Laptop Gaming,Msi,,INTEL CORE ULTRA 9 275HX,16,1024,RTX 5060,,28494000,,new,GASOL SUMBERSARI,5.0,,False,,Malang,2026-08-28T01:41:36.030540,False,
tokopedia,102524059931,https://www.tokopedia.com/rogsstoreid/msi-cyborg-15-rtx5050-core-i7-13620h-32gb-1tb-ssd-w11-ohs-15-6fhd-144hz-4zrgb-2y-adp-laptop-gaming-performa-tinggi-dengan-spesifikasi-unggulan-1733096603314521420?extParam=ivf%3Dfalse%26keyword%3Dlaptop+msi%26search_id%3D20260828014127FE73F687E5BC52321V4J%26src%3Dsearch,MSI CYBORG 15 RTX5050 CORE I7 13620H 32GB 1TB SSD W11+OHS 15.6FHD 144HZ 4ZRGB 2Y+ADP Laptop Gaming Performa Tinggi dengan Spesifikasi Unggulan,Msi,Cyborg 15,I7 13620H,32,1024,RTX5050,,20809000,,new,ROGS STORE,5.0,,False,,Jakarta Utara,2026-08-28T01:41:36.030824,False,
tokopedia,103045294893,https://www.tokopedia.com/royalltech/laptop-msi-modern-14-intel-core-i5-1335-8gb-512gb-w11-14-0fhd-ips-backlit-garansi-resmi-1734411304562689527?extParam=ivf%3Dfalse%26keyword%3Dlaptop+msi%26search_id%3D20260828014127FE73F687E5BC52321V4J%26src%3Dsearch,LAPTOP MSI MODERN 14 INTEL CORE I5 1335 8GB 512GB W11 14.0FHD IPS Backlit Garansi Resmi,Msi,Modern 14,I5 1335,8,,,,19999000,,new,royalltech,5.0,,False,,Jakarta Utara,2026-08-28T01:41:36.031078,False,
tokopedia,103020500017,https://www.tokopedia.com/gasol-kaliurang/msi-modern-14-f13mg-678id-core-i5-1334u-512gb-ssd-8gb-ram-uhd-graphics-gray-notebook-laptop-1734373569560544381?extParam=ivf%3Dfalse%26keyword%3Dlaptop+msi%26search_id%3D20260828014127FE73F687E5BC52321V4J%26src%3Dsearch,MSI Modern 14 F13MG 678ID - Core i5-1334U 512GB SSD 8GB RAM UHD Graphics - Gray Notebook Laptop,Msi,Modern 14,I5-1334U,8,512,,,10494000,,new,GASOL KALIURANG,5.0,,False,,Malang,2026-08-28T01:41:36.031539,False,
tokopedia,15184517067,https://www.tokopedia.com/level99id/laptop-msi-cyborg-15-a13udxk-1442-i7-13620h-16-512gb-rtx3050-6gb-15-6-fhd-144hz-w11-ohs?extParam=ivf%3Dfalse%26keyword%3Dlaptop+msi%26search_id%3D20260828014127FE73F687E5BC52321V4J%26src%3Dsearch,"LAPTOP MSI CYBORG 15 A13UDXK-1442 I7-13620H 16/512GB RTX3050 6GB 15,6""FHD 144Hz W11+OHS",Msi,Cyborg 15,I7-13620H,,,RTX3050,,16699000,,new,Level99Store,5.0,,False,,Surabaya,2026-08-28T01:41:36.031981,False,
tokopedia,102776971162,https://www.tokopedia.com/rogonline/laptop-msi-modern-14-f13mg-core-i3-gen-13-8gb-1tb-ips-w11-ohs-14-inch-ips-panel-1733831330617132263?extParam=ivf%3Dfalse%26keyword%3Dlaptop+msi%26search_id%3D20260828014127FE73F687E5BC52321V4J%26src%3Dsearch,Laptop MSI Modern 14 F13MG Core I3 Gen 13 8GB 1TB IPS W11 + OHS 14 Inch IPS Panel,Msi,Modern 14,,8,,,14.0,9719000,,new,ROGZ Online,5.0,,False,,Jakarta Pusat,2026-08-28T01:41:36.032545,False,
tokopedia,103442613195,https://www.tokopedia.com/ten-com/msi-thin-15-i5-13420h-rtx4050-6gb-16gb-512gb-w11-15-6fhd-144hz-backlit-laptop-intel-core-i5-12450h-nvidia-geforce-rtx-4050-garansi-resmi-2-tahun-1730112706821719303-1735884783140308231?extParam=ivf%3Dtrue%26keyword%3Dlaptop+msi%26search_id%3D20260828014127FE73F687E5BC52321V4J%26src%3Dsearch,MSI Thin 15 RTX3050 Intel i5 13420H 16GB 512GB 15.6inch 144HZ Windows 11 Backlit Garansi Resmi - Laptop Gaming MSI,Msi,Thin 15,I5 13420H,16,,RTX3050,15.6,13729000,,new,Ten Com,5.0,,False,,Jakarta Selatan,2026-08-28T01:41:36.032888,False,
tokopedia,103522068301,https://www.tokopedia.com/alienwareofficial/laptop-gaming-msi-crosshair-16-hx-ai-ultra-9-275hx-rtx5070-16gb-1tb-w11-ohs-16-0qhd-240hz-041-laptop-1731703279015134483-1736225496286922003?extParam=ivf%3Dfalse%26keyword%3Dlaptop+msi%26search_id%3D20260828014127FE73F687E5BC52321V4J%26src%3Dsearch,LAPTOP GAMING MSI CROSSHAIR 16 HX AI ULTRA 9 275HX RTX5070 16GB 1TB W11+OHS 16.0QHD+ 240HZ -041 - LAPTOP,Msi,,,16,,RTX5070,,30939000,,new,AI Official Store,5.0,,False,,Jakarta Utara,2026-08-28T01:41:36.033261,False,
tokopedia,103714647165,https://www.tokopedia.com/gateway/lenovo-yoga-slim-7-14-oled-touch-evo-ultra-7-155h-16gb-1tb-w11-ohs-14-1736977654444164533?extParam=ivf%3Dfalse%26keyword%3Dlaptop+msi%26search_id%3D20260828014127FE73F687E5BC52321V4J%26src%3Dsearch,"MSI CROSSHAIR 16 HX CORE I7 14650HX RTX5060 8GB/ 16GB 512GB W11+OHS+M365B 16"" QHD+ 240HZ 100DCIP3 4ZRGB 2Y+ADP BLK -E14WFK.090 LAPTOP GAMING",Msi,,I7 14650HX,16,,RTX5060,,30429000,,new,Gateway Indonesia Comp,5.0,,False,,Jakarta Utara,2026-08-28T01:41:36.033647,False,
tokopedia,103105673475,https://www.tokopedia.com/royalltech/laptop-spc-style-5-ryzen-5-3500-8gb-256gb-w11-office-14-0fhd-ips-blit-1729909218111423991-1734684377631655415?extParam=ivf%3Dfalse%26keyword%3Dlaptop+msi%26search_id%3D20260828014127FE73F687E5BC52321V4J%26src%3Dsearch,LAPTOP MSI MODERN 14 INTEL I5 1334 8GB 512GB W11+OHS 14.0 FHD IPS BACKLIT,Msi,Modern 14,I5 1334,8,,,,10569000,,new,royalltech,5.0,,False,,Jakarta Utara,2026-08-28T01:41:36.033983,False,
tokopedia,103723506073,https://www.tokopedia.com/gateway/laptop-msi-modern-14-core-i7-1355-16gb-512gb-w11-ohs-14-fhd-ips-f13mg-401-1729857768670332341-1736995468422383029?extParam=ivf%3Dfalse%26keyword%3Dlaptop+msi%26search_id%3D20260828014127FE73F687E5BC52321V4J%26src%3Dsearch,"MSI MODERN 14 F13MG CORE I5 1334 8GB 512GB W11+OHS 14"" FHD IPS LAPTOP",Msi,Modern 14,I5 1334,8,,,,10559000,,new,Gateway Indonesia Comp,5.0,,False,,Jakarta Utara,2026-08-28T01:41:36.034247,False,
tokopedia,103173325732,https://www.tokopedia.com/ten-com/laptop-gaming-msi-thin-15-intel-i7-13620h-rtx4050-32gb-1tb-15-6inch-144hz-garansi-resmi-1730013144756946183-1734897675487053063?extParam=ivf%3Dtrue%26keyword%3Dlaptop+msi%26search_id%3D20260828014127FE73F687E5BC52321V4J%26src%3Dsearch,Laptop Gaming MSI Thin 15 Intel i7 13620H RTX4050 32GB 1TB 15.6inch 144HZ Garansi Resmi,Msi,Thin 15,I7 13620H,32,,RTX4050,15.6,15159000,,new,Ten Com,5.0,,False,,Jakarta Selatan,2026-08-28T01:41:36.034528,False,
tokopedia,103718657967,https://www.tokopedia.com/gateway/msi-modern-14-core-i3-1315-8gb-512gb-ssd-w11-14-inch-fhd-blit-ips-c13m-1730029976736662965-1736986035944785333?extParam=ivf%3Dfalse%26keyword%3Dlaptop+msi%26search_id%3D20260828014127FE73F687E5BC52321V4J%26src%3Dsearch,"MSI MODERN 14 F13MG CORE I3 1315 16GB 512GB W11 14"" FHD BLIT IPS LAPTOP",Msi,Modern 14,I3 1315,16,,,,9709000,,new,Gateway Indonesia Comp,4.9,,False,,Jakarta Utara,2026-08-28T01:41:36.034811,False,
tokopedia,102302669134,https://www.tokopedia.com/royalltech/laptop-msi-modern-14-intel-core-i3-1315-8gb-512gb-w11-14-0fhd-ips-backlit-1732590631487374839?extParam=ivf%3Dfalse%26keyword%3Dlaptop+msi%26search_id%3D20260828014127FE73F687E5BC52321V4J%26src%3Dsearch,LAPTOP MSI MODERN 14 INTEL CORE I3 1315 8GB 512GB W11 14.0FHD IPS Backlit,Msi,Modern 14,I3 1315,8,,,,9719000,,new,royalltech,4.9,,False,,Jakarta Utara,2026-08-28T01:41:36.035060,False,
tokopedia,103045465827,https://www.tokopedia.com/royalltech/laptop-msi-thin-15-intel-i5-13420h-rtx3050-ram-32gb-1tb-ssd-windows-11-15-6-fhd-144hz-laptop-gaming-garansi-2th-1734411405445596663?extParam=ivf%3Dfalse%26keyword%3Dlaptop+msi%26search_id%3D20260828014127FE73F687E5BC52321V4J%26src%3Dsearch,Laptop MSI Thin 15 Intel i5-13420H RTX3050 Ram 32GB/1TB SSD Windows 11 15.6” FHD 144Hz Laptop Gaming Garansi 2TH,Msi,Thin 15,I5-13420H,32,1024,RTX3050,,13739000,,new,royalltech,4.8,,False,,Jakarta Utara,2026-08-28T01:41:36.035647,False,
tokopedia,11676403593,https://www.tokopedia.com/gaminglaptopid/laptop-msi-modern-14-i3-1315u-8gb-512gb-w11-14-0-fhd-ips-1729882427721680491?extParam=ivf%3Dfalse%26keyword%3Dlaptop+msi%26search_id%3D20260828014127FE73F687E5BC52321V4J%26src%3Dsearch%26whid%3D13856,"Laptop MSI MODERN 14 I3 1315U 8GB 512GB W11 14.0"" FHD IPS",Msi,Modern 14,I3 1315U,8,,,,9719000,,new,Gaming Laptop ID,4.8,,False,,Jakarta Utara,2026-08-28T01:41:36.035890,False,
tokopedia,10373556380,https://www.tokopedia.com/gamingpcstore/msi-spatium-s270-ssd-sata-sataiii-2-5-480gb-laptop-pc?extParam=ivf%3Dfalse%26keyword%3Dlaptop+msi%26search_id%3D20260828014127FE73F687E5BC52321V4J%26src%3Dsearch,"MSI SPATIUM S270 SSD SATA SATAIII 2.5"" 480GB - LAPTOP / PC",Msi,S270,,,,,,2050000,,new,STAR17 COM,,,False,,Jakarta Selatan,2026-08-28T01:41:36.036412,False,
tokopedia,12825051855,https://www.tokopedia.com/gamingpcstore/msi-spatium-s270-ssd-sata-sataiii-2-5-960gb-laptop-pc?extParam=ivf%3Dfalse%26keyword%3Dlaptop+msi%26search_id%3D20260828014127FE73F687E5BC52321V4J%26src%3Dsearch,"MSI SPATIUM S270 SSD SATA SATAIII 2.5"" 960GB - LAPTOP / PC",Msi,S270,,,,,,3135000,,new,STAR17 COM,,,False,,Jakarta Selatan,2026-08-28T01:41:36.036693,False,
tokopedia,103768120190,https://www.tokopedia.com/paradisestoreid/laptop-msi-modern-14-f13mg-i5-1334u-8gb-512gb-14-0-fhd-ips-2yr-w11-ohs24-platinum-grey-1737109257790457266?extParam=ivf%3Dfalse%26keyword%3Dlaptop+msi%26search_id%3D20260828014127FE73F687E5BC52321V4J%26src%3Dsearch,Laptop Msi Modern 14 F13MG I5 1334U 8GB 512GB 14 0 FHD IPS 2YR W11 OHS24  Platinum Grey,Msi,Modern 14,I5 1334U,8,,,,10915000,,new,paradisestore.id,,,False,,Jakarta Barat,2026-08-28T01:41:36.036976,False,
tokopedia,103731544676,https://www.tokopedia.com/gasoldinoyo/msi-raider-16-hx-b2wh-253id-geforce-rtx-5070-core-ultra-7-255hx-1tb-ssd-16gb-ram-notebook-laptop-gaming-1737017020477572264?extParam=ivf%3Dfalse%26keyword%3Dlaptop+msi%26src%3Dsearch,MSI RAIDER 16 HX B2WH-253ID - GeForce RTX 5070 Core Ultra 7 255HX 1TB SSD 16GB RAM Notebook Laptop Gaming,Msi,,CORE ULTRA 7 255HX,16,1024,RTX 5070,,44199000,,new,GASOL DINOYO MALANG,,,False,,Malang,2026-08-28T01:42:25.579097,False,
tokopedia,103079719712,https://www.tokopedia.com/gasol-kaliurang/msi-modern-14-f1mg-804id-core-7-150u-512gb-ssd-16gb-ram-platinum-grey-notebook-laptop-1734501889047561341?extParam=ivf%3Dfalse%26keyword%3Dlaptop+msi%26src%3Dsearch,MSI MODERN 14 F1MG 804ID - Core 7 150U 512GB SSD 16GB RAM - Platinum Grey Notebook Laptop,Msi,Modern 14,CORE 7 150U,16,16,,,13224000,,new,GASOL KALIURANG,,,False,,Malang,2026-08-28T01:42:25.579209,False,
tokopedia,100581115249,https://www.tokopedia.com/gasol-laptop/msi-crosshair-16-hx-ai-d2xwfkg-039id-rtx-5060-intel-core-ultra-9-275hx-1tb-ssd-16gb-ram-notebook-laptop-gaming-1731631230332535855?extParam=ivf%3Dfalse%26keyword%3Dlaptop+msi%26src%3Dsearch,MSI CROSSHAIR 16 HX AI D2XWFKG-039ID - RTX 5060  Intel Core Ultra 9 275HX 1TB SSD 16GB RAM Notebook Laptop Gaming,Msi,,INTEL CORE ULTRA 9 275HX,16,1024,RTX 5060,,28499000,,new,Gasol WTC Surabaya,,,False,,Surabaya,2026-08-28T01:42:25.579328,False,
tokopedia,103291995117,https://www.tokopedia.com/gasol-laptop/msi-venturepro-15-ai-a1udxg-023id-geforce-rtx-3050-core-ultra-5-125h-512gb-ssd-16gb-notebook-laptop-gaming-1735230525116285999?extParam=ivf%3Dfalse%26keyword%3Dlaptop+msi%26src%3Dsearch,MSI VENTUREPRO 15 AI A1UDXG-023ID - GeForce RTX 3050 Intel Core Ultra 5 125H 512GB SSD 16GB Notebook Laptop,Msi,,INTEL CORE ULTRA 5 125H,,16,RTX 3050,,15799000,,new,Gasol WTC Surabaya,,,False,,Surabaya,2026-08-28T01:42:25.579468,False,
tokopedia,103699552942,https://www.tokopedia.com/gasol/msi-modern-14-f13mg-883id-core-i5-1334u-512gb-ssd-8gb-ram-uhd-graphics-grey-notebook-laptop-1736942596250567886?extParam=ivf%3Dfalse%26keyword%3Dlaptop+msi%26src%3Dsearch,MSI Modern 14 F13MG 883ID - Core i5-1334U 512GB SSD 8GB RAM UHD Graphics - Grey Notebook Laptop,Msi,Modern 14,I5-1334U,8,512,,,10499000,,new,GASOL MALANG,,,False,,Malang,2026-08-28T01:42:25.579685,False,
tokopedia,12800454896,https://www.tokopedia.com/kingznotebook/laptop-msi-thin-15-b13uc-i5-13420h-16gb-512gb-ssd-rtx-3050-4gb-w11-15-6-fhd-1729961097378628775?extParam=ivf%3Dfalse%26keyword%3Dlaptop+msi%26src%3Dsearch,"Laptop Msi Thin 15 B13UC i5 13420H 16GB 512GB SSD RTX 3050 4GB W11 15.6"" FHD",Msi,Thin 15,I5 13420H,16,512,RTX 3050,,13739000,,new,Kingz Notebook,,,False,,Jakarta Pusat,2026-08-28T01:42:25.579953,False,
tokopedia,103792932175,https://www.tokopedia.com/gateway/msi-modern-15-core-i5-1334u-8gb-512gb-w11-ohs-14-fhd-blit-ips-laptop-1737189461905409461-1737189604257662389?extParam=ivf%3Dfalse%26keyword%3Dlaptop+msi%26src%3Dsearch,"MSI MODERN 15 CORE I5 1334U 8GB 512GB W11+OHS 14"" FHD BLIT IPS LAPTOP",Msi,Modern 15,I5 1334U,8,,,,15989000,,new,Gateway Indonesia Comp,,,False,,Jakarta Utara,2026-08-28T01:42:25.580187,False,
tokopedia,103798801404,https://www.tokopedia.com/ten-com/special-creator-msi-katana-15-hx-rtx5070-intel-i7-14650hx-16gb-512gb-15-6inch-quad-hd-165hz-windows-11-office-garansi-resmi-laptop-gaming-msi-1737206122739827975-1737205859494626567?extParam=ivf%3Dfalse%26keyword%3Dlaptop+msi%26src%3Dsearch,[CREATOR] MSI Katana 15 HX RTX5070 Intel i7 14650HX 16GB 512GB 15.6inch Quad HD 165HZ Windows 11 Office Garansi Resmi - Laptop Gaming MSI,Msi,Katana 15,I7 14650HX,16,,RTX5070,15.6,28898000,,new,Ten Com,,,False,,Jakarta Selatan,2026-08-28T01:42:25.580499,False,
tokopedia,103538122303,https://www.tokopedia.com/eternal-komputerid/msi-cyborg-15-intel-core-i5-13420h-nvidia-rtx5050-8gb-16gb-512gb-w11-ohs-15-6fhd-144hz-4zrgb-garansi-resmi-indonesia-laptop-gaming-terbaik-1736315073529218790-1736315222969714406?extParam=ivf%3Dtrue%26keyword%3Dlaptop+msi%26src%3Dsearch,MSI CYBORG 15 | INTEL CORE I5 13420H | NVIDIA RTX5050 8GB | 16GB 512GB | W11+OHS | 15.6FHD 144HZ 4ZRGB | Garansi Resmi Indonesia - Laptop Gaming Terbaik,Msi,Cyborg 15,I5 13420H,16,,NVIDIA RTX5050,,20759000,,new,ETERNAL KOMPUTER.ID,,,False,,Depok,2026-08-28T01:42:25.580837,False,
tokopedia,103295554789,https://www.tokopedia.com/technocentral/laptop-msi-crosshair-a16-hx-ryzen-9-7945hx-rtx5070-8gb-16gb-512gb-w11-ohs-16-0qhd-240hz-100dcip3-24zrgb-1733531564579391107-1735248936621606531?extParam=ivf%3Dfalse%26keyword%3Dlaptop+msi%26src%3Dsearch,LAPTOP MSI CROSSHAIR A16 HX RYZEN 9 7945HX RTX5070 8GB/ 16GB 512GB W11+OHS 16.0QHD+ 240HZ 100DCIP3 24ZRGB,Msi,,RYZEN 9 7945HX,16,,RTX5070,,32399000,,new,Techno Central,,,False,,Bogor,2026-08-28T01:42:25.581131,False,
tokopedia,103079719716,https://www.tokopedia.com/galaxy-solusindo/msi-modern-14-f1mg-804id-core-7-150u-512gb-ssd-16gb-ram-platinum-grey-notebook-laptop-1734501889044874657?extParam=ivf%3Dfalse%26keyword%3Dlaptop+msi%26src%3Dsearch,MSI MODERN 14 F1MG 804ID - Core 7 150U 512GB SSD 16GB RAM - Platinum Grey Notebook Laptop,Msi,Modern 14,CORE 7 150U,16,16,,,13229000,,new,Galaxy Solusindo,,,False,,Malang,2026-08-28T01:42:25.581339,False,
tokopedia,103731183185,https://www.tokopedia.com/galaxy-solusindo/msi-crosshair-16-hx-e14wfk-090id-geforce-rtx-5060-core-i7-14650hx-512gb-ssd-16gb-ram-notebook-laptop-gaming-1737016654589756833?extParam=ivf%3Dfalse%26keyword%3Dlaptop+msi%26src%3Dsearch,MSI CROSSHAIR 16 HX E14WFK-090ID - GeForce RTX 5060 Core i7-14650HX 512GB SSD 16GB RAM Notebook Laptop Gaming,Msi,,I7-14650HX,16,16,RTX 5060,,31099000,,new,Galaxy Solusindo,,,False,,Malang,2026-08-28T01:42:25.581583,False,
tokopedia,103345611089,https://www.tokopedia.com/gasoldinoyo/msi-thin-15-b13uc-3449id-geforce-rtx-3050-core-i5-13420h-512gb-ssd-8gb-ram-notebook-laptop-gaming-1735436386421474472?extParam=ivf%3Dfalse%26keyword%3Dlaptop+msi%26src%3Dsearch,MSI THIN 15 B13UC 3449ID - GeForce RTX 3050 Core i5-13420H 512GB SSD 8GB RAM Notebook Laptop Gaming,Msi,Thin 15,I5-13420H,8,512,RTX 3050,,13099000,,new,GASOL DINOYO MALANG,,,False,,Malang,2026-08-28T01:42:25.581871,False,
tokopedia,103803309609,https://www.tokopedia.com/sentralkomputer/laptop-msi-cyborg-15-black-edition-rtx4050-i5-13420h-16gb-ddr4-512gb-w11-15-6fhd-ips-144hz-1737219418064127497-1737219716769220105?extParam=ivf%3Dfalse%26keyword%3Dlaptop+msi%26src%3Dsearch,Laptop MSI CYBORG 15 BLACK EDITION RTX4050 I5 13420H 16GB DDR4 512GB W11 15.6FHD IPS 144HZ,Msi,Cyborg 15,I5 13420H,16,,RTX4050,,21199000,,new,Sentral Komputer Pusat,,,False,,Jakarta Timur,2026-08-28T01:42:25.582111,False,
tokopedia,103292000874,https://www.tokopedia.com/gasoldinoyo/msi-venturepro-15-ai-a1udxg-023id-geforce-rtx-3050-core-ultra-5-125h-512gb-ssd-16gb-notebook-laptop-gaming-1735230544191980712?extParam=ivf%3Dfalse%26keyword%3Dlaptop+msi%26src%3Dsearch,MSI VENTUREPRO 15 AI A1UDXG-023ID - GeForce RTX 3050 Intel Core Ultra 5 125H 512GB SSD 16GB Notebook Laptop,Msi,,INTEL CORE ULTRA 5 125H,,16,RTX 3050,,15799000,,new,GASOL DINOYO MALANG,,,False,,Malang,2026-08-28T01:42:25.582368,False,
tokopedia,103463002092,https://www.tokopedia.com/itgaleri/msi-cyborg-15-b2rwfkg-9s7-15q342-051-gaming-laptop-intel-core-i5-210h-2x8gb-512gb-rtx5060-8gb-15-6-fhd-win11-ohs2024-translucent-black-1732790938862453930?extParam=ivf%3Dfalse%26keyword%3Dlaptop+msi%26src%3Dsearch,MSI Cyborg 15 B2RWFKG 9S7-15Q342-051 Gaming Laptop - Intel Core i5-210H/2X8GB/512GB/RTX5060 8GB/15.6 FHD/WIN11+OHS2024/TRANSLUCENT BLACK,Msi,OHS2024,,,,RTX5060,,19999000,,new,IT Galeri,,,False,,Tangerang Selatan,2026-08-28T01:42:25.582754,False,
tokopedia,103020488962,https://www.tokopedia.com/gasolsurabaya/msi-modern-14-f13mg-678id-core-i5-1334u-512gb-ssd-8gb-ram-uhd-graphics-gray-notebook-laptop-1734373569781270523?extParam=ivf%3Dfalse%26keyword%3Dlaptop+msi%26src%3Dsearch,MSI Modern 14 F13MG 678ID - Core i5-1334U 512GB SSD 8GB RAM UHD Graphics - Gray Notebook Laptop,Msi,Modern 14,I5-1334U,8,512,,,10499000,,new,Gasol Maspion Square Surabaya,,,False,,Surabaya,2026-08-28T01:42:25.582988,False,
tokopedia,102267223193,https://www.tokopedia.com/galaxy-solusindo/msi-modern-15-f1mg-475id-core-5-120u-512gb-ssd-16gb-ram-grey-notebook-laptop-1732535911801521569?extParam=ivf%3Dfalse%26keyword%3Dlaptop+msi%26src%3Dsearch,MSI Modern 15 F1MG 475ID - Core  5 120U 512GB SSD 16GB RAM - Grey Notebook Laptop,Msi,Modern 15,CORE 5 120U,16,16,,,11199000,,new,Galaxy Solusindo,,,False,,Malang,2026-08-28T01:42:25.583192,False,
tokopedia,103085660513,https://www.tokopedia.com/gasoldinoyo/msi-modern-14-f1mg-805id-core-5-120u-512gb-ssd-8gb-ram-urban-silver-notebook-laptop-1734535640677975208?extParam=ivf%3Dfalse%26keyword%3Dlaptop+msi%26src%3Dsearch,MSI MODERN 14 F1MG-805ID - Core 5 120U 512GB SSD 8GB RAM - Urban Silver Notebook Laptop,Msi,Modern 14,CORE 5 120U,8,512,,,10979000,,new,GASOL DINOYO MALANG,,,False,,Malang,2026-08-28T01:42:25.583407,False,
tokopedia,103085662710,https://www.tokopedia.com/galaxy-solusindo/msi-modern-14-f1mg-805id-core-5-120u-512gb-ssd-8gb-ram-urban-silver-notebook-laptop-1734535766219589025?extParam=ivf%3Dfalse%26keyword%3Dlaptop+msi%26src%3Dsearch,MSI MODERN 14 F1MG-805ID - Core 5 120U 512GB SSD 8GB RAM - Urban Silver Notebook Laptop,Msi,Modern 14,CORE 5 120U,8,512,,,10979000,,new,Galaxy Solusindo,,,False,,Malang,2026-08-28T01:42:25.583618,False,
tokopedia,14216296096,https://www.tokopedia.com/alienwarestore/laptop-msi-prestige-14-flip-ai-intel-ultra-9-386h-32gb-1tb-w11-ohs-m365b-14-0wuxga-oled-touch-pen-blit-2y-1730042730320397656?extParam=ivf%3Dfalse%26keyword%3Dlaptop+msi%26src%3Dsearch%26whid%3D20926381,LAPTOP MSI PRESTIGE 14 FLIP AI+ INTEL ULTRA 9 386H 32GB 1TB W11+OHS+M365B 14.0WUXGA OLED TOUCH PEN BLIT 2Y,Msi,,,32,,,,33169000,,new,ALIENWARE GAMING STORE,,,False,,Bogor,2026-08-28T01:42:25.583972,False,
tokopedia,103731197331,https://www.tokopedia.com/gasolsurabaya/msi-crosshair-16-hx-e14wfk-090id-geforce-rtx-5060-core-i7-14650hx-512gb-ssd-16gb-ram-notebook-laptop-gaming-1737016655058143227?extParam=ivf%3Dfalse%26keyword%3Dlaptop+msi%26src%3Dsearch,MSI CROSSHAIR 16 HX E14WFK-090ID - GeForce RTX 5060 Core i7-14650HX 512GB SSD 16GB RAM Notebook Laptop Gaming,Msi,,I7-14650HX,16,16,RTX 5060,,31099000,,new,Gasol Maspion Square Surabaya,,,False,,Surabaya,2026-08-28T01:42:25.584221,False,
tokopedia,103079719659,https://www.tokopedia.com/gasolsumbersari/msi-modern-14-f1mg-804id-core-7-150u-512gb-ssd-16gb-ram-platinum-grey-notebook-laptop-1734501889369671567?extParam=ivf%3Dfalse%26keyword%3Dlaptop+msi%26src%3Dsearch,MSI MODERN 14 F1MG 804ID - Core 7 150U 512GB SSD 16GB RAM - Platinum Grey Notebook Laptop,Msi,Modern 14,CORE 7 150U,16,16,,,13224000,,new,GASOL SUMBERSARI,,,False,,Malang,2026-08-28T01:42:25.584428,False,
tokopedia,103085685914,https://www.tokopedia.com/gasol/msi-thin-a15-b7uc-664id-geforce-rtx-3050-ryzen-7-7735hs-512gb-ssd-8gb-ram-notebook-laptop-gaming-1734535858769790158?extParam=ivf%3Dfalse%26keyword%3Dlaptop+msi%26src%3Dsearch,MSI THIN A15 B7UC-664ID - GeForce RTX 3050 Ryzen 7 7735HS 512GB SSD 8GB RAM Notebook Laptop Gaming,Msi,Thin A15,RYZEN 7 7735HS,8,512,RTX 3050,,13599000,,new,GASOL MALANG,,,False,,Malang,2026-08-28T01:42:25.584675,False,
tokopedia,103652998595,https://www.tokopedia.com/paradisestoreid/laptop-msi-modern-14-f1mg-intel-core-5-120u-512gb-ssd-8gb-14-fhd-w11-home-ohs24-1735659684128261554-1736770429312206258?extParam=ivf%3Dfalse%26keyword%3Dlaptop+msi%26src%3Dsearch,"Laptop MSI Modern 14 F1MG Intel Core 5 120U 512GB SSD 8GB 14"" FHD W11 Home + OHS24",Msi,Modern 14,INTEL CORE 5 120U,,512,,,11082000,,new,paradisestore.id,,,False,,Jakarta Barat,2026-08-28T01:42:25.584915,False,
tokopedia,103382735323,https://www.tokopedia.com/jekardah/laptop-msi-thin-a15-ryzen-7-7735hs-rtx3050-4gb-8gb-512gb-windows-11-15-6-full-hd-144hz-1735592676247110954-1735592783111947562?extParam=ivf%3Dfalse%26keyword%3Dlaptop+msi%26src%3Dsearch,"Laptop MSI Thin A15 Ryzen 7 7735HS RTX3050 4GB 8GB 512GB Windows 11 15.6""Inch FullHD 144Hz Garansi Resmi",Msi,Thin A15,RYZEN 7 7735HS,8,,RTX3050,15.6,13939000,,new,LAPTOP GADGET ID,,,False,,Jakarta Pusat,2026-08-28T01:42:25.585202,False,
tokopedia,103099345431,https://www.tokopedia.com/ten-com/msi-katana-15-hx-15-6qhd-165hz-i7-14650hx-16gb-512gb-w11-ohs-garansi-resmi-1731757783300867335-1734631420587377927?extParam=ivf%3Dfalse%26keyword%3Dlaptop+msi%26src%3Dsearch,MSI Katana 15 HX RTX5050 Intel i7 14650HX 16GB 512GB 15.6inch 165HZ WIndows 11 Office - Laptop Gaming MSI Garansi Resmi,Msi,Katana 15,I7 14650HX,16,,RTX5050,15.6,23739000,,new,Ten Com,,,False,,Jakarta Selatan,2026-08-28T01:42:25.585488,False,
tokopedia,103752150199,https://www.tokopedia.com/herlinacom/laptop-msi-crosshair-a16-hx-ryzen-9-8940hx-rtx5070-8gb-16gb-512gb-win11-ohs-16-0-qhd-240hz-1737064291544040846-1737064303577236878?extParam=ivf%3Dtrue%26keyword%3Dlaptop+msi%26src%3Dsearch,"Laptop MSI Crosshair A16 HX Ryzen 9 8940HX RTX5070 8Gb/ 16Gb 512Gb Win11+Ohs 16.0"" QHD+ 240Hz",Msi,,RYZEN 9 8940HX,16,,RTX5070,,29829000,,new,Herlinacom,,,False,,Depok,2026-08-28T01:42:25.585807,False,
tokopedia,103498659834,https://www.tokopedia.com/royalltech/laptop-axioo-hype-1-intel-celeron-n4020-8gb-384gb-128gb-w11-office-14-0-hd-1730791335205570039-1736139641493358071?extParam=ivf%3Dfalse%26keyword%3Dlaptop+axioo%26search_id%3D20260828014240EFE937780E9557125XKZ%26src%3Dsearch,"LAPTOP AXIOO HYPE 2 INTEL N4500 6GB 128GB WINDOWS 11 14"" INCH - GARANSI RESMI",Axioo,,INTEL N4500,,,,,4619000,,new,royalltech,5.0,,False,,Jakarta Utara,2026-08-28T01:42:47.821139,False,
tokopedia,103169423013,https://www.tokopedia.com/toptech/laptop-axioo-hype-1-intel-celeron-n4020-4gb-128gb-14-0hd-w11-1734871126000043124?extParam=ivf%3Dfalse%26keyword%3Dlaptop+axioo%26search_id%3D20260828014240EFE937780E9557125XKZ%26src%3Dsearch,LAPTOP AXIOO HYPE 1 INTEL CELERON N4020 4GB 128GB 14.0HD W11,Axioo,,CELERON N4020,4,,,,3969000,,new,Top Tech Comp,5.0,,False,,Jakarta Utara,2026-08-28T01:42:47.821334,False,
tokopedia,102836197797,https://www.tokopedia.com/onestopgaming/laptop-axioo-hype-r5-oled-i5-1235u-ram-24gb-512gb-ssd-14-fhd-oled-windows-11-resmi-adp-1733971770641843458?extParam=ivf%3Dtrue%26keyword%3Dlaptop+axioo%26search_id%3D20260828014240EFE937780E9557125XKZ%26src%3Dsearch,"[ RESMI + ADP ] Laptop Axioo Hype R5 OLED Intel Core i5 1235U RAM 24GB 512GB SSD 14"" FHD OLED Windows 11",Axioo,,I5 1235U,24,512,,,9327500,,new,Onestop Gaming,5.0,,False,,Jakarta Pusat,2026-08-28T01:42:47.821495,False,
tokopedia,100532602841,https://www.tokopedia.com/herlinacom/laptop-axioo-hype-5-amd-x5-2-ryzen-5-7430u-ram-16gb-256gb-ssd-win-11-ori-14-0-full-hd-ips-1731506400719635854?extParam=ivf%3Dtrue%26keyword%3Dlaptop+axioo%26search_id%3D20260828014240EFE937780E9557125XKZ%26src%3Dsearch,Laptop Axioo Hype 5 Amd X5-2 Ryzen 5 7430U Ram 16Gb 256Gb Ssd Win 11 Ori 14.0 Full HD Ips,Axioo,,RYZEN 5 7430U,16,256,,,7189000,,new,Herlinacom,5.0,,False,,Depok,2026-08-28T01:42:47.821638,False,
tokopedia,16214566719,https://www.tokopedia.com/gameridsurabaya/laptop-axioo-pongo-735-intel-core-i7-13620h-rtx3050-6gb-ram-16gb-ssd-512gb-15-6full-hd-144hz-ips-rgb-3y-1730846610705713107?extParam=ivf%3Dfalse%26keyword%3Dlaptop+axioo%26search_id%3D20260828014240EFE937780E9557125XKZ%26src%3Dsearch,Laptop AXIOO PONGO 735 INTEL CORE I7 13620H RTX3050 6GB/ RAM 16GB SSD 512GB 15.6Full HD 144HZ IPS RGB 3Y,Axioo,,I7 13620H,16,512,RTX3050,,14699000,,new,Gamer ID Surabaya,5.0,,False,,Surabaya,2026-08-28T01:42:47.821770,False,
tokopedia,103003826466,https://www.tokopedia.com/royalltech/laptop-axioo-hype-r-5-touch-intel-core-i5-1235-24gb-512gb-ssd-windows-11-14-0fhd-ips-1kg-laptop-touch-screen-1734345828648650231?extParam=ivf%3Dfalse%26keyword%3Dlaptop+axioo%26search_id%3D20260828014240EFE937780E9557125XKZ%26src%3Dsearch,LAPTOP AXIOO HYPE-R 5 TOUCH INTEL CORE I5 1235 24GB 512GB SSD WINDOWS 11 14.0FHD IPS (1KG) - LAPTOP TOUCH SCREEN,Axioo,,I5 1235,24,512,,,10929000,,new,royalltech,5.0,,False,,Jakarta Utara,2026-08-28T01:42:47.821933,False,
tokopedia,15607359699,https://www.tokopedia.com/rogsstoreid/laptop-axioo-hype-5-amd-x6-ryzen-5-6600h-16gb-ddr5-512gb-w11-14-0-fhd-non-bundle-w11-home-f4e4b?extParam=ivf%3Dfalse%26keyword%3Dlaptop+axioo%26search_id%3D20260828014240EFE937780E9557125XKZ%26src%3Dsearch,"LAPTOP AXIOO HYPE 5 AMD X6 RYZEN 5 6600H 16GB DDR5 512GB W11 14.0"" FHD",Axioo,,RYZEN 5 6600H,16,,,,10099000,,new,ROGS STORE,5.0,,False,,Jakarta Utara,2026-08-28T01:42:47.822065,False,
tokopedia,103308712262,https://www.tokopedia.com/kingznotebook/laptop-axioo-hype-5-amd-x5-2-ryzen-5-7430u-16gb-256gb-w11-14-fhd-ips-1730945255818429607-1735311074243151532?extParam=ivf%3Dfalse%26keyword%3Dlaptop+axioo%26search_id%3D20260828014240EFE937780E9557125XKZ%26src%3Dsearch,"Laptop Axioo Hype 5 AMD X5-2 Ryzen 5 7430U 16GB 256GB W11 14"" FHD IPS",Axioo,,RYZEN 5 7430U,16,,,,7289000,,new,Kingz Notebook,5.0,,False,,Jakarta Pusat,2026-08-28T01:42:47.822202,False,
tokopedia,103084930223,https://www.tokopedia.com/teknotrend/axioo-hype-3-g12-intel-core-i3-1215u-8gb-256gb-ssd-14-fhd-ips-laptop-1734531705852168130?extParam=ivf%3Dfalse%26keyword%3Dlaptop+axioo%26search_id%3D20260828014240EFE937780E9557125XKZ%26src%3Dsearch,"[Extra Promo] - Axioo Hype 3 G12 Intel Core i3-1215U 8GB 256GB SSD 14"" FHD IPS Laptop",Axioo,,I3-1215U,8,256,,,7210500,,new,TeknoTrend ID,5.0,,False,,Jakarta Pusat,2026-08-28T01:42:47.822347,False,
tokopedia,12892247892,https://www.tokopedia.com/herlinacom/laptop-axioo-hype-10-intel-n4020-ram-8gb-256gb-ssd-windows-ori-14-0-1731176178956010894?extParam=ivf%3Dtrue%26keyword%3Dlaptop+axioo%26search_id%3D20260828014240EFE937780E9557125XKZ%26src%3Dsearch,Laptop Axioo Hype 10 Intel N4020 Ram 8Gb 256Gb Ssd Windows Ori 14.0 Laptop Sekolah Garansi Resmi,Axioo,,INTEL N4020,8,256,,,4889000,,new,Herlinacom,5.0,,False,,Depok,2026-08-28T01:42:47.822493,False,
tokopedia,103028059283,https://www.tokopedia.com/axiooslimbook/laptop-axioo-hype-r-3-oled-i3-1215u-24gb-256gb-ssd-14-fhd-windows-11-1734384909289358703?extParam=ivf%3Dfalse%26keyword%3Dlaptop+axioo%26search_id%3D20260828014240EFE937780E9557125XKZ%26src%3Dsearch,"LAPTOP AXIOO HYPE R 3 OLED - I3 1215U 24GB 256GB SSD  14"" FHD +WINDOWS 11",Axioo,,I3 1215U,24,256,,,9349000,,new,Axioo Official Store ID,5.0,,False,,Jakarta Utara,2026-08-28T01:42:47.822627,False,
tokopedia,103001867212,https://www.tokopedia.com/royalltech/laptop-axioo-hype-r-3-oled-intel-core-i3-1215-24gb-256gb-ssd-w11-14-0fhd-under-1kg-1734343261117122039?extParam=ivf%3Dfalse%26keyword%3Dlaptop+axioo%26search_id%3D20260828014240EFE937780E9557125XKZ%26src%3Dsearch,LAPTOP AXIOO HYPE-R 3 OLED INTEL CORE I3 1215 24GB 256GB SSD W11 14.0FHD (UNDER 1KG),Axioo,,I3 1215,24,256,,,9349000,,new,royalltech,5.0,,False,,Jakarta Utara,2026-08-28T01:42:47.822768,False,
tokopedia,16074645611,https://www.tokopedia.com/prostorecomputer/laptop-axioo-hype-7-amd-x7-ryzen-7-5825-hype-5-x5-x6-32gb-16gb-1tb-512gb-w11-office-14-0fhd-ips-blit-hdmi-1730797297501046683?extParam=ivf%3Dfalse%26keyword%3Dlaptop+axioo%26search_id%3D20260828014240EFE937780E9557125XKZ%26src%3Dsearch,LAPTOP AXIOO HYPE 7 AMD X7 RYZEN 7 5825 - HYPE 5 X5 X6 32GB 16GB 1TB 512GB W11 14.0FHD IPS BLIT HDMI,Axioo,,RYZEN 7 5825,16,,,,6709000,,new,ProStoreComputer,5.0,,False,,Jakarta Utara,2026-08-28T01:42:47.822930,False,
tokopedia,15390749275,https://www.tokopedia.com/collinsofficial/laptop-axioo-hype-1-n4020-4gb-128ssd-w11-hd-14-ram-4gb-65d21?extParam=ivf%3Dfalse%26keyword%3Dlaptop+axioo%26search_id%3D20260828014240EFE937780E9557125XKZ%26src%3Dsearch,"Laptop Axioo Hype 1 N4020 4GB 128SSD W11 HD 14""",Axioo,,N4020,,,,,4219000,,new,Collins Official,5.0,,False,,Jakarta Utara,2026-08-28T01:42:47.823059,False,
tokopedia,16506990909,https://www.tokopedia.com/protechcom/laptop-axioo-hype-1-celeron-n4020-4gb-128gb-ssd-14-hd-windows-11-resmi-1731071902064346158?extParam=ivf%3Dfalse%26keyword%3Dlaptop+axioo%26search_id%3D20260828014240EFE937780E9557125XKZ%26src%3Dsearch,"Laptop Axioo HYPE 1 Celeron N4020 4GB 128GB SSD 14"" HD WINDOWS 11 RESMI",Axioo,,CELERON N4020,4,128,,,4219000,,new,ProTech Com,5.0,,False,,Jakarta Utara,2026-08-28T01:42:47.823197,False,
tokopedia,102981967422,https://www.tokopedia.com/axiooslimbook/laptop-axioo-hype-5-amd-x3-lolipop-edition-ryzen-5-3500u-8gb-256gb-14-fhd-w11-1734306102242542959?extParam=ivf%3Dfalse%26keyword%3Dlaptop+axioo%26search_id%3D20260828014240EFE937780E9557125XKZ%26src%3Dsearch,"LAPTOP AXIOO HYPE 5 AMD X3 LOLIPOP EDITION - RYZEN 5 3500U 8GB 256GB 14""FHD W11",Axioo,,RYZEN 5 3500U,8,,,14.0,6709000,,new,Axioo Official Store ID,5.0,,False,,Jakarta Utara,2026-08-28T01:42:47.823338,False,
tokopedia,103458299432,https://www.tokopedia.com/distri-laptop/pick-up-toko-laptop-axioo-hype-1-celeron-4gb-8gb-128gb-14-hd-w11-1735229934268155405-1735946347104077325?extParam=ivf%3Dtrue%26keyword%3Dlaptop+axioo%26search_id%3D20260828014240EFE937780E9557125XKZ%26src%3Dsearch,"Pick up Toko / Kurir Toko - Laptop AXIOO HYPE 1 Celeron 4GB 8GB / 128GB 14"" HD W11",Axioo,,CELERON 4GB,8,,,,3706950,,new,Distri Laptop,5.0,,False,,Jakarta Pusat,2026-08-28T01:42:47.823485,False,
tokopedia,14816036775,https://www.tokopedia.com/technocentral/laptop-axioo-hype-5-amd-jkt48-x3-ryzen-5-3500-8gb-256gb-14-0fhd-dos-windows-11-dos-laptop-3b27c?extParam=ivf%3Dfalse%26keyword%3Dlaptop+axioo%26search_id%3D20260828014240EFE937780E9557125XKZ%26src%3Dsearch,LAPTOP AXIOO HYPE 5 AMD JKT48 X3 RYZEN 5 3500 8GB 256GB 14.0FHD DOS / Windows 11,Axioo,,RYZEN 5 3500,8,,,,6539000,,new,Techno Central,5.0,,False,,Bogor,2026-08-28T01:42:47.823624,False,
tokopedia,102623717823,https://www.tokopedia.com/royalltech/laptop-axioo-hype-r-3-flip-oled-intel-i3-1215-24gb-256gb-w11-office-14-0fhd-pen-laptop-notebook-2in1-touch-screen-1733379241477965303?extParam=ivf%3Dfalse%26keyword%3Dlaptop+axioo%26search_id%3D20260828014240EFE937780E9557125XKZ%26src%3Dsearch,LAPTOP AXIOO HYPE-R 3 FLIP OLED INTEL I3 1215 24GB 256GB W11 OFFICE 14.0FHD + PEN - LAPTOP NOTEBOOK 2IN1 TOUCH SCREEN,Axioo,,I3 1215,24,,,,11999000,,new,royalltech,5.0,,False,,Jakarta Utara,2026-08-28T01:42:47.823783,False,
tokopedia,102994952463,https://www.tokopedia.com/royalltech/laptop-axioo-hype-7-amd-x7-2-ryzen-7-5825-16gb-512gb-office-w11-14-0fhd-ips-hdmi-tipis-1kg-hdmi-backlit-laptop-tipis-laptop-oled-1734332311017981431?extParam=ivf%3Dfalse%26keyword%3Dlaptop+axioo%26search_id%3D20260828014240EFE937780E9557125XKZ%26src%3Dsearch,Laptop AXIOO HYPE 7 AMD X7-2 RYZEN 7 5825 16GB 512GB OFFICE W11 14.0FHD IPS HDMI Tipis 1KG HDMI Backlit Laptop Tipis Laptop Oled,Axioo,,RYZEN 7 5825,16,,,,8609000,,new,royalltech,5.0,,False,,Jakarta Utara,2026-08-28T01:42:47.823954,False,
tokopedia,103194021967,https://www.tokopedia.com/toptech/laptop-axioo-mybook-z6-core-i3-1215u-8gb-256-ssd-14-0fhd-ips-w11-1734978120512668788?extParam=ivf%3Dfalse%26keyword%3Dlaptop+axioo%26search_id%3D20260828014240EFE937780E9557125XKZ%26src%3Dsearch,LAPTOP AXIOO HYPE AI 5 ULTRA 5 125H 8GB 256GB DOS 14.0FHD IPS,Axioo,,,8,,,,10339000,,new,Top Tech Comp,5.0,,False,,Jakarta Utara,2026-08-28T01:42:47.824632,False,
tokopedia,100280201889,https://www.tokopedia.com/distri-laptop/laptop-axioo-hype-5-x3-lollipop-edition-ryzen-5-7430u-8gb-256g-windows-11-1730468499111380493?extParam=ivf%3Dfalse%26keyword%3Dlaptop+axioo%26search_id%3D20260828014240EFE937780E9557125XKZ%26src%3Dsearch,Laptop Axioo HYPE 5 X5 Lollipop Edition Ryzen 5 7430U 8GB 256G Windows 11 Best Price,Axioo,,RYZEN 5 7430U,,,,,7508950,,new,Distri Laptop,5.0,,False,,Jakarta Pusat,2026-08-28T01:42:47.824900,False,
tokopedia,103173625638,https://www.tokopedia.com/laptopcreatorid/laptop-axioo-hype-10-hype-1-celeron-n4020-8gb-256gb-w10-pro-14-fhd-1729885375823709202-1734899294966940690?extParam=ivf%3Dfalse%26keyword%3Dlaptop+axioo%26search_id%3D20260828014240EFE937780E9557125XKZ%26src%3Dsearch,"LAPTOP AXIOO HYPE 10 / HYPE 1 CELERON N4020 8GB 256GB W10 PRO 14"" FHD",Axioo,,CELERON N4020,8,,,,3969000,,new,LAPTOP SHOP ID,5.0,,False,,Jakarta Utara,2026-08-28T01:42:47.825166,False,
tokopedia,102910522409,https://www.tokopedia.com/gamingdistributorid/laptop-axioo-hype-5-amd-x6-ryzen-5-6600h-16gb-512gb-w11-14-0fhd-ips-blit-hdmi-1734138114856158830?extParam=ivf%3Dtrue%26keyword%3Dlaptop+axioo%26search_id%3D20260828014240EFE937780E9557125XKZ%26src%3Dsearch,Laptop AXIOO HYPE 5 AMD X6 RYZEN 5 6600H 16GB 512GB W11 14.0FHD IPS BLIT HDMI,Axioo,,RYZEN 5 6600H,16,,,,9199000,,new,GAMING DISTRIBUTOR ID,5.0,,False,,Jakarta Barat,2026-08-28T01:42:47.825411,False,
tokopedia,15635842181,https://www.tokopedia.com/prostorecomputer/laptop-axioo-hype-5-x6-x5-x3-ryzen-5-6600h-5560-5500-3500-16gb-512gb-ssd-w11-14-0fhd-ips-3500-dos-8-256-9240b?extParam=ivf%3Dfalse%26keyword%3Dlaptop+axioo%26search_id%3D20260828014240EFE937780E9557125XKZ%26src%3Dsearch,LAPTOP AXIOO HYPE 5 X6 X5 X3 RYZEN 5 6600H 5560 5500 3500 16GB 512GB SSD W11 14.0FHD IPS,Axioo,,RYZEN 5 6600H,16,512,,,6439000,,new,ProStoreComputer,5.0,,False,,Jakarta Utara,2026-08-28T01:42:47.825687,False,
tokopedia,103033518444,https://www.tokopedia.com/axiooslimbook/laptop-axioo-pongo-760-v2-geforce-rtx4060-i7-13620h-16gb-512gb-15-6-fhd-144hz-1734207640241079663?extParam=ivf%3Dfalse%26keyword%3Dlaptop+axioo%26search_id%3D20260828014240EFE937780E9557125XKZ%26src%3Dsearch,"LAPTOP AXIOO PONGO 760 V2 GEFORCE RTX4060 -  I7 13620H 16GB 512GB 15.6"" FHD 144Hz",Axioo,,I7 13620H,16,,RTX4060,,21199000,,new,Axioo Official Store ID,5.0,,False,,Jakarta Utara,2026-08-28T01:42:47.825945,False,
tokopedia,103743271921,https://www.tokopedia.com/agresidtangerang/zyrex-l-book-n4020-8gb-128gb-w11pro-14-0-gry-1733497897080620059-1737048708532569115?extParam=ivf%3Dfalse%26keyword%3Dlaptop+axioo%26search_id%3D20260828014240EFE937780E9557125XKZ%26src%3Dsearch,[PROMO] Axioo Laptop Hype 5 AMD X3 Ryzen 5-3500U/8GB/256GB/FHD IPS Windows 11,Axioo,,,,,,,6277440,,new,Agres ID Tangerang,5.0,,False,,Tangerang,2026-08-28T01:42:47.826117,False,
tokopedia,102668036277,https://www.tokopedia.com/prostorecomputer/laptop-axioo-hype-7-x8-x7-ryzen-7-7735hs-ryzen-7-6800h-ryzen-7-5825-16gb-512gb-w11-14-0fhd-ips-blit-hdmi-gry-1733498438053562267?extParam=ivf%3Dfalse%26keyword%3Dlaptop+axioo%26search_id%3D20260828014240EFE937780E9557125XKZ%26src%3Dsearch,Laptop AXIOO HYPE 7 X8 X7 Ryzen 7 7735HS Ryzen 7 6800H Ryzen 7 5825 16GB 512GB W11 14.0FHD IPS BLIT HDMI GRY,Axioo,,RYZEN 7 7735HS,16,,,,8339000,,new,ProStoreComputer,5.0,,False,,Jakarta Utara,2026-08-28T01:42:47.826287,False,
tokopedia,102958716514,https://www.tokopedia.com/royalltech/laptop-axioo-hype-5-amd-x5-2-ryzen-5-7430-16gb-512gb-w11-office-14-0-fhd-ips-backlit-hdmi-garansi-resmi-1734256279795631607?extParam=ivf%3Dfalse%26keyword%3Dlaptop+axioo%26search_id%3D20260828014240EFE937780E9557125XKZ%26src%3Dsearch,Laptop AXIOO HYPE 5 AMD X5-2 RYZEN 5 7430 16GB 512GB W11 OFFICE 14.0 FHD IPS Backlit HDMI Garansi Resmi,Axioo,,RYZEN 5 7430,16,,,,7189000,,new,royalltech,5.0,,False,,Jakarta Utara,2026-08-28T01:42:47.826446,False,
tokopedia,102372185783,https://www.tokopedia.com/legendeltro-id/laptop-axioo-pongo-725-v2-i7-13620h-rtx2050-4gb-16gb-512gb-w11-15-6fhd-144hz-ips-3y-blk-1732750416115500081?extParam=ivf%3Dfalse%26keyword%3Dlaptop+axioo%26search_id%3D20260828014240EFE937780E9557125XKZ%26src%3Dsearch,Laptop AXIOO PONGO 725 V2 I7 13620H RTX2050 4GB/ 16GB 512GB W11 15.6FHD 144HZ IPS 3Y BLK,Axioo,,I7 13620H,16,,RTX2050,,14049000,,new,LEGEND.ELTRO.ID,5.0,,False,,Tangerang Selatan,2026-08-28T01:42:47.826589,False,
tokopedia,16290197299,https://www.tokopedia.com/toptech/laptop-axioo-hype-r-3-oled-core-i3-1215-24gb-256gb-ssd-14-0-fhd-w11-1730890894348616820?extParam=ivf%3Dfalse%26keyword%3Dlaptop+axioo%26search_id%3D20260828014240EFE937780E9557125XKZ%26src%3Dsearch,Laptop AXIOO Hype R 3 OLED Core i3 1215 24GB 256GB ssd 14.0 FHD W11,Axioo,,I3 1215,24,256,,,9349000,,new,Top Tech Comp,5.0,,False,,Jakarta Utara,2026-08-28T01:42:47.826714,False,
tokopedia,16250026021,https://www.tokopedia.com/technocentral/laptop-axioo-hype-r-5-oled-i5-1235-24gb-512gb-dos-windows-11-14-0fhd-blk-under-1kg-1730865628033287811?extParam=ivf%3Dfalse%26keyword%3Dlaptop+axioo%26search_id%3D20260828014240EFE937780E9557125XKZ%26src%3Dsearch,LAPTOP AXIOO HYPE-R 5 OLED I5 1235 24GB 512GB DOS / WINDOWS 11 - 14.0FHD BLK (UNDER 1KG),Axioo,,I5 1235,24,,,,11259000,,new,Techno Central,5.0,,False,,Bogor,2026-08-28T01:42:47.826853,False,
tokopedia,100642556947,https://www.tokopedia.com/teknotrend/laptop-axioo-mybook-hype-10-celeron-n4020-ram-8gb-256gb-ssd-14-1731746038005401538?extParam=ivf%3Dfalse%26keyword%3Dlaptop+axioo%26search_id%3D20260828014240EFE937780E9557125XKZ%26src%3Dsearch,"Laptop Axioo Mybook Hype 10 Celeron N4020 RAM 8GB 256GB SSD 14""",Axioo,,CELERON N4020,8,256,,,4994500,,new,TeknoTrend ID,5.0,,False,,Jakarta Pusat,2026-08-28T01:42:47.826968,False,
tokopedia,15937862501,https://www.tokopedia.com/gamingdistributorid/laptop-axioo-hype-r5-r3-oled-i5-1235-i3-1215-24gb-512gb-12gb-256gb-w11-free-intsall-office-14-0fhd-under-1kg-1730674205232629358?extParam=ivf%3Dtrue%26keyword%3Dlaptop+axioo%26search_id%3D20260828014240EFE937780E9557125XKZ%26src%3Dsearch,Laptop Axioo HYPE-R 5 I5 1235 24GB 1TB SSD W11 14.0FHD (1KG),Axioo,,I5 1235,24,1024,,,10219000,,new,GAMING DISTRIBUTOR ID,5.0,,False,,Jakarta Barat,2026-08-28T01:42:47.827095,False,
tokopedia,100732677081,https://www.tokopedia.com/alienwarestore/laptop-axioo-pongo-775-rtx5070-8gb-core-i7-13620h-16gb-512gb-w11-16-qhd-180hz-1731885431180789080?extParam=ivf%3Dfalse%26keyword%3Dlaptop+axioo%26search_id%3D20260828014240EFE937780E9557125XKZ%26src%3Dsearch,"LAPTOP AXIOO PONGO 775 RTX5070 8GB CORE i7 13620H 16GB 512GB W11 16"" QHD+ 180HZ",Axioo,,I7 13620H,16,,RTX5070,,25879000,,new,ALIENWARE GAMING STORE,5.0,,False,,Jakarta Utara,2026-08-28T01:42:47.827233,False,
tokopedia,12653085972,https://www.tokopedia.com/gaminglaptopid/laptop-axioo-hype-10-n4020-8gb-256gb-w10pro-14-0-1729885295530182251?extParam=ivf%3Dfalse%26keyword%3Dlaptop+axioo%26search_id%3D20260828014240EFE937780E9557125XKZ%26src%3Dsearch%26whid%3D13856,Laptop AXIOO HYPE 10 N4020 8GB 256GB W10PRO 14.0,Axioo,,N4020,8,,,,4889000,,new,Gaming Laptop ID,5.0,,False,,Jakarta Utara,2026-08-28T01:42:47.827348,False,
tokopedia,100258809321,https://www.tokopedia.com/jagonotebook/axioo-hype-5-amd-x5-2-ryzen-5-7430-8gb-256gb-windows-11-14-0fhd-ips-laptop-murah-1730691844401891048?extParam=ivf%3Dfalse%26keyword%3Dlaptop+axioo%26search_id%3D20260828014240EFE937780E9557125XKZ%26src%3Dsearch,Axioo Hype 5 AMD X5-2 RYZEN 5 7430 8GB 256GB Windows 11 14.0FHD IPS laptop murah,Axioo,,RYZEN 5 7430,8,,,,7189000,,new,JAGO Notebook,5.0,,False,,Kab. Tangerang,2026-08-28T01:42:47.827487,False,
tokopedia,14585220000,https://www.tokopedia.com/gateway/axioo-hype-5-amd-jkt48-x3-ryzen-5-3500-8gb-256gb-ssd-w11-14-fhd-ips-1730150774798058933?extParam=ivf%3Dfalse%26keyword%3Dlaptop+axioo%26search_id%3D20260828014240EFE937780E9557125XKZ%26src%3Dsearch,"AXIOO HYPE 5 AMD JKT48 X3 RYZEN 5 3500 8GB 256GB W11 14"" FHD IPS LAPTOP",Axioo,,RYZEN 5 3500,8,,,,6429000,,new,Gateway Indonesia Comp,5.0,,False,,Jakarta Utara,2026-08-28T01:42:47.827619,False,
tokopedia,102995050399,https://www.tokopedia.com/royalltech/laptop-axioo-hype-5-amd-x5-2-ryzen-5-7430-16gb-512gb-w11-office-14-0fhd-ips-backlit-hdmi-1734332496582182391?extParam=ivf%3Dfalse%26keyword%3Dlaptop+axioo%26search_id%3D20260828014240EFE937780E9557125XKZ%26src%3Dsearch,Laptop AXIOO HYPE 5 AMD X5-2 RYZEN 5 7430 16GB 512GB W11 OFFICE 14.0FHD IPS Backlit HDMI,Axioo,,RYZEN 5 7430,16,,,,7189000,,new,royalltech,5.0,,False,,Jakarta Utara,2026-08-28T01:42:47.827792,False,
tokopedia,100557408735,https://www.tokopedia.com/agresidjakut/axioo-hype-7-amd-x8-ryzen-7-6800h-ram-16gb-512gb-windows-11-14-0-full-hd-ips-backlight-hdmi-gry-1731569174340142674?extParam=ivf%3Dfalse%26keyword%3Dlaptop+axioo%26search_id%3D20260828014240EFE937780E9557125XKZ%26src%3Dsearch,"[LAPTOP] AXIOO HYPE 7 AMD X8 RYZEN 7 6800H RAM 16GB 512GB WINDOWS 11 14.0"" FULL HD IPS BACKLIT HDMI GARANSI RESMI",Axioo,,RYZEN 7 6800H,16,,,,10209000,,new,Agres ID Jakarta Utara,5.0,,False,,Jakarta Pusat,2026-08-28T01:42:47.827937,False,
tokopedia,102566785235,https://www.tokopedia.com/kanglaptop/laptop-axioo-hype-1-n4020-8gb-128gb-w11-14-0-1733230708777453385?extParam=ivf%3Dfalse%26keyword%3Dlaptop+axioo%26search_id%3D20260828014240EFE937780E9557125XKZ%26src%3Dsearch,LAPTOP AXIOO HYPE 1 N4020 8GB 128GB W11 14.0,Axioo,,N4020,8,,,,4209000,,new,KangLaptop_NEW,5.0,,False,,Jakarta Selatan,2026-08-28T01:42:47.828057,False,
tokopedia,100607816915,https://www.tokopedia.com/agresid/laptop-axioo-hype-1-n4020-8gb-128gb-w11-14-0-1731684982807299139?extParam=ivf%3Dfalse%26keyword%3Dlaptop+axioo%26search_id%3D20260828014240EFE937780E9557125XKZ%26src%3Dsearch,LAPTOP AXIOO HYPE 1 N4020 8GB 128GB W11 14.0,Axioo,,N4020,8,,,,3897223,,new,AGRES ID,5.0,,False,,Jakarta Utara,2026-08-28T01:42:47.828167,False,
tokopedia,100331331107,https://www.tokopedia.com/herlinacom/laptop-axioo-hype-r-3-intel-core-i3-1215u-ram-12gb-256gb-ssd-win-11-ori-14-0-full-hd-1731377427573933454?extParam=ivf%3Dtrue%26keyword%3Dlaptop+axioo%26search_id%3D20260828014240EFE937780E9557125XKZ%26src%3Dsearch,Laptop Axioo Hype - R 3 Intel Core i3 1215U Ram 12Gb 256Gb Ssd Win 11 Ori 14.0 Full HD,Axioo,,I3 1215U,12,256,,,7859000,,new,Herlinacom,5.0,,False,,Depok,2026-08-28T01:42:47.828290,False,
tokopedia,100277703089,https://www.tokopedia.com/teknotrend/laptop-axioo-hype-r5-oled-ips-core-i5-1235u-24gb-512gb-14-fhd-1730968629444511682?extParam=ivf%3Dfalse%26keyword%3Dlaptop+axioo%26search_id%3D20260828014240EFE937780E9557125XKZ%26src%3Dsearch,Laptop Axioo Hype R5 OLED IPS Core i5 1235U 24GB 512GB 14 FHD,Axioo,,I5 1235U,24,,,,9739500,,new,TeknoTrend ID,5.0,,False,,Jakarta Pusat,2026-08-28T01:42:47.828412,False,
tokopedia,15206055041,https://www.tokopedia.com/agres-id-electronics/axioo-pongo-750-i7-13620h-rtx4050-6gb-16gb-512gb-w11-15-6fhd-144hz-ips-rgb-3y-gry-laptop-garansi-resmi-1731060109485180824?extParam=ivf%3Dtrue%26keyword%3Dlaptop+axioo%26search_id%3D20260828014240EFE937780E9557125XKZ%26src%3Dsearch,AXIOO PONGO 750 I7 13620H RTX4050 6GB/ 16GB 512GB W11 15.6FHD 144HZ IPS RGB 3Y GRY LAPTOP GARANSI RESMI,Axioo,,I7 13620H,16,,RTX4050,,17684000,,new,Agres ID Electronics,5.0,,False,,Depok,2026-08-28T01:42:47.828562,False,
tokopedia,16374074756,https://www.tokopedia.com/kakilimacom/laptop-axioo-hype-3-g11-core-i3-1125g4-ram-8gb-256gb-ssd-win11-14-inch-fhd-ips-1730956171708433498?extParam=ivf%3Dfalse%26keyword%3Dlaptop+axioo%26search_id%3D20260828014240EFE937780E9557125XKZ%26src%3Dsearch,Laptop Axioo Hype 3 G11 Core i3-1125G4 ram 8GB 256GB ssd Win11 14 inch FHD IPS,Axioo,,,8,256,,14.0,6819000,,new,KakiLima Comp,5.0,,False,,Kab. Tangerang,2026-08-28T01:42:47.828702,False,
tokopedia,103274927984,https://www.tokopedia.com/onestopgaming/promo-exclusive-creator-laptop-axioo-hype-r5-oled-i5-1235u-ram-24gb-512gb-ssd-14-fhd-oled-windows-11-resmi-adp-1735179034270401794-1735179090238735618?extParam=ivf%3Dfalse%26keyword%3Dlaptop+axioo%26search_id%3D20260828014240EFE937780E9557125XKZ%26src%3Dsearch,"[ FLASH SALE ] Laptop Axioo Hype R5 OLED Intel Core i5 1235U RAM 24GB 512GB SSD 14"" FHD OLED Windows 11 GARANSI RESMI + ADP",Axioo,,I5 1235U,24,512,,,9327500,,new,Onestop Gaming,5.0,,False,,Jakarta Pusat,2026-08-28T01:42:47.828845,False,
tokopedia,102984438690,https://www.tokopedia.com/axiooslimbook/laptop-axioo-hype-7-amd-x7-2-ryzen-7-5825u-8gb-16gb-14-fhd-ips-w11-1734311008636732783?extParam=ivf%3Dfalse%26keyword%3Dlaptop+axioo%26search_id%3D20260828014240EFE937780E9557125XKZ%26src%3Dsearch,"LAPTOP AXIOO HYPE 7 AMD X7-2 Ryzen 7 5825U 8GB / 16GB 14"" FHD IPS +W11",Axioo,,RYZEN 7 5825U,,,,,8339000,,new,Axioo Official Store ID,5.0,,False,,Jakarta Utara,2026-08-28T01:42:47.828981,False,
tokopedia,16053347650,https://www.tokopedia.com/gaminglaptopid/laptop-axioo-mybook-hype-3-g11-core-i3-1125g4-8gb-256gb-14-fhd-1730785853402416747?extParam=ivf%3Dfalse%26keyword%3Dlaptop+axioo%26search_id%3D20260828014240EFE937780E9557125XKZ%26src%3Dsearch%26whid%3D13856,"Laptop Axioo Mybook Hype 3 G11 Core i3 1125G4 8GB 256GB 14"" fhd",Axioo,,,8,,,,6819000,,new,Gaming Laptop ID,5.0,,False,,Jakarta Utara,2026-08-28T01:42:47.829133,False,
tokopedia,100767817995,https://www.tokopedia.com/intelstore-id/laptop-axioo-hype-3-gen-11-core-i3-1125g4-8gb-256gb-14-fhd-1731938190585791914?extParam=ivf%3Dfalse%26keyword%3Dlaptop+axioo%26search_id%3D20260828014240EFE937780E9557125XKZ%26src%3Dsearch,"Laptop Axioo Hype 3 ( GEN 11 )  - Core I3 1125G4 8GB 256GB 14""FHD",Axioo,,,8,,,14.0,6809000,,new,INTEL STORE ID,5.0,,False,,Jakarta Utara,2026-08-28T01:42:47.829277,False,
tokopedia,103575860636,https://www.tokopedia.com/laptopgrosirid/laptop-axioo-mybook-hype-3-i3-1005g1-8gb-256ssd-win-11-pro-1736491586002322761?extParam=ivf%3Dtrue%26keyword%3Dlaptop+axioo%26search_id%3D20260828014240EFE937780E9557125XKZ%26src%3Dsearch,[FLASH SALE] Laptop Axioo Hype 3 G11 Intel i3 1125G4 Ram 16GB 512GB Ssd Windows 11 Pro 14.0 Inc FHD IPS,Axioo,,,16,512,,,6958163,,new,Laptop Grosir ID,5.0,,False,,Jakarta Selatan,2026-08-28T01:42:47.829440,False,
tokopedia,103795225117,https://www.tokopedia.com/studiolaptop/axioo-hype-10-x-hype-1-r1-u1-intel-celeron-n4020-8gb-4gb-256gb-128gb-laptop-notebook-garansi-resmi-cocok-untuk-kerja-kantor-sekolah-kuliah-1731268681971500871-1737197864788264775?extParam=ivf%3Dfalse%26keyword%3Dlaptop+axioo%26search_id%3D20260828014240EFE937780E9557125XKZ%26src%3Dsearch,AXIOO HYPE 10 X HYPE 1 R1 U1 INTEL CELERON N4020 | AXIOO HYPE 2 N4500 8GB 4GB 256GB 128GB - LAPTOP NOTEBOOK GARANSI RESMI COCOK UNTUK KERJA KANTOR SEKOLAH KULIAH,Axioo,,CELERON N4020,4,,,,3870000,,new,Studio Laptop,5.0,,False,,Jakarta Pusat,2026-08-28T01:42:47.829653,False,
tokopedia,102675041935,https://www.tokopedia.com/teknotrend/exclusive-affiliate-price-laptop-axioo-hype-r3-oled-ips-core-i3-1215u-12gb-24gb-256gb-14-fhd-1733531159880173506?extParam=ivf%3Dfalse%26keyword%3Dlaptop+axioo%26search_id%3D20260828014240EFE937780E9557125XKZ%26src%3Dsearch,Exclusive Affiliate Price - Laptop Axioo Hype R3 OLED IPS Core i3 1215U 12GB 24GB 256GB 14 FHD,Axioo,,I3 1215U,24,,,,8463500,,new,TeknoTrend ID,5.0,,False,,Jakarta Pusat,2026-08-28T01:42:47.829798,False,
tokopedia,100565511266,https://www.tokopedia.com/onestopgaming/laptop-axioo-mybook-hype-5-x3-amd-ryzen-5-ram-8gb-256gb-ssd-14-fhd-ips-windows-11-resmi-axioo-adp-promo-1731586900496647426?extParam=ivf%3Dtrue%26keyword%3Dlaptop+axioo%26search_id%3D20260828014240EFE937780E9557125XKZ%26src%3Dsearch,"[ FLASH SALE ] Laptop Axioo Mybook HYPE 5 X3 AMD Ryzen 5 RAM 8GB 256GB SSD 14"" FHD IPS Windows 11 Garansi RESMI + ADP",Axioo,,,8,256,,,6262500,,new,Onestop Gaming,5.0,,False,,Jakarta Pusat,2026-08-28T01:42:47.829969,False,
tokopedia,12704196870,https://www.tokopedia.com/intelstore-id/axioo-mybook-hype-10-celeron-n4020-ram-8gb-256gb-ssd-14-0-hd-dos-non-bundle-dos-kosongan-8d893?extParam=ivf%3Dfalse%26keyword%3Dlaptop+axioo%26search_id%3D20260828014240EFE937780E9557125XKZ%26src%3Dsearch,"[PICKUP / KURIR TOKO] LAPTOP AXIOO MYBOOK HYPE 10 - CELERON N4020 RAM 8GB 256GB SSD 14.0"" DOS",Axioo,,CELERON N4020,8,256,,,4693440,,new,INTEL STORE ID,5.0,,False,,Jakarta Utara,2026-08-28T01:42:47.830111,False,
tokopedia,103631907071,https://www.tokopedia.com/gameridos/axioo-hype-5-amd-x6-ryzen-5-6600h-16gb-512gb-w11-office-permanen-14-0fhd-ips-blit-hdmi-gry-1731381901208684129-1736708694101165665?extParam=ivf%3Dfalse%26keyword%3Dlaptop+axioo%26search_id%3D20260828014240EFE937780E9557125XKZ%26src%3Dsearch,LAPTOP AXIOO HYPE 5 AMD X6 RYZEN 5 6600H 16GB 512GB W11 14.0FHD IPS,Axioo,,RYZEN 5 6600H,16,,,,9199000,,new,GAMER.ID,5.0,,False,,Jakarta Utara,2026-08-28T01:42:47.830244,False,
tokopedia,12954995811,https://www.tokopedia.com/itgamingid/axioo-hype-x-laptop-intel-celeron-n4020-8gb-256gb-windows-10-pro-14-1-hd-display-garansi-1-tahun-1730002763429348617?extParam=ivf%3Dfalse%26keyword%3Dlaptop+axioo%26search_id%3D20260828014240EFE937780E9557125XKZ%26src%3Dsearch,"Axioo Hype X Laptop Intel Celeron N4020 8GB 256GB Windows 10 Pro 14.1"" HD Garansi 1 Tahun",Axioo,,CELERON N4020,8,,,,4864000,,new,IT GAMING ID,5.0,,False,,Jakarta Pusat,2026-08-28T01:42:47.830390,False,
tokopedia,16148130410,https://www.tokopedia.com/collinsofficial/laptop-axioo-hype-5-amd-x5-2-lollipop-ryzen-5-7430-8gb-256gb-14-0-fhd-ips-w11-1730825119261886272?extParam=ivf%3Dfalse%26keyword%3Dlaptop+axioo%26search_id%3D20260828014240EFE937780E9557125XKZ%26src%3Dsearch,LAPTOP AXIOO HYPE 5 AMD X5-2 LOLLIPOP RYZEN 5 7430 8GB 256GB 14.0 FHD IPS W11,Axioo,,RYZEN 5 7430,8,,,,7499000,,new,Collins Official,5.0,,False,,Jakarta Utara,2026-08-28T01:42:47.830532,False,
tokopedia,16383233934,https://www.tokopedia.com/agresid/laptop-axioo-hype-r-3-i3-1215-12gb-256gb-14-fhd-1730963825563501599?extParam=ivf%3Dfalse%26keyword%3Dlaptop+axioo%26search_id%3D20260828014240EFE937780E9557125XKZ%26src%3Dsearch,"LAPTOP AXIOO HYPE-R 3 I3-1215 12GB 256GB 14"" FHD",Axioo,,I3-1215,12,,,,7859000,,new,AGRES ID,5.0,,False,,Jakarta Utara,2026-08-28T01:42:47.830725,False,
tokopedia,103172004386,https://www.tokopedia.com/toptech/laptop-axioo-hype-5-x6-amd-ryzen-5-6600h-16gb-512gb-ssd-14-0-fhd-ips-w11-1730828697667535988-1734893404505146484?extParam=ivf%3Dfalse%26keyword%3Dlaptop+axioo%26search_id%3D20260828014240EFE937780E9557125XKZ%26src%3Dsearch,Laptop AXIOO Hype 5 X6 AMD Ryzen 5 6600H 16GB 512GB SSD 14.0 FHD IPS W11,Axioo,,RYZEN 5 6600H,16,512,,,9299000,,new,Top Tech Comp,5.0,,False,,Jakarta Utara,2026-08-28T01:42:47.830965,False,
tokopedia,102835825550,https://www.tokopedia.com/onestopgaming/laptop-axioo-hype-5-g12-intel-core-i5-1235u-ram-8gb-256gb-ssd-14-fhd-ips-windows-11-adp-resmi-1733970701436683522?extParam=ivf%3Dfalse%26keyword%3Dlaptop+axioo%26src%3Dsearch,"Laptop Axioo Hype 5 G12 Intel Core i5 1235U RAM 8GB 256GB SSD 14"" FHD IPS Windows 11 + ADP Resmi",Axioo,,I5 1235U,8,256,,,7507500,,new,Onestop Gaming,5.0,,False,,Jakarta Pusat,2026-08-28T01:43:03.654256,False,
tokopedia,102912503310,https://www.tokopedia.com/studiolaptop/best-price-axioo-hype-10-x-hype-1-intel-celeron-n4020-8gb-4gb-384gb-128gb-w11-office-14-0-hd-garansi-resmi-laptop-notebook-cocok-untuk-kantor-kuliah-pelajar-admin-streaming-netflix-drakor-1734141974440609607?extParam=ivf%3Dfalse%26keyword%3Dlaptop+axioo%26src%3Dsearch,BEST PRICE AXIOO HYPE 10 X HYPE 1 INTEL CELERON N4020 8GB 4GB 384GB 128GB W11 OFFICE 14.0 HD GARANSI RESMI - LAPTOP NOTEBOOK COCOK UNTUK KANTOR KULIAH PELAJAR ADMIN STREAMING NETFLIX DRAKOR,Axioo,,CELERON N4020,4,,,,4997000,,new,Studio Laptop,5.0,,False,,Jakarta Pusat,2026-08-28T01:43:03.654720,False,
tokopedia,103198130924,https://www.tokopedia.com/gaminglaptopid/laptop-axioo-hype-5-amd-x3-ryzen-5-3500-8gb-256gb-w11-14-0fhd-ips-1730128614522586731-1734988656799549035?extParam=ivf%3Dfalse%26keyword%3Dlaptop+axioo%26src%3Dsearch%26whid%3D13856,LAPTOP AXIOO HYPE 7 AMD X7-2 | AMD X8-1 - Ryzen 7 5825U / RYZEN 7 6800H  8GB 16GB 512GB W11,Axioo,,RYZEN 7 5825U,16,,,,8339000,,new,Gaming Laptop ID,5.0,,False,,Jakarta Utara,2026-08-28T01:43:03.655016,False,
tokopedia,103102206787,https://www.tokopedia.com/technocentral/laptop-axioo-hype-10-n4020-ram-8gb-256gb-ssd-win10pro-14-1734646591406376579?extParam=ivf%3Dfalse%26keyword%3Dlaptop+axioo%26src%3Dsearch,LAPTOP AXIOO HYPE 10 N4020 8GB 256GB W11 14.0,Axioo,,N4020,8,,,,5159000,,new,Techno Central,5.0,,False,,Bogor,2026-08-28T01:43:03.655220,False,
tokopedia,103482879951,https://www.tokopedia.com/decacom/laptop-axioo-hype-5-amd-x5-2-amd-ryzen-5-7430u-16gb-256gb-14-0fhd-ips-w11-1736063872814712799-1736063874708309983?extParam=ivf%3Dfalse%26keyword%3Dlaptop+axioo%26src%3Dsearch,Laptop Axioo Hype 5 AMD X5-2 AMD Ryzen 5 7430U 16GB 256GB 14.0FHD IPS W11,Axioo,,RYZEN 5 7430U,16,,,,6899000,,new,Deca Computer,5.0,,False,,Jakarta Utara,2026-08-28T01:43:03.655465,False,
tokopedia,103675035650,https://www.tokopedia.com/onestopgaming/laptop-acer-aspire-3-celeron-a314-35-n5100-4gb-256gb-opi-14-1736851853133907202?extParam=ivf%3Dfalse%26keyword%3Dlaptop+axioo%26src%3Dsearch,"[ NEW ] Laptop AXIOO Mybook Hype 2 Intel Celeron N4500 6GB RAM 128GB SSD 14"" Inch HD Grey Blue Windows 11",Axioo,,CELERON N4500,128,128,,,4490500,,new,Onestop Gaming,5.0,,False,,Jakarta Pusat,2026-08-28T01:43:03.655718,False,
tokopedia,103566545914,https://www.tokopedia.com/kanglaptop/axioo-hype-7-amd-x7-2-ryzen-7-5825u-8gb-16gb-512gb-w11-14-fhd-ips-blit-1731161676619810633-1736453073011115849?extParam=ivf%3Dtrue%26keyword%3Dlaptop+axioo%26src%3Dsearch,Laptop Axioo Hype 7 AMD X7-2 Ryzen 7-5825U 16GB 512GB SSD 14.0 Inch FHD IPS Windows 11 Pro,Axioo,,,16,512,,14.0,8329000,,new,KangLaptop_NEW,5.0,,False,,Jakarta Selatan,2026-08-28T01:43:03.656017,False,
tokopedia,103113322618,https://www.tokopedia.com/ten-com/axioo-hype-7-amd-x7-2-ryzen-7-5825u-16gb-512gb-ssd-14-fhd-ips-windows-11-laptop-original-garansi-resmi-indonesia-1730149534403036423-1734709494094005511?extParam=ivf%3Dtrue%26keyword%3Dlaptop+axioo%26src%3Dsearch,"Axioo Hype 7 AMD X7-2 Ryzen 7 5825U 16GB 512GB SSD 14"" FHD IPS Windows 11 Laptop Original Garansi Resmi Indonesia",Axioo,,RYZEN 7 5825U,16,512,,,8599000,,new,Ten Com,5.0,,False,,Jakarta Selatan,2026-08-28T01:43:03.656298,False,
tokopedia,15942932232,https://www.tokopedia.com/technocentral/laptop-axioo-hype-5-amd-x6-ryzen-5-6600h-16gb-512gb-w11-14-0fhd-ips-unit-only-bdb7e?extParam=ivf%3Dfalse%26keyword%3Dlaptop+axioo%26src%3Dsearch,LAPTOP AXIOO HYPE 5 AMD X6 RYZEN 5 6600H 16GB 512GB W11 14.0FHD IPS,Axioo,,RYZEN 5 6600H,16,,,,10199000,,new,Techno Central,5.0,,False,,Bogor,2026-08-28T01:43:03.656529,False,
tokopedia,12652770368,https://www.tokopedia.com/rogsstoreid/axioo-hype-10-celeron-n4020-8gb-256gb-ssd-14-windows-10-pro-standard-dos-tanpa-os-92e78?extParam=ivf%3Dfalse%26keyword%3Dlaptop+axioo%26src%3Dsearch,[ Pickup / Kurir Toko ] Axioo Hype 10 Celeron N4020 RAM 8GB SSD 256GB 14 Inch Windows 10 Pro Laptop,Axioo,,CELERON N4020,8,256,,14.0,4791220,,new,ROGS STORE,5.0,,False,,Jakarta Utara,2026-08-28T01:43:03.656764,False,
tokopedia,103692803689,https://www.tokopedia.com/agresidjaktim/laptop-axioo-hype-1-intel-n4020-ram-4gb-ssd-128gb-windows-11-display-14-0-inch-1736923276673713952?extParam=ivf%3Dtrue%26keyword%3Dlaptop+axioo%26src%3Dsearch,Laptop AXIOO Hype 1 Intel N4020 Ram 4GB Ssd 128GB Windows 11 Display 14.0 Inch,Axioo,,INTEL N4020,4,128,,14.0,4204000,,new,AGRES ID Jakarta Timur,5.0,,False,,Jakarta Timur,2026-08-28T01:43:03.656897,False,
tokopedia,13497185741,https://www.tokopedia.com/gamer-id-depok-sawangan/axioo-hype-10-intel-n4020-8gb-256gb-windows-10-14-0-hd-1732304822148761148?extParam=ivf%3Dfalse%26keyword%3Dlaptop+axioo%26src%3Dsearch,Axioo Hype 10 Intel Celeron N4020 8GB DDR4 256GB SSD Windows 11 14.0 HD Midnight Black Laptop dengan Garansi 1 Tahun - Audio,Axioo,,CELERON N4020,8,256,,,4889000,,new,Gamer ID Depok Sawangan,5.0,,False,,Depok,2026-08-28T01:43:03.657063,False,
tokopedia,103668982875,https://www.tokopedia.com/gameridos/buble-wrap-aman-hanya-untuk-pembelian-di-gamer-id-4-1732770531429418593-1736817780204406369?extParam=ivf%3Dfalse%26keyword%3Dlaptop+axioo%26src%3Dsearch,LAPTOP AXIOO HYPE 2 N4500 6GB 128GB W11 14.0,Axioo,,N4500,,,,,4619000,,new,GAMER.ID,5.0,,False,,Jakarta Utara,2026-08-28T01:43:03.657174,False,
tokopedia,103498624549,https://www.tokopedia.com/royalltech/laptop-axioo-hype-1-intel-n4020-8gb-256gb-384gb-128gb-w11-14-0-inch-1729849391782987255-1736139506202478071?extParam=ivf%3Dfalse%26keyword%3Dlaptop+axioo%26src%3Dsearch,"[BEBAS ONGKIR] LAPTOP AXIOO HYPE 1 INTEL N4020 8GB 256GB 384GB 128GB W11 OFFICE 14"" INCH",Axioo,,INTEL N4020,8,,,,3969000,,new,royalltech,5.0,,False,,Jakarta Utara,2026-08-28T01:43:03.657346,False,
tokopedia,102218442908,https://www.tokopedia.com/agresidjakartaselatan/laptop-axioo-hype-5-amd-x5-2-ryzen-5-7430-8gb-256gb-windows-11-14-0-full-hd-ips-1732429865457256207?extParam=ivf%3Dfalse%26keyword%3Dlaptop+axioo%26src%3Dsearch,"Laptop AXIOO Hype 5 Amd X5-2 Ryzen 5 7430 8GB 256GB Windows 11 14.0"" Full HD Ips",Axioo,,RYZEN 5 7430,8,,,,7499000,,new,Agres ID Jakarta Selatan,5.0,,False,,Jakarta Selatan,2026-08-28T01:43:03.657495,False,
tokopedia,103003927306,https://www.tokopedia.com/royalltech/laptop-gaming-axioo-pongo-765-v2-intel-core-i7-13700h-rtx5060-8gb-32gb-16gb-1tb-512gb-ssd-w11-16-0wuxga-165hz-100srgb-rgb-3y-1734346073690375671?extParam=ivf%3Dfalse%26keyword%3Dlaptop+axioo%26src%3Dsearch,LAPTOP GAMING AXIOO PONGO 765 V2 INTEL CORE I7 13700H RTX5060 8GB/ 32GB 16GB 1TB 512GB SSD W11 16.0WUXGA 165HZ 100SRGB RGB 3Y,Axioo,,I7 13700H,16,512,RTX5060,,23699000,,new,royalltech,5.0,,False,,Jakarta Utara,2026-08-28T01:43:03.657666,False,
tokopedia,103668842183,https://www.tokopedia.com/gameridos/axioo-hype-5-amd-jkt48-x3-ryzen-5-3500-8gb-256gb-w11-dos-14-0fhd-ips-blit-1731956825994266209-1736817610886383201?extParam=ivf%3Dfalse%26keyword%3Dlaptop+axioo%26src%3Dsearch,LAPTOP AXIOO HYPE 5 AMD JKT48 X3 RYZEN 5 3500 8GB 256GB W11 14.0FHD IPS,Axioo,,RYZEN 5 3500,8,,,,6439000,,new,GAMER.ID,5.0,,False,,Jakarta Utara,2026-08-28T01:43:03.657795,False,
tokopedia,103100268682,https://www.tokopedia.com/royal-com/axioo-hype-7-amd-x8-2-ryzen-7-7735hs-16gb-512gb-w11-14-0fhd-ips-blit-hdmi-gry-1731766525324461370-1734635173222712634?extParam=ivf%3Dfalse%26keyword%3Dlaptop+axioo%26src%3Dsearch,"LAPTOP AXIOO HYPE 7 AMD X8-1 | Ryzen 7 6800H 16GB 512GB 14""FHD W11",Axioo,,RYZEN 7 6800H,16,,,14.0,10209000,,new,ROYAL COM,5.0,,False,,Kab. Bekasi,2026-08-28T01:43:03.657926,False,
tokopedia,102257994542,https://www.tokopedia.com/onestopgaming/laptop-axioo-mybook-hype-1-intel-celeron-n4020-ram-8gb-4gb-ssd-128gb-14-hd-windows-11-1732528775355008258?extParam=ivf%3Dtrue%26keyword%3Dlaptop+axioo%26src%3Dsearch,"[ RESMI ] Laptop AXIOO Mybook Hype 1 Intel Celeron N4020 RAM 8GB / 4GB SSD 128GB 14"" HD Windows 11",Axioo,,CELERON N4020,8,128,,,4289500,,new,Onestop Gaming,5.0,,False,,Jakarta Pusat,2026-08-28T01:43:03.658054,False,
tokopedia,103408190408,https://www.tokopedia.com/technocentral/axioo-pongo-725-i7-12650h-rtx2050-4gb-16gb-512gb-w11pro-15-6fhd-144hz-1735725635441428099?extParam=ivf%3Dfalse%26keyword%3Dlaptop+axioo%26src%3Dsearch,LAPTOP AXIOO PONGO 725 V2 I7 13620H RTX2050 4GB/ 16GB 512GB W11 15.6FHD 144HZ IPS 3Y BLK,Axioo,,I7 13620H,16,,RTX2050,,14479000,,new,Techno Central,5.0,,False,,Bogor,2026-08-28T01:43:03.658218,False,
tokopedia,103111730315,https://www.tokopedia.com/techpoint/axioo-hype-1-n4020-laptop-4gb-128gb-w11-14-0-dengan-baterai-layar-dan-penyimpanan-yang-dinyatakan-1730094158448002534-1734705429643167206?extParam=ivf%3Dfalse%26keyword%3Dlaptop+axioo%26src%3Dsearch,AXIOO HYPE 1 N4020 Laptop 4GB 128GB W11 14.0 dengan Baterai Layar dan Penyimpanan yang Dinyatakan,Axioo,,N4020,4,,,,4209000,,new,Tech Point,5.0,,False,,Surabaya,2026-08-28T01:43:03.658380,False,
tokopedia,102497438424,https://www.tokopedia.com/gateway/laptop-axioo-slimbook-hype-10-celeron-n4020-8gb-256gb-win-10-pro-14-1733032586981377461?extParam=ivf%3Dfalse%26keyword%3Dlaptop+axioo%26src%3Dsearch,"LAPTOP AXIOO SLIMBOOK HYPE 10 CELERON N4020 8GB 256GB WIN 10 PRO 14""",Axioo,,CELERON N4020,8,,,,4209000,,new,Gateway Indonesia Comp,5.0,,False,,Jakarta Utara,2026-08-28T01:43:03.658505,False,
tokopedia,11634711854,https://www.tokopedia.com/onestopgaming/axioo-slimbook-14-s1-ryzen-5-3500-8gb-256gb-vega8-w10pro-ohs-14-0fhd-grey-non-bundle-ff937?extParam=ivf%3Dtrue%26keyword%3Dlaptop+axioo%26src%3Dsearch,"[ NEW ] Laptop Axioo Hype 3 G12 Core i3-1215U 8GB RAM 256GB SSD 14"" inch FHD IPS Windows 11 Grey Blue GARANSI RESMI + ADP",Axioo,,I3-1215U,256,256,,,6892500,,new,Onestop Gaming,5.0,,False,,Jakarta Pusat,2026-08-28T01:43:03.658648,False,
tokopedia,102548094969,https://www.tokopedia.com/smartmediacom/laptop-axioo-mybook-hype-5-x5-2-lollipop-ryzen-5-7430u-8gb-ddr4-256gb-14-fhd-ips-dos-1733179651181282563?extParam=ivf%3Dfalse%26keyword%3Dlaptop+axioo%26src%3Dsearch,"Laptop AXIOO MyBook HYPE 5 X5-2 Lollipop|Ryzen 5 7430U|8GB DDR4|256GB|14"" FHD IPS|DOS",Axioo,,RYZEN 5 7430U,8,,,,7587000,,new,Smart Media Computer,5.0,,False,,Makassar,2026-08-28T01:43:03.658789,False,
tokopedia,102253335351,https://www.tokopedia.com/onestopgaming/axioo-hype-3-g11-intel-core-i3-1125g4-ram-8gb-256gb-ssd-14-fhd-ips-windows-11-pro-resmi-axioo-adp-1732518596443342082?extParam=ivf%3Dtrue%26keyword%3Dlaptop+axioo%26src%3Dsearch,"[ RESMI + ADP ] Laptop Axioo Hype 3 G11 Intel Core i3 1125G4 RAM 8GB 256GB SSD 14"" FHD IPS Windows 11 Pro Blue Grey",Axioo,,,8,256,,,6469500,,new,Onestop Gaming,5.0,,False,,Jakarta Pusat,2026-08-28T01:43:03.658956,False,
tokopedia,15802062876,https://www.tokopedia.com/decacom/laptop-axioo-hype-7-amd-x7-ryzen-7-5825-8gb-512gb-dos-windows-14-0fhd-ips-blit-8gb-512gb-dos-non-bundle-35788?extParam=ivf%3Dfalse%26keyword%3Dlaptop+axioo%26src%3Dsearch,Laptop AXIOO HYPE 7 AMD X7 RYZEN 7 5825 8GB 512GB DOS/WINDOWS 14.0FHD IPS BLIT,Axioo,,RYZEN 7 5825,8,,,,7999000,,new,Deca Computer,5.0,,False,,Jakarta Utara,2026-08-28T01:43:03.659093,False,
tokopedia,103551097310,https://www.tokopedia.com/agres-id-electronics/axioo-hype-1-n4020-8gb-384gb-w11-laptop-garansi-resmi-1731060108648679320-1736383030473951128?extParam=ivf%3Dtrue%26keyword%3Dlaptop+axioo%26src%3Dsearch,AXIOO HYPE 1 N4020 4GB 128GB W11 LAPTOP GARANSI RESMI,Axioo,,N4020,4,,,,4204000,,new,Agres ID Electronics,5.0,,False,,Depok,2026-08-28T01:43:03.659211,False,
tokopedia,103668876845,https://www.tokopedia.com/gameridos/laptop-axioo-hype-5-amd-jkt48-x3-lollipop-ryzen-5-3500-8gb-256gb-w11-14-0fhd-ips-blit-hdmi-pink-1730415119724676705-1736817711686846049?extParam=ivf%3Dfalse%26keyword%3Dlaptop+axioo%26src%3Dsearch,LAPTOP AXIOO HYPE 5 AMD JKT48 X3 LOLLIPOP RYZEN 5 3500 8GB 256GB W11 14.0FHD IPS,Axioo,,RYZEN 5 3500,8,,,,6439000,,new,GAMER.ID,5.0,,False,,Jakarta Utara,2026-08-28T01:43:03.659376,False,
tokopedia,16395328469,https://www.tokopedia.com/toptech/laptop-axioo-hype-r-3-core-i3-1215u-12gb-256gb-14-0fhd-w11-1730974659904701556?extParam=ivf%3Dfalse%26keyword%3Dlaptop+axioo%26src%3Dsearch,Laptop AXIOO Hype-R 3 Core i3 1215U 12GB 256GB 14.0FHD W11,Axioo,,I3 1215U,12,,,,7859000,,new,Top Tech Comp,5.0,,False,,Jakarta Utara,2026-08-28T01:43:03.659491,False,
tokopedia,103668932591,https://www.tokopedia.com/gameridos/axioo-hype-5-amd-x5-2-ryzen-5-7430u-8gb-16gb-256gb-14-fhd-ips-blit-hdmi-windows-11-dos-1731452270778091105-1736817606346638945?extParam=ivf%3Dfalse%26keyword%3Dlaptop+axioo%26src%3Dsearch,LAPTOP AXIOO HYPE 5 AMD X5-2 RYZEN 5 7430 16GB 256GB W11 14.0FHD IPS,Axioo,,RYZEN 5 7430,16,,,,7189000,,new,GAMER.ID,5.0,,False,,Jakarta Utara,2026-08-28T01:43:03.659616,False,
tokopedia,103566347575,https://www.tokopedia.com/kanglaptop/laptop-axioo-hype-5-amd-x3-ryzen-5-3500u-8gb-256gb-windows-11-1732813108503545673-1736451941013096265?extParam=ivf%3Dtrue%26keyword%3Dlaptop+axioo%26src%3Dsearch,Laptop Axioo Hype 5 AMD X3 Ryzen 5-3500U 16GB 512GB SSD 14.0 Inch Windows 11 Pro,Axioo,,,16,512,,14.0,6439000,,new,KangLaptop_NEW,5.0,,False,,Jakarta Selatan,2026-08-28T01:43:03.659767,False,
tokopedia,15618544577,https://www.tokopedia.com/vivatech/laptop-axioo-mybook-hype-5-g12-intel-core-i5-1235u-16gb-512gb-14-0-fhd-ips-windows-11-unit-only-8gb-256gb-0d516?extParam=ivf%3Dfalse%26keyword%3Dlaptop+axioo%26src%3Dsearch,Laptop AXIOO MyBook Hype 5 G12 Intel Core i5 1235u 16GB 512GB 14.0 FHD IPS Windows 11,Axioo,,I5 1235U,16,,,,7619000,,new,VIVATECH STORE,5.0,,False,,Jakarta Timur,2026-08-28T01:43:03.659900,False,
tokopedia,103064170681,https://www.tokopedia.com/axiooslimbook/laptop-axioo-hype-5-amd-x6-ryzen-5-6600h-16gb-256gb-512gb-14-fhd-w11-1734309830508250479?extParam=ivf%3Dfalse%26keyword%3Dlaptop+axioo%26src%3Dsearch,"LAPTOP AXIOO HYPE 5 AMD X6 - Ryzen 5 6600H 16GB 256GB / 512GB 14"" FHD W11",Axioo,,RYZEN 5 6600H,16,,,,9199000,,new,Axioo Official Store ID,5.0,,False,,Jakarta Utara,2026-08-28T01:43:03.660028,False,
tokopedia,102420935258,https://www.tokopedia.com/laptopcreatorid/lsi-x-ww-laptop-axioo-hype-5-amd-jkt48-x3-ryzen-5-3500-ram-8gb-ssd-256gb-14-0-fhd-ips-windows-11-1732869260205851666?extParam=ivf%3Dfalse%26keyword%3Dlaptop+axioo%26src%3Dsearch,[LSI X WW]LAPTOP AXIOO HYPE 5 AMD JKT48 X3 RYZEN 5 3500 RAM 8GB SSD 256GB 14.0 FHD IPS WINDOWS 11,Axioo,,RYZEN 5 3500,8,256,,,6809000,,new,LAPTOP SHOP ID,5.0,,False,,Jakarta Utara,2026-08-28T01:43:03.660154,False,
tokopedia,15015287077,https://www.tokopedia.com/kingznotebook/laptop-axioo-hype-10-n4020u-8gb-256gb-ssd-intel-w10pro-14-anti-glare-non-bundling-black-8-256-dos-e4acc?extParam=ivf%3Dfalse%26keyword%3Dlaptop+axioo%26src%3Dsearch,"Laptop Axioo Hype 10 N4020U 8GB 256GB SSD Intel W10pro 14""Anti Glare",Axioo,,,8,256,,14.0,4889000,,new,Kingz Notebook,5.0,,False,,Jakarta Pusat,2026-08-28T01:43:03.660289,False,
tokopedia,103458734327,https://www.tokopedia.com/herlinacom/axioo-hype-7-amd-x8-ryzen-7-6800h-ram-16gb-512gb-ssd-windows-11-14-0-fhd-ips-backlit-1730901304574969339-1735948419902375310?extParam=ivf%3Dtrue%26keyword%3Dlaptop+axioo%26src%3Dsearch,Laptop Axioo Hype 7 AMD X8-1 Ryzen 7 6800H Ram 16Gb 512Gb Ssd Win 11 Ori 14.0 Full HD Ips,Axioo,,RYZEN 7 6800H,16,512,,,10509000,,new,Herlinacom,5.0,,False,,Depok,2026-08-28T01:43:03.660414,False,
tokopedia,13832410872,https://www.tokopedia.com/myhartono/axioo-laptop-notebook-mybook-hype-1-intel-celeron-n4020-nbax23sc04gnr1?extParam=ivf%3Dfalse%26keyword%3Dlaptop+axioo%26src%3Dsearch%26whid%3D7654104594251843349,Axioo Laptop Notebook MyBook Hype 1 Intel Celeron N4020 NBAX23SC04GNR1,Axioo,,CELERON N4020,,,,,4569000,,new,MyHartono,5.0,,False,,,2026-08-28T01:43:03.660769,False,
tokopedia,102982039898,https://www.tokopedia.com/axiooslimbook/laptop-axioo-hype-5-amd-x5-lolipop-edition-ryzen-5-7430u-8gb-256gb-14-fhd-1734306521396053359?extParam=ivf%3Dfalse%26keyword%3Dlaptop+axioo%26src%3Dsearch,"LAPTOP AXIOO HYPE 5 AMD X5 LOLIPOP EDITION - RYZEN 5 7430U 8GB 256GB 14""FHD",Axioo,,RYZEN 5 7430U,8,,,14.0,7599000,,new,Axioo Official Store ID,5.0,,False,,Jakarta Utara,2026-08-28T01:43:03.660903,False,
tokopedia,100353645704,https://www.tokopedia.com/agres-id-electronics/laptop-axioo-hype-5-amd-x6-ryzen-5-6600h-16gb-512gb-windows-11-14inch-fhd-1731385577622767512?extParam=ivf%3Dtrue%26keyword%3Dlaptop+axioo%26src%3Dsearch,Laptop Axioo Hype 5 AMD X6 Ryzen 5 6600H 16GB 512GB Windows 11 14inch FHD,Axioo,,RYZEN 5 6600H,16,,,14.0,10114000,,new,Agres ID Electronics,5.0,,False,,Depok,2026-08-28T01:43:03.661031,False,
tokopedia,103730013010,https://www.tokopedia.com/gateway/samsung-galaxy-a05-4-64-gb-4-128-gb-6-128-gb-garansi-resmi-1737013638112511413?extParam=ivf%3Dfalse%26keyword%3Dlaptop+axioo%26src%3Dsearch,"AXIOO MYBOOK HYPE AMD X1 ATHLON GOLD 3150C 8GB 128GB W11 14"" FHD LAPTOP",Axioo,,ATHLON GOLD,8,,,,5379000,,new,Gateway Indonesia Comp,5.0,,False,,Jakarta Utara,2026-08-28T01:43:03.661165,False,
tokopedia,100557015926,https://www.tokopedia.com/toptech/laptop-axioo-hype-5-amd-x5-2-amd-ryzen-5-7430u-16gb-256gb-14-0fhd-ips-w11-1731568541433627764?extParam=ivf%3Dfalse%26keyword%3Dlaptop+axioo%26src%3Dsearch,Laptop Axioo Hype 5 AMD X5-2 AMD Ryzen 5 7430U 16GB 256GB 14.0FHD IPS W11,Axioo,,RYZEN 5 7430U,16,,,,7289000,,new,Top Tech Comp,5.0,,False,,Jakarta Utara,2026-08-28T01:43:03.661296,False,
tokopedia,103292497203,https://www.tokopedia.com/simurahlaptop/axioo-hype-1-n4020-4gb-128gb-w11-14-0-laptop-intel-celeron-n4020-ram-4gb-ddr4-ssd-128gb-m-2-windows-11-home-garansi-resmi-1-tahun-1730089124586424269-1735233214470195149?extParam=ivf%3Dfalse%26keyword%3Dlaptop+axioo%26src%3Dsearch,Axioo Hype 1 N4020 4GB 128GB W11 14.0 Laptop Intel Celeron N4020 RAM 4GB DDR4 SSD 128GB M.2 Windows 11 Home Garansi Resmi 1 Tahun,Axioo,,CELERON N4020,4,128,,,3959000,,new,Simurah Laptop,5.0,,False,,Bandung,2026-08-28T01:43:03.661441,False,
tokopedia,102627204987,https://www.tokopedia.com/legendeltro-id/laptop-axioo-hype-7-amd-x8-1-ryzen-7-6800h-16gb-512gb-w11-14-0fhd-ips-blit-hdmi-gry-1733388765847127089?extParam=ivf%3Dfalse%26keyword%3Dlaptop+axioo%26src%3Dsearch,Laptop AXIOO HYPE 7 AMD X8-1 RYZEN 7 6800H 16GB 512GB W11 14.0FHD IPS BLIT HDMI GRY,Axioo,,RYZEN 7 6800H,16,,,,10199000,,new,LEGEND.ELTRO.ID,5.0,,False,,Tangerang Selatan,2026-08-28T01:43:03.661576,False,
tokopedia,16705926998,https://www.tokopedia.com/legendeltro-id/laptop-axioo-hype-10-n4020-8gb-256gb-w11-14-0-inch-laptopnya-anak-sekolah-1731662200537646129?extParam=ivf%3Dfalse%26keyword%3Dlaptop+axioo%26src%3Dsearch,Laptop AXIOO HYPE 10 N4020 8GB 256GB W11 14.0 INCH Laptopnya anak Sekolah,Axioo,,N4020,8,,,14.0,4879000,,new,LEGEND.ELTRO.ID,5.0,,False,,Tangerang Selatan,2026-08-28T01:43:03.661705,False,
tokopedia,100789286428,https://www.tokopedia.com/myhartono/axioo-laptop-hype-3-11-gen-intel-core-i3-1125g4-8g-256g-14-w11-ohs-1731967807422629229?extParam=ivf%3Dfalse%26keyword%3Dlaptop+axioo%26src%3Dsearch%26whid%3D18738137,"Axioo Laptop Hype 3 11 Gen Intel Core I3-1125G4 8G 256G 14"" W11 OHS",Axioo,,,,,,,7699000,,new,MyHartono,5.0,,False,,Surabaya,2026-08-28T01:43:03.661842,False,
tokopedia,16600407784,https://www.tokopedia.com/gameridsurabaya/laptop-axioo-hype-r-5-intel-core-i5-1235-ram-24gb-ssd-512gb-14-0-full-hd-1731200412179269587?extParam=ivf%3Dfalse%26keyword%3Dlaptop+axioo%26src%3Dsearch,Laptop AXIOO HYPE-R 5 INTEL CORE I5 1235 RAM 24GB SSD 512GB 14.0 Full HD,Axioo,,I5 1235,24,512,,,10229000,,new,Gamer ID Surabaya,5.0,,False,,Surabaya,2026-08-28T01:43:03.662103,False,
tokopedia,102706319937,https://www.tokopedia.com/intelstore-id/laptop-axioo-hype-r-5-touch-i5-1235u-24gb-512gb-ssd-14-fhd-w11-ori-1733642426280412586?extParam=ivf%3Dfalse%26keyword%3Dlaptop+axioo%26src%3Dsearch,"LAPTOP AXIOO HYPE - R 5 TOUCH - I5 1235U 24GB 512GB SSD 14""FHD + W11 ORI",Axioo,,I5 1235U,24,512,,14.0,10919000,,new,INTEL STORE ID,5.0,,False,,Jakarta Utara,2026-08-28T01:43:03.662226,False,
tokopedia,102997838480,https://www.tokopedia.com/royalltech/laptop-axioo-hype-7-amd-x7-2-ryzen-7-5825-16gb-512gb-ssd-w11-14-0fhd-ips-backlit-hdmi-1734335323382515191?extParam=ivf%3Dfalse%26keyword%3Dlaptop+axioo%26src%3Dsearch,Laptop AXIOO HYPE 7 AMD X7-2 RYZEN 7 5825 16GB 512GB SSD W11 14.0FHD IPS Backlit HDMI,Axioo,,RYZEN 7 5825,16,512,,,8609000,,new,royalltech,5.0,,False,,Jakarta Utara,2026-08-28T01:43:03.662400,False,
tokopedia,12928136388,https://www.tokopedia.com/collinsofficial/laptop-axioo-mybook-hype-3-i3-1005g1-8gb-16gb-256gb-14-fhd-ips-w11-ram-8gb-dos-4a7ae?extParam=ivf%3Dfalse%26keyword%3Dlaptop+axioo%26src%3Dsearch,"Laptop AXIOO MyBook HYPE 3 i3-1005G1 8GB/16GB 256GB 14"" FHD IPS W11",Axioo,,,16,,,,11499000,,new,Collins Official,5.0,,False,,Jakarta Utara,2026-08-28T01:43:03.662586,False,
tokopedia,103458829242,https://www.tokopedia.com/herlinacom/laptop-axioo-hype-3-g11-intel-core-i3-1125g4-ram-8gb-256gb-ssd-win-11-ori-14-0-full-hd-ips-1730782878471521787-1735948679297205646?extParam=ivf%3Dtrue%26keyword%3Dlaptop+axioo%26src%3Dsearch,Laptop Axioo Hype 3 G11 Intel Core i3 1125G4 Ram 8Gb 256Gb Ssd Win 11 14.0Full HD Ips Garansi Resmi,Axioo,,,8,256,,,6819000,,new,Herlinacom,5.0,,False,,Depok,2026-08-28T01:43:03.662809,False,
tokopedia,12422601827,https://www.tokopedia.com/gaminglaptopid/laptop-axioo-mybook-z10-metal-i5-1335u-16gb-512ssd-w11-14fhd-standar-8gb-256gb-2f96f?extParam=ivf%3Dfalse%26keyword%3Dlaptop+axioo%26src%3Dsearch%26whid%3D13856,LAPTOP AXIOO MYBOOK Z10 METAL i5 1335U 16GB 512SSD W11 14FHD,Axioo,,I5 1335U,,,,,8769000,,new,Gaming Laptop ID,5.0,,False,,Jakarta Utara,2026-08-28T01:43:03.662928,False,
tokopedia,103322603870,https://www.tokopedia.com/gameridsurabaya/axioo-hype-5-amd-jkt48-x3-ryzen-5-3500-8gb-256ssd-w11-14-fhd-ips-blit-lollipop-edition-sticker-photocard-postcard-1735366979036809171?extParam=ivf%3Dfalse%26keyword%3Dlaptop+axioo%26src%3Dsearch,"Laptop AXIOO Hype 5 AMD JKT48 X3 RYZEN 5 3500 RAM 8GB SSD 256 DOS - Windows 11 Layar 14"" FHD IPS BLIT LOLLIPOP EDITION",Axioo,,RYZEN 5 3500,8,,,,6539000,,new,Gamer ID Surabaya,5.0,,False,,Surabaya,2026-08-28T01:43:03.663072,False,
tokopedia,102349321098,https://www.tokopedia.com/smartmediacom/laptop-axioo-mybook-hype-5-g12-intel-i5-1235u-8gb-ddr4-256gb-512gb-14-fhd-ips-dos-1732698026984047875?extParam=ivf%3Dfalse%26keyword%3Dlaptop+axioo%26src%3Dsearch,"Laptop AXIOO MyBook HYPE 5 (G12) |Intel i5 1235U|8GB DDR4|256GB/512GB|14"" FHD IPS|DOS",Axioo,,I5 1235U,8,,,,8125000,,new,Smart Media Computer,5.0,,False,,Makassar,2026-08-28T01:43:03.663193,False,
tokopedia,16074197203,https://www.tokopedia.com/prostorecomputer/axioo-pongo-760-750-v2-i7-13620h-rtx4060-rtx4050-16gb-512gb-w11-15-6fhd-144hz-ips-rgb-laptop-gaming-1730797171863816091?extParam=ivf%3Dfalse%26keyword%3Dlaptop+axioo%26src%3Dsearch,AXIOO PONGO 760 750 V2 I7 13620H RTX4060 RTX4050 16GB 512GB W11 15.6FHD 144HZ IPS RGB LAPTOP GAMING,Axioo,,I7 13620H,16,,RTX4060,,17459000,,new,ProStoreComputer,5.0,,False,,Jakarta Utara,2026-08-28T01:43:03.663347,False,
tokopedia,14668374315,https://www.tokopedia.com/agresidjakut/laptop-murah-axioo-hype-5-amd-x3-ryzen-5-3500u-ram-8gb-256gb-windows-11-14-0-full-hd-ips-backlit-laptop-bonus-8gb-256ssd-dos-3c616?extParam=ivf%3Dfalse%26keyword%3Dlaptop+axioo%26src%3Dsearch,Laptop Murah Axioo Hype 5 AMD X3 Ryzen 5 3500U Ram 8GB 256GB Windows 11 14.0 Full HD IPS Backlit,Axioo,,RYZEN 5 3500U,8,,,,6439000,,new,Agres ID Jakarta Utara,5.0,,False,,Jakarta Pusat,2026-08-28T01:43:03.663512,False,
tokopedia,102319321077,https://www.tokopedia.com/studiolaptop/axioo-hype-5-intel-g12-i5-1235-x-g11-i3-1125g4-16gb-8gb-512gb-256gb-ssd-14-0fhd-ips-laptop-ultrabook-notebook-consumer-mybook-slimbook-1732630906608256839?extParam=ivf%3Dfalse%26keyword%3Dlaptop+axioo%26src%3Dsearch,AXIOO HYPE 5 INTEL G12 I5 1235 X G11 I3 1125G4 16GB 8GB 512GB 256GB SSD 14.0FHD IPS - LAPTOP ULTRABOOK NOTEBOOK CONSUMER MYBOOK SLIMBOOK,Axioo,,I5 1235,8,256,,,7844000,,new,Studio Laptop,5.0,,False,,Jakarta Pusat,2026-08-28T01:43:03.663716,False,
tokopedia,103501825789,https://www.tokopedia.com/intelgamingid/laptop-axioo-hype-r-3-oled-i3-1215-24gb-256gb-dos-14-0fhd-1731185312536692032-1736145192644281664?extParam=ivf%3Dfalse%26keyword%3Dlaptop+axioo%26src%3Dsearch,LAPTOP AXIOO HYPE-R 3 OLED I3 1215 24GB 256GB DOS 14.0FHD,Axioo,,I3 1215,24,,,,17548000,,new,Intel Gaming ID,5.0,,False,,Jakarta Utara,2026-08-28T01:43:03.663843,False,
tokopedia,100277705248,https://www.tokopedia.com/teknotrend/laptop-axioo-mybook-hype-5-ryzen-7430-8gb-256gb-ssd-14-fhd-ips-1730968818820548546?extParam=ivf%3Dtrue%26keyword%3Dlaptop+axioo%26src%3Dsearch,"Laptop Axioo MyBook Hype 5 Ryzen 7430 8GB 256GB SSD 14""FHD IPS",Axioo,,RYZEN 7430,8,256,,14.0,7741500,,new,TeknoTrend ID,5.0,,False,,Jakarta Pusat,2026-08-28T01:43:03.664066,False,
tokopedia,103306328735,https://www.tokopedia.com/quattrocomp/axioo-pongo-725-v2-i7-12650h-rtx2050-4gb-16gb-512gb-w11-15-6fhd-144hz-ips-rgb-3y-windows-11-laptop-gaming-terbaru-1732254323783730974-1735299845766154014?extParam=ivf%3Dfalse%26keyword%3Dlaptop+axioo%26src%3Dsearch,Axioo Pongo 725 V2 I7 12650H RTX2050 4GB/16GB 512GB W11 15.6FHD 144HZ IPS RGB 3Y/Windows 11 Laptop Gaming Terbaru,Axioo,,I7 12650H,16,,RTX2050,,18849000,,new,Quattro Comp ID,5.0,,False,,Jakarta Pusat,2026-08-28T01:43:18.838930,False,
tokopedia,103053536290,https://www.tokopedia.com/legendeltro-id/laptop-axioo-hype-5-amd-x6-ryzen-5-6600h-16gb-512gb-w11-14-0fhd-ips-blit-hdmi-gry-1734421907429098545?extParam=ivf%3Dfalse%26keyword%3Dlaptop+axioo%26src%3Dsearch,Laptop AXIOO HYPE 5 AMD X6 RYZEN 5 6600H 16GB 512GB W11 14.0FHD IPS BLIT HDMI GRY,Axioo,,RYZEN 5 6600H,16,,,,9189000,,new,LEGEND.ELTRO.ID,5.0,,False,,Tangerang Selatan,2026-08-28T01:43:18.839251,False,
tokopedia,100277705248,https://www.tokopedia.com/teknotrend/laptop-axioo-mybook-hype-5-ryzen-7430-8gb-256gb-ssd-14-fhd-ips-1730968818820548546?extParam=ivf%3Dtrue%26keyword%3Dlaptop+axioo%26src%3Dsearch,"Laptop Axioo MyBook Hype 5 Ryzen 7430 8GB 256GB SSD 14""FHD IPS",Axioo,,RYZEN 7430,8,256,,14.0,7741500,,new,TeknoTrend ID,5.0,,False,,Jakarta Pusat,2026-08-28T01:43:18.839404,False,
tokopedia,102897889793,https://www.tokopedia.com/kanglaptop/axioo-hype-5-amd-x6-ryzen-5-6600h-16gb-512gb-w11-office-permanen-14-0fhd-ips-blit-hdmi-1734110425411323721?extParam=ivf%3Dfalse%26keyword%3Dlaptop+axioo%26src%3Dsearch,Laptop Axioo Hype 5 AMD X5-2 Ryzen 5-7430U 16GB 512GB SSD 14.0 Inch FHD IPS Windows 11 Pro,Axioo,,,16,512,,14.0,7279000,,new,KangLaptop_NEW,5.0,,False,,Jakarta Selatan,2026-08-28T01:43:18.839585,False,
tokopedia,15610325105,https://www.tokopedia.com/gaminglaptopid/laptop-axioo-hype-5-g12-gen-12-i5-1235-16gb-512gb-w11-14-fhd-ips-non-bundling-8-256-dos-6bb81?extParam=ivf%3Dfalse%26keyword%3Dlaptop+axioo%26src%3Dsearch%26whid%3D13856,"Laptop AXIOO HYPE 5 G12 Gen 12 I5 1235 16GB 512GB W11 14"" FHD IPS",Axioo,,I5 1235,16,,,,7919000,,new,Gaming Laptop ID,5.0,,False,,Jakarta Utara,2026-08-28T01:43:18.839801,False,
tokopedia,14684356562,https://www.tokopedia.com/gaminglaptopid/laptop-axioo-hype-7-amd-x7-2-ryzen-7-5700-8gb-16gb-512gb-14-fhd-ips-1730213447012812395?extParam=ivf%3Dfalse%26keyword%3Dlaptop+axioo%26src%3Dsearch%26whid%3D13856,"LAPTOP AXIOO HYPE 7 AMD X7-2 RYZEN 7 5700 8GB /16GB 512GB 14""FHD IPS",Axioo,,RYZEN 7 5700,16,,,14.0,8339000,,new,Gaming Laptop ID,5.0,,False,,Jakarta Utara,2026-08-28T01:43:18.840047,False,
tokopedia,15806995157,https://www.tokopedia.com/decacom/laptop-resmi-axioo-mybook-saga-12-i5-1240p-8gb-16gb-256gb-w11-16-0wqxga-2-5k-gry-non-bundle-8gb-256gb-144e0?extParam=ivf%3Dfalse%26keyword%3Dlaptop+axioo%26src%3Dsearch,Laptop RESMI AXIOO MYBOOK SAGA 12 i5-1240P 8GB/16GB 256GB W11 16.0WQXGA 2.5K GRY,Axioo,,I5-1240P,16,,,,8199000,,new,Deca Computer,5.0,,False,,Jakarta Utara,2026-08-28T01:43:18.840304,False,
tokopedia,100255937149,https://www.tokopedia.com/gaminglaptopid/laptop-axioo-hype-r-3-oled-i3-1215-24gb-256gb-14-0-fhd-1kg-dos-w11-1731029534310631019?extParam=ivf%3Dfalse%26keyword%3Dlaptop+axioo%26src%3Dsearch%26whid%3D13856,LAPTOP AXIOO HYPE-R 3 OLED I3 1215 24GB 256GB 14.0 FHD 1KG DOS/W11,Axioo,,I3 1215,24,,,,9349000,,new,Gaming Laptop ID,5.0,,False,,Jakarta Utara,2026-08-28T01:43:18.840532,False,
tokopedia,103517001270,https://www.tokopedia.com/vivatech/laptop-axioo-hype-10-n4020-ram-8gb-ssd-256gb-w10-14-0-inch-1731595677087794480-1736206052879992112?extParam=ivf%3Dtrue%26keyword%3Dlaptop+axioo%26src%3Dsearch,Laptop AXIOO HYPE 10 N4020 Ram 8GB SSD 256GB DOS/W11 14.0 Inch,Axioo,,N4020,8,256,,14.0,5149000,,new,VIVATECH STORE,5.0,,False,,Jakarta Timur,2026-08-28T01:43:18.840740,False,
tokopedia,15965597414,https://www.tokopedia.com/agresid/axioo-laptop-hype-5-amd-x5-2-ryzen-5-7430-8-16gb-256gb-14-fhd-ips-windows-11-garansi-resmi-1-tahun-1731231333334287427?extParam=ivf%3Dfalse%26keyword%3Dlaptop+axioo%26src%3Dsearch,"Axioo Laptop Hype 5 AMD X5-2 Ryzen 5 7430 8/16GB 256GB 14"" FHD IPS Windows 11 Garansi Resmi 1 Tahun",Axioo,,RYZEN 5 7430,16,,,,6739815,,new,AGRES ID,5.0,,False,,Jakarta Utara,2026-08-28T01:43:18.841222,False,
tokopedia,103674991110,https://www.tokopedia.com/onestopgaming/laptop-acer-aspire-3-slim-a314-35-c1w1-celeron-n5100-4gb-256gb-14-1736851850446669058?extParam=ivf%3Dfalse%26keyword%3Dlaptop+axioo%26src%3Dsearch,"[ FLASH SALE ] Laptop AXIOO Mybook Hype 2 Celeron N4500 6GB RAM 128GB SSD 14"" Inch HD Windows 11 Blue Grey GARANSI RESMI + ADP",Axioo,,CELERON N4500,128,128,,,4445500,,new,Onestop Gaming,5.0,,False,,Jakarta Pusat,2026-08-28T01:43:18.841495,False,
tokopedia,102418837619,https://www.tokopedia.com/technocentral/laptop-axioo-hype-5-amd-jkt48-x3-lollipop-ryzen-5-3500-8gb-256gb-w11-14-0fhd-ips-blit-1732865652439680643?extParam=ivf%3Dfalse%26keyword%3Dlaptop+axioo%26src%3Dsearch,LAPTOP AXIOO HYPE 5 AMD JKT48 X3 LOLLIPOP RYZEN 5 3500 8GB 256GB W11 14.0FHD IPS BLIT,Axioo,,RYZEN 5 3500,8,,,,6809000,,new,Techno Central,5.0,,False,,Bogor,2026-08-28T01:43:18.841826,False,
tokopedia,12672374275,https://www.tokopedia.com/prostorecomputer/laptop-axioo-hype-10-n4020-8gb-256gb-dos-14-0-laptop-f4640?extParam=ivf%3Dfalse%26keyword%3Dlaptop+axioo%26src%3Dsearch,LAPTOP AXIOO HYPE 10 N4020 8GB 256GB DOS 14.0,Axioo,,N4020,8,,,,4889000,,new,ProStoreComputer,5.0,,False,,Jakarta Utara,2026-08-28T01:43:18.842082,False,
tokopedia,103567955413,https://www.tokopedia.com/kanglaptop/axioo-pongo-725-v2-i7-13620h-nvidia-rtx-2050-4gb-ram-16gb-ssd-512gb-windows-11-pro-15-6-full-hd-144hz-ipsq-1731161676697929545-1736462238608623433?extParam=ivf%3Dfalse%26keyword%3Dlaptop+axioo%26src%3Dsearch,Laptop Axioo Pongo 725 V2 Core i7-13620H RTX 2050 16GB 512GB SSD 15.6 Inch FHD 144Hz Windows 11 Pro,Axioo,,I7-13620H,16,512,RTX 2050,15.6,14049000,,new,KangLaptop_NEW,5.0,,False,,Jakarta Selatan,2026-08-28T01:43:18.842377,False,
tokopedia,14542709928,https://www.tokopedia.com/herlinacom/axioo-hype-5-amd-x3-ryzen-5-3500-8gb-256gb-dos-w11-14-0fhd-ips-blit-non-paket-dos-b42bb?extParam=ivf%3Dtrue%26keyword%3Dlaptop+axioo%26src%3Dsearch,Laptop Axioo Hype 5 Amd JKT48 X3 Ryzen 5 3500u Ram 8Gb 256Gb Ssd Win 11 Ori 14.0 Full HD Ips,Axioo,,RYZEN 5 3500U,8,256,,,6439000,,new,Herlinacom,5.0,,False,,Depok,2026-08-28T01:43:18.842628,False,
tokopedia,102650526207,https://www.tokopedia.com/smartmediacom/laptop-axioo-mybook-hype-3-g11-i3-1125g4-8gb-ddr4-256gb-512gb-14-fhd-ips-dos-1733449771117872387?extParam=ivf%3Dfalse%26keyword%3Dlaptop+axioo%26src%3Dsearch,"Laptop AXIOO MyBook HYPE 3 (G11) |i3-1125G4 | 8GB ddr4 | 256GB/512GB | 14"" FHD IPS | DOS",Axioo,,,8,,,,7157000,,new,Smart Media Computer,5.0,,False,,Makassar,2026-08-28T01:43:18.842944,False,
tokopedia,100472578293,https://www.tokopedia.com/onestopgaming/laptop-axioo-mybook-hype-5-x6-amd-ryzen-5-6600h-ram-16gb-512gb-ssd-14-fhd-ips-windows-11-resmi-adp-1731433201167598850?extParam=ivf%3Dtrue%26keyword%3Dlaptop+axioo%26src%3Dsearch,"[ RESMI + ADP ] Laptop Axioo MyBook HYPE 5 X6 AMD Ryzen 5 6600H RAM 16GB 512GB SSD 14"" FHD IPS Windows 11",Axioo,,RYZEN 5 6600H,16,512,,,9654500,,new,Onestop Gaming,5.0,,False,,Jakarta Pusat,2026-08-28T01:43:18.843203,False,
tokopedia,102199544265,https://www.tokopedia.com/studiolaptop/axioo-mybook-hype-r-r5-r3-oled-intel-core-i5-1235u-i3-1215u-24gb-12gb-512gb-256gb-ssd-w11-14-0-laptop-ultrabook-notebook-garansi-resmi-1732385460214662983?extParam=ivf%3Dfalse%26keyword%3Dlaptop+axioo%26src%3Dsearch,AXIOO MYBOOK HYPE R R5 R3 OLED INTEL CORE I5 1235U I3 1215U 24GB 12GB 512GB 256GB SSD W11 14.0 - LAPTOP ULTRABOOK NOTEBOOK GARANSI RESMI,Axioo,,I5 1235U,12,256,,,8377000,,new,Studio Laptop,5.0,,False,,Jakarta Pusat,2026-08-28T01:43:18.843523,False,
tokopedia,16148626069,https://www.tokopedia.com/collinsofficial/laptop-axioo-hype-5-g12-i5-1235-8gb-256gb-16gb-512gb-14-0-fhd-ips-dos-w11-1730825195015735104?extParam=ivf%3Dfalse%26keyword%3Dlaptop+axioo%26src%3Dsearch,LAPTOP AXIOO HYPE 5 G12 I5 1235 8GB 256GB | 16GB 512GB 14.0 FHD IPS DOS/W11,Axioo,,I5 1235,8,,,,7619000,,new,Collins Official,5.0,,False,,Jakarta Utara,2026-08-28T01:43:18.843855,False,
tokopedia,102925416090,https://www.tokopedia.com/kingznotebook/laptop-axioo-hype-1-n4020u-8gb-512gb-w11-14-anti-glare-1734178982410815148?extParam=ivf%3Dfalse%26keyword%3Dlaptop+axioo%26src%3Dsearch,"Laptop Axioo Hype 1 N4020U 8GB 512GB W11 14"" Anti Glare",Axioo,,,8,,,,4219000,,new,Kingz Notebook,5.0,,False,,Jakarta Pusat,2026-08-28T01:43:18.844136,False,
tokopedia,103003771325,https://www.tokopedia.com/royalltech/laptop-axioo-hype-r-5-intel-core-i5-1235-24gb-512gb-ssd-w11-office-14-0fhd-under-1kg-ringan-enteng-tipis-1734345769273624055?extParam=ivf%3Dfalse%26keyword%3Dlaptop+axioo%26src%3Dsearch,LAPTOP AXIOO HYPE-R 5 INTEL CORE I5 1235 24GB 512GB SSD W11 OFFICE 14.0FHD - UNDER 1KG RINGAN ENTENG TIPIS,Axioo,,I5 1235,24,512,,,10229000,,new,royalltech,5.0,,False,,Jakarta Utara,2026-08-28T01:43:18.844438,False,
tokopedia,103326382039,https://www.tokopedia.com/artomoro-co/axioo-hype-10-intel-n4020-ram-8gb-ssd-256gb-windows-11-14-hd-laptop-sekolah-1729971614625007514-1735377447129614234?extParam=ivf%3Dfalse%26keyword%3Dlaptop+axioo%26src%3Dsearch,"AXIOO HYPE 10 Intel N4020 RAM 8GB SSD 256GB Windows 11 14"" HD - Laptop Sekolah",Axioo,,INTEL N4020,8,256,,,9889000,,new,Artomoro Comp,5.0,,False,,Surabaya,2026-08-28T01:43:18.844676,False,
tokopedia,103003684316,https://www.tokopedia.com/royalltech/axioo-hype-r-5-oled-intel-core-i5-1235-24gb-12gb-512gb-ssd-w11-office-14-0fhd-ips-1kg-laptop-oled-enteng-ringan-1734345597600105975?extParam=ivf%3Dfalse%26keyword%3Dlaptop+axioo%26src%3Dsearch,AXIOO HYPE-R 5 OLED INTEL CORE I5 1235 24GB 12GB 512GB SSD W11 OFFICE 14.0FHD IPS (1KG) LAPTOP OLED ENTENG RINGAN,Axioo,,I5 1235,12,512,,,11259000,,new,royalltech,5.0,,False,,Jakarta Utara,2026-08-28T01:43:18.844976,False,
tokopedia,100080376503,https://www.tokopedia.com/agresiddepok/laptop-axioo-hype-1-intel-n4020-8gb-384gb-win-11-14-0-hd-1730900808725005461?extParam=ivf%3Dtrue%26keyword%3Dlaptop+axioo%26src%3Dsearch,Laptop Axioo Hype 1 Intel N4020 8GB 384GB Win 11 14.0 HD,Axioo,,INTEL N4020,8,,,,4889000,,new,Agres ID Depok,5.0,,False,,Depok,2026-08-28T01:43:18.845340,False,
tokopedia,102093105303,https://www.tokopedia.com/protechcom/laptop-axioo-hype-r-5-oled-i5-1235-24gb-512gb-dos-14-fhd-1732196499479496608?extParam=ivf%3Dfalse%26keyword%3Dlaptop+axioo%26src%3Dsearch,"LAPTOP AXIOO HYPE-R 5 OLED I5 1235 24GB 512GB DOS 14"" FHD",Axioo,,I5 1235,24,,,,11259000,,new,ProTech Com,5.0,,False,,Jakarta Utara,2026-08-28T01:43:18.845577,False,
tokopedia,103551768144,https://www.tokopedia.com/studiolaptop/macbook-air-m2-2022-13-inch-ram-16gb-ssd-256gb-512gb-1731268675242067783-1736384892922726215?extParam=ivf%3Dfalse%26keyword%3Dlaptop+axioo%26src%3Dsearch,AXIOO HYPE 10 X HYPE 1 U1 R1 INTEL CELERON N4020 8GB 256GB 128GB - LAPTOP NOTEBOOK GARANSI RESMI,Axioo,,CELERON N4020,8,,,,3870000,,new,Studio Laptop,5.0,,False,,Jakarta Pusat,2026-08-28T01:43:18.846053,False,
tokopedia,102939629953,https://www.tokopedia.com/pusatgaminglaptop/laptop-axioo-hype-10-intel-celeron-n4020-ram-8gb-ssd-256gb-windows-11-14-0-inc-1734214595836151481?extParam=ivf%3Dfalse%26keyword%3Dlaptop+axioo%26src%3Dsearch,LAPTOP AXIOO HYPE 10 INTEL CELERON N4020 RAM 8GB SSD 256GB WINDOWS 11 14.0 INC,Axioo,,CELERON N4020,8,256,,,4889000,,new,PUSAT GAMING LAPTOP,5.0,,False,,Bekasi,2026-08-28T01:43:18.846292,False,
tokopedia,15692234602,https://www.tokopedia.com/gameridsurabaya/axioo-hype-5-amd-x6-ryzen-5-6600h-16gb-512ssd-w11-14-fhd-ips-blit-unit-only-16-512-2a2a2?extParam=ivf%3Dfalse%26keyword%3Dlaptop+axioo%26src%3Dsearch,"LAPTOP AXIOO Hype 5 AMD X6 RYZEN 5 6600H RAM 16GB SSD 256GB - 512GB WINDOWS 11 LAYAR 14.0"" FHD IPS BLIT GARANSI RESMI",Axioo,,RYZEN 5 6600H,16,256,,,10199000,,new,Gamer ID Surabaya,5.0,,False,,Surabaya,2026-08-28T01:43:18.846540,False,
tokopedia,12803542768,https://www.tokopedia.com/rogsstoreid/laptop-axioo-hype-1-intel-celeron-n4020-ram-4gb-8gb-128gb-14-standard-4gb-128gb-4e62e?extParam=ivf%3Dfalse%26keyword%3Dlaptop+axioo%26src%3Dsearch,"LAPTOP AXIOO HYPE 1 INTEL CELERON N4020 RAM 4GB/8GB 128GB 14""",Axioo,,CELERON N4020,4,,,,4219000,,new,ROGS STORE,5.0,,False,,Jakarta Utara,2026-08-28T01:43:18.846742,False,
tokopedia,103169707958,https://www.tokopedia.com/laptopcreatorid/axioo-laptop-hype-5-amd-x5-2-ryzen-5-7430-16gb-ram-256gb-ssd-14-0-fhd-ips-windows-11-garansi-resmi-1-tahun-1730933382372885522-1734872467549291538?extParam=ivf%3Dfalse%26keyword%3Dlaptop+axioo%26src%3Dsearch,Axioo Laptop Hype 5 AMD X5-2 Ryzen 5 7430 16GB RAM 256GB SSD 14.0 FHD IPS Windows 11 Garansi Resmi 1 Tahun,Axioo,,RYZEN 5 7430,256,256,,,7189000,,new,LAPTOP SHOP ID,5.0,,False,,Jakarta Utara,2026-08-28T01:43:18.847157,False,
tokopedia,102542664692,https://www.tokopedia.com/teknotrend/wn-laptop-axioo-hype-5-amd-x3-ryzen-5-3500u-8gb-256gb-14-fhd-1732151879895058370?extParam=ivf%3Dfalse%26keyword%3Dlaptop+axioo%26src%3Dsearch,"[WN] - LAPTOP AXIOO HYPE 5 AMD X3 RYZEN 5 3500U 8GB 256GB 14"" FHD",Axioo,,RYZEN 5 3500U,8,,,,6539500,,new,TeknoTrend ID,5.0,,False,,Jakarta Pusat,2026-08-28T01:43:18.847309,False,
tokopedia,15028639912,https://www.tokopedia.com/agresidjakut/laptop-gaming-axioo-pongo-750-intel-i7-13620h-rtx4050-6gb-ram-16gb-512gb-windows-11-15-6-full-hd-144hz-ips-rgb-laptop-bonus-16gb-512gb-dos-2c753?extParam=ivf%3Dfalse%26keyword%3Dlaptop+axioo%26src%3Dsearch,"Laptop Gaming Axioo Pongo 750 Intel i7 13620H RTX4050 6GB/ Ram 16GB 512GB Windows 11 15.6"" Full HD 144Hz IPS RGB",Axioo,,I7 13620H,16,,RTX4050,,17409000,,new,Agres ID Jakarta Utara,5.0,,False,,Jakarta Pusat,2026-08-28T01:43:18.847455,False,
tokopedia,16071401033,https://www.tokopedia.com/royalltech/laptop-axioo-hype-3-g11-i3-1125g4-16gb-32gb-256gb-512gb-ssd-w11-office-14-0-fhd-ips-1730795726467270135?extParam=ivf%3Dfalse%26keyword%3Dlaptop+axioo%26src%3Dsearch,LAPTOP AXIOO HYPE 3 G11 i3 1125G4 16GB 32GB - 256GB 512GB SSD W11 OFFICE 14.0 FHD IPS,Axioo,,,,512,,,6819000,,new,royalltech,5.0,,False,,Jakarta Utara,2026-08-28T01:43:18.847631,False,
tokopedia,102954775836,https://www.tokopedia.com/vivatech/laptop-axioo-hype-5-amd-x6-ryzen-5-6600h-16gb-256gb-512gb-w11-14-0fhd-ips-blit-grey-1734246648268424496?extParam=ivf%3Dfalse%26keyword%3Dlaptop+axioo%26src%3Dsearch,Laptop AXIOO HYPE 5 AMD X6 RYZEN 5 6600H 16GB 256GB/512GB W11 14.0FHD IPS BLIT GRey,Axioo,,RYZEN 5 6600H,16,,,,9199000,,new,VIVATECH STORE,5.0,,False,,Jakarta Timur,2026-08-28T01:43:18.847821,False,
tokopedia,102958678006,https://www.tokopedia.com/royalltech/laptop-axioo-hype-5-x6-amd-ryzen-5-6600h-16gb-512gb-ssd-w11-office-14-0fhd-ips-backlit-hdmi-laptop-ultrabook-1734256211908265463?extParam=ivf%3Dfalse%26keyword%3Dlaptop+axioo%26src%3Dsearch,Laptop AXIOO HYPE 5 X6 AMD Ryzen 5 6600H 16GB 512GB SSD W11 + OFFICE 14.0FHD IPS Backlit HDMI - LAPTOP ULTRABOOK,Axioo,,RYZEN 5 6600H,16,512,,,9199000,,new,royalltech,5.0,,False,,Jakarta Utara,2026-08-28T01:43:18.848115,False,
tokopedia,102925737729,https://www.tokopedia.com/anugerahdigital/laptop-axioo-hype-1-n4020-4gb-128gb-m2-sata-14-hd-dos-win-11-ori-1734179604189513047?extParam=ivf%3Dfalse%26keyword%3Dlaptop+axioo%26src%3Dsearch,"Laptop Axioo Hype 1 N4020 4GB 128GB M2 SATA 14""HD DOS/Win 11 Ori",Axioo,,N4020,4,,,14.0,4499000,,new,Anugerah Digital Lestari,5.0,,False,,Jakarta Pusat,2026-08-28T01:43:18.848350,False,
tokopedia,14516174530,https://www.tokopedia.com/prostorecomputer/laptop-axioo-hype-5-ryzen-5-5500-8gb-256gb-w11pro-office-14-0fhd-r5-g3-dos-8-256-laptop-4d54b?extParam=ivf%3Dfalse%26keyword%3Dlaptop+axioo%26src%3Dsearch,LAPTOP AXIOO HYPE 5 RYZEN 5 5500 8GB 256GB W11PRO + OFFICE 14.0FHD,Axioo,,RYZEN 5 5500,8,,,,6439000,,new,ProStoreComputer,5.0,,False,,Jakarta Utara,2026-08-28T01:43:18.848537,False,
tokopedia,15057252304,https://www.tokopedia.com/technocentral/laptop-axioo-pongo-750-i7-13620h-rtx4050-6gb-16gb-512gb-dos-w11-15-6fhd-144hz-ips-rgb-dos-unit-laptop-aae04?extParam=ivf%3Dfalse%26keyword%3Dlaptop+axioo%26src%3Dsearch,LAPTOP AXIOO PONGO 750 I7 13620H RTX4050 6GB/ 16GB 512GB DOS / W11 15.6FHD 144HZ IPS RGB,Axioo,,I7 13620H,16,,RTX4050,,17459000,,new,Techno Central,5.0,,False,,Bogor,2026-08-28T01:43:18.848692,False,
tokopedia,15833287230,https://www.tokopedia.com/golaptopjakarta/laptop-axioo-hype-1-celeron-n4020-ram-gb-128gb-ssd-14-0-win-11-non-antigores-8gb-128ssd-5ada7?extParam=ivf%3Dfalse%26keyword%3Dlaptop+axioo%26src%3Dsearch,LAPTOP AXIOO HYPE 1 CELERON N4020 Ram 8 GB 128GB Ssd 14.0 WIN 11,Axioo,,CELERON N4020,8,128,,,4619000,,new,GO LAPTOP JAKARTA,5.0,,False,,Jakarta Pusat,2026-08-28T01:43:18.848847,False,
tokopedia,100563160526,https://www.tokopedia.com/gateway/laptop-axioo-mybook-hype-r-3-i3-1215-12gb-256gb-w11-14-0fhd-1731584646640010677?extParam=ivf%3Dfalse%26keyword%3Dlaptop+axioo%26src%3Dsearch,LAPTOP AXIOO MYBOOK HYPE-R 3 I3 1215 12GB 256GB W11 14.0FHD,Axioo,,I3 1215,12,,,,7849000,,new,Gateway Indonesia Comp,5.0,,False,,Jakarta Utara,2026-08-28T01:43:18.848995,False,
tokopedia,103624023723,https://www.tokopedia.com/studiolaptop/162261-new-proteksi-bubble-wrap-perlindungan7-1734409863653984071-1736681552028600135?extParam=ivf%3Dfalse%26keyword%3Dlaptop+axioo%26src%3Dsearch,AXIOO Mybook Hype 3 G12 INTEL i3 1215U | Hype 3 G11 i3 1115G4 8GB 256GB - LAPTOP NOTEBOOK ULTRABOOK GARANSI RESMI,Axioo,,I3 1215U,8,,,,6759000,,new,Studio Laptop,5.0,,False,,Jakarta Pusat,2026-08-28T01:43:18.849275,False,
tokopedia,103724685278,https://www.tokopedia.com/rogonline/laptop-axioo-hype-r-5-core-i5-gen-12-24gb-1tb-ssd-windows-11-14-0-inch-ips-panel-ringan-1-kg-1731809752568202471-1736997545651569895?extParam=ivf%3Dtrue%26keyword%3Dlaptop+axioo%26src%3Dsearch,Laptop Axioo Hype R 5 Core i5 Gen 12 24GB 1TB SSD Windows 11 14.0 Inch IPS Panel Ringan 1 Kg,Axioo,,,24,1024,,14.0,10229000,,new,ROGZ Online,5.0,,False,,Jakarta Pusat,2026-08-28T01:43:18.849557,False,
tokopedia,100277704370,https://www.tokopedia.com/teknotrend/laptop-axioo-hype-r3-oled-ips-core-i3-1215u-12gb-24gb-256gb-14-fhd-1730968666512525250?extParam=ivf%3Dfalse%26keyword%3Dlaptop+axioo%26src%3Dsearch,Laptop Axioo Hype R3 OLED IPS Core i3 1215U 12GB 24GB 256GB 14 FHD,Axioo,,I3 1215U,24,,,,8370500,,new,TeknoTrend ID,5.0,,False,,Jakarta Pusat,2026-08-28T01:43:18.849779,False,
tokopedia,16706664645,https://www.tokopedia.com/legendeltro-id/laptop-axioo-hype-1-n4020-8gb-128gb-w11-14-0-gry-blu-1731685543432127537?extParam=ivf%3Dfalse%26keyword%3Dlaptop+axioo%26src%3Dsearch,Laptop AXIOO HYPE 1 N4020 8GB 128GB W11 14.0 GRY/BLU,Axioo,,N4020,8,,,,4209000,,new,LEGEND.ELTRO.ID,5.0,,False,,Tangerang Selatan,2026-08-28T01:43:18.849993,False,
tokopedia,103302831540,https://www.tokopedia.com/golaptopjakarta/laptop-murah-axioo-hype-5-amd-x3-ryzen-5-3500-ram-8gb-ssd-256gb-w11-14-fhd-ips-backlit-1735282970738459674?extParam=ivf%3Dfalse%26keyword%3Dlaptop+axioo%26src%3Dsearch,"Laptop Murah AXIOO Hype 5 AMD X3 Ryzen 5 3500 RAM 8GB SSD 256GB W11 14"" FHD Ips Backlit",Axioo,,RYZEN 5 3500,8,256,,,6539000,,new,GO LAPTOP JAKARTA,5.0,,False,,Jakarta Pusat,2026-08-28T01:43:18.850208,False,
tokopedia,100639034442,https://www.tokopedia.com/technocentral/laptop-axioo-hype-5-g12-i5-1235-16gb-256gb-dos-14-0fhd-ips-blk-1731734119189153411?extParam=ivf%3Dfalse%26keyword%3Dlaptop+axioo%26src%3Dsearch,LAPTOP AXIOO HYPE 5 G12 I5 1235 16GB 256GB DOS 14.0FHD IPS BLK,Axioo,,I5 1235,16,,,,7919000,,new,Techno Central,5.0,,False,,Bogor,2026-08-28T01:43:18.850425,False,
tokopedia,15988224680,https://www.tokopedia.com/gameridsurabaya/laptop-axioo-hype-5-amd-x5-2-ryzen-5-7430-ram-8gb-ssd-256gb-w11-14-0fhd-ips-unit-only-abu-abu-39bf3?extParam=ivf%3Dfalse%26keyword%3Dlaptop+axioo%26src%3Dsearch,Laptop AXIOO HYPE 5 AMD X5-2 RYZEN 5 7430 RAM 8GB SSD 256GB W11 14.0FHD IPS,Axioo,,RYZEN 5 7430,8,256,,,7599000,,new,Gamer ID Surabaya,5.0,,False,,Surabaya,2026-08-28T01:43:18.850626,False,
tokopedia,103442615994,https://www.tokopedia.com/axiooslimbook/pickup-kurir-toko-laptop-axioo-hype-7-amd-x8-1-ryzen-7-6800h-16gb-512gb-14-fhd-w11-1735884643102983535-1735884643112617327?extParam=ivf%3Dfalse%26keyword%3Dlaptop+axioo%26src%3Dsearch,"[PICKUP/KURIR TOKO] LAPTOP AXIOO HYPE 7 AMD X8-1 | Ryzen 7 6800H 16GB 512GB 14""FHD W11",Axioo,,RYZEN 7 6800H,16,,,14.0,9800640,,new,Axioo Official Store ID,5.0,,False,,Jakarta Utara,2026-08-28T01:43:18.850888,False,
tokopedia,102960642120,https://www.tokopedia.com/royalltech/laptop-gaming-axioo-pongo-735-intel-core-i7-13620h-rtx3050-6gb-32gb-16gb-1tb-512gb-w11-15-6-fhd-144hz-ips-rgb-3y-1734259864198350327?extParam=ivf%3Dfalse%26keyword%3Dlaptop+axioo%26src%3Dsearch,LAPTOP GAMING AXIOO PONGO 735 INTEL CORE I7 13620H RTX3050 6GB/ 32GB 16GB 1TB 512GB W11 15.6 FHD 144HZ IPS RGB 3Y,Axioo,,I7 13620H,16,,RTX3050,,14599000,,new,royalltech,5.0,,False,,Jakarta Utara,2026-08-28T01:43:18.851251,False,
tokopedia,103699012055,https://www.tokopedia.com/rogonline/laptop-axioo-hype-1-intel-n4020-8gb-384-ssd-windows-11-14-0-hd-1730094842101073127-1736941927954089191?extParam=ivf%3Dfalse%26keyword%3Dlaptop+axioo%26src%3Dsearch,"Axioo Laptop Hype 1 Intel Celeron N4020 8GB RAM 384GB SSD Windows 11 14.0"" HD Display Audio & Speakers HD Webcam Wi-Fi 5 Bluetooth 5.1",Axioo,,CELERON N4020,384,384,,,3969000,,new,ROGZ Online,5.0,,False,,Jakarta Pusat,2026-08-28T01:43:18.851518,False,
tokopedia,15978965145,https://www.tokopedia.com/teknotrend/laptop-axioo-mybook-hype-5-i5-1035g4-ram-8gb-512gb-ssd-14-fhd-ips-win11-1731262237723101122?extParam=ivf%3Dtrue%26keyword%3Dlaptop+axioo%26src%3Dsearch,"Laptop Axioo MyBook Hype 5 i5-1035G4 RAM 8GB 512GB SSD 14"" FHD IPS Win11",Axioo,,,8,512,,,6539500,,new,TeknoTrend ID,5.0,,False,,Jakarta Pusat,2026-08-28T01:43:18.851760,False,
tokopedia,102675039028,https://www.tokopedia.com/teknotrend/exclusive-affiliate-price-laptop-axioo-mybook-hype-5-i5-1035g4-ram-8gb-512gb-ssd-14-fhd-ips-win11-1733531166895736770?extParam=ivf%3Dfalse%26keyword%3Dlaptop+axioo%26src%3Dsearch,"Exclusive Affiliate Price - Laptop Axioo MyBook Hype 5 i5-1035G4 RAM 8GB 512GB SSD 14"" FHD IPS Win11",Axioo,,,8,512,,,6611500,,new,TeknoTrend ID,5.0,,False,,Jakarta Pusat,2026-08-28T01:43:18.852039,False,
tokopedia,16241800814,https://www.tokopedia.com/collinsofficial/laptop-axioo-hype-r-5-oled-i5-1235-24gb-512gb-14-0-fhd-1kg-dos-w11-1730861126871385920?extParam=ivf%3Dfalse%26keyword%3Dlaptop+axioo%26src%3Dsearch,LAPTOP AXIOO HYPE-R 5 OLED I5 1235 24GB 512GB 14.0 FHD 1KG DOS/W11,Axioo,,I5 1235,24,,,,11259000,,new,Collins Official,5.0,,False,,Jakarta Utara,2026-08-28T01:43:18.852271,False,
tokopedia,103410875475,https://www.tokopedia.com/herlinacom/laptop-axioo-hype-5-amd-jkt48-x3-lollipop-ryzen-5-3500u-ram-8gb-256gb-ssd-win-11-ori-14-0-full-hd-ips-1731506035510183310-1735740820456179086?extParam=ivf%3Dtrue%26keyword%3Dlaptop+axioo%26src%3Dsearch,Laptop Axioo Hype 5 AMD JKT48 X3 Lollipop Ryzen 5 3500U Ram 8Gb 256Gb Ssd Win 11 Ori 14.0 Full HD Ips,Axioo,,RYZEN 5 3500U,8,256,,,6439000,,new,Herlinacom,5.0,,False,,Depok,2026-08-28T01:43:18.852522,False,
tokopedia,102792595252,https://www.tokopedia.com/smartmediacom/laptop-axioo-mybook-hype-5-x5-2-ryzen-5-7430u-8gb-ddr4-256gb-14-fhd-ips-dos-1733869459381126403?extParam=ivf%3Dfalse%26keyword%3Dlaptop+axioo%26src%3Dsearch,"Laptop AXIOO MyBook HYPE 5 X5 -2|Ryzen 5 7430U|8GB DDR4|256GB|14"" FHD IPS|DOS",Axioo,,RYZEN 5 7430U,8,,,,7426000,,new,Smart Media Computer,5.0,,False,,Makassar,2026-08-28T01:43:18.852749,False,
tokopedia,103308624546,https://www.tokopedia.com/kingznotebook/laptop-axioo-hype-5-amd-x3-ryzen-5-3500u-8gb-256gb-w11-14-fhd-ips-lollipop-edition-1735310841075369644?extParam=ivf%3Dfalse%26keyword%3Dlaptop+axioo%26src%3Dsearch,"Laptop Axioo Hype 5 AMD X3 Ryzen 5 3500U 8GB 256GB W11 14"" FHD IPS Lollipop Edition",Axioo,,RYZEN 5 3500U,8,,,,6539000,,new,Kingz Notebook,5.0,,False,,Jakarta Pusat,2026-08-28T01:43:18.853023,False,
tokopedia,13832267554,https://www.tokopedia.com/myhartono/axioo-laptop-notebook-mybook-hype-1-intel-celeron-n4020-nbax23sc04gnb1?extParam=ivf%3Dfalse%26keyword%3Dlaptop+axioo%26src%3Dsearch%26whid%3D18738107,Axioo Laptop Notebook MyBook Hype 1 Intel Celeron N4020 NBAX23SC04GNB1,Axioo,,CELERON N4020,,,,,4569000,,new,MyHartono,5.0,,False,,Surabaya,2026-08-28T01:43:18.853281,False,
tokopedia,103515157600,https://www.tokopedia.com/gamer-id-bogor/laptop-axioo-hype-x1-amd-athlon-gold-3150c-8gb-128gb-windows-11-1736195375579957097-1736195512122967913?extParam=ivf%3Dfalse%26keyword%3Dlaptop+axioo%26src%3Dsearch,Laptop AXIOO Hype X1 AMD ATHLON GOLD 3150C 8GB 128GB Windows 11,Axioo,,ATHLON GOLD,8,,,,5699000,,new,Gamer ID Bogor,5.0,,False,,Bogor,2026-08-28T01:43:18.853513,False,
tokopedia,103017313440,https://www.tokopedia.com/axiooslimbook/laptop-axioo-hype-r-5-touch-i5-1235u-24gb-512gb-14-fhd-windows-11-1734369876588529007?extParam=ivf%3Dfalse%26keyword%3Dlaptop+axioo%26src%3Dsearch,"LAPTOP AXIOO HYPE R 5  Touch  i5 1235U 24GB 512GB 14"" FHD WINDOWS 11",Axioo,,I5 1235U,24,,,,10929000,,new,Axioo Official Store ID,5.0,,False,,Jakarta Utara,2026-08-28T01:43:18.853743,False,
tokopedia,100283329659,https://www.tokopedia.com/onestopgaming/axioo-mybook-hype-5-x3-amd-ryzen-5-ram-8gb-256gb-ssd-14-fhd-ips-windows-11-resmi-axioo-adp-1731297383241319682?extParam=ivf%3Dtrue%26keyword%3Dlaptop+axioo%26src%3Dsearch,"[ RESMI + ADP ] Laptop Axioo Mybook HYPE 5 X3 AMD Ryzen 5 RAM 8GB 256GB SSD 14"" FHD IPS Windows 11",Axioo,,,8,256,,,6262500,,new,Onestop Gaming,5.0,,False,,Jakarta Pusat,2026-08-28T01:43:18.854029,False,
tokopedia,15809109837,https://www.tokopedia.com/collinsofficial/laptop-axioo-hype-7-amd-x7-ryzen-7-5825-8gb-512gb-14-0-fhd-ips-dos-w11-ram-8gb-dos-017ec?extParam=ivf%3Dfalse%26keyword%3Dlaptop+axioo%26src%3Dsearch,LAPTOP AXIOO HYPE 7 AMD X7 RYZEN 7 5825 8GB 512GB 14.0 FHD IPS DOS/W11,Axioo,,RYZEN 7 5825,8,,,,11999000,,new,Collins Official,5.0,,False,,Jakarta Utara,2026-08-28T01:43:33.272887,False,
tokopedia,103281574805,https://www.tokopedia.com/gameridsurabaya/laptop-axioo-hype-5-amd-x5-2-ryzen-5-7430-ram8gb-ssd256gb-dos-14-0fullhd-ips-1730836395449878483-1735200666117638099?extParam=ivf%3Dfalse%26keyword%3Dlaptop+axioo%26src%3Dsearch,"Laptop AXIOO HYPE 5 AMD X5-2 RYZEN 5 7430 RAM8GB SSD256GB DOS - WIndows 11 Layar 14.0"" Ful lHD IPS",Axioo,SSD256GB,RYZEN 5 7430,8,256,,,7289000,,new,Gamer ID Surabaya,5.0,,False,,Surabaya,2026-08-28T01:43:33.273002,False,
tokopedia,103294769731,https://www.tokopedia.com/agresidjakartaselatan/laptop-axioo-pongo-735-rtx3050-6gb-i7-13620h-16gb-512gb-windows-11-15-6-full-hd-144hz-ips-1732371320061134607-1735244746252191503?extParam=ivf%3Dtrue%26keyword%3Dlaptop+axioo%26src%3Dsearch,"Laptop AXIOO Pongo 735 RTX3050 6GB I7 13620H 16GB 512GB Windows 11 15.6"" Full HD 144Hz Ips",Axioo,,I7 13620H,16,,RTX3050,,14599000,,new,Agres ID Jakarta Selatan,5.0,,False,,Jakarta Selatan,2026-08-28T01:43:33.273114,False,
tokopedia,103672308862,https://www.tokopedia.com/gamingdistributorid/laptop-axioo-hype-1-n4020-8gb-128gb-ssd-w11-14-0-1736835334143968878?extParam=ivf%3Dtrue%26keyword%3Dlaptop+axioo%26src%3Dsearch,Laptop Axioo Hype 1 N4020 8GB 128GB SSD W11 14.0,Axioo,,N4020,8,128,,,5990000,,new,GAMING DISTRIBUTOR ID,5.0,,False,,Jakarta Barat,2026-08-28T01:43:33.273205,False,
tokopedia,15917629652,https://www.tokopedia.com/herlinacom/laptop-axioo-hype-7-amd-x7-ryzen-7-5825u-ram-16gb-512gb-ssd-win-11-ori-14-0-non-paket-8gb-512-dos-26805?extParam=ivf%3Dtrue%26keyword%3Dlaptop+axioo%26src%3Dsearch,Laptop Axioo Hype 7 AMD X7 Ryzen 7 5825U Ram  16Gb 512Gb Ssd Win 11 Ori 14.0,Axioo,,RYZEN 7 5825U,16,512,,,8339000,,new,Herlinacom,5.0,,False,,Depok,2026-08-28T01:43:33.273299,False,
tokopedia,16187431687,https://www.tokopedia.com/teknotrend/laptop-axioo-hype-5-amd-x5-2-lolipop-edition-ryzen-5-7430u-8gb-256gb-14-1730835312394011936?extParam=ivf%3Dfalse%26keyword%3Dlaptop+axioo%26src%3Dsearch,"LAPTOP AXIOO HYPE 5 AMD X5 - 2 LOLIPOP EDITION Ryzen 5 7430U 8GB 256GB 14""",Axioo,,RYZEN 5 7430U,8,,,,7838500,,new,TeknoTrend ID,5.0,,False,,Jakarta Pusat,2026-08-28T01:43:33.273398,False,
tokopedia,102516965420,https://www.tokopedia.com/smartmediacom/laptop-axioo-mybook-hype-5-x3-jkt48-amd-ryzen-5-3500u-8gb-ddr4-256gb-14-fhd-ips-dos-1733081515773363459?extParam=ivf%3Dfalse%26keyword%3Dlaptop+axioo%26src%3Dsearch,"Laptop AXIOO MyBook HYPE 5 X3 JKT48|AMD Ryzen 5 3500U|8GB DDR4|256GB|14"" FHD IPS|DOS",Axioo,,RYZEN 5 3500U,8,,,,6813000,,new,Smart Media Computer,5.0,,False,,Makassar,2026-08-28T01:43:33.273494,False,
tokopedia,100255194463,https://www.tokopedia.com/jagonotebook/axioo-pongo-760-v2-i7-12650h-rtx-4060-16gb-512gb-15-6-srgb-win11-pro-16gb-512ssd-dos-non-antigores-d34f7?extParam=ivf%3Dfalse%26keyword%3Dlaptop+axioo%26src%3Dsearch,"Axioo Pongo 760 V2 Laptop Gaming Intel Core i7-13620H RTX4060 8GB/ 32GB 1TB SSD Windows 11 15.6FHD 144HZ IPS RGB - Battery, Audio",Axioo,,I7-13620H,32,1024,RTX4060,,18669000,,new,JAGO Notebook,5.0,,False,,Kab. Tangerang,2026-08-28T01:43:33.273608,False,
tokopedia,8332178106,https://www.tokopedia.com/axiooslimbook/laptop-axioo-pongo-studio-x-ultra-9-32gb-1tb-ssd-rtx5070ti-12gb-300hz-windows-11-1731092562684118383?extParam=ivf%3Dfalse%26keyword%3Dlaptop+axioo%26src%3Dsearch,LAPTOP AXIOO PONGO STUDIO X Ultra 9 32GB 1TB SSD RTX5070Ti 12GB 300Hz WINDOWS 11,Axioo,,,32,1024,RTX5070TI,,45999000,,new,Axioo Official Store ID,5.0,,False,,Jakarta Utara,2026-08-28T01:43:33.273709,False,
tokopedia,102888663524,https://www.tokopedia.com/calosasurabaya/axioo-hype-1-n4020-8gb-512gb-256gb-128gb-windows-11-original-intel-celeron-1734092170119645011?extParam=ivf%3Dtrue%26keyword%3Dlaptop+axioo%26src%3Dsearch,Laptop Axioo Hype 1 N4020 RAM 8GB SSD 128GB / 256GB / 512GB Windows 11 Original 14 inch HD Mybook Hype 1 Soulmate JKT48,Axioo,,N4020,8,128,,14.0,5439000,,new,Calosa Surabaya,5.0,,False,,Surabaya,2026-08-28T01:43:33.273828,False,
tokopedia,103499262709,https://www.tokopedia.com/kingznotebook/laptop-axioo-hype-3-g11-core-i3-1125g4-8gb-256gb-w11-14-fhd-ips-1731320495879456428-1736140702582539948?extParam=ivf%3Dfalse%26keyword%3Dlaptop+axioo%26src%3Dsearch,"Laptop Axioo Hype 3 G11 Core i3 1125G4 8GB 256GB W11 14""FHD IPS",Axioo,,,8,,,14.0,6819000,,new,Kingz Notebook,5.0,,False,,Jakarta Pusat,2026-08-28T01:43:33.273932,False,
tokopedia,16138175464,https://www.tokopedia.com/teknotrend/laptop-axioo-mybook-hype-5-x5-ryzen-7430-8gb-256gb-ssd-14-fhd-ips-1730968765743466434?extParam=ivf%3Dfalse%26keyword%3Dlaptop+axioo%26src%3Dsearch,"[Extra Promo] - Laptop Axioo MyBook Hype 5 X5 Ryzen 7430 8GB 256GB SSD 14""FHD IPS",Axioo,,RYZEN 7430,8,256,,14.0,7834500,,new,TeknoTrend ID,5.0,,False,,Jakarta Pusat,2026-08-28T01:43:33.274035,False,
tokopedia,10649171489,https://www.tokopedia.com/axiooslimbook/laptop-axioo-pongo-760-i7-12650h-16gb-512gb-rtx-4060-8gb-144hz-normal-e0464?extParam=ivf%3Dfalse%26keyword%3Dlaptop+axioo%26src%3Dsearch,LAPTOP AXIOO PONGO 760 | i7 12650H 16GB 512GB RTX 4060 8GB 144Hz,Axioo,,I7 12650H,16,,RTX 4060,,18979000,,new,Axioo Official Store ID,5.0,,False,,Jakarta Utara,2026-08-28T01:43:33.274124,False,
tokopedia,103039854472,https://www.tokopedia.com/pusatgaminglaptop/laptop-axioo-hype-5-g12-v2-i5-1235-ram-16gb-ssd-512gb-windows-11-14-0-inc-full-hd-ips-only-1-25kg-1734401620607272633?extParam=ivf%3Dfalse%26keyword%3Dlaptop+axioo%26src%3Dsearch,LAPTOP AXIOO HYPE 5 G12 V2 I5 1235 RAM 16GB SSD 512GB WINDOWS 11 14.0 INC FULL HD IPS !ONLY 1.25KG!,Axioo,,I5 1235,16,512,,,9949000,,new,PUSAT GAMING LAPTOP,5.0,,False,,Bekasi,2026-08-28T01:43:33.274213,False,
tokopedia,15955504016,https://www.tokopedia.com/gateway/laptop-axioo-hype-1-celeron-n4020-ram-4gb-128gb-windows-11-14-0-non-bundling-4-128gb-ceb48?extParam=ivf%3Dfalse%26keyword%3Dlaptop+axioo%26src%3Dsearch,"LAPTOP AXIOO HYPE 1 CELERON N4020 RAM 4GB 128GB WINDOWS 11 14.0""",Axioo,,CELERON N4020,4,,,,4209000,,new,Gateway Indonesia Comp,5.0,,False,,Jakarta Utara,2026-08-28T01:43:33.274294,False,
tokopedia,100827033696,https://www.tokopedia.com/digitechmall/laptop-axioo-mybook-hype-5-x3-lollipop-ryzen-5-3500-8gb-256gb-w11-14-fhd-ips-1732019676268037747?extParam=ivf%3Dfalse%26keyword%3Dlaptop+axioo%26src%3Dsearch,"Laptop Axioo Mybook Hype 5 X3 LOLLIPOP Ryzen 5 3500 8GB 256GB W11 14""FHD IPS",Axioo,,RYZEN 5 3500,8,,,14.0,6540000,,new,Digitech Mall,5.0,,False,,Jakarta Pusat,2026-08-28T01:43:33.274391,False,
tokopedia,103303207626,https://www.tokopedia.com/agres-id-tangerang-selatan/axioo-laptop-hype-5-g12-i5-1235-ram-16-512-gb-14-fhd-ips-windows-11-1731585590735832389-1735284364029953349?extParam=ivf%3Dfalse%26keyword%3Dlaptop+axioo%26src%3Dsearch,"Axioo Laptop Hype 5 G12 i5 1235 Ram 16 / 512 GB 14"" FHD IPS Windows 11",Axioo,,I5 1235,,,,,7619000,,new,Agres ID Tangerang Selatan,5.0,,False,,Tangerang Selatan,2026-08-28T01:43:33.274485,False,
tokopedia,103033512597,https://www.tokopedia.com/axiooslimbook/laptop-axioo-hype-r-5-core-i5-1235u-24gb-512gb-14-fhd-touch-windows-11-1734392465630004591?extParam=ivf%3Dfalse%26keyword%3Dlaptop+axioo%26src%3Dsearch,"LAPTOP AXIOO HYPE R 5 - CORE I5 1235U 24GB 512GB 14""FHD / TOUCH  +WINDOWS 11",Axioo,,I5 1235U,24,,,14.0,10229000,,new,Axioo Official Store ID,5.0,,False,,Jakarta Utara,2026-08-28T01:43:33.274578,False,
tokopedia,102215583115,https://www.tokopedia.com/vivatech/laptop-axioo-hype-5-amd-x5-2-ryzen-5-7430-8gb-256gb-1732421649558570288?extParam=ivf%3Dfalse%26keyword%3Dlaptop+axioo%26src%3Dsearch,LAPTOP AXIOO HYPE 5 AMD X5-2 RYZEN 5 7430 8GB 256GB,Axioo,,RYZEN 5 7430,8,,,,7279000,,new,VIVATECH STORE,5.0,,False,,Jakarta Timur,2026-08-28T01:43:33.274662,False,
tokopedia,103669010043,https://www.tokopedia.com/gameridos/axioo-hype-5-gen-12-i5-1235-ram-16gb-ssd-512gb-w11-14-fhd-ips-1yr-1736817807367046753?extParam=ivf%3Dfalse%26keyword%3Dlaptop+axioo%26src%3Dsearch,LAPTOP AXIOO HYPE 5 G12 I5 1235 16GB 512GB W11 14.0,Axioo,,I5 1235,16,,,,7619000,,new,GAMER.ID,5.0,,False,,Jakarta Utara,2026-08-28T01:43:33.274741,False,
tokopedia,100544102103,https://www.tokopedia.com/teknotrend/laptop-axioo-mybook-hype-5-x3-lollipop-ryzen-5-3500-8gb-256gb-w11-14-fhd-ips-1731531463099713474?extParam=ivf%3Dfalse%26keyword%3Dlaptop+axioo%26src%3Dsearch,Payday SALE Laptop Axioo Laptop Hype 2 Intel Celeron N4500/6GB/128GB/HD 14 inch,Axioo,,CELERON N4500,,,,14.0,4445500,,new,TeknoTrend ID,5.0,,False,,Jakarta Pusat,2026-08-28T01:43:33.274841,False,
tokopedia,103001782345,https://www.tokopedia.com/royalltech/laptop-axioo-hype-r-3-intel-core-i3-1215-12gb-256gb-ssd-w11-office-14-0fhd-1734343096210327031?extParam=ivf%3Dfalse%26keyword%3Dlaptop+axioo%26src%3Dsearch,LAPTOP AXIOO HYPE-R 3 INTEL CORE I3 1215 12GB 256GB SSD W11 OFFICE 14.0FHD,Axioo,,I3 1215,12,256,,,7859000,,new,royalltech,5.0,,False,,Jakarta Utara,2026-08-28T01:43:33.274937,False,
tokopedia,102350197142,https://www.tokopedia.com/ten-com/laptop-axioo-hype-3-g11-intel-i3-1125g4-16gb-1tb-14inch-full-hd-windows-11-1732703067216119047?extParam=ivf%3Dtrue%26keyword%3Dlaptop+axioo%26src%3Dsearch,Laptop Axioo Hype 3 G11 Intel i3 1125G4 16GB 1TB 14inch Full HD Windows 11,Axioo,,,16,,,14.0,6819000,,new,Ten Com,5.0,,False,,Jakarta Selatan,2026-08-28T01:43:33.275044,False,
tokopedia,103566208122,https://www.tokopedia.com/kanglaptop/laptop-axioo-hype-10-intel-n4020-ram-8gb-256gb-ssd-windows-14-0-1731161654694152009-1736451142096488265?extParam=ivf%3Dtrue%26keyword%3Dlaptop+axioo%26src%3Dsearch,Laptop Axioo Hype 10 Intel N4020 8GB 256GB SSD 14.0 Inch FHD Windows 11 Pro,Axioo,,INTEL N4020,8,256,,14.0,9989000,,new,KangLaptop_NEW,5.0,,False,,Jakarta Selatan,2026-08-28T01:43:33.275148,False,
tokopedia,103014320163,https://www.tokopedia.com/axiooslimbook/laptop-axioo-hype-1-n4020-4gb-128gb-windows-11-14-hd-1734318894890059119?extParam=ivf%3Dfalse%26keyword%3Dlaptop+axioo%26src%3Dsearch,LAPTOP AXIOO HYPE 1  | N4020 4GB 128GB Windows 11 14 HD,Axioo,,N4020,4,,,,4219000,,new,Axioo Official Store ID,5.0,,False,,Jakarta Utara,2026-08-28T01:43:33.275237,False,
tokopedia,14410685495,https://www.tokopedia.com/rogsstoreid/axioo-hype-7-amd-x7-2-laptop-ryzen-7-5825-16gb-512gb-ssd-w11-14-inch-fhd-ips-blit-hdmi-1730095120240051532?extParam=ivf%3Dfalse%26keyword%3Dlaptop+axioo%26src%3Dsearch,AXIOO HYPE 7 AMD X7-2 LAPTOP RYZEN 7 5825 16GB 512GB SSD W11 14 INCH FHD IPS BLIT HDMI,Axioo,,RYZEN 7 5825,16,512,,14.0,8339000,,new,ROGS STORE,5.0,,False,,Jakarta Utara,2026-08-28T01:43:33.275341,False,
tokopedia,103503647469,https://www.tokopedia.com/gamingdistributorid/laptop-axioo-hype-7-amd-x8-2-ryzen-7-7735hs-16gb-512gb-ssd-windows-11-pro-14-0-fhd-ips-1730865617222010478-1736152695671916142?extParam=ivf%3Dtrue%26keyword%3Dlaptop+axioo%26src%3Dsearch,Laptop Axioo Hype Amd X1 Athlon Gold 3150C 8GB 128GB W11 14.0FHD BLIT,Axioo,,ATHLON GOLD,8,,,,5389000,,new,GAMING DISTRIBUTOR ID,5.0,,False,,Jakarta Barat,2026-08-28T01:43:33.275436,False,
tokopedia,15301557309,https://www.tokopedia.com/ten-com/laptop-axioo-hype-5-amd-x3-ryzen-5-3500u-16gb-1-tb-ssd-windows-11-8gb-256gb-laptop-3b8c5?extParam=ivf%3Dtrue%26keyword%3Dlaptop+axioo%26src%3Dsearch,LAPTOP AXIOO HYPE 5 AMD X3 RYZEN 5 3500U 16GB 1 TB SSD WINDOWS 11,Axioo,,RYZEN 5 3500U,16,1024,,,6539000,,new,Ten Com,5.0,,False,,Jakarta Selatan,2026-08-28T01:43:33.275520,False,
tokopedia,102599292146,https://www.tokopedia.com/laptopcreatorid/laptop-axioo-pongo-725-v2-i7-13620h-rtx2050-4gb-ram-16gb-ssd-512gb-w11-15-6-fhd-144hz-ips-3y-blk-1733314576872080402?extParam=ivf%3Dfalse%26keyword%3Dlaptop+axioo%26src%3Dsearch,LAPTOP AXIOO PONGO 725 V2 I7 13620H RTX2050 4GB/ RAM 16GB SSD 512GB W11 15.6 FHD 144HZ IPS 3Y BLK,Axioo,,I7 13620H,16,512,RTX2050,,14479000,,new,LAPTOP SHOP ID,5.0,,False,,Jakarta Utara,2026-08-28T01:43:33.275658,False,
tokopedia,103629720973,https://www.tokopedia.com/teknotrend/laptop-axioo-hype-7-amd-x8-ryzen-7-6800h-16gb-512gb-14-fhd-1731262212418078658-1736701074690967490?extParam=ivf%3Dfalse%26keyword%3Dlaptop+axioo%26src%3Dsearch,Payday SALE Axioo Laptop Hype 3 G11L Intel i3-1115G/8GB/256GB/FHD IPS,Axioo,,I3-1115G,,,,,6469500,,new,TeknoTrend ID,5.0,,False,,Jakarta Pusat,2026-08-28T01:43:33.275750,False,
tokopedia,16228331025,https://www.tokopedia.com/jekardah/axioo-hype-1-n4020-ram-4gb-128gb-win-11-14-0-1730853906851006114?extParam=ivf%3Dtrue%26keyword%3Dlaptop+axioo%26src%3Dsearch,"Axioo Hype 1 N4020 Laptop 4GB 128GB Win 11 14.0"" HD Intel Celeron N4020 Garansi Resmi",Axioo,,CELERON N4020,4,,,,4879000,,new,LAPTOP GADGET ID,5.0,,False,,Jakarta Pusat,2026-08-28T01:43:33.275869,False,
tokopedia,14995383790,https://www.tokopedia.com/gaminglaptopid/axioo-pongo-750-core-i7-13620h-rtx4050-16gb-512gb-ssd-w11-15-6fhd-144hz-ips-rgb-laptop-gaming-1730089512782497387?extParam=ivf%3Dfalse%26keyword%3Dlaptop+axioo%26src%3Dsearch%26whid%3D13856,AXIOO PONGO 750 CORE I7 13620H RTX4050 16GB 512GB SSD W11 15.6FHD 144HZ IPS RGB - LAPTOP GAMING,Axioo,,I7 13620H,16,512,RTX4050,,17459000,,new,Gaming Laptop ID,5.0,,False,,Jakarta Utara,2026-08-28T01:43:33.275975,False,
tokopedia,103001818828,https://www.tokopedia.com/royalltech/axioo-hype-r-3-touch-intel-core-i3-1215-12gb-256gb-w11-office-14-0fhd-under-1kg-laptop-touch-screen-1734343227145160183?extParam=ivf%3Dfalse%26keyword%3Dlaptop+axioo%26src%3Dsearch,AXIOO HYPE-R 3 TOUCH INTEL CORE I3 1215 12GB 256GB W11 OFFICE 14.0FHD (UNDER 1KG) - LAPTOP TOUCH SCREEN,Axioo,,I3 1215,12,,,,8509000,,new,royalltech,5.0,,False,,Jakarta Utara,2026-08-28T01:43:33.276084,False,
tokopedia,16303760226,https://www.tokopedia.com/teknotrend/laptop-axioo-hype-5-amd-x3-ryzen-5-3500u-8gb-256gb-14-fhd-1730900435658245408?extParam=ivf%3Dtrue%26keyword%3Dlaptop+axioo%26src%3Dsearch,"Payday SALE LAPTOP AXIOO HYPE 5 AMD X3 RYZEN 5 3500U 8GB 256GB 14"" FHD",Axioo,,RYZEN 5 3500U,8,,,,6262500,,new,TeknoTrend ID,5.0,,False,,Jakarta Pusat,2026-08-28T01:43:33.276181,False,
tokopedia,100293385445,https://www.tokopedia.com/herlinacom/laptop-axioo-hype-1-intel-n4020-ram-8gb-128gb-ssd-win-11-ori-14-0-1731358868868466062?extParam=ivf%3Dtrue%26keyword%3Dlaptop+axioo%26src%3Dsearch,Laptop Axioo Hype 1 Intel N4020 Ram 8Gb 384Gb Ssd Win 11 Ori 14.0 Laptop Sekolah Garansi Resmi,Axioo,,INTEL N4020,8,384,,,4219000,,new,Herlinacom,5.0,,False,,Depok,2026-08-28T01:43:33.276280,False,
tokopedia,102700277584,https://www.tokopedia.com/agresid/laptop-axioo-hype-r-5-touch-i5-1235-24gb-512gb-w11-14-0-fhd-ips-1733627256443536451?extParam=ivf%3Dfalse%26keyword%3Dlaptop+axioo%26src%3Dsearch,LAPTOP AXIOO HYPE-R 5 TOUCH I5 1235 24GB 512GB W11 14.0 FHD IPS,Axioo,,I5 1235,24,,,,10929000,,new,AGRES ID,5.0,,False,,Jakarta Utara,2026-08-28T01:43:33.276367,False,
tokopedia,16107690784,https://www.tokopedia.com/pusatgaminglaptop/laptop-axioo-hype-5-x5-2-lollipop-ryzen-5-7430-ram-8gb-256gb-windows-11-14-0inc-full-hd-ips-1731139307709892281?extParam=ivf%3Dfalse%26keyword%3Dlaptop+axioo%26src%3Dsearch,Laptop Axioo Hype 5 X5-2 Lollipop Ryzen 5 7430 RAM 8Gb 256Gb Windows 11 14.0inc Full HD Ips,Axioo,,RYZEN 5 7430,8,,,,7499000,,new,PUSAT GAMING LAPTOP,5.0,,False,,Bekasi,2026-08-28T01:43:33.276460,False,
tokopedia,100071111031,https://www.tokopedia.com/agresiddepok/laptop-axioo-hype-r-3-oled-i3-1215u-24gb-256gb-windows-11-14-0-fhd-1730844855755375765?extParam=ivf%3Dfalse%26keyword%3Dlaptop+axioo%26src%3Dsearch,"Laptop Axioo Hype-R 3 OLED I3 1215U 24GB 256GB Win 11 14.0"" FHD",Axioo,,I3 1215U,24,,,,9349000,,new,Agres ID Depok,5.0,,False,,Depok,2026-08-28T01:43:33.276549,False,
tokopedia,100256507031,https://www.tokopedia.com/prostorecomputer/laptop-axioo-hype-3-g11-i3-1125g4-8gb-256gb-ssd-w11-office-14-0fhd-ips-1731039764779730843?extParam=ivf%3Dfalse%26keyword%3Dlaptop+axioo%26src%3Dsearch,LAPTOP AXIOO HYPE 3 G11 i3 1125G4 8GB 256GB SSD W11 OFFICE 14.0FHD IPS,Axioo,,,8,256,,,6819000,,new,ProStoreComputer,5.0,,False,,Jakarta Utara,2026-08-28T01:43:33.276656,False,
tokopedia,103033541912,https://www.tokopedia.com/axiooslimbook/laptop-axioo-pongo-750-geforce-rtx4050-i7-13620h-16gb-512gb-15-6-fhd-w11-1734392533231240559?extParam=ivf%3Dfalse%26keyword%3Dlaptop+axioo%26src%3Dsearch,"LAPTOP AXIOO PONGO 750 GEFORCE RTX4050 - I7 13620H 16GB 512GB 15.6""FHD +W11",Axioo,,I7 13620H,16,,RTX4050,15.6,17459000,,new,Axioo Official Store ID,5.0,,False,,Jakarta Utara,2026-08-28T01:43:33.276752,False,
tokopedia,103620224060,https://www.tokopedia.com/jackstore18/laptop-axioo-hype-5-amd-x6-ryzen-5-6600h-16gb-512gb-windows11-14-0fhd-ips-blit-hdmi-grey-garansi-resmi-1731595836623390014-1736668928019957054?extParam=ivf%3Dfalse%26keyword%3Dlaptop+axioo%26src%3Dsearch,Laptop AXIOO HYPE 5 AMD X6 RYZEN 5 6600H 16GB 512GB Windows 11 14.0FHD IPS BLIT HDMI GREY GARANSI RESMI,Axioo,,RYZEN 5 6600H,16,,,,9199000,,new,Jack Store Jakarta,5.0,,False,,Jakarta Timur,2026-08-28T01:43:33.276865,False,
tokopedia,15783183020,https://www.tokopedia.com/herlinacom/laptop-axioo-pongo-750-intel-core-i7-13620h-rtx-4050-6gb-ram-16gb-512gb-win-11-ori-15-6-full-hd-144hz-1731176175870641550?extParam=ivf%3Dtrue%26keyword%3Dlaptop+axioo%26src%3Dsearch,Laptop Axioo Pongo 750 Intel Core i7 13620H Rtx 4050 6Gb / Ram 16Gb 512Gb Win 11 Ori 15.6 Full HD 144Hz,Axioo,,I7 13620H,16,,RTX 4050,,17459000,,new,Herlinacom,5.0,,False,,Depok,2026-08-28T01:43:33.276961,False,
tokopedia,100331364708,https://www.tokopedia.com/herlinacom/laptop-axioo-hype-5-g12-intel-core-i5-1235u-ram-16gb-512gb-ssd-win-11-ori-14-0-full-hd-ips-1731377721670862222?extParam=ivf%3Dtrue%26keyword%3Dlaptop+axioo%26src%3Dsearch,Laptop Axioo Hype 5 G12 Intel Core i5 1235U Ram 16Gb 512Gb Ssd Win 11 Ori 14.0 Full HD Ips,Axioo,,I5 1235U,16,512,,,7619000,,new,Herlinacom,5.0,,False,,Depok,2026-08-28T01:43:33.277051,False,
tokopedia,16243531960,https://www.tokopedia.com/itgamingid/axioo-hype-r-3-oled-i3-1215u-24gb-256gb-ssd-windows-11-14-0-full-hd-laptop-ram-layar-battery-audio-storage-1730862062769571081?extParam=ivf%3Dfalse%26keyword%3Dlaptop+axioo%26src%3Dsearch,AXIOO HYPE-R 3 OLED i3 1215U 24GB 256GB SSD Windows 11 14.0'Full HD Laptop Ram Layar Battery Audio Storage,Axioo,,I3 1215U,24,256,,14.0,9324000,,new,IT GAMING ID,5.0,,False,,Jakarta Pusat,2026-08-28T01:43:33.277220,False,
tokopedia,102499327644,https://www.tokopedia.com/gateway/laptop-axioo-pongo-735-core-i7-13620h-rtx3050-32gb-1tb-ssd-w11-pro-15-6-inch-fhd-144hz-ips-rgb-1733034102259353013?extParam=ivf%3Dfalse%26keyword%3Dlaptop+axioo%26src%3Dsearch,LAPTOP AXIOO PONGO 735 CORE I7 13620H RTX3050 32GB 1TB SSD W11 PRO 15.6 INCH FHD 144HZ IPS RGB,Axioo,,I7 13620H,32,1024,RTX3050,15.6,14589000,,new,Gateway Indonesia Comp,5.0,,False,,Jakarta Utara,2026-08-28T01:43:33.277315,False,
tokopedia,103328667256,https://www.tokopedia.com/gameridsurabaya/axioo-hype-5-amd-x3-ryzen-5-3500-8gb-256ssd-dos-w11-14-fhd-ips-blit-1735382567807518675?extParam=ivf%3Dfalse%26keyword%3Dlaptop+axioo%26src%3Dsearch,"LAPTOP AXIOO HYPE 5 AMD JKT48 X3 AMD RYZEN 5 3500 RAM 8GB SSD 256GB DOS - WINDOWS 11 Layar 14.0"" FHD IPS",Axioo,,RYZEN 5 3500,8,256,,,6539000,,new,Gamer ID Surabaya,5.0,,False,,Surabaya,2026-08-28T01:43:33.277411,False,
tokopedia,102699270658,https://www.tokopedia.com/toptech/laptop-axioo-hype-r-5-touch-i5-1235u-24gb-512gb-ssd-w11-14-0fhd-ips-resmi-1733624255390450804?extParam=ivf%3Dfalse%26keyword%3Dlaptop+axioo%26src%3Dsearch,Laptop Axioo Hype-R 5 Touch i5 1235u 24GB 512GB ssd W11 14.0FHD IPS Resmi,Axioo,,I5 1235U,24,512,,,10929000,,new,Top Tech Comp,5.0,,False,,Jakarta Utara,2026-08-28T01:43:33.277504,False,
tokopedia,102706575316,https://www.tokopedia.com/gameridsurabaya/laptop-axioo-hype-r-5-touch-screen-intel-core-i5-1235-ram-24-gb-ssd-512-gb-dos-windows-11-14-full-hd-ips-1733642914220640211?extParam=ivf%3Dfalse%26keyword%3Dlaptop+axioo%26src%3Dsearch,"Laptop Axioo Hype-R 5 Touch Screen Intel Core i5 1235 RAM 24 GB SSD 512 GB DOS / Windows 11 14"" FUll HD+ IPS",Axioo,,I5 1235,24,512,,,10929000,,new,Gamer ID Surabaya,5.0,,False,,Surabaya,2026-08-28T01:43:33.277596,False,
tokopedia,103335445784,https://www.tokopedia.com/haercom/axioo-hype-5-amd-jkt48-x3-ryzen-5-3500u-16gb-1tb-win-11-office-365-14-full-hd-ips-lollipop-edition-1735408149382203241?extParam=ivf%3Dfalse%26keyword%3Dlaptop+axioo%26src%3Dsearch,"AXIOO HYPE 5 AMD JKT48 X3 Ryzen 5 3500U 8GB 256GB Win 11 14"" Full HD IPS LOLLIPOP EDITION laptop  murah",Axioo,,RYZEN 5 3500U,8,,,,6709000,,new,GADGET SULTAN ID,5.0,,False,,Jakarta Pusat,2026-08-28T01:43:33.277710,False,
tokopedia,103017500306,https://www.tokopedia.com/axiooslimbook/laptop-axioo-hype-r-3-touch-i3-1215u-12gb-256gb-14-fhd-windows-11-1734370058506372463?extParam=ivf%3Dfalse%26keyword%3Dlaptop+axioo%26src%3Dsearch,"LAPTOP AXIOO HYPE R 3 TOUCH - i3 1215U 12GB 256GB 14""FHD WINDOWS 11",Axioo,,I3 1215U,12,,,14.0,8509000,,new,Axioo Official Store ID,5.0,,False,,Jakarta Utara,2026-08-28T01:43:33.277799,False,
tokopedia,103105748413,https://www.tokopedia.com/royalltech/laptop-lenovo-legion-5-16-rtx4060-i9-14900hx-64gb-32gb-2tb-1tb-ssd-w11-office-16-0qhd-ips-1730870379492509175-1734684851851462135?extParam=ivf%3Dfalse%26keyword%3Dlaptop+axioo%26src%3Dsearch,LAPTOP AXIOO HYPE 7 AMD X8-1 AMD RYZEN 7 6800H RAM 16GB 512GB SSD WINDOWS 11 14.0 FHD IPS BACKLIT,Axioo,,RYZEN 7 6800H,16,512,,,10209000,,new,royalltech,5.0,,False,,Jakarta Utara,2026-08-28T01:43:33.277906,False,
tokopedia,103627054245,https://www.tokopedia.com/axiooslimbook/laptop-axioo-mybook-hype-3-i3-1005g1-8gb-256gb-windows-11-pro-1736689921708295535?extParam=ivf%3Dfalse%26keyword%3Dlaptop+axioo%26src%3Dsearch,"LAPTOP AXIOO HYPE 3 G12 - I3 1215U 8GB 256GB SSD 14""FHD IPS DOS / WINDOWS",Axioo,,I3 1215U,8,256,,14.0,7129000,,new,Axioo Official Store ID,5.0,,False,,Jakarta Utara,2026-08-28T01:43:33.278000,False,
tokopedia,100749082480,https://www.tokopedia.com/toptech/laptop-axioo-pongo-775-rtx5070-8gb-core-i7-13620h-16gb-512gb-w11-16-qhd-180hz-3y-1731909965375833204?extParam=ivf%3Dfalse%26keyword%3Dlaptop+axioo%26src%3Dsearch,"LAPTOP AXIOO PONGO 775 RTX5070 8GB CORE i7 13620H 16GB 512GB W11 16"" QHD+ 180HZ 3Y",Axioo,,I7 13620H,16,,RTX5070,,25879000,,new,Top Tech Comp,5.0,,False,,Jakarta Utara,2026-08-28T01:43:33.278186,False,
tokopedia,102844660217,https://www.tokopedia.com/pusatgaminglaptop/laptop-axioo-hype-7-amd-x8-1-ryzen-7-6800h-ram-16gb-ssd-512gb-windows-11-14-0-inc-full-hd-ips-blit-1733993731847849657?extParam=ivf%3Dfalse%26keyword%3Dlaptop+axioo%26src%3Dsearch,LAPTOP AXIOO HYPE 7 AMD X8-1 RYZEN 7 6800H RAM 16GB SSD 512GB WINDOWS 11 14.0 INC FULL HD IPS BLIT,Axioo,,RYZEN 7 6800H,16,512,,,10209000,,new,PUSAT GAMING LAPTOP,5.0,,False,,Bekasi,2026-08-28T01:43:33.278326,False,
tokopedia,16314500601,https://www.tokopedia.com/gamingdistributorid/laptop-axioo-hype-5-amd-x5-2-ryzen-5-7430u-16gb-256gb-14-fhd-ips-w11pro-1730909303619946094?extParam=ivf%3Dtrue%26keyword%3Dlaptop+axioo%26src%3Dsearch,"Laptop Axioo Hype 5 AMD X5-2 Ryzen 5 7430U 16GB 1TB SSD 14"" Fhd Ips W11Pro",Axioo,,RYZEN 5 7430U,16,1024,,,7189000,,new,GAMING DISTRIBUTOR ID,5.0,,False,,Jakarta Barat,2026-08-28T01:43:33.278424,False,
tokopedia,15652717795,https://www.tokopedia.com/royalltech/laptop-axioo-hype-5-g12-intel-core-i5-1235-16gb-512gb-ssd-w11-14-fhd-ips-garansi-resmi-axioo-1730356420993975799?extParam=ivf%3Dfalse%26keyword%3Dlaptop+axioo%26src%3Dsearch,"Laptop Axioo Hype 5 G12 Intel Core i5 1235 16GB 512GB SSD W11 14"" FHD IPS Garansi Resmi Axioo",Axioo,,I5 1235,16,512,,,7619000,,new,royalltech,5.0,,False,,Jakarta Utara,2026-08-28T01:43:33.278547,False,
tokopedia,103112679248,https://www.tokopedia.com/ten-com/axioo-hype-5-amd-x5-ryzen-5-7430-16gb-1tb-ssd-14-fhd-ips-win-11-1730132348986688775-1734708257914324231?extParam=ivf%3Dtrue%26keyword%3Dlaptop+axioo%26src%3Dsearch,"AXIOO HYPE 5 AMD X5-2 RYZEN 5 7430 16GB 1TB SSD 14""FHD IPS WIN 11 - Laptop Sekolah - Laptop Murah",Axioo,,RYZEN 5 7430,16,1024,,14.0,7499000,,new,Ten Com,5.0,,False,,Jakarta Selatan,2026-08-28T01:43:33.278650,False,
tokopedia,103003987383,https://www.tokopedia.com/royalltech/laptop-gaming-axioo-pongo-725-v2-intel-core-i7-13620h-rtx2050-4gb-32gb-16gb-512gb-w11-15-6fhd-144hz-ips-3y-1734346235649623543?extParam=ivf%3Dfalse%26keyword%3Dlaptop+axioo%26src%3Dsearch,LAPTOP GAMING AXIOO PONGO 725 V2 INTEL CORE I7 13620H RTX2050 4GB/ 32GB 16GB 512GB W11 15.6FHD 144HZ IPS 3Y,Axioo,,I7 13620H,16,,RTX2050,,14059000,,new,royalltech,5.0,,False,,Jakarta Utara,2026-08-28T01:43:33.278772,False,
tokopedia,15579296556,https://www.tokopedia.com/toptech/laptop-axioo-hype-5-gen-12-core-i5-1235u-16gb-256gb-dos-14-0fhd-ips-non-bundling-8gb-0e124?extParam=ivf%3Dfalse%26keyword%3Dlaptop+axioo%26src%3Dsearch,Laptop Axioo Hype 5 Gen 12 Core i5 1235U 16GB 256GB DOS 14.0FHD IPS,Axioo,,I5 1235U,16,,,,7919000,,new,Top Tech Comp,5.0,,False,,Jakarta Utara,2026-08-28T01:43:33.278865,False,
tokopedia,103662032354,https://www.tokopedia.com/tokohapedia-idn/apple-macbook-neo-a18-pro-13-liquid-retina-8gb-256gb-512gb-ssd-macos-laptop-1734536279362667651-1736787887267087491?extParam=ivf%3Dfalse%26keyword%3Dmacbook%26search_id%3D20260828014350B83AAC23B952871A1XNU%26src%3Dsearch,"Apple MacBook Neo A18 Pro 13"" Liquid Retina 8GB 256GB/512GB SSD macOS Laptop Resmi",Apple,,,8,512,,,13189000,,new,Tokohapedia IDN,5.0,,False,,Jakarta Barat,2026-08-28T01:43:53.486674,False,
tokopedia,103561930126,https://www.tokopedia.com/kenken-official-store/kurir-toko-pick-toko-apple-macbook-neo-terbaru-202613-inch-8-256gb-8-512gb-8-256gb-resmi-indonesia-1735842414981383198-1736425963576460318?extParam=ivf%3Dfalse%26keyword%3Dmacbook%26search_id%3D20260828014350B83AAC23B952871A1XNU%26src%3Dsearch,Apple MacBook NEO Terbaru  202613 inch 8/256GB 8/512GB - 8/256GB RESMI INDONESIA,Apple,,,,,,,13499000,,new,Kenken official store,5.0,,False,,Jakarta Selatan,2026-08-28T01:43:53.501851,False,
