source,source_id,url,title,brand,model,cpu,ram_gb,storage_gb,gpu,screen_size_in,price_idr,original_price_idr,condition,seller_name,seller_rating,seller_num_reviews,seller_is_official,sold_count,location,scraped_at,is_suspected_scam,scam_reasons
tokopedia,103175613088,https://www.tokopedia.com/royalltech/laptop-asus-vivobook-f1504vap-intel-core-i5-120u-i5-1235u-16gb-512gb-ssd-15-6-fhd-ips-windows-11-f1504za-f1502za-1730412882049598967-1734913183835784695?extParam=ivf%3Dfalse%26keyword%3Dlaptop+asus%26search_id%3D2026082712201840008B9A5380FC1F3H5D%26src%3Dsearch,Laptop ASUS Vivobook F1504VAP Intel Core i5-120U 16GB 512GB SSD 15.6”FHD IPS Windows 11 - F1504ZA / F1502ZA,Asus,F1504VAP,,16,512,,15.6,11309000,,new,royalltech,4.6,,False,,Jakarta Utara,2026-08-27T12:20:22.474842,False,
"tokopedia,16489294854,https://www.tokopedia.com/gameridsurabaya/laptop-asus-vivobook-14-a1407qa-snapdragon-x-x1-26100-ram-16-gb-ssd-512-gb-windows-11-office-home-student-14-wuxga-1731051158758066131?extParam=ivf%3Dfalse%26keyword%3Dlaptop+asus%26search_id%3D2026082712201840008B9A5380FC1F3H5D%26src%3Dsearch,""Laptop ASUS Vivobook 14 A1407QA Snapdragon X X1 26100 RAM 16 GB SSD 512 GB Windows 11 + Office Home Student 14"""" WUXGA"",Asus,A1407QA,SNAPDRAGON X X1 26100 RAM 16 GB SSD 512 GB WINDOWS 11 + OFFICE HOME STUDENT 14,16,512,,14,11029000,,new,Gamer ID Surabaya,5.0,,False,,Surabaya,2026-08-27T12:20:22.474981,False,"
tokopedia,103573992816,https://www.tokopedia.com/rogsstoreid/hp-pavilion-16-touch-core-ultra-5-125u-16gb-1tb-ssd-w11-ohs-16-wuxga-af0777tu-1736480563263210828?extParam=ivf%3Dfalse%26keyword%3Dlaptop+asus%26search_id%3D2026082712201840008B9A5380FC1F3H5D%26src%3Dsearch,[LIMITED] ASUS ROG STRIX G18 G814FP RTX5070 AMD RYZEN 9 9955HX RAM 64GB SSD 2TB W11 18-INCH QHD IPS 240HZ LAPTOP GAMING,Asus,G814FP,RYZEN 9 9955HX,64,2048,RTX5070,55,69999000,,new,ROGS STORE,5.0,,False,,Jakarta Utara,2026-08-27T12:20:22.475065,False,
"tokopedia,100520669093,https://www.tokopedia.com/gateway/asus-vivobook-s16-flip-oled-tp3604va-touch-core-i5-1335-16gb-1tb-ssd-w11-16-fhd-1731478598664095157?extParam=ivf%3Dfalse%26keyword%3Dlaptop+asus%26search_id%3D2026082712201840008B9A5380FC1F3H5D%26src%3Dsearch,""ASUS VIVOBOOK S16 FLIP OLED TP3604VA TOUCH CORE I5 1335 16GB 1TB W11 16"""" FHD IPS LAPTOP"",Asus,TP3604VA,I5 1335,16,,,16,11829000,,new,Gateway Indonesia Comp,5.0,,False,,Jakarta Utara,2026-08-27T12:20:22.475133,False,"
tokopedia,15584270889,https://www.tokopedia.com/asusrogindonesia/laptop-asus-tuf-a16-fa607nug-ryzen-7-7445hs-rtx4050-6gb-16gb-512gb-w11-ohs-m365b-ips-gry-r745j6m-hm-1730769219834447498?extParam=ivf%3Dfalse%26keyword%3Dlaptop+asus%26search_id%3D2026082712201840008B9A5380FC1F3H5D%26src%3Dsearch,Laptop ASUS TUF A16 FA607NUG RYZEN 7 7445HS RTX4050 6GB/ 16GB 512GB W11+OHS+M365B IPS GRY -R745J6M-HM,Asus,FA607NUG,RYZEN 7 7445HS,16,,RTX4050,7,22379000,,new,ASUS ROG Indonesia,5.0,,False,,Jakarta Utara,2026-08-27T12:20:22.475198,False,
tokopedia,102316114277,https://www.tokopedia.com/gateway/asus-zenbook-14-oled-um3406ha-touch-ryzen-7-8840-16gb-1tb-ssd-w11-14-inch-2-8k-1732626294180971957?extParam=ivf%3Dfalse%26keyword%3Dlaptop+asus%26search_id%3D2026082712201840008B9A5380FC1F3H5D%26src%3Dsearch,ASUS ZENBOOK 14 OLED UM3406HA TOUCH RYZEN 7 8840 16GB 1TB SSD W11 14 INCH 2.8K LAPTOP,Asus,UM3406HA,RYZEN 7 8840,16,1024,,14,17549000,,new,Gateway Indonesia Comp,5.0,,False,,Jakarta Utara,2026-08-27T12:20:22.475258,False,
"tokopedia,103106494804,https://www.tokopedia.com/gateway/asus-tuf-gaming-a15-ryzen-7-7445hs-rtx3050-16gb-512gb-w11-office-15-6-inch-fhd-fa506ncg-1729962642812274101-1734690458514195893?extParam=ivf%3Dfalse%26keyword%3Dlaptop+asus%26search_id%3D2026082712201840008B9A5380FC1F3H5D%26src%3Dsearch,""ASUS TUF GAMING A15 FA506NCG RYZEN 7 7445HS RTX3050 32GB 1TB W11+OHS+M365B 15.6"""" FHD IPS LAPTOP GAMING"",Asus,FA506NCG,RYZEN 7 7445HS,32,,RTX3050,6,14259000,,new,Gateway Indonesia Comp,5.0,,False,,Jakarta Utara,2026-08-27T12:20:22.475318,False,"
"tokopedia,103772938546,https://www.tokopedia.com/gateway/asus-vivobook-go-14-ryzen-3-7320u-8gb-512gb-ssd-windows-11-office-14-0-fhd-e1404fa-laptop-sekolah-kerja-kuliah-1729885440520848821-1737125716294206901?extParam=ivf%3Dfalse%26keyword%3Dlaptop+asus%26search_id%3D2026082712201840008B9A5380FC1F3H5D%26src%3Dsearch,""ASUS VIVOBOOK GO 14 E1404FA RYZEN 3 7320 8GB 512GB W11+OHS+M365B 14"""" FHD VIPS LAPTOP"",Asus,E1404FA,RYZEN 3 7320,8,,,14,9389000,,new,Gateway Indonesia Comp,5.0,,False,,Jakarta Utara,2026-08-27T12:20:22.475390,False,"
"tokopedia,103568217966,https://www.tokopedia.com/gateway/asus-zenbook-14-oled-um3402ya-touch-ryzen-7-7730-ryzen-5-7530-16gb-1tb-ssd-w11-14-inch-2-8k-1729899868308407733-1736464321747846581?extParam=ivf%3Dfalse%26keyword%3Dlaptop+asus%26search_id%3D2026082712201840008B9A5380FC1F3H5D%26src%3Dsearch,""ASUS VIVOBOOK 15 F1504ZA TOUCH CORE I7 1255 16GB 512GB W11 15.6"""" FHD IPS LAPTOP"",Asus,F1504ZA,I7 1255,16,,,15.6,12149000,,new,Gateway Indonesia Comp,5.0,,False,,Jakarta Utara,2026-08-27T12:20:22.475454,False,"
tokopedia,103460841222,https://www.tokopedia.com/herlinacom/laptop-asus-vivobook-14-a1404vap-intel-core-i7-150u-ram-16gb-ssd-1tb-win-11-ohs-14-0fhd-ips-garansi-resmi-1733620005736383886-1735961438475945358?extParam=ivf%3Dtrue%26keyword%3Dlaptop+asus%26search_id%3D2026082712201840008B9A5380FC1F3H5D%26src%3Dsearch,Laptop Asus Vivobook 14 A1404VAP Intel Core I7 150U RAM 16GB SSD 1TB Win 11+OHS 14.0FHD IPS Garansi Resmi,Asus,A1404VAP,,16,1024,,,16069000,,new,Herlinacom,5.0,,False,,Depok,2026-08-27T12:20:22.475526,False,
tokopedia,102192921303,https://www.tokopedia.com/pusatgaminglaptop/laptop-asus-tuf-a15-fa506ncg-ryzen-7-7445hs-rtx3050-4gb-ram-16gb-ssd-512gb-windows-11-15-6-inc-full-hd-ips-1732372214747203257?extParam=ivf%3Dfalse%26keyword%3Dlaptop+asus%26search_id%3D2026082712201840008B9A5380FC1F3H5D%26src%3Dsearch,LAPTOP ASUS TUF A15 FA506NCG RYZEN 7 7445HS RTX3050 4GB/ RAM 16GB SSD 512GB WINDOWS 11 15.6 INC FULL HD IPS,Asus,FA506NCG,RYZEN 7 7445HS,16,512,RTX3050,6,14269000,,new,PUSAT GAMING LAPTOP,5.0,,False,,Bekasi,2026-08-27T12:20:22.475589,False,
tokopedia,102055947014,https://www.tokopedia.com/alienwareofficial/asus-vivobook-14-m1405ya-ryzen-7-7730-ryzen-5-7430-x-e1404fa-ryzen-5-7520-ryzen-3-7320-16gb-512gb-ssd-w11-ohs-m365b-14-0-inch-laptop-ultrabook-notebook-cocok-untuk-admin-kerja-kuliah-sekolah-kantor-office-work-1732139452364326163?extParam=ivf%3Dfalse%26keyword%3Dlaptop+asus%26search_id%3D2026082712201840008B9A5380FC1F3H5D%26src%3Dsearch,ASUS VIVOBOOK 14 M1405YA RYZEN 7 7730 RYZEN 5 7430 X E1404FA RYZEN 5 7520 RYZEN 3 7320 16GB 512GB SSD W11+OHS+M365B 14.0 INCH - LAPTOP ULTRABOOK NOTEBOOK COCOK UNTUK ADMIN KERJA KULIAH SEKOLAH KANTOR OFFICE WORK,Asus,M1405YA,RYZEN 7 7730,16,512,,14,9399000,,new,AI Official Store,5.0,,False,,Jakarta Utara,2026-08-27T12:20:22.475668,False,
tokopedia,2481667294,https://www.tokopedia.com/teknotrend/laptop-gaming-asus-tuf-gaming-a15-fa506ncr-ryzen-7-7435hs-rtx3050-512gb-15-6-fhd-144hz-ohs-2024-1731262210477688770?extParam=ivf%3Dfalse%26keyword%3Dlaptop+asus%26search_id%3D2026082712201840008B9A5380FC1F3H5D%26src%3Dsearch,Payday SALE Laptop Gaming Asus TUF A16 FA607NUQ-R745GYG-HM Ryzen 7-170 16GB 512GB 16″ FHD+ W11+OH24+M365 Mecha Gray,Asus,FA607NUQ-R745GYG-HM,M3,16,,,7,21302500,,new,TeknoTrend ID,5.0,,False,,Jakarta Pusat,2026-08-27T12:20:22.475755,False,
"tokopedia,100281729921,https://www.tokopedia.com/teknotrend/laptop-asus-vivobook-14-a1404va-i3-1315u-8gb-512gb-14-fhd-ohs-w11-1731298410323806146?extParam=ivf%3Dtrue%26keyword%3Dlaptop+asus%26search_id%3D2026082712201840008B9A5380FC1F3H5D%26src%3Dsearch,""Laptop Asus VIVOBOOK 14 A1404VA i3-1315U 8GB 512GB 14"""" FHD OHS W11"",Asus,A1404VA,I3-1315U,8,,,14,9939500,,new,TeknoTrend ID,5.0,,False,,Jakarta Pusat,2026-08-27T12:20:22.475817,False,"
"tokopedia,100292160099,https://www.tokopedia.com/teknotrend/laptop-asus-vivobook-s14-s3407qa-snapdragon-x-x1-26-qualcomm-adreno-gpu-16gb-512gb-14inch-ohs24-1731354787170584514?extParam=ivf%3Dfalse%26keyword%3Dlaptop+asus%26search_id%3D2026082712201840008B9A5380FC1F3H5D%26src%3Dsearch,""Laptop ASUS VIVOBOOK S14 OLED M3407HA RYZEN 5 220 16GB 1TB W11+OHS+M365B 14"""" WUXGA"",Asus,M3407HA,RYZEN 5 220,16,,,7,17332500,,new,TeknoTrend ID,5.0,,False,,Jakarta Pusat,2026-08-27T12:20:22.475880,False,"
tokopedia,103085210719,https://www.tokopedia.com/royalltech/laptop-asus-vivobook-14-a1404va-intel-core-i3-1315-ram-8gb-512gb-ssd-w11-ohs-m365b-14-0fhd-1734533246867244535?extParam=ivf%3Dfalse%26keyword%3Dlaptop+asus%26search_id%3D2026082712201840008B9A5380FC1F3H5D%26src%3Dsearch,LAPTOP ASUS VIVOBOOK 14 A1404VA INTEL CORE I3 1315 RAM 8GB 512GB SSD W11+OHS+M365B 14.0FHD,Asus,A1404VA,I3 1315,8,512,,,9399000,,new,royalltech,5.0,,False,,Jakarta Utara,2026-08-27T12:20:22.475949,False,
tokopedia,102720378628,https://www.tokopedia.com/agresidjakut/asus-vivobook-a1404vap-core-i5-120u-24gb-1tb-ssd-w-11-ohs-14-0-fhd-1733682016849069650?extParam=ivf%3Dfalse%26keyword%3Dlaptop+asus%26search_id%3D2026082712201840008B9A5380FC1F3H5D%26src%3Dsearch,[LAPTOP] ASUS VIVOBOOK 14 A1404VAP CORE I5 120U 16GB 512GB W11+OHS+M365B 14.0FHD VIPS GARANSI RESMI,Asus,A1404VAP,M3,16,,,,12159000,,new,Agres ID Jakarta Utara,5.0,,False,,Jakarta Pusat,2026-08-27T12:20:22.476020,False,
"tokopedia,103629770816,https://www.tokopedia.com/gateway/hp-pc-aio-24-core-ultra-5-225u-16gb-512gb-ssd-w11-ohs-m365-23-8-inch-fhd-ips-cr2566d-1732747109624153525-1736701194363504053?extParam=ivf%3Dfalse%26keyword%3Dlaptop+asus%26search_id%3D2026082712201840008B9A5380FC1F3H5D%26src%3Dsearch,""ASUS TUF GAMING A16 FA607NUQ RYZEN 7 170 RTX4050 32GB 1TB W11+OHS+M365B 16"""" FHD+ IPS LAPTOP GAMING"",Asus,FA607NUQ,RYZEN 7 170,32,,RTX4050,7,22619000,,new,Gateway Indonesia Comp,5.0,,False,,Jakarta Utara,2026-08-27T12:20:22.476084,False,"
tokopedia,2141499138,https://www.tokopedia.com/vortexindocomputer/asus-rog-240-watt-notebook-adapter-original-120cm-output-20-0v-12-0a-240-0w-dc-plug-type-6phi-zephyrus-srix-strix-scar-tuf-gaming-1729826449846470313?extParam=ivf%3Dfalse%26keyword%3Dlaptop+asus%26search_id%3D2026082712201840008B9A5380FC1F3H5D%26src%3Dsearch,Laptop ASUS ExpertBook P1 (P1403) Core 5 210H 8GB 512GB Microsoft Office Home & Student 2024 3 Year,Asus,P1403,CORE 5 210H,8,,,10,13799000,,new,Vortexindo.Computer,5.0,,False,,Jakarta Pusat,2026-08-27T12:20:22.476148,False,
tokopedia,15849509898,https://www.tokopedia.com/king-laptop/laptop-asus-promo-o2o-khusus-offline?extParam=ivf%3Dfalse%26keyword%3Dlaptop+asus%26search_id%3D2026082712201840008B9A5380FC1F3H5D%26src%3Dsearch,LAPTOP ASUS - PROMO O2O (KHUSUS OFFLINE),Asus,,,,,,,22000000,,new,KING Laptop,5.0,,False,,Jakarta Pusat,2026-08-27T12:20:22.476224,False,
"tokopedia,14258016939,https://www.tokopedia.com/kingznotebook/laptop-asus-tuf-a15-fa506ncr-ryzen-7-7435hs-16gb-512gb-rtx3050-4gb-w11-ohs-15-6-fhd-notebook-1731005223645316780?extParam=ivf%3Dfalse%26keyword%3Dlaptop+asus%26search_id%3D2026082712201840008B9A5380FC1F3H5D%26src%3Dsearch,""Laptop Asus Tuf A15 FA506NCG Ryzen 7 7445HS 16GB 512GB RTX3050 4GB W11+OHS 15.6"""" FHD"",Asus,FA506NCG,RYZEN 7 7445HS,16,,RTX3050,6,16879000,,new,Kingz Notebook,5.0,,False,,Jakarta Pusat,2026-08-27T12:20:22.476285,False,"
"tokopedia,16258871485,https://www.tokopedia.com/gameridsurabaya/laptop-asus-rog-flow-z13-gz302ea-touch-amd-ryzen-ai-max-395-ram-32-64-gb-ssd-1tb-windows-11-office-home-student-13-4-2-k-180hz-1730870209371408339?extParam=ivf%3Dfalse%26keyword%3Dlaptop+asus%26search_id%3D2026082712201840008B9A5380FC1F3H5D%26src%3Dsearch,""Laptop ASUS ROG Flow Z13 GZ302EA Touch AMD Ryzen AI Max+ 395 RAM 32 / 64 GB SSD 1TB Windows 11 + Office Home Student 13.4"""" 2.K 180Hz"",Asus,GZ302EA,,,1024,,13.4,45139000,,new,Gamer ID Surabaya,5.0,,False,,Surabaya,2026-08-27T12:20:22.476487,False,"
"tokopedia,102843711144,https://www.tokopedia.com/kingznotebook/laptop-asus-vivobook-14-a1404vap-core-5-120u-16gb-512gb-ssd-w11-ohs-14-fhd-ips-1733990122639230636?extParam=ivf%3Dfalse%26keyword%3Dlaptop+asus%26search_id%3D2026082712201840008B9A5380FC1F3H5D%26src%3Dsearch,""Laptop Asus VivoBook 14 A1404VAP Core 5 120U 16GB 512GB SSD W11+OHS 14""""FHD IPS"",Asus,A1404VAP,CORE 5 120U,16,512,,14,12209000,,new,Kingz Notebook,5.0,,False,,Jakarta Pusat,2026-08-27T12:20:22.476550,False,"
"tokopedia,103512776449,https://www.tokopedia.com/technosify/asus-expertbook-p5-p5405csa-nz7310ws-laptop-ultra-7-258v-1tb-32gb-lpddr5x-intel-arc-140v-14-wqxga-windows-11-home-office-2024-3-year-warranty-sleeve-1731876070260704679-1736187031784293799?extParam=ivf%3Dfalse%26keyword%3Dlaptop+asus%26search_id%3D2026082712201840008B9A5380FC1F3H5D%26src%3Dsearch,""Asus Expertbook P5 P5405CSA NZ7310WS Laptop Ultra 7 258V 1TB 32GB LPDDR5X Intel Arc 140V 14"""" WQXGA Windows 11 Home + Office 2024 - 3 Year Warranty + Sleeve"",Asus,P5405CSA,,32,,,5,26086655,,new,technosify,5.0,,False,,Surabaya,2026-08-27T12:20:22.476621,False,"
"tokopedia,103494075373,https://www.tokopedia.com/gameridsurabaya/laptop-asus-vivobook-14-flip-oled-tp3407sa-touch-screen-intel-core-ultra-7-256v-ram-16gb-ssd-512gb-windows-11-office-ohs-14-inch-2k-1736119988789348307?extParam=ivf%3Dfalse%26keyword%3Dlaptop+asus%26search_id%3D2026082712201840008B9A5380FC1F3H5D%26src%3Dsearch,""Laptop ASUS Vivobook 14 Flip OLED TP3407SA Touch Screen Intel Core Ultra 7 256V RAM 16GB SSD 512GB Windows 11 + Office (OHS) 14"""" inch 2K"",Asus,TP3407SA,INTEL CORE ULTRA 7 256V,16,512,,14,23139000,,new,Gamer ID Surabaya,5.0,,False,,Surabaya,2026-08-27T12:20:22.476704,False,"
tokopedia,102938427324,https://www.tokopedia.com/houseofit/laptop-tkdn-asus-expertbook-bg1409cva-s67850w-i7-1355u-8gb-512gb-w11-14fhd-asus-expertbook-b1-bg1409cva-s67850w-asus-bg1409cva-i7-1734212279282402785?extParam=ivf%3Dfalse%26keyword%3Dlaptop+asus%26search_id%3D2026082712201840008B9A5380FC1F3H5D%26src%3Dsearch,Laptop TKDN ASUS ExpertBook BG1409CVA-S67850W i7 1355U 8GB 512GB W11 14FHD - ASUS EXPERTBOOK B1 BG1409CVA-S67850W - Asus BG1409CVA i7,Asus,BG1409CVA-S67850W,I7 1355U,8,,,9,15999000,,new,House Of IT,5.0,,False,,Jakarta Pusat,2026-08-27T12:20:22.476775,False,
tokopedia,103066236612,https://www.tokopedia.com/studiolaptop/asus-expertbook-p1403cva-intel-core-i7-13620h-core-5-210h-i5-13420h-210h-core-i3-100u-1315-16gb-1tb-512gb-win-11-office-laptop-bisnis-garansi-resmi-cocok-untuk-sekolah-kerja-editing-1734446786183595847?extParam=ivf%3Dfalse%26keyword%3Dlaptop+asus%26search_id%3D2026082712201840008B9A5380FC1F3H5D%26src%3Dsearch,ASUS EXPERTBOOK P1403CVA INTEL CORE 5 210H CORE 100U I5 I3 16GB 1TB 512GB WIN 11 OFFICE - LAPTOP BISNIS GARANSI RESMI COCOK UNTUK SEKOLAH KERJA EDITING,Asus,P1403CVA,INTEL CORE 5 210H,16,,,3,9829000,,new,Studio Laptop,5.0,,False,,Jakarta Pusat,2026-08-27T12:20:22.476842,False,
tokopedia,102902805047,https://www.tokopedia.com/herlinacom/laptop-asus-vivobook-f1504za-touch-intel-core-i7-1255u-ram-16gb-512gb-ssd-win-11-ori-15-6-full-hd-1734092977502520718?extParam=ivf%3Dtrue%26keyword%3Dlaptop+asus%26search_id%3D2026082712201840008B9A5380FC1F3H5D%26src%3Dsearch,Laptop Asus Vivobook F1504ZA Touch Intel Core i7 1255U Ram 16Gb 512Gb Ssd Win 11 Ori 15.6 Full HD,Asus,F1504ZA,I7 1255U,16,512,,,12159000,,new,Herlinacom,5.0,,False,,Depok,2026-08-27T12:20:22.476910,False,
"tokopedia,8177595222,https://www.tokopedia.com/zxcomputer/laptop-asus-a1404va-x1404va-intel-core-i5-1334u-8gb-512gb-ssd-14-0-full-hd-intel-iris-xe-windows-11-1731241390106314172?extParam=ivf%3Dfalse%26keyword%3Dlaptop+asus%26search_id%3D2026082712201840008B9A5380FC1F3H5D%26src%3Dsearch,""LAPTOP ASUS A1404VA/X1404VA Intel Core i5-1334U 8GB/512GB SSD 14.0"""" Full HD Intel Iris Xe Windows 11"",Asus,A1404VA,I5-1334U,,512,,14,10799000,,new,ZX COMPUTER,5.0,,False,,Jakarta Pusat,2026-08-27T12:20:22.477055,False,"
tokopedia,103626550257,https://www.tokopedia.com/gamingdistributorid/laptop-asus-vivobook-f1504vap-core-i5-120u-16gb-1tb-w11-office-permanent-15-6fhd-ips-1731157246466557550-1736686931472844398?extParam=ivf%3Dtrue%26keyword%3Dlaptop+asus%26search_id%3D2026082712201840008B9A5380FC1F3H5D%26src%3Dsearch,Laptop Asus VivoBook F1504VA I5 1334 16GB 1TB SSD W11 15.6FHD,Asus,F1504VA,I5 1334,16,1024,,,10569000,,new,GAMING DISTRIBUTOR ID,5.0,,False,,Jakarta Barat,2026-08-27T12:20:22.477115,False,
"tokopedia,102852029780,https://www.tokopedia.com/agresidjakut/laptop-asus-vivobook-go-14-ryzen-3-7320u-8gb-512gb-ssd-w-11-ohs-original-14-0-full-hd-1734012443853817426?extParam=ivf%3Dfalse%26keyword%3Dlaptop+asus%26search_id%3D2026082712201840008B9A5380FC1F3H5D%26src%3Dsearch,""Laptop Asus Vivobook GO 14 - Ryzen 3 7320U 8GB 512GB SSD W 11 + OHS Original 14.0"""" Full HD"",Asus,,RYZEN 3 7320U,8,512,,14,9349000,,new,Agres ID Jakarta Utara,5.0,,False,,Jakarta Pusat,2026-08-27T12:20:22.477175,False,"
tokopedia,15898814283,https://www.tokopedia.com/decacom/laptop-asus-vivobook-go-14-e1404ga-i3-n305-8gb-256gb-512gb-w11-ohs-o365-14-0fhd-resmi-asus-1730617249439451103?extParam=ivf%3Dfalse%26keyword%3Dlaptop+asus%26search_id%3D2026082712201840008B9A5380FC1F3H5D%26src%3Dsearch,LAPTOP ASUS VivoBook GO 14 E1404GA i3-N305 8GB 256GB/512GB W11+OHS+O365 14.0FHD RESMI ASUS,Asus,E1404GA,N305,8,,,,8463080,,new,Deca Computer,5.0,,False,,Jakarta Utara,2026-08-27T12:20:22.477242,False,
tokopedia,102590437216,https://www.tokopedia.com/nagamaspoins/laptop-tkdn-asus-expertbook-bg1409cva-s67150w-i7-1355u-16gb-512gb-w11-14fhd-asus-expertbook-b1-bg1409cva-s67150w-asus-bg1409cva-i7-1733290121287206588?extParam=ivf%3Dfalse%26keyword%3Dlaptop+asus%26search_id%3D2026082712201840008B9A5380FC1F3H5D%26src%3Dsearch,Laptop TKDN ASUS ExpertBook BG1409CVA-S67150W i7 1355U 16GB 512GB W11 14FHD - ASUS EXPERTBOOK B1 BG1409CVA-S67150W - Asus BG1409CVA i7,Asus,BG1409CVA-S67150W,I7 1355U,16,,,9,14999000,,new,Naga Mas Computer Poins,5.0,,False,,Jakarta Selatan,2026-08-27T12:20:22.477311,False,
tokopedia,103590084343,https://www.tokopedia.com/gateway/acer-predator-helios-neo-16-core-i7-14700hx-gen-14-rtx-4050-ram-32gb-ssd-1tb-windows-11-ohs-layar-16-wuxga-180hz-1729800717379077557-1736552066544076213?extParam=ivf%3Dfalse%26keyword%3Dlaptop+asus%26search_id%3D2026082712201840008B9A5380FC1F3H5D%26src%3Dsearch,ASUS TUF GAMING F15 FX507ZC INTEL CORE I5 12500H RTX3050 32GB 1TB W11 15.6-INCH FHD 144HZ LAPTOP GAMING,Asus,FX507ZC,I5 12500H,32,,RTX3050,0,13629000,,new,Gateway Indonesia Comp,5.0,,False,,Jakarta Utara,2026-08-27T12:20:22.477442,False,
tokopedia,102107554946,https://www.tokopedia.com/rogonline/asus-zenbook-a14-ux3407-snapdragon-x-plus-x-126100-16gb-1tb-ssd-w-11-ohs-14-inch-1732223817158395111?extParam=ivf%3Dfalse%26keyword%3Dlaptop+asus%26src%3Dsearch,Asus Zenbook A14 UX3407 Snapdragon X Plus X 126100 16GB 2TB SSD Win 11 Office 14 FHD Laptop Iceland Gray dengan Smart Amp Technology dan Microphone Array - Audio,Asus,UX3407,SNAPDRAGON X PLUS X 126100 16GB 2TB SSD WIN 11 OFFICE 14 FHD LAPTOP ICELAND GRAY DENGAN SMART AMP TECHNOLOGY DAN MICROPHONE ARRAY - AUDIO,16,2048,,,17209000,,new,ROGZ Online,5.0,,False,,Jakarta Pusat,2026-08-27T12:21:27.139475,False,
tokopedia,102295919061,https://www.tokopedia.com/onestopgaming/bonus-pembelian-laptop-asus-zephyrus-1732579071312364802?extParam=ivf%3Dfalse%26keyword%3Dlaptop+asus%26src%3Dsearch,Bonus Pembelian Laptop Asus ROG Zephyrus,Asus,,,,,,,99500,,new,Onestop Gaming,5.0,,False,,Jakarta Pusat,2026-08-27T12:21:27.139548,True,price_far_below_market(<3500000)
"tokopedia,103754867914,https://www.tokopedia.com/gateway/asus-vivobook-s-14-oled-s5406sa-core-ultra-7-258v-32gb-1tb-ssd-14-wuxga-60hz-1732669099990549941-1737073632182764981?extParam=ivf%3Dfalse%26keyword%3Dlaptop+asus%26src%3Dsearch,""ASUS VIVOBOOK S 14 OLED S5406SA CORE ULTRA 7 258V 32GB 1TB SSD 14"""" WUXGA LAPTOP"",Asus,S5406SA,CORE ULTRA 7 258V,32,1024,,14,19069000,,new,Gateway Indonesia Comp,5.0,,False,,Jakarta Utara,2026-08-27T12:21:27.139697,False,"
tokopedia,102679629163,https://www.tokopedia.com/herlinacom/laptop-asus-vivobook-14-a1404vap-intel-core-i5-120u-ram-16gb-512gb-ssd-win-11-office-ohs-ori-14-0-full-hd-1733549305783682446?extParam=ivf%3Dtrue%26keyword%3Dlaptop+asus%26src%3Dsearch,Laptop Asus Vivobook 14 A1404VAP Intel Core i5 120U Ram 16Gb 512Gb Ssd Win 11 + Office Ohs Ori 14.0 Full HD,Asus,A1404VAP,,16,512,,,12209000,,new,Herlinacom,5.0,,False,,Depok,2026-08-27T12:21:27.139776,False,
tokopedia,103081408834,https://www.tokopedia.com/kanglaptop/asus-expertbook-pm1403cda-ryzen-5-150-16gb-512gb-w11-ohs-14-0-fhd-vips-1734510234392299337?extParam=ivf%3Dtrue%26keyword%3Dlaptop+asus%26src%3Dsearch,Laptop Asus ExpertBook P1 PM1403CDA Ryzen 5-150 16GB 512GB SSD 14.0 Inch FHD IPS Windows 11,Asus,PM1403CDA,M1,16,512,,14,12149000,,new,KangLaptop_NEW,5.0,,False,,Jakarta Selatan,2026-08-27T12:21:27.139845,False,
"tokopedia,103014250148,https://www.tokopedia.com/agres-id-bintaro/asus-vivobook-go-14-e1404fa-ryzen-3-7320u-8gb-512gb-ssd-fhd-14-0-anti-glare-windows-11-home-laptop-portabel-garansi-resmi-2-tahun-1734364115342821223?extParam=ivf%3Dfalse%26keyword%3Dlaptop+asus%26src%3Dsearch,""ASUS VivoBook Go 14 E1404FA Ryzen 3 7320U 8GB 512GB SSD FHD 14.0"""" Anti-glare Windows 11 Home Laptop Portabel Garansi Resmi 2 Tahun"",Asus,E1404FA,RYZEN 3 7320U,8,512,,14,9609000,,new,Agres ID Bintaro,5.0,,False,,Tangerang Selatan,2026-08-27T12:21:27.139910,False,"
"tokopedia,102098653177,https://www.tokopedia.com/agresidjakut/asus-tuf-a15-fa506ncr-amd-ryzen-7-7435hs-rtx3050-4gb-ram-16gb-512gb-windows-11-office-15-6-full-hd-144hz-ips-rgb-1732205943445096018?extParam=ivf%3Dfalse%26keyword%3Dlaptop+asus%26src%3Dsearch,""[LAPTOP] ASUS TUF A15 FA506NCG AMD RYZEN 7 7435HS RTX3050 4GB/ Ram 16GB 512GB Windows 11 + Office 15.6"""" Full HD 144Hz IPS RGB GARANSI RESMI"",Asus,FA506NCG,RYZEN 7 7435HS,16,,RTX3050,6,14219000,,new,Agres ID Jakarta Utara,5.0,,False,,Jakarta Pusat,2026-08-27T12:21:27.139980,False,"
tokopedia,102393066011,https://www.tokopedia.com/agres-id-bintaro/laptop-asus-vivobook-go-14-e1404fa-ryzen-5-7520-16gb-512gb-w11-ohs-m365b-14-0fhd-vips-blk-vips5151m-garansi-resmi-2-tahun-laptop-terpercaya-1732801128082540391?extParam=ivf%3Dfalse%26keyword%3Dlaptop+asus%26src%3Dsearch,Laptop ASUS VIVOBOOK GO 14 E1404FA RYZEN 5 7520 16GB 512GB W11+OHS+M365B 14.0FHD VIPS BLK -VIPS5151M Garansi Resmi 2 Tahun Laptop Terpercaya,Asus,E1404FA,RYZEN 5 7520,16,,,,10809000,,new,Agres ID Bintaro,5.0,,False,,Tangerang Selatan,2026-08-27T12:21:27.140057,False,
tokopedia,102948300872,https://www.tokopedia.com/royalltech/laptop-asus-expertbook-pm1403cda-amd-ryzen-5-150-16gb-512gb-w11-ohs-m365b-14-0fhd-vips-3y-1734233263522350583?extParam=ivf%3Dfalse%26keyword%3Dlaptop+asus%26src%3Dsearch,LAPTOP ASUS EXPERTBOOK PM1403CDA AMD RYZEN 5 150 16GB 512GB W11+OHS+M365B 14.0FHD VIPS 3Y,Asus,PM1403CDA,RYZEN 5 150,16,,,3,12159000,,new,royalltech,5.0,,False,,Jakarta Utara,2026-08-27T12:21:27.140121,False,
"tokopedia,103759075618,https://www.tokopedia.com/gateway/asus-zenbook-duo-ux8406ma-14-oled-touch-ultra-5-125h-16gb-1tb-w11-14-ich-3k-120hz-1729824162177189301-1737082882448393653?extParam=ivf%3Dfalse%26keyword%3Dlaptop+asus%26src%3Dsearch,""ASUS ZENBOOK DUO UX8406CA OLED TOUCH CORE ULTRA 9 285H 32GB 2TB SSD 14"""" WUXGA LAPTOP"",Asus,UX8406CA,CORE ULTRA 9 285H,32,2048,,6,34789000,,new,Gateway Indonesia Comp,5.0,,False,,Jakarta Utara,2026-08-27T12:21:27.140215,False,"
tokopedia,2917054210,https://www.tokopedia.com/teknotrend/laptop-gaming-asus-tuf-a16-fa608pp-rtx5070-ryzen-9-8940hx-16gb-1tb-16-0-wqxga-1731262086862505922?extParam=ivf%3Dfalse%26keyword%3Dlaptop+asus%26src%3Dsearch,Laptop Gaming Asus TUF A16 FA608PP RTX5070 RYZEN 9 8940HX 16GB 1TB 16.0 WQXGA,Asus,FA608PP,RYZEN 9 8940HX,16,,RTX5070,40,29184500,,new,TeknoTrend ID,5.0,,False,,Jakarta Pusat,2026-08-27T12:21:27.140279,False,
"tokopedia,103273622761,https://www.tokopedia.com/laptopcreatorid/asus-tuf-a15-fa506ncq-amd-ryzen-7-170-rtx3050-4gb-ram-16gb-ssd-512gb-w11-ohs-m365b-15-6-fhd-ips-laptop-gaming-1735172555509498898-1735172554271392786?extParam=ivf%3Dfalse%26keyword%3Dlaptop+asus%26src%3Dsearch,""ASUS TUF A15 FA506NCQ AMD RYZEN 7 170 RTX3050 4GB/ RAM 16GB SSD 512GB W11+OHS+M365B 15.6"""" FHD IPS -LAPTOP GAMING"",Asus,FA506NCQ,RYZEN 7 170,16,512,RTX3050,6,13269000,,new,LAPTOP SHOP ID,5.0,,False,,Jakarta Utara,2026-08-27T12:21:27.140346,False,"
"tokopedia,103773262161,https://www.tokopedia.com/gateway/axioo-pongo-775-core-i7-13620h-rtx5070-32gb-1tb-ssd-w11-16-inch-qhd-180hz-100srgb-1731965686978741685-1737126857681175989?extParam=ivf%3Dfalse%26keyword%3Dlaptop+asus%26src%3Dsearch,""ASUS TUF GAMING A15 FA506NCQ RYZEN 7 170 RTX3050 32GB 1TB W11+OHS+M365B 15.6"""" FHD IPS LAPTOP GAMING"",Asus,FA506NCQ,RYZEN 7 170,32,,RTX3050,6,14259000,,new,Gateway Indonesia Comp,5.0,,False,,Jakarta Utara,2026-08-27T12:21:27.140411,False,"
tokopedia,100650811225,https://www.tokopedia.com/rogonline/asus-gaming-v16-rtx-5060-core-i7-240h-32gb-1tb-ssd-w-11-ohs-16-0-ips-144hz-v-16-v3607vm-1731758425140528359?extParam=ivf%3Dfalse%26keyword%3Dlaptop+asus%26src%3Dsearch,Asus Gaming V16 RTX 5060 Core i7 240H 32GB 1TB SSD W11 OHS 16.0 IPS 144Hz V3607VM Laptop Gaming dengan Windows 11 Home & Office 2024,Asus,V3607VM,,32,1024,RTX 5060,60,23879000,,new,ROGZ Online,5.0,,False,,Jakarta Pusat,2026-08-27T12:21:27.140476,False,
tokopedia,103758953997,https://www.tokopedia.com/gateway/lenovo-ideapad-slim-3-15-intel-i5-12450h-16gb-512gb-ssd-15-6-fhd-1737082620330280373?extParam=ivf%3Dfalse%26keyword%3Dlaptop+asus%26src%3Dsearch,[SALE] ASUS ZENBOOK 14 OLED UM3406HA TOUCH RYZEN 7 8840 16GB 512GB W11 14.0 2.8K LAPTOP,Asus,UM3406HA,RYZEN 7 8840,16,,,6,17900180,,new,Gateway Indonesia Comp,5.0,,False,,Jakarta Utara,2026-08-27T12:21:27.140536,False,
"tokopedia,16160231055,https://www.tokopedia.com/kingznotebook/laptop-asus-zenbook-s14-ux5406sa-touch-ultra-7-258v-32gb-1tb-ssd-14-3k-oled-1730827698772542631?extParam=ivf%3Dfalse%26keyword%3Dlaptop+asus%26src%3Dsearch,""Laptop Asus ZenBook S14 UX5406SA Touch Ultra 7 258V 32GB 1TB SSD W11+OHS 14""""3K OLED"",Asus,UX5406SA,,32,1024,,14,32189000,,new,Kingz Notebook,5.0,,False,,Jakarta Pusat,2026-08-27T12:21:27.140598,False,"
tokopedia,103397078304,https://www.tokopedia.com/ten-com/asus-tuf-a15-fa507nur-ryzen-7-7435hs-rtx4050-6gb-16gb-512gb-ram-15-6fhd-144hz-100srgb-windows-11-laptop-gaming-1732432960800064775-1735673264215262471?extParam=ivf%3Dfalse%26keyword%3Dlaptop+asus%26src%3Dsearch,Asus TUF A15 FA506NCQ RTX3050 Ryzen 7 170 32GB 1TB 15.6inch Full HD Windows 11 OHS Laptop Gaming Garansi Resmi,Asus,FA506NCQ,RYZEN 7 170,32,,RTX3050,15.6,14269000,,new,Ten Com,5.0,,False,,Jakarta Selatan,2026-08-27T12:21:27.140663,False,
tokopedia,103575248865,https://www.tokopedia.com/onestopgaming/laptop-asus-a416jao-vips521-i5-1035g1-4gb-256gb-ssd-14fhd-vips-ohs-w10-1736483207816512770?extParam=ivf%3Dfalse%26keyword%3Dlaptop+asus%26src%3Dsearch,[ FLASH SALE ] Laptop Asus ExpertBook P1 PM1403CDA Ryzen 5 150 8GB RAM 512GB SSD 14' FHD Windows 11 RESMI Expert Book,Asus,PM1403CDA,RYZEN 5 150,512,512,,3,10984500,,new,Onestop Gaming,5.0,,False,,Jakarta Pusat,2026-08-27T12:21:27.140730,False,
tokopedia,102051511300,https://www.tokopedia.com/hans-computer/baterai-original-laptop-asus-x550-x550i-x550ik-x550iu-a41-x550a-1732132584798848264?extParam=ivf%3Dfalse%26keyword%3Dlaptop+asus%26src%3Dsearch,Baterai Original Laptop Asus X550 X550I X550IK X550IU A41-X550A,Asus,X550,,,,,50,207900,,new,hans computer,5.0,,False,,Jakarta Pusat,2026-08-27T12:21:27.140850,True,price_far_below_market(<3500000)
"tokopedia,100583073912,https://www.tokopedia.com/gameridsurabaya/laptop-asus-gaming-v16-v3607vu-intel-core-7-240h-geforce-rtx-4050-6gb-ram-16-gb-ssd-512-gb-windows-11-office-home-student-16-inch-wuxga-144hz-refresh-rate-1731635742474799059?extParam=ivf%3Dfalse%26keyword%3Dlaptop+asus%26src%3Dsearch,""Laptop ASUS GAMING V16 V3607VU Intel Core 7 240H GeForce RTX 4050 6GB RAM 16 GB SSD 512 GB Windows 11 + Office Home Student 16"""" Inch WUXGA 144Hz Refresh Rate"",Asus,V3607VU,INTEL CORE 7 240H,16,512,RTX 4050,40,21819000,,new,Gamer ID Surabaya,5.0,,False,,Surabaya,2026-08-27T12:21:27.140918,False,"
"tokopedia,103759024527,https://www.tokopedia.com/gateway/asus-zenbook-14-oled-touch-ultra-9-285h-ultra-7-255h-32gb-1tb-ssd-w11-14-0fhd-ux3405ca-1731498587673232821-1737082737582441909?extParam=ivf%3Dfalse%26keyword%3Dlaptop+asus%26src%3Dsearch,""[SALE] ASUS ZENBOOK 14 OLED UX3405CA TOUCH ULTRA 7 255H 16GB 512GB W11 14"""" FHD LAPTOP"",Asus,UX3405CA,,16,,,5,19664780,,new,Gateway Indonesia Comp,5.0,,False,,Jakarta Utara,2026-08-27T12:21:27.140976,False,"
tokopedia,103620546425,https://www.tokopedia.com/herlinacom/asus-rog-strix-g16-g614fm-ryzen-9-9955hx-rtx5060-8gb-32gb-1tb-w11-ohs-16-0wqxga-100dcip3-240hz-1732715002156057998-1736670244680533390?extParam=ivf%3Dtrue%26keyword%3Dlaptop+asus%26src%3Dsearch,Laptop Asus ROG Strix G16 G614FM Ryzen 9 9955HX Rtx 5060 8Gb / Ram 16Gb 1Tb Ssd Win 11 16.0 Full HD Ips 165Hz,Asus,G614FM,RYZEN 9 9955HX,16,1024,RTX 5060,55,29319000,,new,Herlinacom,5.0,,False,,Depok,2026-08-27T12:21:27.141124,False,
"tokopedia,103725034947,https://www.tokopedia.com/gateway/asus-rog-flow-z13-gz302ea-touch-ryzen-ai-max-395-64gb-1tb-w11-ohs-13-4-2-5k-180hz-pen-2in1-1730868286580884917-1736998393463211445?extParam=ivf%3Dfalse%26keyword%3Dlaptop+asus%26src%3Dsearch,""ASUS ROG FLOW Z13 GZ302EA TOUCH RYZEN AI MAX+ 395 64GB/32GB 1TB W11+OHS 13.4"""" 2.5K 180HZ PEN 2IN1 LAPTOP GAMING"",Asus,GZ302EA,,32,,,13.4,45129000,,new,Gateway Indonesia Comp,5.0,,False,,Jakarta Utara,2026-08-27T12:21:27.141193,False,"
tokopedia,15857034100,https://www.tokopedia.com/herlinacom/asus-vivobook-go-14-e1404fa-ryzen-3-7320u-8gb-512gb-ssd-win-11-o-h-s-non-paket-ram-8gb-256ssd-e125c?extParam=ivf%3Dtrue%26keyword%3Dlaptop+asus%26src%3Dsearch,Laptop Asus Vivobook Go 14 e1404fa ryzen 3 7320u Ram 8gb 512gb ssd win 11 + Office Ori 14.0 Fhd,Asus,E1404FA,RYZEN 3 7320U,8,512,,,9399000,,new,Herlinacom,5.0,,False,,Depok,2026-08-27T12:21:27.141259,False,
tokopedia,103089192250,https://www.tokopedia.com/herlinacom/laptop-asus-expertbook-pm1403cda-ryzen-5-150-ram-16gb-512gb-ssd-win-11-office-ohs-ori-14-0-full-hd-1734559509546632590?extParam=ivf%3Dtrue%26keyword%3Dlaptop+asus%26src%3Dsearch,Laptop Asus ExpertBook PM1403CDA Ryzen 5 150 Ram 16Gb 512Gb Ssd Win 11 + Office Ohs Ori 14.0 Full HD,Asus,PM1403CDA,RYZEN 5 150,16,512,,3,11469000,,new,Herlinacom,5.0,,False,,Depok,2026-08-27T12:21:27.141321,False,
tokopedia,103744510026,https://www.tokopedia.com/herlinacom/laptop-asus-vivobook-f1504vap-intel-core-5-120u-ram-16gb-1tb-win-11-ori-15-6-full-hd-1731176179058378126-1737050134679356814?extParam=ivf%3Dtrue%26keyword%3Dlaptop+asus%26src%3Dsearch,Laptop Asus Vivobook F1504VAP Intel Core 5 120U Ram 16Gb 1Tb Win 11 Ori 15.6 Full HD,Asus,F1504VAP,INTEL CORE 5 120U,16,,,,10079000,,new,Herlinacom,5.0,,False,,Depok,2026-08-27T12:21:27.141386,False,
tokopedia,103544092313,https://www.tokopedia.com/asus-official-store-891/laptop-asus-vivobook-14-m1405ya-ryzen-7-7730-ram-16gb-ssd-512gb-w11-ohs-14-0wuxga-vips-1734106859885201230-1736341973581137742?extParam=ivf%3Dfalse%26keyword%3Dlaptop+asus%26src%3Dsearch,Laptop Asus Vivobook 14 M1405YA Ryzen 7 7730 RAM 16GB SSD 512GB W11+OHS 14.0WUXGA VIPS,Asus,M1405YA,RYZEN 7 7730,16,512,,,14959000,,new,ASUS Official Store,5.0,,False,,Jakarta Utara,2026-08-27T12:21:27.141450,False,
tokopedia,102529751379,https://www.tokopedia.com/kanglaptop/asus-vivobook-go-14-e1404fa-ryzen-5-7520-8-16gb-512gb-w11-ohs-14-0fhd-1733110473874245449?extParam=ivf%3Dfalse%26keyword%3Dlaptop+asus%26src%3Dsearch,Laptop Asus Vivobook GO 14 E1404FA Ryzen 5-7520U 16GB 512GB SSD 14.0 Inch FHD IPS Windows 11,Asus,E1404FA,,16,512,,14,10799000,,new,KangLaptop_NEW,5.0,,False,,Jakarta Selatan,2026-08-27T12:21:27.141513,False,
tokopedia,102295913848,https://www.tokopedia.com/onestopgaming/bonus-pembelian-laptop-asus-tuf-gaming-1732579103826216194?extParam=ivf%3Dfalse%26keyword%3Dlaptop+asus%26src%3Dsearch,Bonus Pembelian Laptop Asus Tuf Gaming,Asus,,,,,,,99500,,new,Onestop Gaming,5.0,,False,,Jakarta Pusat,2026-08-27T12:21:27.141561,True,price_far_below_market(<3500000)
"tokopedia,102946545183,https://www.tokopedia.com/royalltech/laptop-asus-zenbook-14-oled-ux3405ca-touch-intel-ultra-9-285h-32gb-1tb-ssd-w11-office-14-0fhd-1734229443254846967?extParam=ivf%3Dfalse%26keyword%3Dlaptop+asus%26src%3Dsearch,""LAPTOP ASUS ZENBOOK 14 OLED TOUCH UX3405CA INTEL ULTRA 7 255H RAM 32GB SSD 1TB W11+OHS+M365B 14"""" WUXGA - LAPTOP TOUCH SCREEN OLED GARANSI RESMI"",Asus,UX3405CA,M3,32,1024,,5,31349000,,new,royalltech,5.0,,False,,Jakarta Utara,2026-08-27T12:21:27.141632,False,"
tokopedia,103085203750,https://www.tokopedia.com/royalltech/laptop-asus-vivobook-go-14-e1404ga-intel-core-i3-n305-8gb-512gb-ssd-w11-ohs-m365b-14-0-fhd-e1404ga-a1404va-a1405za-a1404za-1734533321159968247?extParam=ivf%3Dfalse%26keyword%3Dlaptop+asus%26src%3Dsearch,LAPTOP ASUS VIVOBOOK GO 14 E1404GA INTEL CORE I3 N305 8GB 512GB SSD W11+OHS+M365B 14.0 FHD -E1404GA -A1404VA -A1405ZA -A1404ZA,Asus,E1404GA,N305,8,512,,,9609000,,new,royalltech,5.0,,False,,Jakarta Utara,2026-08-27T12:21:27.141704,False,
"tokopedia,102642558432,https://www.tokopedia.com/teknotrend/laptop-gaming-asus-tuf-f16-fx607vjb-intel-core-5-210h-16gb-ssd-512gb-16-rtx3050-w11-oh2024-1733432694664497090?extParam=ivf%3Dfalse%26keyword%3Dlaptop+asus%26src%3Dsearch,""Laptop Gaming Asus TUF F16 FX607VJB Intel Core 5 210H 16GB SSD 512GB 16"""" RTX3050 W11+OH2024"",Asus,FX607VJB,INTEL CORE 5 210H,,512,RTX3050,10,19989500,,new,TeknoTrend ID,5.0,,False,,Jakarta Pusat,2026-08-27T12:21:27.141765,False,"
"tokopedia,102118316981,https://www.tokopedia.com/onestopgaming/laptop-asus-vivobook-go-14-e1404fa-amd-ryzen-3-8gb-ram-512gb-ssd-14-fhd-windows-11-ohs-garansi-resmi-asus-indonesia-1732247026430412034?extParam=ivf%3Dtrue%26keyword%3Dlaptop+asus%26src%3Dsearch,""Laptop ASUS Vivobook Go 14 E1404FA AMD Ryzen 3 8GB RAM 512GB SSD 14"""" FHD Windows 11 + OHS Garansi Resmi Asus Indonesia"",Asus,E1404FA,,512,512,,14,8944000,,new,Onestop Gaming,5.0,,False,,Jakarta Pusat,2026-08-27T12:21:27.141887,False,"
tokopedia,12635557224,https://www.tokopedia.com/gamingdistributorid/laptop-asus-vivobook-go-14-e1404fa-ryzen-3-7320-8gb-512gb-w11-ohs-14-0fhd-1729964091837613678?extParam=ivf%3Dtrue%26keyword%3Dlaptop+asus%26src%3Dsearch,Laptop Asus VIVOBOOK GO 14 E1404FA RYZEN 3 7320 8GB 1TB SSD W11+OHS 14.0FHD,Asus,E1404FA,RYZEN 3 7320,8,1024,,,9389000,,new,GAMING DISTRIBUTOR ID,5.0,,False,,Jakarta Barat,2026-08-27T12:21:27.141948,False,
"tokopedia,103448486125,https://www.tokopedia.com/alienwarestore/asus-vivobook-14-core-i7-1355-16gb-512gb-ssd-windows-11-14-0-fhd-ips-x1404va-1733043391143314776-1735908879896446296?extParam=ivf%3Dfalse%26keyword%3Dlaptop+asus%26src%3Dsearch%26whid%3D4141453,""LAPTOP ASUS VIVOBOOK 14 X1404VA CORE i5 120U 8GB 256SSD W11 14"""" FHD - 8GB 256SSD (FREE ONGKIR)"",Asus,X1404VA,,,,,14,9769000,,new,ALIENWARE GAMING STORE,5.0,,False,,Jakarta Utara,2026-08-27T12:21:27.142068,False,"
tokopedia,100267244244,https://www.tokopedia.com/kakilimacom/laptop-asus-vivobook-f1504vap-core-5-120u-ram-16gb-512gb-ssd-windows-11-layar-15-inch-full-hd-ips-1731170750391224072?extParam=ivf%3Dfalse%26keyword%3Dlaptop+asus%26src%3Dsearch,Laptop ASUS VIVOBOOK F1504VAP Core 5 120U ram 16GB 512GB ssd WIndows 11 Layar 15 inch Full HD IPS,Asus,F1504VAP,CORE 5 120U,16,512,,15,11309000,,new,KakiLima Comp,5.0,,False,,Kab. Tangerang,2026-08-27T12:21:27.142131,False,
tokopedia,102520888925,https://www.tokopedia.com/agresidsurabaya/laptop-asus-vivobook-go-14-e1404fa-ryzen-5-7520-8gb-512gb-w11-ohs-m365b-14-0fhd-vips-1733089867565664215?extParam=ivf%3Dfalse%26keyword%3Dlaptop+asus%26src%3Dsearch,LAPTOP ASUS VIVOBOOK GO 14 E1404FA RYZEN 5 7520 8GB 512GB W11+OHS+M365B 14.0FHD VIPS,Asus,E1404FA,RYZEN 5 7520,8,,,,10809000,,new,Agres ID Surabaya,5.0,,False,,Surabaya,2026-08-27T12:21:27.142219,False,
tokopedia,103574134087,https://www.tokopedia.com/rogsstoreid/dell-inspiron-14-7440-2in1-touch-core-7-150u-16gb-1tb-w11-ohs-14-0wuxga-1736480792423728460?extParam=ivf%3Dfalse%26keyword%3Dlaptop+asus%26src%3Dsearch,ASUS ROG STRIX G16 G614PP RTX5070 AMD RYZEN 9 8940HX RAM 64GB SSD 2TB WINDOWS 11 16-INCH FHD LAPTOP GAMING,Asus,G614PP,RYZEN 9 8940HX,64,2048,RTX5070,40,79999000,,new,ROGS STORE,5.0,,False,,Jakarta Utara,2026-08-27T12:21:27.142288,False,
"tokopedia,15218153935,https://www.tokopedia.com/laptopgrosirid/laptop-asus-vivobook-14-a1404va-core-i3-1315u-16gb-512gb-windows-11-14-fhd-1731063736413881673?extParam=ivf%3Dfalse%26keyword%3Dlaptop+asus%26src%3Dsearch,""Laptop Asus Vivobook 14 A1404VA Core i3 1315U 16gb 512gb Windows 11 14"""" FHD"",Asus,A1404VA,I3 1315U,16,,,14,10698000,,new,Laptop Grosir ID,5.0,,False,,Jakarta Selatan,2026-08-27T12:21:27.142350,False,"
tokopedia,103052928522,https://www.tokopedia.com/bestcomp46/asus-gaming-v16-v3607vu-rtx4050-6gb-core-5-210h-16gb-512gb-w11-ohs-16-0wuxga-144hz-laptop-gaming-original-dengan-garansi-resmi-2-tahun-1734421672610596145?extParam=ivf%3Dfalse%26keyword%3Dlaptop+asus%26src%3Dsearch,ASUS Gaming V16 V3607VU CORE 5 210H RTX4050 6GB 16GB 512GB W11+OHS 16.0WUXGA 144HZ Laptop Gaming Original dengan Garansi Resmi 2 Tahun,Asus,V3607VU,CORE 5 210H,16,,RTX4050,10,20809000,,new,BestComp46,5.0,,False,,Jakarta Selatan,2026-08-27T12:21:27.142418,False,
"tokopedia,100000342867,https://www.tokopedia.com/tistonline/laptop-asus-tuf-gaming-a15-fa507re-r7r5b6g-o-amd-ryzen-7-6800h-ram-8gb-16-gb-ssd-512gb-rtx3050ti-4gb-15-6-fhd-win11-office-2021-garansi-resmi-1729588053959608226?extParam=ivf%3Dfalse%26keyword%3Dlaptop+asus%26src%3Dsearch,""LAPTOP ASUS TUF GAMING A15 FA507RE-R7R5B6G-O AMD RYZEN 7-6800H RAM 8GB / 16 GB SSD 512GB RTX3050Ti 4GB 15,6"""" FHD WIN11+OFFICE 2021 GARANSI RESMI"",Asus,FA507RE-R7R5B6G-O,,8,512,RTX3050TI,0,16477000,,new,TIST Online,5.0,,False,,Jakarta Pusat,2026-08-27T12:21:27.142486,False,"
"tokopedia,102535863759,https://www.tokopedia.com/elevenlaptop/asus-tuf-a16-fa607nug-wh73-gaming-laptop-16-0-amd-ryzen7-7445hs-16gb-ram-512gb-ssd-rtx-4050-6gb-windows-11-home-mecha-gray-1733125184318506716?extParam=ivf%3Dfalse%26keyword%3Dlaptop+asus%26src%3Dsearch,""ASUS TUF A16 FA607NUG-WH73 Gaming Laptop, 16.0″ AMD Ryzen7-7445HS, 16GB RAM, 512GB SSD, RTX 4050 6GB, Windows 11 Home, Mecha Gray"",Asus,FA607NUG-WH73,,16,512,RTX 4050,7,19289000,,new,Eleven Laptop,5.0,,False,,Jakarta Selatan,2026-08-27T12:21:27.142640,False,"
tokopedia,102666232918,https://www.tokopedia.com/royalltech/laptop-asus-vivobook-14-a1407qa-snapdragon-x-x1-26100-16gb-512gb-w11-ohs-14-0wuxga-vips-vipsp151m-vipsp152m-vipsp153m-1733489116835775991?extParam=ivf%3Dfalse%26keyword%3Dlaptop+asus%26src%3Dsearch,LAPTOP ASUS VIVOBOOK 14 A1407QA SNAPDRAGON X X1 26100 16GB 512GB W11+OHS 14.0WUXGA VIPS -VIPSP151M VIPSP152M VIPSP153M,Asus,A1407QA,SNAPDRAGON X X1 26100 16GB 512GB W11+OHS 14,16,,,,11029000,,new,royalltech,5.0,,False,,Jakarta Utara,2026-08-27T12:21:27.142861,False,
"tokopedia,102713008779,https://www.tokopedia.com/royalltech/asus-zenbook-a14-ux3407qa-snapdragon-x1-26100-16gb-1tb-512gb-w11-ohs-365-14-wuxga-ips-laptop-1733660716019320311?extParam=ivf%3Dfalse%26keyword%3Dlaptop+asus%26src%3Dsearch,""ASUS ZENBOOK A14 UX3407QA SNAPDRAGON X1 26100 16GB 1TB 512GB W11+OHS+365 14"""" WUXGA IPS Laptop"",Asus,UX3407QA,SNAPDRAGON X1 26100 16GB 1TB 512GB W11+OHS+365 14,16,,,14,17209000,,new,royalltech,5.0,,False,,Jakarta Utara,2026-08-27T12:21:27.142992,False,"
tokopedia,103090205648,https://www.tokopedia.com/royalltech/laptop-asus-gaming-v16-v3607vu-intel-core-i5-210h-rtx4050-6gb-ram-16gb-512gb-ssd-w11-ohs-16-0-wuxga-144hz-1734568601577752055?extParam=ivf%3Dfalse%26keyword%3Dlaptop+asus%26src%3Dsearch,LAPTOP ASUS GAMING V16 V3607VU INTEL CORE I5 210H RTX4050 6GB/ RAM 16GB 512GB SSD W11+OHS 16.0 WUXGA 144HZ,Asus,V3607VU,,16,512,RTX4050,10,20809000,,new,royalltech,5.0,,False,,Jakarta Utara,2026-08-27T12:21:27.143058,False,
tokopedia,4805239456,https://www.tokopedia.com/distri-laptop/laptop-asus-vivobook-14-a416fa-core-i3-10110u-ram-4gb-256gb-ohs-w11-grey?extParam=ivf%3Dtrue%26keyword%3Dlaptop+asus%26src%3Dsearch,Laptop Asus Vivobook 14 A1404VAP Intel Core 3 100U RAM 8GB 512GB OH24 W11 Best Price,Asus,A1404VAP,INTEL CORE 3 100U,8,,,,8811714,,new,Distri Laptop,5.0,,False,,Jakarta Pusat,2026-08-27T12:21:27.143179,False,
"tokopedia,102624131857,https://www.tokopedia.com/rogonline/asus-zenbook-14-oled-um3406-ryzen-7-ai-350-32gb-2tb-ssd-win-11-14-0-touchscreen-um3406ka-1733379443013944551?extParam=ivf%3Dfalse%26keyword%3Dlaptop+asus%26src%3Dsearch,""Asus Zenbook 14 OLED UM3406KA Ryzen 7 AI 350 32GB 2TB SSD Win 11 14.0"""" Touchscreen Jade Black Laptop dengan Audio Smart Amp dan Face Recognition"",Asus,UM3406KA,M3,32,2048,,14,20099000,,new,ROGZ Online,5.0,,False,,Jakarta Pusat,2026-08-27T12:21:27.143313,False,"
tokopedia,103487983714,https://www.tokopedia.com/rogsstoreid/lenovo-yoga-7-2in1-14-oled-ryzen-7-8840hs-16gb-1tb-ssd-w11-ohs-m365b-14-wuxga-1731584691708069196-1736092312962565452?extParam=ivf%3Dfalse%26keyword%3Dlaptop+asus%26src%3Dsearch,[ Pickup / Kurir Toko ] ASUS Vivobook Go 14 E1404FA Ryzen 5 7520U RAM 16GB SSD 512GB 14 FHD Win11 OHS Laptop,Asus,E1404FA,RYZEN 5 7520U,16,512,,,8474138,,new,ROGS STORE,5.0,,False,,Jakarta Utara,2026-08-27T12:21:27.143444,False,
tokopedia,103050105884,https://www.tokopedia.com/royalltech/laptop-acer-aspire-lite-15-al15-amd-ryzen-5-8640hs-8gb-512gb-ssd-w11-ohs-m365b-15-0fhd-ips-61p-r3qe-1734417912050517495?extParam=ivf%3Dfalse%26keyword%3Dlaptop+acer%26search_id%3D20260827122239CD00692C3BFE590ABAU5%26src%3Dsearch,LAPTOP ACER ASPIRE LITE 15 AL15 AMD RYZEN 5 8640HS 8GB 512GB SSD W11+OHS+M365B 15.0FHD IPS -61P.R3QE,Acer,,RYZEN 5 8640HS,8,512,,40,10779000,,new,royalltech,5.0,,False,,Jakarta Utara,2026-08-27T12:22:58.869238,False,
tokopedia,103312271643,https://www.tokopedia.com/technocentral/laptop-acer-predator-helios-neo-16s-ai-oled-ultra-7-255hx-rtx5050-8gb-16gb-1tb-w11-ohs-16-0wqxga-240hz-1733594818057176707-1735324455550224003?extParam=ivf%3Dfalse%26keyword%3Dlaptop+acer%26search_id%3D20260827122239CD00692C3BFE590ABAU5%26src%3Dsearch,LAPTOP ACER PREDATOR HELIOS NEO 16S AI OLED ULTRA 7 255HX RTX5050 8GB/ 16GB 1TB W11+OHS 16.0WQXGA 240HZ,Acer,,,16,,RTX5050,55,30999000,,new,Techno Central,5.0,,False,,Bogor,2026-08-27T12:22:58.869815,False,
"tokopedia,102279614593,https://www.tokopedia.com/gameridsurabaya/laptop-acer-nitro-v15-amd-ryzen-7-7445hs-geforce-rtx-4050-6-gb-ram-16-gb-ssd-512-gb-windows-office-home-student-15-6-full-hd-180-hz-100-srgb-1732559423738578899?extParam=ivf%3Dfalse%26keyword%3Dlaptop+acer%26search_id%3D20260827122239CD00692C3BFE590ABAU5%26src%3Dsearch,""Laptop Acer nitro V15 AMD Ryzen 7 7445HS GeForce rtx 4050 6 GB RAM 16 GB SSD 512 GB + Windows + Office HOme Student 15.6"""" Full HD 180 Hz 100 SRGB"",Acer,Nitro V15,RYZEN 7 7445HS,16,512,RTX 4050,45,18779000,,new,Gamer ID Surabaya,5.0,,False,,Surabaya,2026-08-27T12:22:58.869889,False,"
tokopedia,102414335872,https://www.tokopedia.com/ten-com/laptop-acer-aspire-lite-14-al14-intel-i3-n355-8gb-512gb-windows-11-ohs-14inch-garansi-resmi-1732855599878079751?extParam=ivf%3Dtrue%26keyword%3Dlaptop+acer%26search_id%3D20260827122239CD00692C3BFE590ABAU5%26src%3Dsearch,Laptop Acer Aspire Lite 14 AL14 Intel i3 N355 8GB 512GB Windows 11 OHS 14inch Garansi Resmi,Acer,,N355,8,,,14,9079000,,new,Ten Com,5.0,,False,,Jakarta Selatan,2026-08-27T12:22:58.869977,False,
tokopedia,103034882555,https://www.tokopedia.com/royalltech/laptop-acer-aspire-7-pro-a715-intel-core-i7-13620h-rtx3050-6gb-16gb-512gb-w11-ohs-m365b-15-6fhd-144hz-1734394845324936695?extParam=ivf%3Dfalse%26keyword%3Dlaptop+acer%26search_id%3D20260827122239CD00692C3BFE590ABAU5%26src%3Dsearch,LAPTOP ACER ASPIRE 7 PRO A715 INTEL CORE I7 13620H RTX3050 6GB/ 16GB 512GB W11+OHS+M365B 15.6FHD 144HZ,Acer,A715,I7 13620H,16,,RTX3050,15,15749000,,new,royalltech,5.0,,False,,Jakarta Utara,2026-08-27T12:22:58.870048,False,
tokopedia,100837748024,https://www.tokopedia.com/prostorecomputer/acer-aspire-lite-al14-i7-12650h-i5-13500h-1334-i3-n355-1215-16gb-8gb-1tb-512gb-256gb-w11-ohs-14-0wuxga-ips-laptop-ultrabook-notebook-1732034564985751451?extParam=ivf%3Dfalse%26keyword%3Dlaptop+acer%26search_id%3D20260827122239CD00692C3BFE590ABAU5%26src%3Dsearch,ACER ASPIRE LITE AL14 I7 12650H I5 13500H 1334 I3 N355 1215 16GB 8GB 1TB 512GB 256GB W11+OHS 14.0WUXGA IPS - LAPTOP ULTRABOOK NOTEBOOK,Acer,,I7 12650H,8,,,14,8150188,,new,ProStoreComputer,5.0,,False,,Jakarta Utara,2026-08-27T12:22:58.870119,False,
tokopedia,102655539595,https://www.tokopedia.com/legendeltro-id/laptop-acer-aspire-lite-14-al14-ryzen-3-5300-8gb-512gb-w11-ohs-m365b-14-0wuxga-ips-1733461741345670193?extParam=ivf%3Dfalse%26keyword%3Dlaptop+acer%26search_id%3D20260827122239CD00692C3BFE590ABAU5%26src%3Dsearch,Laptop ACER ASPIRE LITE 14 AL14 RYZEN 3 5300 8GB 512GB W11+OHS+M365B 14.0WUXGA IPS,Acer,,RYZEN 3 5300,8,,,,8599000,,new,LEGEND.ELTRO.ID,5.0,,False,,Tangerang Selatan,2026-08-27T12:22:58.870184,False,
tokopedia,103061001401,https://www.tokopedia.com/royalltech/laptop-acer-swift-go-oled-sfg14-intel-ultra-7-155h-32gb-1tb-ssd-w11-ohs-14-0-2-8k-90hz-evo-2y-adp-1734432118747858423?extParam=ivf%3Dfalse%26keyword%3Dlaptop+acer%26search_id%3D20260827122239CD00692C3BFE590ABAU5%26src%3Dsearch,LAPTOP ACER SWIFT GO OLED SFG14 INTEL ULTRA 7 155H 32GB 1TB SSD W11+OHS 14.0 2.8K 90HZ EVO 2Y+ADP,Acer,,,32,1024,,14,17059000,,new,royalltech,5.0,,False,,Jakarta Utara,2026-08-27T12:22:58.870245,False,
"tokopedia,103193903652,https://www.tokopedia.com/acerid/gajian-sale-acer-aspire-lite-14-al14-71p-core-i5-13500h-16gb-8gb-ram-ddr5-512gb-ssd-iris-xe-eligible-14-ips-wuxga-w11h-oh2024-silver-544e-nx-d7ssn-001-1731239334146966549-1734977900019876885?extParam=ivf%3Dfalse%26keyword%3Dlaptop+acer%26search_id%3D20260827122239CD00692C3BFE590ABAU5%26src%3Dsearch,""Acer Aspire Lite 14 AL14-44P-R1XH - Ryzen 7 7730U | 8GB DDR4 | 512GB SSD | 14.5” WUXGA IPS AL14-44P-R1XH RYZEN 7 7730U 8GB 512GB SSD 14.5"""" WUXGA IPS W11H OH24+M365 SILVER [NX.DMCSN.002] Laptop karyawan, mahasiswa, UMKM, multitasking harian hingga menengah"",Acer,,RYZEN 7 7730U,8,512,,14.5,10528822,,new,Acer Official Authorized Store,5.0,,False,,Jakarta Pusat,2026-08-27T12:22:58.870390,False,"
tokopedia,102270923447,https://www.tokopedia.com/jekardah/laptop-acer-aspire-14-core-i5-120u-16gb-512gb-w11-ohs-14-0wuxga-1732540382306534698?extParam=ivf%3Dfalse%26keyword%3Dlaptop+acer%26search_id%3D20260827122239CD00692C3BFE590ABAU5%26src%3Dsearch,Laptop Acer Aspire 14 Core I5 120U 16GB 512GB W11+OHS 14.0WUXGA,Acer,Aspire 14,,16,,,14,10487080,,new,LAPTOP GADGET ID,5.0,,False,,Jakarta Pusat,2026-08-27T12:22:58.870448,False,
"tokopedia,13679494622,https://www.tokopedia.com/kingznotebook/laptop-acer-swift-go-sfg14-73-ultra-7-155h-32gb-1tb-ssd-win11-ohs-14-2k-oled-non-bundling-silver-26ca2?extParam=ivf%3Dfalse%26keyword%3Dlaptop+acer%26search_id%3D20260827122239CD00692C3BFE590ABAU5%26src%3Dsearch,""Laptop Acer Swift Go SFG14-73 Ultra 7- 155H 32GB 1TB SSD WIN11 + OHS 14"""" 2K OLED"",Acer,,,32,1024,,55,18779000,,new,Kingz Notebook,5.0,,False,,Jakarta Pusat,2026-08-27T12:22:58.870518,False,"
"tokopedia,100584995751,https://www.tokopedia.com/gameridsurabaya/laptop-acer-nitro-lite-16-intel-core-i5-13420h-geforce-rtx-4050-6gb-ram-16-gb-ssd-512-gb-windows-11-office-home-student-16-wuxga-180hz-100srgb-1731639596120180691?extParam=ivf%3Dfalse%26keyword%3Dlaptop+acer%26search_id%3D20260827122239CD00692C3BFE590ABAU5%26src%3Dsearch,""Laptop Acer Nitro Lite 16 Intel Core i5 13420H GeForce RTX 4050 6GB RAM 16 GB SSD 512 GB Windows 11 + Office Home Student 16"""" WUXGA 180Hz 100Srgb"",Acer,,I5 13420H,16,512,RTX 4050,16,17659000,,new,Gamer ID Surabaya,5.0,,False,,Surabaya,2026-08-27T12:22:58.870589,False,"
tokopedia,102720197290,https://www.tokopedia.com/acer-exclusive-mall-ambasador/extra-packing-bubble-warp-untuk-laptop-acer-1733681705612511166?extParam=ivf%3Dfalse%26keyword%3Dlaptop+acer%26search_id%3D20260827122239CD00692C3BFE590ABAU5%26src%3Dsearch,Extra Packing Bubble Warp Untuk Laptop Acer,Acer,,,,,,,15000,,new,Acer Exclusive Mall Ambasador,5.0,,False,,Jakarta Selatan,2026-08-27T12:22:58.870640,True,price_far_below_market(<2800000)
"tokopedia,102362050349,https://www.tokopedia.com/enterkomputer/acer-nitro-v-15-anv15-42-r60u-laptop-ryzen-7-7445hs-ram-16gb-ssd-512gb-rtx-4050-6gb-15-6-fhd-180hz-1732728412146927184?extParam=ivf%3Dfalse%26keyword%3Dlaptop+acer%26search_id%3D20260827122239CD00692C3BFE590ABAU5%26src%3Dsearch,""Acer Nitro V 15 ANV15-42-R60U - Laptop Ryzen 7 7445HS RAM 16GB SSD 512GB RTX 4050 6GB 15.6"""" FHD 180Hz"",Acer,,RYZEN 7 7445HS,16,512,RTX 4050,45,18866000,,new,Enter Komputer Official,5.0,,False,,Jakarta Pusat,2026-08-27T12:22:58.870705,False,"
tokopedia,102546244914,https://www.tokopedia.com/toptech/laptop-acer-aspire-go-14-ag14-core-5-120u-8gb-512gb-14-0wuxga-ips-w11-ohs-1733173128035402868?extParam=ivf%3Dfalse%26keyword%3Dlaptop+acer%26search_id%3D20260827122239CD00692C3BFE590ABAU5%26src%3Dsearch,[CO] Laptop ACER ASPIRE GO 14 AG14 CORE 5 120U 16GB 512GB 14.0WUXGA IPS W11 OHS,Acer,,CORE 5 120U,16,,,14,10566180,,new,Top Tech Comp,5.0,,False,,Jakarta Utara,2026-08-27T12:22:58.870763,False,
tokopedia,14441369174,https://www.tokopedia.com/royalltech/laptop-acer-swift-14-ai-oled-sf14-intel-ultra-5-226v-16gb-1tb-ssd-w11-ohs-14-0wuxga-60hz-blu-2y-adp-51-583l-1729964595526075895?extParam=ivf%3Dfalse%26keyword%3Dlaptop+acer%26search_id%3D20260827122239CD00692C3BFE590ABAU5%26src%3Dsearch,LAPTOP ACER SWIFT 14 AI OLED SF14 INTEL ULTRA 5 226V 16GB 1TB SSD W11+OHS 14.0WUXGA 60HZ BLU 2Y+ADP -51.583L,Acer,Swift 14,,16,1024,,14,17459000,,new,royalltech,5.0,,False,,Jakarta Utara,2026-08-27T12:22:58.870826,False,
tokopedia,103463122020,https://www.tokopedia.com/ten-com/acer-nitro-v-15-anv15-51-901s-rtx4060-i9-13900h-32gb-1tb-ssd-15-6inch-fhd-144hz-garansi-resmi-laptop-gaming-intel-core-i9-13900h-nvidia-geforce-rtx-4060-8gb-gddr6-windows-11-1729914325499479303-1735976448723617031?extParam=ivf%3Dtrue%26keyword%3Dlaptop+acer%26search_id%3D20260827122239CD00692C3BFE590ABAU5%26src%3Dsearch,Acer Nitro V 15 ANV15-52-7783 RTX5050 i7 13620H 32GB 1TB SSD 15.6inch FHD 180Hz 100sRGB Garansi Resmi Laptop Gaming Intel Core i9-13900H NVIDIA GeForce RTX 4060 8GB GDDR6 Windows 11,Acer,,I7 13620H,32,1024,RTX5050,15.6,21099000,,new,Ten Com,5.0,,False,,Jakarta Selatan,2026-08-27T12:22:58.870906,False,
"tokopedia,103778556851,https://www.tokopedia.com/acer-indonesia/acer-laptop-aspire-lite-14-al14-36p-c7q8-al14-36p-c9yy-14-fhd-intel-celeron-n4500-ram-8gb-storage-512gb-ssd-intel-uhd-graphics-windows-11-1735431280098706872-1737144349722903992?extParam=ivf%3Dfalse%26keyword%3Dlaptop+acer%26search_id%3D20260827122239CD00692C3BFE590ABAU5%26src%3Dsearch,""ACER LAPTOP ASPIRE LITE 14 AL14-36P-C7Q8/AL14-36P-C9YY 14"""" FHD INTEL CELERON N4500 RAM 8GB STORAGE 512GB SSD INTEL UHD GRAPHICS WINDOWS 11"",Acer,,CELERON N4500,8,512,,14,7898900,,new,Acer Indonesia,5.0,,False,,Jakarta Timur,2026-08-27T12:22:58.870979,False,"
tokopedia,103050086307,https://www.tokopedia.com/royalltech/laptop-acer-aspire-lite-15-al15-ryzen-7-8840hs-ram-16gb-ssd-512gb-w11-ohs-m365b-15-6-fhd-ips-laptop-kencang-tipis-terlaris-1734417841567925751?extParam=ivf%3Dfalse%26keyword%3Dlaptop+acer%26search_id%3D20260827122239CD00692C3BFE590ABAU5%26src%3Dsearch,Laptop ACER Aspire Lite 15 AL15 Ryzen 7 8840HS RAM 16GB SSD 512GB W11+OHS+M365B 15.6”FHD IPS Laptop Kencang Tipis Terlaris,Acer,,RYZEN 7 8840HS,16,512,,15.6,13429000,,new,royalltech,5.0,,False,,Jakarta Utara,2026-08-27T12:22:58.871198,False,
"tokopedia,102753182283,https://www.tokopedia.com/acerid/acer-swift-lite-14-air-edition-sfl14-41m-r5d2-ryzen-5-240u-16gb-512gb-ssd-14-wuxga-ips-w11h-oh24-1y-m365-pure-silver-nx-d8usn-001-laptop-super-ringan-tipis-1733766789373592597?extParam=ivf%3Dfalse%26keyword%3Dlaptop+acer%26search_id%3D20260827122239CD00692C3BFE590ABAU5%26src%3Dsearch,""ACER SWIFT LITE 14 AIR EDITION SFL14-41M-R5D2 RYZEN 5 240U 16GB 512GB SSD 14"""" WUXGA IPS W11H OH24+1Y M365 PURE SILVER [NX.D8USN.001] Laptop Super Ringan, Tipis"",Acer,,RYZEN 5 240U,16,512,,14,12548822,,new,Acer Official Authorized Store,5.0,,False,,Jakarta Pusat,2026-08-27T12:22:58.871270,False,"
"tokopedia,103350424972,https://www.tokopedia.com/acerid/gajian-sale-acer-aspire-lite-15-al15-42p-r50p-ryzen-5-7430u-8gb-512gb-ssd-15-fhd-ips-win-11-home-office-2024-silver-laptop-pekerja-kantoran-mahasiswa-pengguna-rumahan-layar-besar-1731239350486402069-1735448210454381589?extParam=ivf%3Dtrue%26keyword%3Dlaptop+acer%26search_id%3D20260827122239CD00692C3BFE590ABAU5%26src%3Dsearch,""Acer Aspire Lite 15 AL15-42P-R50P - Ryzen 5 7430U | 8GB RAM | 512GB SSD | 15.6” FHD IPS | Win11 Home + Office 2024 | Silver | Laptop kerja kantoran, mahasiswa & pengguna rumahan dengan layar besar, performa stabil, dan hemat daya"",Acer,,RYZEN 5 7430U,8,512,,11,10179000,,new,Acer Official Authorized Store,5.0,,False,,Jakarta Pusat,2026-08-27T12:22:58.871371,False,"
tokopedia,102953178274,https://www.tokopedia.com/royalltech/laptop-acer-aspire-lite-al14-32p-intel-n150-8gb-ram-512gb-ssd-windows-11-ohs-m365-14-wuxga-laptop-consumer-1734243031838852599?extParam=ivf%3Dfalse%26keyword%3Dlaptop+acer%26search_id%3D20260827122239CD00692C3BFE590ABAU5%26src%3Dsearch,Laptop ACER Aspire Lite AL14 32P Intel N150 8GB RAM 512GB SSD Windows 11 + OHS + M365 14” WUXGA - LAPTOP CONSUMER,Acer,,INTEL N150,512,512,,,8029000,,new,royalltech,5.0,,False,,Jakarta Utara,2026-08-27T12:22:58.871459,False,
tokopedia,103036530969,https://www.tokopedia.com/gaminglaptopid/acer-aspire-7-pro-a715-gaming-laptop-i5-13420h-16gb-512gb-rtx3050-6gb-15-6fhd-ips-144hz-w11-ohs-1734396858723632747?extParam=ivf%3Dfalse%26keyword%3Dlaptop+acer%26search_id%3D20260827122239CD00692C3BFE590ABAU5%26src%3Dsearch%26whid%3D13856,ACER ASPIRE 7 PRO A715 GAMING LAPTOP i5 13420H 16GB 512GB RTX3050 6GB 15.6FHD IPS 144HZ W11 OHS,Acer,A715,I5 13420H,16,,RTX3050,20,14379000,,new,Gaming Laptop ID,5.0,,False,,Jakarta Utara,2026-08-27T12:22:58.871529,False,
"tokopedia,16266586660,https://www.tokopedia.com/kingznotebook/laptop-acer-aspire-go-14-ag14-ryzen-3-7320u-8gb-512ssd-w11-ohs-14-wuxga-1730875965731996839?extParam=ivf%3Dfalse%26keyword%3Dlaptop+acer%26search_id%3D20260827122239CD00692C3BFE590ABAU5%26src%3Dsearch,""Laptop Acer Aspire GO 14 AG14 Ryzen 3 7320U 8GB 512SSD W11+OHS 14"""" WUXGA"",Acer,,RYZEN 3 7320U,,,,14,8609000,,new,Kingz Notebook,5.0,,False,,Jakarta Pusat,2026-08-27T12:22:58.871598,False,"
tokopedia,103339109699,https://www.tokopedia.com/herlinacom/laptop-acer-aspire-lite-al1-14-intel-core-i3-1215u-ram-8gb-512gb-ssd-win-11-office-ori-14-0-1731176195554641294-1735420225999308174?extParam=ivf%3Dtrue%26keyword%3Dlaptop+acer%26search_id%3D20260827122239CD00692C3BFE590ABAU5%26src%3Dsearch,Laptop ACER Aspire Lite 14 AL14 Intel Core i3 1315 Ram 8Gb Ssd 512GB Win 11+OHS 14.0WUXGA IPS,Acer,,I3 1315,8,512,,14,9469000,,new,Herlinacom,5.0,,False,,Depok,2026-08-27T12:22:58.871663,False,
tokopedia,15849513102,https://www.tokopedia.com/king-laptop/laptop-acer-promo-o2o-khusus-offline?extParam=ivf%3Dfalse%26keyword%3Dlaptop+acer%26search_id%3D20260827122239CD00692C3BFE590ABAU5%26src%3Dsearch,LAPTOP ACER - PROMO O2O (KHUSUS OFFLINE),Acer,,,,,,,7000000,,new,KING Laptop,5.0,,False,,Jakarta Pusat,2026-08-27T12:22:58.871721,False,
tokopedia,16127485029,https://www.tokopedia.com/agres-id-electronics/acer-aspire-go-spin-agsp14-touch-core-i3-n355-8gb-512gb-w11-ohs-14-0wuxga-pen-2in1-slv-laptop-desain-ringan-garansi-resmi-1731060112878503832?extParam=ivf%3Dtrue%26keyword%3Dlaptop+acer%26search_id%3D20260827122239CD00692C3BFE590ABAU5%26src%3Dsearch,ACER ASPIRE GO SPIN AGSP14 TOUCH CORE I3 N355 8GB 512GB W11+OHS 14.0WUXGA PEN 2IN1 SLV LAPTOP DESAIN RINGAN GARANSI RESMI,Acer,,N355,8,,,,10584000,,new,Agres ID Electronics,5.0,,False,,Depok,2026-08-27T12:22:58.871866,False,
"tokopedia,102672058576,https://www.tokopedia.com/royalltech/laptop-acer-aspire-lite-al15-ryzen-5-7430-8gb-512gb-w11-ohs-m365b-15-fhd-ips-garansi-resmi-1733518215977993719?extParam=ivf%3Dfalse%26keyword%3Dlaptop+acer%26search_id%3D20260827122239CD00692C3BFE590ABAU5%26src%3Dsearch,""Laptop ACER Aspire Lite AL15 Ryzen 5 7430 8GB 512GB W11+OHS+M365B 15""""FHD IPS Garansi Resmi"",Acer,,RYZEN 5 7430,8,,,15,10139000,,new,royalltech,5.0,,False,,Jakarta Utara,2026-08-27T12:22:58.871932,False,"
"tokopedia,102600725453,https://www.tokopedia.com/acerid/gajian-sale-acer-aspire-lite-14-al14-37p-32av-core-3-n355-8gb-512gb-ssd-14-fhd-ips-w11h-oh2024-fresh-blue-silver-pink-laptop-kerja-kuliah-pelajar-1733317312096470037?extParam=ivf%3Dtrue%26keyword%3Dlaptop+acer%26search_id%3D20260827122239CD00692C3BFE590ABAU5%26src%3Dsearch,""Acer Aspire Lite 14 AL14-37P-32AV - Core 3 N355 | 8GB RAM | 512GB SSD | 14” FHD IPS | Win11 + Office 2024 | Fresh Blue / Silver / Pink | Laptop pelajar, kuliah & kerja ringan dengan desain tipis, hemat daya, dan cukup untuk aktivitas harian"",Acer,,N355,8,512,,,10178822,,new,Acer Official Authorized Store,5.0,,False,,Jakarta Pusat,2026-08-27T12:22:58.872063,False,"
"tokopedia,16117793316,https://www.tokopedia.com/gameridsurabaya/laptop-acer-aspire-go-spin-agsp14-touche-screen-intel-core-3-n355-ram-8-gb-ssd-512-gb-windows-11-office-home-student-14-wuxga-pen-2-in-1-1730815584267831251?extParam=ivf%3Dfalse%26keyword%3Dlaptop+acer%26search_id%3D20260827122239CD00692C3BFE590ABAU5%26src%3Dsearch,""Laptop Acer Aspire Go Spin AGSP14 Touche Screen Intel Core 3 N355 RAM 8 GB SSD 512 GB Windows 11 + Office Home Student 14"""" WUXGA Pen 2 In 1"",Acer,,N355,8,512,,14,10669000,,new,Gamer ID Surabaya,5.0,,False,,Surabaya,2026-08-27T12:22:58.872139,False,"
tokopedia,102630377964,https://www.tokopedia.com/royalltech/laptop-acer-aspire-spin-asp14-touch-ultra-7-155u-16gb-1tb-ssd-w11-ohs-14-0wuxga-pen-2in1-touch-screen-bisa-dilipat-kebelakang-1733398176789202423?extParam=ivf%3Dfalse%26keyword%3Dlaptop+acer%26search_id%3D20260827122239CD00692C3BFE590ABAU5%26src%3Dsearch,LAPTOP ACER ASPIRE SPIN ASP14 TOUCH ULTRA 7 155U 16GB 1TB SSD W11+OHS 14.0WUXGA PEN 2IN1 TOUCH SCREEN BISA DILIPAT KEBELAKANG,Acer,,,16,1024,,,17259000,,new,royalltech,5.0,,False,,Jakarta Utara,2026-08-27T12:22:58.872212,False,
"tokopedia,103782126914,https://www.tokopedia.com/acerid/acer-nitro-v-15-anv15-51-901s-core-i9-rtx4060-16gb-512gb-ssd-rtx-4060-8gb-15-6-fhd-w11-ohs21-bp-ob-nh-qqesn-001-1731239334548440085-1737157925146559509?extParam=ivf%3Dtrue%26keyword%3Dlaptop+acer%26search_id%3D20260827122239CD00692C3BFE590ABAU5%26src%3Dsearch,""Acer Nitro V15 ANV15-52-71PZ (NH.QUASN.001) - Core 7 240H | 16GB DDR5 | 512GB SSD | RTX 4050 6GB GDDR7 | 15.6"""" FHD IPS 180Hz 100% sRGB | Windows 11 Home + Office 2024 | Laptop Gaming untuk gaming AAA, editing, rendering, dan multitasking berat."",Acer,Nitro V15,CORE 7 240H,16,512,RTX 4050,40,19778822,,new,Acer Official Authorized Store,5.0,,False,,Jakarta Pusat,2026-08-27T12:22:58.872308,False,"
"tokopedia,103083672121,https://www.tokopedia.com/acerid/acer-aspire-lite-14-upgradable-ram-ryzen-3-ringan-1-1-kg-office-2024-al14-42p-r1d5-ryzen-3-5300u-8gb-512gb-integrated-14-wuxga-w11-ohs-m365-rose-sakura-laptop-pelajar-mahasiswa-dan-pekerja-1734524245398029333?extParam=ivf%3Dtrue%26keyword%3Dlaptop+acer%26search_id%3D20260827122239CD00692C3BFE590ABAU5%26src%3Dsearch,""(New) Acer Aspire Lite 14 Upgradable RAM | Ryzen 3 | Ringan 1,1 Kg Office 2024 AL14-45P-R1QH Ryzen 3 5400U 8GB 512GB SSD 14"""" WUXGA IPS Win11 + Office 2024 + M365 - Rose Sakura - Laptop Pelajar, mahasiswa, dan pekerja"",Acer,,RYZEN 3 5400U,8,512,,14,8878900,,new,Acer Official Authorized Store,5.0,,False,,Jakarta Pusat,2026-08-27T12:22:58.872412,False,"
tokopedia,14463514189,https://www.tokopedia.com/rogonline/laptop-acer-aspire-lite-al14-core-i3-n355-8gb-1tb-ssd-w-11-ohs-14-fhd-acer-al14-32p-1729975547305886951?extParam=ivf%3Dfalse%26keyword%3Dlaptop+acer%26search_id%3D20260827122239CD00692C3BFE590ABAU5%26src%3Dsearch,Laptop Acer Aspire Lite AL14 Core I3 N355 8GB 1TB SSD W 11 + OHS 14 FHD Acer AL14-32P,Acer,,N355,8,1024,,14,9089000,,new,ROGZ Online,5.0,,False,,Jakarta Pusat,2026-08-27T12:22:58.872474,False,
"tokopedia,12892290313,https://www.tokopedia.com/alienwarestore/acer-swift-go-oled-sfg14-ultra-5-125h-32gb-512gb-w11-ohs-14-0-2-8k-unit-70258?extParam=ivf%3Dfalse%26keyword%3Dlaptop+acer%26search_id%3D20260827122239CD00692C3BFE590ABAU5%26src%3Dsearch,""LAPTOP ACER SWIFT EDGE SFE14 14 AI OLED INTEL ULTRA 7 355 RAM 16GB SSD 1TB W11+OHS 14"""" WUXGA"",Acer,,,16,1024,,14,40999000,,new,ALIENWARE GAMING STORE,5.0,,False,,Jakarta Utara,2026-08-27T12:22:58.872735,False,"
tokopedia,103782318195,https://www.tokopedia.com/gateway/msi-thin-15-b13ve-core-i7-13620h-rtx4050-32gb-1tb-ssd-w11-15-6-inch-fhd-144hz-1729848475860305333-1737158412441322933?extParam=ivf%3Dfalse%26keyword%3Dlaptop+acer%26search_id%3D20260827122239CD00692C3BFE590ABAU5%26src%3Dsearch,ACER NITRO V 15 CORE 5 210H RTX4050 6GB/ 16GB 512GB W11+OHS+M36B 15.6FHD IPS 180HZ 100SRGB LAPTOP GAMING -52.51TE,Acer,,CORE 5 210H,16,,RTX4050,15,18159000,,new,Gateway Indonesia Comp,5.0,,False,,Jakarta Utara,2026-08-27T12:22:58.872809,False,
"tokopedia,103207060925,https://www.tokopedia.com/alienwarestore/laptop-acer-aspire-lite-al14-intel-celeron-n150-8gb-512gb-ssd-14-0wuxga-w11-ohs-1729871851656938840-1735012307526255960?extParam=ivf%3Dfalse%26keyword%3Dlaptop+acer%26search_id%3D20260827122239CD00692C3BFE590ABAU5%26src%3Dsearch,""LAPTOP ACER ASPIRE LITE 14 AL14 AMD RYZEN 7 7730U RAM 8GB SSD 512GB W11+OHS+M365B 14.5"""" WUXGA IPS -GARANSI RESMI"",Acer,,RYZEN 7 7730U,8,512,,14.5,10789000,,new,ALIENWARE GAMING STORE,5.0,,False,,Jakarta Utara,2026-08-27T12:22:58.872878,False,"
tokopedia,100663205741,https://www.tokopedia.com/royalltech/laptop-acer-aspire-go-14-ai-intel-ultra-5-125h-16gb-512gb-ssd-w11-ohs-m365b-14-0wuxga-100rgb-ips-garansi-resmi-1731775291911079415?extParam=ivf%3Dfalse%26keyword%3Dlaptop+acer%26search_id%3D20260827122239CD00692C3BFE590ABAU5%26src%3Dsearch,LAPTOP ACER ASPIRE GO 14 AI INTEL ULTRA 5 125H 16GB 512GB SSD W11+OHS+M365B 14.0WUXGA 100RGB IPS - GARANSI RESMI,Acer,,M3,16,512,,25,13319000,,new,royalltech,5.0,,False,,Jakarta Utara,2026-08-27T12:22:58.872941,False,
"tokopedia,103240007053,https://www.tokopedia.com/infonetmanggadua/acer-aspire-lite-14-al14-37p-c39a-n150-8gb-256gb-ssd-14-fhd-ips-w11h-oh2024-rose-sakura-pink-nx-dgzsn-001-laptop-kerja-kuliah-pelajar-1731239560545863192-1735084562921326104?extParam=ivf%3Dtrue%26keyword%3Dlaptop+acer%26search_id%3D20260827122239CD00692C3BFE590ABAU5%26src%3Dsearch,""Acer Aspire Lite 14 AL14-36P Series - Intel N4500 | 8GB DDR4 | 256GB / 512GB SSD | 14” FHD IPS | Win11 OH24 | Grey | Laptop pelajar, sekolah, kerja ringan, UMKM, penggunaan harian basic & multitasking ringan"",Acer,,INTEL N4500,8,512,,,8178821,,new,Infonet Mangga Dua,5.0,,False,,Jakarta Pusat,2026-08-27T12:22:58.873045,False,"
"tokopedia,103408138878,https://www.tokopedia.com/gamer-id-depok/laptop-acer-aspire-go-ag14-intel-core-5-120u-8gb-1tb-windows11-ohs-14-0-wuxga-ips-1735725018785285385-1735725040417998089?extParam=ivf%3Dfalse%26keyword%3Dlaptop+acer%26search_id%3D20260827122239CD00692C3BFE590ABAU5%26src%3Dsearch,""Laptop Acer Aspire GO AG14 Intel Core 5 120U 16GB 1TB Windows11 + OHS 14.0"""" WUXGA IPS"",Acer,,INTEL CORE 5 120U,16,,,14,10059000,,new,GAMER ID DEPOK,5.0,,False,,Depok,2026-08-27T12:22:58.873341,False,"
"tokopedia,103097472836,https://www.tokopedia.com/acerid/acer-nitro-v-15-180hz-100-srgb-core-i5-rtx2050-8gb-16gb-512gb-w11-ohs-v15-windows-black-laptop-gaming-15-6-inci-1731239365418124309-1734613261994918933?extParam=ivf%3Dtrue%26keyword%3Dlaptop+acer%26search_id%3D20260827122239CD00692C3BFE590ABAU5%26src%3Dsearch,""Acer Nitro V15 ANV15-52-777R | Core 7 240H | RTX 5050 | 16GB | 512GB SSD | 15.6” FHD 180Hz 100% sRGB | Win 11 + Office 2024 [NH.QZ9SN.005] Laptop Gamer kompetitif, Content creator & editor, Mahasiswa teknik / IT, Multitasker"",Acer,Nitro V15,CORE 7 240H,,512,RTX 5050,40,20378822,,new,Acer Official Authorized Store,5.0,,False,,Jakarta Pusat,2026-08-27T12:22:58.873556,False,"
tokopedia,102601653580,https://www.tokopedia.com/royalltech/laptop-acer-aspire-lite-al14-ryzen-3-5300u-8gb-512gb-w11-ohs-m365b-14-0wuxga-ips-42p-r2rj-1733319731788875255?extParam=ivf%3Dfalse%26keyword%3Dlaptop+acer%26search_id%3D20260827122239CD00692C3BFE590ABAU5%26src%3Dsearch,Laptop ACER Aspire Lite AL14 Ryzen 3 5300U 8GB 512GB W11+OHS+M365B 14.0WUXGA IPS -42P.R2RJ,Acer,,RYZEN 3 5300U,8,,,,8559000,,new,royalltech,5.0,,False,,Jakarta Utara,2026-08-27T12:22:58.873742,False,
tokopedia,102954881590,https://www.tokopedia.com/royalltech/laptop-acer-aspire-go-14-ag14-intel-core-i5-120u-16gb-512gb-w11-ohs-14-0wuxga-ips-72p-50c7-1734247030934701559?extParam=ivf%3Dfalse%26keyword%3Dlaptop+acer%26search_id%3D20260827122239CD00692C3BFE590ABAU5%26src%3Dsearch,LAPTOP ACER ASPIRE GO 14 AG14 INTEL CORE I5 120U 16GB 512GB/1TB W11+OHS 14.0WUXGA IPS -72P.50C7,Acer,,,16,,,14,10159000,,new,royalltech,5.0,,False,,Jakarta Utara,2026-08-27T12:22:58.873810,False,
"tokopedia,12978717146,https://www.tokopedia.com/alienwarestore/laptop-acer-aspire-lite-al14-53m-i3-1315u-16gb-512gb-ssd-14-wuxga-ips-win11-ohs-1730012975112881496?extParam=ivf%3Dfalse%26keyword%3Dlaptop+acer%26src%3Dsearch,""Laptop ACER Aspire Lite AL14-53M i3-1315U 16GB 512GB SSD 14"""" WUXGA IPS Win11 OHS"",Acer,,I3-1315U,16,512,,14,9199000,,new,ALIENWARE GAMING STORE,5.0,,False,,Jakarta Utara,2026-08-27T12:23:37.786632,False,"
tokopedia,100679628560,https://www.tokopedia.com/agres-id-electronics/acer-aspire-go-14-ai-ultra-5-125h-16gb-512gb-w11-ohs-m365b-14-0-wuxga-100rgb-ips-gry-71m-5471-laptop-desain-kantor-pelajar-ringan-garansi-resmi-1731796264716634008?extParam=ivf%3Dfalse%26keyword%3Dlaptop+acer%26src%3Dsearch,ACER ASPIRE GO 14 AI ULTRA 5 125H 16GB 512GB W11+OHS+M365B 14.0 WUXGA 100RGB IPS GRY -71M.5471 LAPTOP DESAIN KANTOR PELAJAR RINGAN GARANSI RESMI,Acer,,M3,16,,,25,13234000,,new,Agres ID Electronics,5.0,,False,,Depok,2026-08-27T12:23:37.786734,False,
"tokopedia,102029741740,https://www.tokopedia.com/kingznotebook/laptop-acer-aspire-lite-al14-i3-n355-16gb-512gb-ssd-w11-ohs-14-wuxga-1732099350824388268?extParam=ivf%3Dfalse%26keyword%3Dlaptop+acer%26src%3Dsearch,""Laptop Acer Aspire Lite AL14 i3 N355 16GB 512GB SSD W11+OHS 14"""" WUXGA"",Acer,,N355,16,512,,14,9399000,,new,Kingz Notebook,5.0,,False,,Jakarta Pusat,2026-08-27T12:23:37.786802,False,"
"tokopedia,102062188232,https://www.tokopedia.com/agresidjakut/acer-aspire-go-14-ai-intel-ultra-7-155h-ram-16gb-512gb-windows-11-office-14-0-wuxga-100rgb-ips-1732150289051059794?extParam=ivf%3Dfalse%26keyword%3Dlaptop+acer%26src%3Dsearch,""[LAPTOP] Acer Aspire GO 14 AI Intel Ultra 7 155H Ram 16GB 512GB Windows 11 + Office 14.0"""" WUXGA 100RGB IPS GARANSI RESMI"",Acer,,,16,,,55,14959000,,new,Agres ID Jakarta Utara,5.0,,False,,Jakarta Pusat,2026-08-27T12:23:37.786878,False,"
tokopedia,102051964582,https://www.tokopedia.com/technocentral/laptop-acer-aspire-lite-14-al14-i3-n355-8gb-256gb-w11-ohs-14-0wuxga-ips-slv-1732133339263043203?extParam=ivf%3Dfalse%26keyword%3Dlaptop+acer%26src%3Dsearch,LAPTOP ACER ASPIRE LITE 14 AL14 I3 N355 8GB 256GB W11+OHS 14.0WUXGA IPS SLV,Acer,,N355,8,,,14,9089000,,new,Techno Central,5.0,,False,,Bogor,2026-08-27T12:23:37.786962,False,
tokopedia,103172200779,https://www.tokopedia.com/royalltech/packing-bubble-pengiriman-laptop-14-1734091940840441335-1734894393905350135?extParam=ivf%3Dfalse%26keyword%3Dlaptop+acer%26src%3Dsearch,ACER ASPIRE LITE 14 AL14 INTEL N4500 RAM 8GB 256GB/512GB SSD W11+OHS+M365 14.0 FHD IPS - LAPTOP GARANSI RESMI,Acer,,INTEL N4500,8,512,,14,8449000,,new,royalltech,5.0,,False,,Jakarta Utara,2026-08-27T12:23:37.787036,False,
"tokopedia,103397187233,https://www.tokopedia.com/acerid/acer-aspire-lite-15-ryzen-7-7730u-16gb-ram-512gb-ssd-al15-42p-r1gj-ryzen-7-7730u-16gb-512gb-ssd-15-ips-fhd-w11h-oh2024-silver-nx-d3qsn-002-laptop-kerja-kantor-mahasiswa-multitasking-harian-meeting-online-dan-produktivitas-1733884390293996565-1735673972988544021?extParam=ivf%3Dtrue%26keyword%3Dlaptop+acer%26src%3Dsearch,""[XTRA] Acer Aspire Lite 15 AL15-42P-R50P NX.D30SN.002 - Ryzen 5 7430U | 8GB/16GB | 512GB SSD | 15.6” FHD IPS | Win11 OH24 | Silver | Laptop kerja, mahasiswa, UMKM, multitasking harian, produktivitas ringan-menengah"",Acer,,RYZEN 5 7430U,,512,,,10338822,,new,Acer Official Authorized Store,5.0,,False,,Jakarta Pusat,2026-08-27T12:23:37.787148,False,"
tokopedia,102051882194,https://www.tokopedia.com/technocentral/laptop-acer-aspire-lite-14-al14-i3-n355-8gb-512gb-w11-ohs-14-0wuxga-ips-1732133188681893507?extParam=ivf%3Dfalse%26keyword%3Dlaptop+acer%26src%3Dsearch,LAPTOP ACER ASPIRE LITE 14 AL14 I3 N355 8GB 512GB W11+OHS 14.0WUXGA IPS,Acer,,N355,8,,,14,9399000,,new,Techno Central,5.0,,False,,Bogor,2026-08-27T12:23:37.787209,False,
tokopedia,102904648939,https://www.tokopedia.com/kakilimacom/laptop-acer-aspire-go-14-ag14-intel-core-i5-120u-ram-16gb-512gb-w11-ohs-14-0wuxga-ips-1734125874813241096?extParam=ivf%3Dfalse%26keyword%3Dlaptop+acer%26src%3Dsearch,Laptop Acer Aspire GO 14 AG14 intel Core i5 120U ram 16GB 512GB W11+OHS 14.0WUXGA IPS,Acer,,,16,,,14,11409000,,new,KakiLima Comp,5.0,,False,,Kab. Tangerang,2026-08-27T12:23:37.787272,False,
tokopedia,103518693989,https://www.tokopedia.com/laptopcreatorid/laptop-acer-aspire-go-14-core-i5-120u-ram-16gb-ssd-1tb-w1-ohs-m365b-14-0-wuxga-ips-slv-72p-51tb-16-1732969719727490066-1736210438957728786?extParam=ivf%3Dfalse%26keyword%3Dlaptop+acer%26src%3Dsearch,LAPTOP ACER ASPIRE GO 14 AG14 CORE I5 120U RAM 8GB SSD 1TB W1+OHS+M365B 14.0 WUXGA IPS SLV -72P.51TB/16,Acer,,M3,8,1024,,14,9346280,,new,LAPTOP SHOP ID,5.0,,False,,Jakarta Utara,2026-08-27T12:23:37.787341,False,
"tokopedia,103463760904,https://www.tokopedia.com/acerid/acer-helios-neo-16-180hz-srgb-100-i5-14500hx-8gb-512gb-ssd-nvme-rtx-4050-6gb-gddr6-mgp-140w-16-ips-wuxga-w11-ohs21-nh-qnpsn-003-1731239298051834901-1735979177221719061?extParam=ivf%3Dfalse%26keyword%3Dlaptop+acer%26src%3Dsearch,""Acer Predator Helios Neo 16S AI PHN16S-I51-74JU - Core Ultra 7 | 16GB | 1TB SSD | RTX 5060 8GB | 16” OLED WQXGA 165Hz | Win11 OH24+M365 | Abyssal Black | Laptop gaming AI, creator, rendering, AAA gaming & multitasking berat"",Acer,,M3,,1024,RTX 5060,65,36578822,,new,Acer Official Authorized Store,5.0,,False,,Jakarta Pusat,2026-08-27T12:23:37.787461,False,"
tokopedia,103192309976,https://www.tokopedia.com/alienwareofficial/asus-vivobook-14-i7-1355u-i5-13420h-core-5-120u-i3-1315u-8gb-16gb-512gb-ssd-w11-ohs-14-0-fhd-ips-a1404va-a1404za-a1404vap-a1405va-1729869179471955219-1734970573574997267?extParam=ivf%3Dfalse%26keyword%3Dlaptop+acer%26src%3Dsearch,Laptop ACER ASPIRE GO 14 AG14 CORE 5 120U 8GB 512GB 14.0WUXGA IPS W11 OHS,Acer,,CORE 5 120U,8,,,14,10359000,,new,AI Official Store,5.0,,False,,Jakarta Utara,2026-08-27T12:23:37.787522,False,
"tokopedia,12742641221,https://www.tokopedia.com/alienwarestore/acer-nitro-v-15-i7-13620h-rtx4050-16gb-512gb-w11-ohs-15-6fhd-144h-ips-unit-07524?extParam=ivf%3Dfalse%26keyword%3Dlaptop+acer%26src%3Dsearch,""LAPTOP ACER NITRO V 16S AI INTEL CORE 7 240H RTX5060 8GB/ RAM 32GB 512GB W11+OHS+M365B 16"""" WQXGA 180HZ 100SRGB IPS 2Y+ADP"",Acer,,INTEL CORE 7 240H,32,,RTX5060,40,26379000,,new,ALIENWARE GAMING STORE,5.0,,False,,Jakarta Utara,2026-08-27T12:23:37.787619,False,"
"tokopedia,102036827083,https://www.tokopedia.com/gameridsurabaya/laptop-acer-aspire-go-14-ai-intel-core-ultra-5-125h-ram-16-32-gb-ssd-512-gb-windows-11-office-home-student-14-wuxga-100srgb-ips-1732115795389679571?extParam=ivf%3Dfalse%26keyword%3Dlaptop+acer%26src%3Dsearch,""Laptop Acer Aspire Go 14 AI Intel Core Ultra 5 125H RAM 16 / 32 GB SSD 512 GB Windows 11 + Office Home Student 14"""" WUXGA 100Srgb IPS"",Acer,,INTEL CORE ULTRA 5 125H,,512,,25,13319000,,new,Gamer ID Surabaya,5.0,,False,,Surabaya,2026-08-27T12:23:37.787741,False,"
tokopedia,13901671170,https://www.tokopedia.com/d-m-i/acer-sd200-sodimm-ddr5-16gb-32gb-4800mhz-memory-so-dimm-laptop-i-notebook-1731488538812712106?extParam=ivf%3Dfalse%26keyword%3Dlaptop+acer%26src%3Dsearch,Acer SD200 SODIMM DDR5 16GB 32GB 4800Mhz - Memory So-Dimm Laptop I Notebook,Acer,SD200,,,,,,3820000,,new,Duta Mandiri Infokom,5.0,,False,,Jakarta Pusat,2026-08-27T12:23:37.787858,False,
tokopedia,102492146111,https://www.tokopedia.com/prostorecomputer/laptop-acer-travelmate-p40-i5-1335-16gb-512gb-w11-ohs-m365b-14-0wuxga-ips-finger-print-1733013494797600667?extParam=ivf%3Dfalse%26keyword%3Dlaptop+acer%26src%3Dsearch,LAPTOP ACER TRAVELMATE P40 I5 1335 16GB 512GB W11+OHS+M365B 14.0WUXGA IPS FINGER PRINT,Acer,,I5 1335,16,,,40,9429080,,new,ProStoreComputer,5.0,,False,,Jakarta Utara,2026-08-27T12:23:37.787952,False,
"tokopedia,102370990445,https://www.tokopedia.com/acerid/gajian-sale-acer-aspire-7-a715-59g-i7-13620h-16gb-512gb-ssd-rtx3050-6gb-15-6-fhd-144hz-ips-w11-ohs24-black-nh-qx6sn-002-77wv-1732746859138221077?extParam=ivf%3Dtrue%26keyword%3Dlaptop+acer%26src%3Dsearch,""Acer Aspire 7 A715-59G 77WV - Core i7-13620H | 16GB RAM | 512GB SSD | RTX 3050 6GB | 15.6” FHD IPS 144Hz | Win11 + Office 2024 | Laptop gaming & produktivitas untuk kuliah teknik, editing, desain, dan multitasking berat dengan performa stabil"",Acer,A715-59G,I7-13620H,16,512,RTX 3050,20,15398822,,new,Acer Official Authorized Store,5.0,,False,,Jakarta Pusat,2026-08-27T12:23:37.788060,False,"
"tokopedia,103242579712,https://www.tokopedia.com/acerid/gajian-sale-acer-nitro-lite-16-nl16-71g-74mv-i7-13620h-16gb-512gb-rtx2050-4gb-gddr6-16-wuxga-180hz-100-srgb-w11h-oh24-white-bp-nh-d58sn-001-1731239360092668949-1735091819601888277?extParam=ivf%3Dfalse%26keyword%3Dlaptop+acer%26src%3Dsearch,""Acer Nitro Lite 16 NL16-71G-76RN NH.DACSN.003 - Core 7 240H | 16GB | 512GB SSD | RTX 3050 6GB | 16” WUXGA IPS 180Hz 100% sRGB | Win11 OH24 | Black | Laptop gaming tipis, creator, editing, rendering, multitasking, esports & harian"",Acer,,CORE 7 240H,,512,RTX 3050,16,15978900,,new,Acer Official Authorized Store,5.0,,False,,Jakarta Pusat,2026-08-27T12:23:37.788166,False,"
"tokopedia,103658521746,https://www.tokopedia.com/gateway/msi-cyborg-14-rtx4060-core-i7-13620h-32gb-ssd-1tb-w11-ohs-14-fhd-144hz-a13vf-1729840310861530549-1736784211495388597?extParam=ivf%3Dfalse%26keyword%3Dlaptop+acer%26src%3Dsearch,""ACER SWIFT AIR 14 AI OLED CORE ULTRA 5 125H 16GB 512GB W11+OHS+M365B 14"""" WUXGA LAPTOP"",Acer,,CORE ULTRA 5 125H,16,,,25,16269000,,new,Gateway Indonesia Comp,5.0,,False,,Jakarta Utara,2026-08-27T12:23:37.788232,False,"
"tokopedia,103581204395,https://www.tokopedia.com/infonetmanggadua/acer-aspire-lite-14-al14-32p-core-3-n355-8gb-ddr5-512gb-ssd-uma-14-ips-wuxga-w11h-oh2024-359z-37ce-38re-laptop-ringan-hanya-1-1-kg-upgradeable-ram-1731239415113418264-1736521049939412504?extParam=ivf%3Dfalse%26keyword%3Dlaptop+acer%26src%3Dsearch,""Acer Aspire Lite 14 AL14-32P / AL14-37P (NX.D1TSN.001 / NX.DGRSN.002) - Intel Core 3 N355 | 8GB RAM | 512GB SSD | 14"""" WUXGA/FHD IPS | Windows 11 + Office 2024 | Laptop tipis untuk kerja, kuliah, Office, belajar, meeting online, dan multitasking harian"",Acer,,N355,8,512,,14,10178821,,new,Infonet Mangga Dua,5.0,,False,,Jakarta Pusat,2026-08-27T12:23:37.788339,False,"
"tokopedia,11624914426,https://www.tokopedia.com/tistonline/extra-murah-laptop-gaming-acer-predator-helios-neo-16-phn16-71-72dn-16-i7-13700hx-16gb-1tb-ssd-rtx4060-1729724377193352098?extParam=ivf%3Dfalse%26keyword%3Dlaptop+acer%26src%3Dsearch,""[EXTRA MURAH] LAPTOP GAMING ACER PREDATOR HELIOS NEO 16 PHN16-71-72DN 16"""" I7-13700HX 16GB 1TB SSD RTX4060"",Acer,,I7-13700HX,16,1024,RTX4060,16,27720000,,new,TIST Online,5.0,,False,,Jakarta Pusat,2026-08-27T12:23:37.788491,False,"
tokopedia,102954852096,https://www.tokopedia.com/royalltech/laptop-acer-aspire-go-14-ag14-72p-intel-core-i5-120u-16gb-512gb-1tb-ssd-w11-ohs-14-0-wuxga-ips-1734246004729939447?extParam=ivf%3Dfalse%26keyword%3Dlaptop+acer%26src%3Dsearch,LAPTOP ACER ASPIRE GO 14 AG14-72P INTEL CORE I5 120U 16GB 512GB 1TB SSD W11+OHS 14.0 WUXGA IPS,Acer,,,16,1024,,,10159000,,new,royalltech,5.0,,False,,Jakarta Utara,2026-08-27T12:23:37.788558,False,
"tokopedia,103195902348,https://www.tokopedia.com/acerid/acer-aspire-lite-14-al14-42p-ryzen-3-wuxga-office-2024-al14-42p-r1d5-ryzen-3-5300u-8gb-512gb-integrated-14-wuxga-w11-ohs-m365-rose-sakura-laptop-pelajar-mahasiswa-dan-pekerja-1734406050293908501-1734981679839347733?extParam=ivf%3Dtrue%26keyword%3Dlaptop+acer%26src%3Dsearch,""Acer Aspire Lite 14 AL14-45P Ryzen 3 5400U - Ryzen 3 5400U | 8GB | 512GB SSD | 14” WUXGA IPS | Win11 OH24 + M365 | Rose Sakura / Light Silver | Laptop pelajar, mahasiswa, pekerja, tipis ringan, multitasking harian"",Acer,,RYZEN 3 5400U,,512,,,8878800,,new,Acer Official Authorized Store,5.0,,False,,Jakarta Pusat,2026-08-27T12:23:37.788742,False,"
"tokopedia,102960905538,https://www.tokopedia.com/prostorecomputer/laptop-acer-aspire-lite-al14-53m-i3-1315u-16gb-512gb-ssd-14-wuxga-ips-win11-ohs-1734260759393044379?extParam=ivf%3Dfalse%26keyword%3Dlaptop+acer%26src%3Dsearch,""Laptop ACER Aspire Lite AL14-53M i3-1315U 16GB 512GB SSD 14"""" WUXGA IPS Win11 OHS"",Acer,,I3-1315U,16,512,,14,8325080,,new,ProStoreComputer,5.0,,False,,Jakarta Utara,2026-08-27T12:23:37.788894,False,"
tokopedia,102954350745,https://www.tokopedia.com/royalltech/laptop-acer-aspire-go-14-ag14-72p-intel-core-i3-1315-8gb-512gb-w11-ohs-m365b-14-0-wuxga-ips-1734245693653747191?extParam=ivf%3Dfalse%26keyword%3Dlaptop+acer%26src%3Dsearch,Laptop ACER ASPIRE GO 14 AG14-72P INTEL CORE I3 1315 8GB 512GB W11+OHS+M365B 14.0 WUXGA IPS,Acer,,I3 1315,8,,,,8979000,,new,royalltech,5.0,,False,,Jakarta Utara,2026-08-27T12:23:37.789083,False,
tokopedia,15349335938,https://www.tokopedia.com/digitalzonepoins/acer-travelmate-tmp414-rn-0003-core-7-155u-16gb-1tbssd-w11-pro-14-0-wuxga-touch-stylus-acer-tkdn-core-7-laptop-tkdn-touch-laptop-tkdn-flip-x360-1730976870553257578?extParam=ivf%3Dfalse%26keyword%3Dlaptop+acer%26src%3Dsearch,Acer Travelmate TMP414/RN/0003 Core 7 155U 16GB 1TBSSD W11 PRO 14.0 WUXGA Touch Stylus - Acer TKDN Core 7 Laptop TKDN Touch - Laptop TKDN Flip X360,Acer,TMP414,CORE 7 155U,16,1024,,3,27999000,,new,DIGITALZONE POINS,5.0,,False,,Jakarta Selatan,2026-08-27T12:23:37.789237,False,
"tokopedia,102321191520,https://www.tokopedia.com/gameridsurabaya/laptop-acer-aspire-lite-al15-amd-ryzen-5-8640hs-ram-8-gb-ssd-512-gb-windows-11-office-home-student-15-full-hd-ips-1732636990729979859?extParam=ivf%3Dfalse%26keyword%3Dlaptop+acer%26src%3Dsearch,""Laptop Acer Aspire Lite AL15 AMD Ryzen 5 8640HS RAM 8 GB SSD 512 GB Windows 11 + Office Home Student 15"""" Full HD IPS"",Acer,,RYZEN 5 8640HS,8,512,,40,10779000,,new,Gamer ID Surabaya,5.0,,False,,Surabaya,2026-08-27T12:23:37.789408,False,"
tokopedia,102870444076,https://www.tokopedia.com/kakilimacom/laptop-acer-aspire-go-14-ag14-intel-core-i3-1315-ram-8gb-512gb-ssd-windows-11-ohs-layar-14-inch-wuxga-ips-1734051746502838024?extParam=ivf%3Dfalse%26keyword%3Dlaptop+acer%26src%3Dsearch,Laptop Acer Aspire GO 14 AG14 intel Core i3 1315 ram 8GB 512GB ssd Windows 11 + OHS layar 14 inch WUXGA IPS,Acer,,I3 1315,8,512,,14,9099000,,new,KakiLima Comp,5.0,,False,,Kab. Tangerang,2026-08-27T12:23:37.789529,False,
"tokopedia,102994592449,https://www.tokopedia.com/royalltech/laptop-acer-nitro-v-15-amd-ryzen-7-7445hs-rtx3050-6gb-16gb-512gb-w11-ohs-m365b-15-6fhd-180hz-100srgb-1734330660179248631?extParam=ivf%3Dfalse%26keyword%3Dlaptop+acer%26src%3Dsearch,""LAPTOP ACER NITRO V 16S AI INTEL CORE 7 240H RTX5060 8GB/ RAM 32GB 512GB W11+OHS+M365B 16"""" WQXGA 180HZ 100SRGB IPS 2Y+ADP"",Acer,,INTEL CORE 7 240H,32,,RTX5060,40,26379000,,new,royalltech,5.0,,False,,Jakarta Utara,2026-08-27T12:23:37.789819,False,"
"tokopedia,15766140771,https://www.tokopedia.com/kingznotebook/laptop-acer-swift-ai-sfg14-ultra-7-155h-16gb-1tb-ssd-w11-ohs-14-2k-non-bundling-16-1tb-8f9b7?extParam=ivf%3Dfalse%26keyword%3Dlaptop+acer%26src%3Dsearch,""Laptop Acer Swift AI SFG14 ULTRA 7 155H 16GB 1TB SSD W11 + OHS 14"""" 2K"",Acer,,,16,1024,,55,17359000,,new,Kingz Notebook,5.0,,False,,Jakarta Pusat,2026-08-27T12:23:37.789941,False,"
"tokopedia,103094863775,https://www.tokopedia.com/acerid/gajian-sale-acer-aspire-lite-14-core-i5-13500h-32gb-24gb-ddr5-512gb-ssd-iris-xe-14-ips-wuxga-w11h-ohs2024-light-silver-nx-d7usn-001-nx-d7ssn-001-al14-71p-53tg-544e-1731239359518508053-1734595884901630997?extParam=ivf%3Dtrue%26keyword%3Dlaptop+acer%26src%3Dsearch,""[New Color] Acer Aspire Go 14 AG14-72P | Core 5 | RAM 8GB/16GB | SSD 512GB AG14-72P-50C7 CORE 5 120U 8GB/16GB 512GB SSD 14"""" WUXGA IPS W11H OH24 + M365 SILVER, LILAC [NX.JSBSN.005] Laptop Kuliah, Kerja, Pelajar"",Acer,,CORE 5 120U,8,512,,50,10878822,,new,Acer Official Authorized Store,5.0,,False,,Jakarta Pusat,2026-08-27T12:23:37.790054,False,"
tokopedia,102954713797,https://www.tokopedia.com/royalltech/laptop-acer-aspire-lite-14-al14-intel-core-i3-n355-16gb-512gb-w11-ohs-m365b-14-0-wuxga-ips-1734243097733465591?extParam=ivf%3Dfalse%26keyword%3Dlaptop+acer%26src%3Dsearch,LAPTOP ACER ASPIRE LITE 14 AL14 INTEL CORE I3 N355 16GB 512GB W11+OHS+M365B 14.0 WUXGA IPS,Acer,,N355,16,,,14,8859000,,new,royalltech,5.0,,False,,Jakarta Utara,2026-08-27T12:23:37.790151,False,
"tokopedia,103798650343,https://www.tokopedia.com/acerid/acer-aspire-lite-15-ai-ryzen-7-8840hs-16gb-ddr5-512gb-ssd-15-6-ips-fhd-al15-61p-r572-ryzen-7-8840hs-16gb-512gb-ssd-15-ips-fhd-w11h-oh2024-silver-nx-d1rsn-003-laptop-karyawan-mahasiswa-umkm-multitasking-berat-1733884208499819541-1737206158177960981?extParam=ivf%3Dtrue%26keyword%3Dlaptop+acer%26src%3Dsearch,""[XBP] Acer Aspire Lite 15 AL15-42P-R50P (NX.D30SN.002) - Ryzen 5 7430U | 8GB RAM | 512GB SSD | 15.6"""" FHD IPS | Windows 11 Home + Office 2024 | Laptop Ringan untuk kerja, belajar, multitasking, dan aktivitas harian"",Acer,,RYZEN 5 7430U,8,512,,15.6,10779899,,new,Acer Official Authorized Store,5.0,,False,,Jakarta Pusat,2026-08-27T12:23:37.790261,False,"
"tokopedia,103380763418,https://www.tokopedia.com/acerid/acer-aspire-lite-14-al14-32p-n150-8gb-ram-ddr5-256gb-ssd-uma-14-wuxga-ips-w11h-oh24-silver-blue-upgradable-intel-laptop-c8px-c6cc-1731239335436583957-1735577887946146837?extParam=ivf%3Dfalse%26keyword%3Dlaptop+acer%26src%3Dsearch,""Acer Aspire Lite 14 AL14-36P - Intel N4500 | 8GB DDR4 | 256GB SSD | 14” FHD IPS | Win11 OH24 | Grey, Blue, Pink | Laptop pelajar, sekolah, kerja ringan, UMKM, penggunaan harian basic"",Acer,,INTEL N4500,8,256,,,8398822,,new,Acer Official Authorized Store,5.0,,False,,Jakarta Pusat,2026-08-27T12:23:37.790358,False,"
tokopedia,103547978240,https://www.tokopedia.com/jekardah/acer-lite-al1-14-i3-1215-8gb-512gb-win-11-ohs-14-0wuxga-ips-1736360582742705450?extParam=ivf%3Dfalse%26keyword%3Dlaptop+acer%26src%3Dsearch,Acer Lite AL1 14 I3 1215 8GB 512GB Win 11+OHS 14.0WUXGA IPS Laptop Baterai 6000mAh - Battery Garansi Resmi 2 Tahun,Acer,,I3 1215,8,,,14,7763880,,new,LAPTOP GADGET ID,5.0,,False,,Jakarta Pusat,2026-08-27T12:23:37.790426,False,
"tokopedia,102582980762,https://www.tokopedia.com/infonetmanggadua/acer-aspire-7-pro-gaming-gen-13-i7-13620h-16gb-512gb-ssd-rtx3050-6gb-15-6-fhd-144hz-ips-w11-ohs24-black-nh-qx6sn-002-a715-59g-77wv-gaming-laptop-1733270102954182168?extParam=ivf%3Dtrue%26keyword%3Dlaptop+acer%26src%3Dsearch,""ACER ASPIRE 7 PRO GAMING Gen 13 I7 13620H 16GB 512GB SSD RTX3050 6GB 15.6"""" FHD 144Hz IPS W11 OHS24 BLACK [NH.QX6SN.002, A715-59G-77WV] Gaming Laptop"",Acer,A715-59G-77WV,I7 13620H,16,512,RTX3050,13,15378821,,new,Infonet Mangga Dua,5.0,,False,,Jakarta Pusat,2026-08-27T12:23:37.790489,False,"
tokopedia,103050142050,https://www.tokopedia.com/pusatgaminglaptop/laptop-acer-aspire-go-14-ag14-i3-1315-ram-8gb-ssd-512gb-windows-11-ohs-m365b-14-0-inc-wuxga-ips-1734417856002688697?extParam=ivf%3Dfalse%26keyword%3Dlaptop+acer%26src%3Dsearch,LAPTOP ACER ASPIRE GO 14 AG14 I3 1315 RAM 8GB SSD 512GB WINDOWS 11+OHS+M365B 14.0 INC WUXGA IPS,Acer,,I3 1315,8,512,,14,9099000,,new,PUSAT GAMING LAPTOP,5.0,,False,,Bekasi,2026-08-27T12:23:37.790560,False,
tokopedia,102602941052,https://www.tokopedia.com/gamer-id-bogor/laptop-acer-aspire-go-14-ag14-core-5-120-16gb-512gb-w11-ohs-14-0wuxga-ips-gry-72p-50c7-1733325987044820841?extParam=ivf%3Dfalse%26keyword%3Dlaptop+acer%26src%3Dsearch,LAPTOP ACER ASPIRE GO 14 AG14 CORE 5 120 16GB 512GB W11+OHS 14.0WUXGA IPS GRY -72P.50C7,Acer,,CORE 5 120,16,,,14,11309000,,new,Gamer ID Bogor,5.0,,False,,Bogor,2026-08-27T12:23:37.790654,False,
tokopedia,102230173748,https://www.tokopedia.com/gateway/acer-nitro-lite-16-core-i5-13420h-gen-13-rtx4050-ram-16gb-ssd-512gb-windows-11-ohs-layar-16-inch-wuxga-180hz-100-srgb-1732463229979100597?extParam=ivf%3Dfalse%26keyword%3Dlaptop+acer%26src%3Dsearch,ACER NITRO LITE 16 RTX4050 CORE I5 13420H 16GB 512GB W11+OHS 16.0WUXGA 180HZ 100SRGB LAPTOP GAMING,Acer,,I5 13420H,16,,RTX4050,50,17349000,,new,Gateway Indonesia Comp,5.0,,False,,Jakarta Utara,2026-08-27T12:23:37.790815,False,
tokopedia,103441094468,https://www.tokopedia.com/herlinacom/laptop-acer-nitro-lite-16-core-i5-210h-rtx3050-6gb-ram-16gb-512gb-ssd-win-11-ohs-16-0wuxga-100-srgb-1732543451535279502-1735879370742990222?extParam=ivf%3Dtrue%26keyword%3Dlaptop+acer%26src%3Dsearch,LAPTOP ACER NITRO LITE 16 CORE I5 210H RTX3050 6GB RAM 16GB 512GB SSD Win 11+OHS 16.0WUXGA 100%sRGB,Acer,,,16,512,RTX3050,16,14379000,,new,Herlinacom,5.0,,False,,Depok,2026-08-27T12:23:37.790925,False,
"tokopedia,103226016155,https://www.tokopedia.com/acerid/gajian-sale-xtra-acer-aspire-7-pro-rtx3050-i5-12450h-16gb-8gb-512gb-ssd-rtx3050-6gb-15-6-fhd-144hz-ips-w11-ohs24-black-a715-59g-56k7-nh-qx0sn-001-aff-best-seller-gaming-laptop-kuliah-stem-1731239359709873173-1735048980723237909?extParam=ivf%3Dtrue%26keyword%3Dlaptop+acer%26src%3Dsearch,""[XTRA] Acer Aspire 7 Pro A715-59G-516G UN.QX0SD.001 - i5 13420H | 16GB | 512GB SSD | RTX 3050 6GB | 15.6” FHD IPS 144Hz | Win11 OHS | Black | Laptop gaming tipis, creator, editing, rendering ringan-menengah, multitasking berat"",Acer,A715-59G-516G,I5 13420H,,512,RTX 3050,20,14498822,,new,Acer Official Authorized Store,5.0,,False,,Jakarta Pusat,2026-08-27T12:23:37.791216,False,"
"tokopedia,102753560046,https://www.tokopedia.com/agresidjakut/acer-aspire-lite-al14-intel-n150-ram-16gb-1tb-ssd-windows-11-ohs-2024-14-0-wuxga-1733768311330539090?extParam=ivf%3Dfalse%26keyword%3Dlaptop+acer%26src%3Dsearch,""[LAPTOP] Acer Aspire Lite AL14 Intel N150 Ram 8GB 256GB | 512GB SSD Windows 11 + OHS 2024 14.0"""" WUXGA GARANSI RESMI"",Acer,,INTEL N150,8,512,,14,8509000,,new,Agres ID Jakarta Utara,5.0,,False,,Jakarta Pusat,2026-08-27T12:23:37.791339,False,"
"tokopedia,102522858151,https://www.tokopedia.com/houseofit/laptop-tkdn-acer-travelmate-tmp214-0049-i5-1334u-8gb-512gb-w11-14-wuxga-garansi-resmi-3-tahun-1733093572841014753?extParam=ivf%3Dfalse%26keyword%3Dlaptop+acer%26src%3Dsearch,""Laptop TKDN Acer TravelMate TMP214/0049 i5 1334U 8GB 512GB W11 14""""WUXGA - Garansi Resmi 3 Tahun"",Acer,TMP214,I5 1334U,8,,,14,13799000,,new,House Of IT,5.0,,False,,Jakarta Pusat,2026-08-27T12:23:37.791544,False,"
tokopedia,100331795516,https://www.tokopedia.com/royalltech/laptop-acer-travelmate-x-intel-core-5-120u-16gb-512gb-ssd-w11-ohs-14-0-wuxga-ips-garansi-resmi-1731380652241683959?extParam=ivf%3Dfalse%26keyword%3Dlaptop+acer%26src%3Dsearch,LAPTOP ACER TRAVELMATE X INTEL CORE 5 120U 16GB 512GB SSD W11+OHS 14.0 WUXGA IPS GARANSI RESMI,Acer,,INTEL CORE 5 120U,16,512,,,12999000,,new,royalltech,5.0,,False,,Jakarta Utara,2026-08-27T12:23:37.791651,False,
"tokopedia,102548805752,https://www.tokopedia.com/acer-indonesia/acer-laptop-gaming-predator-triton-14-ai-pt14-52t-9162-graphics-nvidia-geforce-rtx-5070-14-5-oled-intel-core-ultra-9-288v-ram-32gb-storage-1tb-ssd-windows-11-1733183163536737720?extParam=ivf%3Dfalse%26keyword%3Dlaptop+acer%26src%3Dsearch,""ACER LAPTOP GAMING PREDATOR TRITON 14 AI PT14-52T-9162 GRAPHICS NVIDIA GEFORCE RTX 5070 14.5"""" OLED INTEL CORE ULTRA 9 288V RAM 32GB STORAGE 1TB SSD WINDOWS 11"",Acer,,INTEL CORE ULTRA 9 288V,32,1024,RTX 5070,14.5,50999000,,new,Acer Indonesia,5.0,,False,,Jakarta Timur,2026-08-27T12:23:37.791790,False,"
tokopedia,102222534266,https://www.tokopedia.com/toptech/laptop-acer-aspire-lite-al15-amd-ryzen-5-7430u-8gb-512gb-15-0fhd-ips-w11-ohs-1y-1732443440311600244?extParam=ivf%3Dfalse%26keyword%3Dlaptop+acer%26src%3Dsearch,Laptop ACER Aspire Lite AL15 AMD Ryzen 5 7430U 16GB 512GB 15.0FHD IPS W11 OHS 1Y,Acer,,RYZEN 5 7430U,16,,,,10139000,,new,Top Tech Comp,5.0,,False,,Jakarta Utara,2026-08-27T12:23:37.791903,False,
tokopedia,102628340210,https://www.tokopedia.com/toptech/laptop-acer-aspire-lite-al14-42p-amd-ryzen-3-5300u-8gb-512gb-ssd-14-0-wuxga-ips-w11-ohs-1733391325205529716?extParam=ivf%3Dfalse%26keyword%3Dlaptop+acer%26src%3Dsearch,Laptop ACER Aspire Lite AL14 42P AMD Ryzen 3 5300U 8GB 512GB ssd 14.0 WUXGA IPS W11 OHS,Acer,,RYZEN 3 5300U,8,512,,,10239000,,new,Top Tech Comp,5.0,,False,,Jakarta Utara,2026-08-27T12:23:37.792030,False,
tokopedia,103680375819,https://www.tokopedia.com/sentralkomputer/laptop-acer-aspire-7-pro-a715-59g-i5-12450h-rtx3050-8gb-512gb-w11-ohs-15-6fhd-144hz-1731243755646191113-1736872895730386441?extParam=ivf%3Dfalse%26keyword%3Dlaptop+acer%26src%3Dsearch,LAPTOP ACER ASPIRE 7 PRO A715 59G I5 12450H RTX3050 8GB 512GB W11+OHS 15.6FHD 144HZ,Acer,A715,I5 12450H,8,,RTX3050,50,16799000,,new,Sentral Komputer Pusat,5.0,,False,,Jakarta Timur,2026-08-27T12:23:37.792156,False,
"tokopedia,103351193815,https://www.tokopedia.com/infonetmanggadua/acer-aspire-lite-15-al15-42p-r50p-ryzen-5-7430u-8gb-512gb-ssd-15-ips-fhd-w11h-oh2024-silver-1732888476907243032-1735451024716891672?extParam=ivf%3Dfalse%26keyword%3Dlaptop+acer%26src%3Dsearch,""Acer Aspire Lite 15 AL15-42P-R50P NX.D30SN.002 - Ryzen 5 7430U | 8GB/16GB | 512GB SSD | 15.6” FHD IPS | Win11 OH2024 | Silver | Laptop kerja, kuliah, UMKM, multitasking harian, produktivitas & layar besar | Gajian Sale"",Acer,OH2024,RYZEN 5 7430U,,512,,,10178821,,new,Infonet Mangga Dua,5.0,,False,,Jakarta Pusat,2026-08-27T12:23:37.792354,False,"
tokopedia,102868902371,https://www.tokopedia.com/agresidjakut/acer-aspire-go-14-ag14-core-i5-120u-8gb-1tb-ssd-w-11-ohs-2024-14-0-wuxga-ips-1734050758808995410?extParam=ivf%3Dfalse%26keyword%3Dlaptop+acer%26src%3Dsearch,[LAPTOP] Acer Aspire Go 14 AG14 Core i5 120U 8GB 1TB SSD W 11 + OHS 2024 14.0 WUXGA IPS GARANSI RESMI,Acer,,,8,1024,,14,10059000,,new,Agres ID Jakarta Utara,5.0,,False,,Jakarta Pusat,2026-08-27T12:23:37.792580,False,
"tokopedia,103782103018,https://www.tokopedia.com/acerid/acer-nitro-v-15-anv15-41-r9sx-r5-6600h-rtx-2050-4gb-gddr6-16gb-8gb-ram-ddrv-15-6-fhd-165hz-512gb-ssd-nvme-backlit-keyboard-win-11-home-ohs2021-v15-gaming-1731239359678153749-1737157840399795221?extParam=ivf%3Dfalse%26keyword%3Dlaptop+acer%26src%3Dsearch,""Acer Nitro V15 ANV15-52-51TE (NH.QUASN.002) - Core 5 210H | 16GB DDR5 | 512GB SSD | RTX 4050 6GB GDDR7 | 15.6"""" FHD IPS 180Hz 100% sRGB | Windows 11 Home + Office 2024 | Laptop Gaming untuk gaming AAA, editing, dan multitasking"",Acer,Nitro V15,CORE 5 210H,16,512,RTX 4050,10,18778822,,new,Acer Official Authorized Store,5.0,,False,,Jakarta Pusat,2026-08-27T12:23:37.792729,False,"
tokopedia,9376393830,https://www.tokopedia.com/technosify/acer-travelmate-p214-006-laptop-notebook-core-i7-512-gb-8-windows-11-sl-1730833206314894759?extParam=ivf%3Dfalse%26keyword%3Dlaptop+acer%26src%3Dsearch,Acer Travelmate P214 (025) Laptop Notebook - Core i7 - 512 GB - 8 - Windows 11 sl,Acer,P214,,,,,,15575655,,new,technosify,5.0,,False,,Surabaya,2026-08-27T12:23:37.792800,False,
tokopedia,16246524185,https://www.tokopedia.com/alienwarestore/laptop-acer-aspire-lite-al14-ryzen-3-5300u-8gb-512gb-w11-ohs-m365b-14-0wuxga-ips-1730863780781851992?extParam=ivf%3Dfalse%26keyword%3Dlaptop+acer%26src%3Dsearch,LAPTOP ACER ASPIRE LITE AL14 RYZEN 3 5300U 8GB 512GB W11+OHS+M365B 14.0WUXGA IPS,Acer,,RYZEN 3 5300U,8,,,,8559000,,new,ALIENWARE GAMING STORE,5.0,,False,,Jakarta Utara,2026-08-27T12:23:37.792865,False,
tokopedia,102491625092,https://www.tokopedia.com/royalltech/acer-aspire-go-spin-agsp14-touch-intel-core-i3-n355-8gb-512gb-w11-ohs-14-0wuxga-pen-2in1-31pt-386w-laptop-notebook-ultrabook-touch-screen-x360-1733011973478581751?extParam=ivf%3Dfalse%26keyword%3Dlaptop+acer%26src%3Dsearch,ACER ASPIRE GO SPIN AGSP14 TOUCH INTEL CORE I3 N355 8GB 512GB W11+OHS 14.0WUXGA PEN 2IN1 -31PT.386W -LAPTOP NOTEBOOK ULTRABOOK TOUCH SCREEN X360,Acer,X360,N355,8,,,,10669000,,new,royalltech,5.0,,False,,Jakarta Utara,2026-08-27T12:23:37.792943,False,
tokopedia,102539009676,https://www.tokopedia.com/technocentral/laptop-acer-aspire-go-14-ai-ultra-5-125h-16gb-512gb-w11-ohs-m365b-14-0wuxga-100rgb-ips-1733135306518529667?extParam=ivf%3Dfalse%26keyword%3Dlaptop+acer%26src%3Dsearch,LAPTOP ACER ASPIRE GO 14 AI ULTRA 5 125H 16GB 512GB W11+OHS+M365B 14.0WUXGA 100RGB IPS,Acer,,M3,16,,,25,13319000,,new,Techno Central,5.0,,False,,Bogor,2026-08-27T12:23:37.793067,False,
tokopedia,13105125896,https://www.tokopedia.com/agresidsemarang/promo-antigores-laptop-universal-screen-protector-screen-body-dan-aksesories-penting-lainnya-bisa-untuk-lenovo-1729869370561038111?extParam=ivf%3Dfalse%26keyword%3Dlaptop+lenovo%26search_id%3D2026082712245240008B9A5380FC3385EF%26src%3Dsearch,PROMO ANTIGORES LAPTOP UNIVERSAL SCREEN PROTECTOR - SCREEN+BODY DAN AKSESORIES PENTING LAINNYA BISA UNTUK LENOVO,Lenovo,,,,,,,112500,,new,Agres ID Semarang.,5.0,,False,,Semarang,2026-08-27T12:25:02.761689,True,price_far_below_market(<3000000)
"tokopedia,102092266512,https://www.tokopedia.com/gameridsurabaya/laptop-lenovo-legion-5-15-intel-core-i7-13650hx-rtx-5050-8-gb-ram-16-gb-ssd-512-gb-windows-11-office-home-student-15-3-wuxga-165hz-100srgb-1732195924137248723?extParam=ivf%3Dfalse%26keyword%3Dlaptop+lenovo%26search_id%3D2026082712245240008B9A5380FC3385EF%26src%3Dsearch,""Laptop Lenovo Legion 5 15 Intel Core i7 13650HX RTX 5050 8 GB RAM 16 gb SSD 512 GB Windows 11 + Office Home Student 15.3"""" WUXGA 165Hz 100Srgb"",Lenovo,Legion 5,I7 13650HX,16,512,RTX 5050,15,27799000,,new,Gamer ID Surabaya,5.0,,False,,Surabaya,2026-08-27T12:25:02.762217,False,"
tokopedia,102631381862,https://www.tokopedia.com/royalltech/laptop-lenovo-ideapad-slim-3-14-ryzen-3-7320-8gb-512gb-w11-ohs-14-fhd-1733399540251657719?extParam=ivf%3Dfalse%26keyword%3Dlaptop+lenovo%26search_id%3D2026082712245240008B9A5380FC3385EF%26src%3Dsearch,Laptop Lenovo Ideapad Slim 3 14 AMD Ryzen 5 7535HS RAM 16GB 512GB SSD W11+OHS+M365B 14.0WUXGA IPS 2Y PREM+2ADP,Lenovo,,RYZEN 5 7535HS,16,512,,35,11049000,,new,royalltech,5.0,,False,,Jakarta Utara,2026-08-27T12:25:02.762412,False,
"tokopedia,103477807910,https://www.tokopedia.com/technosify/lenovo-legion-pro-5-16afr10-2fid-laptop-ryzen-9-9955hx-1tb-32gb-ddr5-rtx-5070-8gb-16-wqxga-oled-165hz-windows-11-home-office-2024-office-365-3y-warranty-eclipse-black-1736044418777908647?extParam=ivf%3Dfalse%26keyword%3Dlaptop+lenovo%26search_id%3D2026082712245240008B9A5380FC3385EF%26src%3Dsearch,""Lenovo Legion Pro 5 16AFR10 2FID Laptop Ryzen 9 9955HX 1TB 32GB DDR5 RTX 5070 8GB 16"""" WQXGA OLED 165Hz Windows 11 Home + Office 2024 + Office 365 3Y Warranty Eclipse Black"",Lenovo,,RYZEN 9 9955HX,32,,RTX 5070,55,39163581,,new,technosify,5.0,,False,,Surabaya,2026-08-27T12:25:02.762522,False,"
"tokopedia,102588587988,https://www.tokopedia.com/royalltech/laptop-lenovo-ideapad-5-2in1-14-touch-ryzen-ai-7-350-16gb-1tb-w11-ohs-14-fhd-ips-laptop-convertible-laptop-2in1-1733282836276479479?extParam=ivf%3Dfalse%26keyword%3Dlaptop+lenovo%26search_id%3D2026082712245240008B9A5380FC3385EF%26src%3Dsearch,""Laptop LENOVO IdeaPad 5 2in1 14 Touch Ryzen AI 7 350 16GB 1TB W11+OHS 14"""" FHD IPS Laptop Convertible Laptop 2IN1"",Lenovo,Ideapad 5,RYZEN AI 7 350,16,,,14,15969000,,new,royalltech,4.7,,False,,Jakarta Utara,2026-08-27T12:25:02.762649,False,"
tokopedia,102537718676,https://www.tokopedia.com/thinkpadofficial/lenovo-ideapad-slim-3i-14irh10-core-i5-13420h-16gb-512ssd-windows-11-office-14-inch-ips-laptop-7eid-1733131703789520266?extParam=ivf%3Dfalse%26keyword%3Dlaptop+lenovo%26search_id%3D2026082712245240008B9A5380FC3385EF%26src%3Dsearch,[GRATIS ONGKIR] Lenovo IdeaPad Slim 3i 14IRH10 Core i5 13420H 16GB 512SSD Windows 11 Office 14 Inch IPS Laptop - BWID,Lenovo,,I5 13420H,,,,14,10899000,,new,Thinkpad Official Store,5.0,,False,,Jakarta Utara,2026-08-27T12:25:02.762750,False,
tokopedia,102510640634,https://www.tokopedia.com/gasol-kaliurang/lenovo-ideapad-slim-3-14iru8-intel-core-i3-1315u-256gb-ssd-8gb-ram-6cid-abyss-blue-6did-arctic-grey-nmotebook-laptop-1733061641075983485?extParam=ivf%3Dfalse%26keyword%3Dlaptop+lenovo%26search_id%3D2026082712245240008B9A5380FC3385EF%26src%3Dsearch,Lenovo Ideapad Slim 3 14IRU8 - Intel Core i3-1315U 256GB SSD 8GB RAM - 6CID Abyss Blue / 6DID Arctic Grey NMotebook Laptop,Lenovo,,I3-1315U,8,256,,14,9894000,,new,GASOL KALIURANG,5.0,,False,,Malang,2026-08-27T12:25:02.762794,False,
"tokopedia,103690167294,https://www.tokopedia.com/infonet-official-store/lenovo-ideapad-slim-3-14irh10-i5-13420h-8gb-512gb-ssd-integrated-14-wuxga-ips-w11-ohs-m365-1732124027626030792-1736911184496395976?extParam=ivf%3Dfalse%26keyword%3Dlaptop+lenovo%26search_id%3D2026082712245240008B9A5380FC3385EF%26src%3Dsearch,""LENOVO IDEAPAD SLIM 3 14IRH10 INTEL CORE I5-13420H 8GB 512GB SSD 14"""" WUXGA IPS LAPTOP WINDOWS 11 HOME OFFICE HOME 2024"",Lenovo,,I5-13420H,8,512,,14,11379000,,new,Infonet Official Store,5.0,,False,,Jakarta Utara,2026-08-27T12:25:02.762837,False,"
tokopedia,103629892187,https://www.tokopedia.com/herlinacom/laptop-lenovo-ideapad-5-2in1-14-touch-ryzen-ai-7-350-ram-16gb-1tb-ssd-win-11-ori-14-0-full-hd-ips-1732899256604132750-1736701681471882638?extParam=ivf%3Dtrue%26keyword%3Dlaptop+lenovo%26search_id%3D2026082712245240008B9A5380FC3385EF%26src%3Dsearch,Laptop Lenovo Ideapad 5 2in1 14 Touch Ryzen Ai 7 350 Ram 16Gb 1Tb Ssd Win 11 Ori 14.0 Full HD Ips,Lenovo,Ideapad 5,RYZEN AI 7 350,16,1024,,,15969000,,new,Herlinacom,5.0,,False,,Depok,2026-08-27T12:25:02.762887,False,
tokopedia,103790188570,https://www.tokopedia.com/thinkpadofficial/lenovo-ideapad-slim-5-14-oled-intel-core-i5-210h-ram-16gb-512gb-ssd-14-0-inch-wuxga-windows-11-office-5gid-1732556696537957770-1737183560641774986?extParam=ivf%3Dfalse%26keyword%3Dlaptop+lenovo%26search_id%3D2026082712245240008B9A5380FC3385EF%26src%3Dsearch,[CO52] Lenovo V14 Gen 5 Intel Core i3 1315U 8GB 256SSD Windows 11 Home FHD 14 Inch | Laptop Murah 7AID,Lenovo,,I3 1315U,,,,14,9561628,,new,Thinkpad Official Store,5.0,,False,,Jakarta Utara,2026-08-27T12:25:02.762935,False,
tokopedia,102285630035,https://www.tokopedia.com/legendeltro-id/laptop-lenovo-ideapad-slim-3-14-i7-13620h-16gb-512gb-w11-ohs-m365b-14-0wuxga-ips-2y-prem-2adp-1732567705166316593?extParam=ivf%3Dfalse%26keyword%3Dlaptop+lenovo%26search_id%3D2026082712245240008B9A5380FC3385EF%26src%3Dsearch,Laptop Lenovo Ideapad Slim 3 14 I7 13620H 16GB 512GB W11+OHS+M365B 14.0WUXGA IPS 2Y PREM+2ADP,Lenovo,,I7 13620H,16,,,14,17249000,,new,LEGEND.ELTRO.ID,5.0,,False,,Tangerang Selatan,2026-08-27T12:25:02.762980,False,
tokopedia,100770292896,https://www.tokopedia.com/gasolsumbersari/lenovo-ideapad-slim-3-14irh10-intel-core-i5-13420h-512gb-ssd-8gb-ram-notebook-laptop-7did-blue-7eid-grey-1731942023680984975?extParam=ivf%3Dfalse%26keyword%3Dlaptop+lenovo%26search_id%3D2026082712245240008B9A5380FC3385EF%26src%3Dsearch,Lenovo IdeaPad Slim 3 14IRH10 - Intel Core i5-13420H 512GB SSD 8GB RAM Notebook Laptop - 7DID Blue / 7EID Grey,Lenovo,,I5-13420H,8,512,,14,11894000,,new,GASOL SUMBERSARI,5.0,,False,,Malang,2026-08-27T12:25:02.763086,False,
tokopedia,100626255270,https://www.tokopedia.com/herlinacom/laptop-lenovo-ideapad-5-2in1-14-touch-oled-core-i7-150u-ram-16gb-512gb-ssd-win-11-office-ohs-ori-14-0-1731713204000032142?extParam=ivf%3Dtrue%26keyword%3Dlaptop+lenovo%26search_id%3D2026082712245240008B9A5380FC3385EF%26src%3Dsearch,Laptop Lenovo Ideapad 5 2in1 14 Touch Oled Core i7 150U Ram 16Gb 512Gb Ssd Win 11 + Office Ohs Ori 14.0,Lenovo,Ideapad 5,,16,512,,,18979000,,new,Herlinacom,5.0,,False,,Depok,2026-08-27T12:25:02.763134,False,
"tokopedia,2618833404,https://www.tokopedia.com/technosify/lenovo-yoga-slim-7-14itl5-lbid-laptop-core-i5-1135-g7-512-gb-ssd-8-gb-ddr4-intel-iris-xe-14-fhd-screen-windows-11-office-2021-3-years-warranty-2-year-adp-1730833206352119207?extParam=ivf%3Dfalse%26keyword%3Dlaptop+lenovo%26search_id%3D2026082712245240008B9A5380FC3385EF%26src%3Dsearch,""Lenovo Yoga Slim 7 14ITL5 LBID Laptop i5 1135G7 512GB 8GB DDR4 Intel Iris Xe Graphics 14"""" FHD Windows 11 Home - 2 Year Warranty - Slate Grey"",Lenovo,,,8,,,14,12899655,,new,technosify,5.0,,False,,Surabaya,2026-08-27T12:25:02.763193,False,"
"tokopedia,3536000477,https://www.tokopedia.com/amtechgrosiria/lenovo-laptop-v14-alc-ryzen-7-8gb-512gb-82kc007kid?extParam=ivf%3Dfalse%26keyword%3Dlaptop+lenovo%26search_id%3D2026082712245240008B9A5380FC3385EF%26src%3Dsearch,""LENOVO Laptop V14 ALC Ryzen 7 8GB 512GB 14"""" Windows 11 OHS24 [82KC007KID]"",Lenovo,,,8,,,14,11019999,,new,GROSIRIA.ID,5.0,,False,,Surabaya,2026-08-27T12:25:02.763238,False,"
"tokopedia,103630847406,https://www.tokopedia.com/gateway/hp-pavilion-aero-13-amd-ryzen-5-8640u-16gb-512gb-ssd-13-3-wuxga-ips-win11-ohs-bg0111au-bg0222au-1736703682229732789?extParam=ivf%3Dfalse%26keyword%3Dlaptop+lenovo%26search_id%3D2026082712245240008B9A5380FC3385EF%26src%3Dsearch,""LENOVO LEGION 5 15 OLED RYZEN 7 260 RTX5060 32GB 1TB W11 15.1"""" QHD 165HZ LAPTOP GAMING"",Lenovo,Legion 5,RYZEN 7 260,32,,RTX5060,15.1,26569000,,new,Gateway Indonesia Comp,5.0,,False,,Jakarta Utara,2026-08-27T12:25:02.763339,False,"
tokopedia,11966671825,https://www.tokopedia.com/ten-com/lenovo-ideapad-slim-3-14-i3-1315-8gb-512ssd-win11-14-full-hd-1729893679828534535?extParam=ivf%3Dtrue%26keyword%3Dlaptop+lenovo%26search_id%3D2026082712245240008B9A5380FC3385EF%26src%3Dsearch,Lenovo Ideapad Slim 3 Intel i3 1315U 8GB 512GB 14inch Full HD Windows 11 Office Garansi Resmi - Laptop Pelajar - Laptop Kantor,Lenovo,,I3 1315U,8,,,14,9309000,,new,Ten Com,5.0,,False,,Jakarta Selatan,2026-08-27T12:25:02.763473,False,
tokopedia,103242960002,https://www.tokopedia.com/technocentral/laptop-lenovo-legion-5i-15-i7-13650hx-rtx5050-8gb-16gb-512gb-w11-ohs-m365b-15-3wuxga-165hz-100srgb-blit-1732110768756983427-1735094259695847043?extParam=ivf%3Dfalse%26keyword%3Dlaptop+lenovo%26search_id%3D2026082712245240008B9A5380FC3385EF%26src%3Dsearch,LAPTOP LENOVO LEGION 5I 15 I7 13650HX RTX5050 8GB/ 16GB 512GB W11+OHS+M365B 15.3WUXGA 165HZ 100SRGB BLIT,Lenovo,Legion 5I,I7 13650HX,16,,RTX5050,15,29000000,,new,Techno Central,5.0,,False,,Bogor,2026-08-27T12:25:02.763519,False,
"tokopedia,15727874676,https://www.tokopedia.com/kingznotebook/laptop-lenovo-ideapad-5-2in1-14irh9-i5-13420h-16gb-512gb-w11-ohs-14-wuxga-ips-1731005213920691884?extParam=ivf%3Dfalse%26keyword%3Dlaptop+lenovo%26search_id%3D2026082712245240008B9A5380FC3385EF%26src%3Dsearch,""Laptop Lenovo IdeaPad 5 2in1 14IRH9 i5 13420H 16GB 512GB W11+OHS 14"""" WUXGA IPS"",Lenovo,Ideapad 5,I5 13420H,16,,,14,17259000,,new,Kingz Notebook,5.0,,False,,Jakarta Pusat,2026-08-27T12:25:02.763560,False,"
"tokopedia,102384788698,https://www.tokopedia.com/amtechgrosiria/lenovo-laptop-gaming-loq-15irx9-intel-core-i7-13650hx-16gb-512gb-geforce-rtx-4050-windows-11-ohs-2024-15-6-fhd-ips-m365-basic-luna-grey-83dv01arid-arid-1732782982789301587?extParam=ivf%3Dfalse%26keyword%3Dlaptop+lenovo%26search_id%3D2026082712245240008B9A5380FC3385EF%26src%3Dsearch,""LENOVO Laptop Gaming LOQ 15IRX9 Intel Core i7 13650HX 16GB 512GB GeForce RTX 4050 Windows 11 OHS 2024 15.6"""" FHD IPS M365 Basic Luna Grey [83DV01ARID] ARID"",Lenovo,Loq 15Irx9,I7 13650HX,16,,RTX 4050,15,24169999,,new,GROSIRIA.ID,5.0,,False,,Surabaya,2026-08-27T12:25:02.763611,False,"
tokopedia,102673985327,https://www.tokopedia.com/prostorecomputer/laptop-lenovo-v14-g4-ryzen-3-7320-8gb-256gb-w11-ohs-14-0fhd-garansi-resmi-2th-laptop-sekolah-laptop-kuliah-laptop-admin-laptop-kantor-1733517225271003035?extParam=ivf%3Dfalse%26keyword%3Dlaptop+lenovo%26search_id%3D2026082712245240008B9A5380FC3385EF%26src%3Dsearch,Laptop LENOVO V14 G4 Ryzen 3 7320 8GB 256GB W11+OHS 14.0FHD Garansi Resmi 2Th | Laptop Sekolah Laptop Kuliah Laptop Admin Laptop Kantor,Lenovo,,RYZEN 3 7320,8,,,,8067480,,new,ProStoreComputer,5.0,,False,,Jakarta Utara,2026-08-27T12:25:02.763663,False,
tokopedia,102887964392,https://www.tokopedia.com/royalltech/laptop-lenovo-legion-pro-5i-16-oled-ultra-7-255hx-rtx5060-8gb-32gb-1tb-ssd-w11-ohs-m365b-16-0wqxga-165hz-24zrgb-3y-3adp-1734090547405227511?extParam=ivf%3Dfalse%26keyword%3Dlaptop+lenovo%26search_id%3D2026082712245240008B9A5380FC3385EF%26src%3Dsearch,LAPTOP LENOVO LEGION PRO 5I 16 OLED ULTRA 7 255HX RTX5060 8GB/ 32GB 1TB SSD W11+OHS+M365B 16.0WQXGA 165HZ 24ZRGB 3Y+3ADP,Lenovo,,M3,32,1024,RTX5060,55,31549000,,new,royalltech,5.0,,False,,Jakarta Utara,2026-08-27T12:25:02.763711,False,
"tokopedia,102887067154,https://www.tokopedia.com/infonet-margonda-depok/lenovo-ideapad-slim-3-14iru8-i3-1315u-8gb-256gb-ssd-14-fhd-tn-w11-ohs-laptop-original-garansi-resmi-2-tahun-1734091399160039339?extParam=ivf%3Dfalse%26keyword%3Dlaptop+lenovo%26search_id%3D2026082712245240008B9A5380FC3385EF%26src%3Dsearch,""Lenovo Ideapad Slim 3 14IRU8 I3 1315U 8GB 256GB SSD 14"""" FHD TN W11 OHS Laptop Original Garansi Resmi 2 Tahun"",Lenovo,,I3 1315U,8,256,,14,9499000,,new,INFONET MARGONDA DEPOK,5.0,,False,,Depok,2026-08-27T12:25:02.763752,False,"
tokopedia,103581105982,https://www.tokopedia.com/thinkpadofficial/lenovo-ideapad-slim-3i-intel-core-i3-1315u-8gb-512ssd-windows-11-office-14-inch-fhd-14iru8-5pid-1731201723419755914-1736520567049782666?extParam=ivf%3Dtrue%26keyword%3Dlaptop+lenovo%26search_id%3D2026082712245240008B9A5380FC3385EF%26src%3Dsearch,LAPTOP LENOVO IDEAPAD SLIM 3 14IPH11 ULTRA 5 322 16GB 512GB WINDOWS 11+OFFICE 14.0WUXGA -3BID,Lenovo,,,16,,,14,19999000,,new,Thinkpad Official Store,5.0,,False,,Jakarta Utara,2026-08-27T12:25:02.763807,False,
tokopedia,100722804544,https://www.tokopedia.com/alienwareofficial/lenovo-loq-15-i5-13450hx-rtx5050-rtx4050-rtx3050-24gb-1tb-512gb-ssd-w11-ohs-m365b-15-6fhd-144hz-100srgb-24rgb-2y-prem-2adp-laptop-gaming-1731864950269183251?extParam=ivf%3Dfalse%26keyword%3Dlaptop+lenovo%26search_id%3D2026082712245240008B9A5380FC3385EF%26src%3Dsearch,LENOVO LOQ 15 I5 13450HX RTX5050 RTX4050 RTX3050 24GB 1TB 512GB SSD W11+OHS+M365B 15.6FHD 144HZ 100SRGB 24RGB 2Y PREM+2ADP - LAPTOP GAMING,Lenovo,Loq 15,I5 13450HX,24,512,RTX5050,15,19989000,,new,AI Official Store,5.0,,False,,Jakarta Utara,2026-08-27T12:25:02.763917,False,
"tokopedia,102946606019,https://www.tokopedia.com/kingznotebook/laptop-lenovo-ideapad-slim-3-14amn8-ryzen-3-7320u-8gb-512gb-ssd-w11-ohs-14-fhd-1734229625061541548?extParam=ivf%3Dfalse%26keyword%3Dlaptop+lenovo%26search_id%3D2026082712245240008B9A5380FC3385EF%26src%3Dsearch,""Laptop Lenovo IdeaPad Slim 3 14AMN8 Ryzen 3 7320U 8GB 512GB SSD W11+OHS 14""""FHD"",Lenovo,,RYZEN 3 7320U,8,512,,14,10039000,,new,Kingz Notebook,5.0,,False,,Jakarta Pusat,2026-08-27T12:25:02.763963,False,"
"tokopedia,103064944068,https://www.tokopedia.com/lenovo-authorized-jaksel/laptop-lenovo-loq-15-arp10e-amd-ryzen-7-7735hs-512gb-ssd-16g-15-6-fhd-ips-rtx4050-6gb-w11-ohs-1734442231309371249?extParam=ivf%3Dfalse%26keyword%3Dlaptop+lenovo%26search_id%3D2026082712245240008B9A5380FC3385EF%26src%3Dsearch,""Laptop LENOVO LOQ 15 ARP10E AMD RYZEN 7 7735HS 512GB SSD 16G 15.6"""" FHD IPS RTX4050 6GB W11+OHS"",Lenovo,Loq 15,RYZEN 7 7735HS,,512,RTX4050,35,20055000,,new,Lenovo Authorized Jaksel,5.0,,False,,Jakarta Barat,2026-08-27T12:25:02.764005,False,"
"tokopedia,100562807050,https://www.tokopedia.com/alienwareofficial/lenovo-ideapad-slim-1-14-intel-celeron-n4500-n4020-8gb-512gb-256gb-ssd-w11-ohs-14-0-laptop-consumer-murah-cepat-ringan-ssd-kencang-ram-besar-anti-panas-cocok-untuk-office-kuliah-zoom-netflix-editing-kerja-harian-1731584239384298771?extParam=ivf%3Dfalse%26keyword%3Dlaptop+lenovo%26search_id%3D2026082712245240008B9A5380FC3385EF%26src%3Dsearch,""LENOVO IDEAPAD SLIM 1 14 INTEL CELERON N4500 N4020 8GB 512GB 256GB SSD W11+OHS 14.0 - Laptop Consumer Murah, Cepat & Ringan - SSD Kencang, RAM Besar, Anti Panas, Cocok untuk Office, Kuliah, Zoom, Netflix, Editing & Kerja Harian"",Lenovo,,CELERON N4500,8,256,,14,7119000,,new,AI Official Store,5.0,,False,,Jakarta Utara,2026-08-27T12:25:02.764117,False,"
"tokopedia,100706955410,https://www.tokopedia.com/lenovo-store-by-infonet/gajian-sale-lenovo-yoga-pro-7i-aura-edition-14iah10-ultra-9-285h-32gb-1tb-ssd-intel-arc-140t-gpu-14-5-3k-oled-120hz-w11-ohs-luna-grey-83kf0027id-ai-pc-1731829525751629773?extParam=ivf%3Dtrue%26keyword%3Dlaptop+lenovo%26search_id%3D2026082712245240008B9A5380FC3385EF%26src%3Dsearch,""Lenovo Yoga Pro 7i Aura Edition 14IAH10 (83KF0027ID) - Core Ultra 9 285H | 32GB | 1TB SSD | Intel Arc 140T | 14.5"""" 3K OLED 120Hz | AI PC | Win11 + Office Home & Student | Laptop premium untuk profesional, content creator, editing, desain, coding"",Lenovo,,CORE ULTRA 9 285H,,1024,,14,34678822,,new,Lenovo Store by Infonet,5.0,,False,,Jakarta Pusat,2026-08-27T12:25:02.764228,False,"
tokopedia,103275000806,https://www.tokopedia.com/agres-id-electronics/lenovo-v14-g4-ryzen-5-7520-16gb-512gb-w11-ohs-14-0fhd-ips-2y-laptop-garansi-resmi-1732676853888944024-1735179588715251608?extParam=ivf%3Dfalse%26keyword%3Dlaptop+lenovo%26search_id%3D2026082712245240008B9A5380FC3385EF%26src%3Dsearch,LENOVO V14 G4 RYZEN 5 7520 16GB 512GB W11+OHS 14.0FHD IPS 2Y LAPTOP GARANSI RESMI,Lenovo,,RYZEN 5 7520,16,,,,11114000,,new,Agres ID Electronics,5.0,,False,,Depok,2026-08-27T12:25:02.764307,False,
"tokopedia,15959238556,https://www.tokopedia.com/gateway/laptop-lenovo-v14-g5-i3-1315u-8gb-512gb-ssd-w11-14-fhd-1730698027787519413?extParam=ivf%3Dfalse%26keyword%3Dlaptop+lenovo%26search_id%3D2026082712245240008B9A5380FC3385EF%26src%3Dsearch,""[SALE] LENOVO V14 G5 CORE I3 1315 8GB 512GB SSD W11 14"""" FHD LAPTOP"",Lenovo,,I3 1315,8,512,,14,9260780,,new,Gateway Indonesia Comp,5.0,,False,,Jakarta Utara,2026-08-27T12:25:02.764384,False,"
"tokopedia,102981210293,https://www.tokopedia.com/lenovo-store-by-infonet/gajian-sale-lenovo-ideapad-slim-3i-14iru8-i3-1315u-8gb-256gb-ssd-14-fhd-win11-office-2024-82x6006cid-82x6006did-laptop-kerja-kuliah-pelajar-1734304979859638221?extParam=ivf%3Dtrue%26keyword%3Dlaptop+lenovo%26search_id%3D2026082712245240008B9A5380FC3385EF%26src%3Dsearch,""Lenovo IdeaPad Slim 3i 14IRU8 - Core i3-1315U | 8GB | 256GB SSD | 14"""" FHD | Win11 + Office 2024 + M365 | Grey/Blue | Laptop ringan untuk pelajar, kuliah, kerja kantoran, browsing, dan meeting online. Garansi 2 Tahun ADP + Premium Care"",Lenovo,,I3-1315U,,256,,14,9479000,,new,Lenovo Store by Infonet,5.0,,False,,Jakarta Pusat,2026-08-27T12:25:02.764501,False,"
tokopedia,102497814119,https://www.tokopedia.com/gaminglaptopid/laptop-lenovo-ideapad-slim-3-14-intel-i7-13620h-16gb-512gb-w11-ohs-m365b-14-0wuxga-ips-1733032952937350763?extParam=ivf%3Dfalse%26keyword%3Dlaptop+lenovo%26search_id%3D2026082712245240008B9A5380FC3385EF%26src%3Dsearch%26whid%3D13856,Laptop LENOVO IDEAPAD SLIM 3 14 Intel I7 13620H 16GB 512GB W11+OHS+M365B 14.0WUXGA IPS,Lenovo,,I7 13620H,16,,,14,17059000,,new,Gaming Laptop ID,5.0,,False,,Jakarta Utara,2026-08-27T12:25:02.764588,False,
"tokopedia,102685526873,https://www.tokopedia.com/laptopcreatorid/lenovo-loq-essential-i5-12450hx-rtx-3050-512gb-15-6-fhd-144hz-srgb-100-w11-ohs-laptop-gaming-dengan-nvidia-geforce-rtx-3050-6gb-gddr6-ray-tracing-1733576403613680658?extParam=ivf%3Dfalse%26keyword%3Dlaptop+lenovo%26search_id%3D2026082712245240008B9A5380FC3385EF%26src%3Dsearch,""Lenovo LOQ Essential I5 12450HX RTX 3050 512GB 15.6"""" FHD 144HZ sRGB 100% W11 OHS Laptop Gaming Dengan NVIDIA GeForce RTX 3050 6GB GDDR6 & Ray Tracing"",Lenovo,,I5 12450HX,,,RTX 3050,50,14969000,,new,LAPTOP SHOP ID,5.0,,False,,Jakarta Utara,2026-08-27T12:25:02.764676,False,"
tokopedia,103589609326,https://www.tokopedia.com/gateway/lenovo-ideapad-slim-3-14-ryzen-5-7530-8gb-512gb-ssd-w11-ohs-fhd-ips-1736551602963383733?extParam=ivf%3Dfalse%26keyword%3Dlaptop+lenovo%26search_id%3D2026082712245240008B9A5380FC3385EF%26src%3Dsearch,LENOVO LEGION 7 16 OLED RTX5080 INTEL CORE ULTRA 9 275HX 64GB 2TB W11 16-INCH QHD 240HZ LAPTOP GAMING,Lenovo,Legion 7,INTEL CORE ULTRA 9 275HX,64,,RTX5080,80,49989000,,new,Gateway Indonesia Comp,5.0,,False,,Jakarta Utara,2026-08-27T12:25:02.764755,False,
"tokopedia,102960809979,https://www.tokopedia.com/kingznotebook/laptop-lenovo-legion-5i-15irx10-i7-14700hx-24gb-512gb-ssd-rtx5060-8gb-w11-ohs-15-1-wqxga-oled-1734260441780815532?extParam=ivf%3Dfalse%26keyword%3Dlaptop+lenovo%26search_id%3D2026082712245240008B9A5380FC3385EF%26src%3Dsearch,""Laptop Lenovo Legion 5i 15IRX10 i7 14700HX 24GB 512GB SSD RTX5060 8GB W11+OHS 15.1"""" WQXGA OLED"",Lenovo,Legion 5I,I7 14700HX,24,512,RTX5060,15,30639000,,new,Kingz Notebook,5.0,,False,,Jakarta Pusat,2026-08-27T12:25:02.764835,False,"
tokopedia,103187679516,https://www.tokopedia.com/teknotrend/laptop-lenovo-ideapad-slim-5-5i-14irl8-core-i7-13620h-16gb-512gb-ssd-ips-1731262212153378754-1734952826665338818?extParam=ivf%3Dfalse%26keyword%3Dlaptop+lenovo%26search_id%3D2026082712245240008B9A5380FC3385EF%26src%3Dsearch,[Extra Promo] - Laptop LENOVO IdeaPad Slim 3 14IRU8 Core i3 1315U 8GB 256GB W11 OHS 2024 M365 Basic,Lenovo,,I3 1315U,8,,,14,9299500,,new,TeknoTrend ID,5.0,,False,,Jakarta Pusat,2026-08-27T12:25:02.764922,False,
tokopedia,102061624095,https://www.tokopedia.com/gamingdistributorid/laptop-lenovo-ideapad-slim-3-14-i7-13620h-16gb-512gb-w11-ohs-14-0-fhd-ips-1732149542814844526?extParam=ivf%3Dfalse%26keyword%3Dlaptop+lenovo%26search_id%3D2026082712245240008B9A5380FC3385EF%26src%3Dsearch,Laptop Lenovo Ideapad Slim 3 14 I7 13620H 16GB 1TB SSD W11+OHS+M365B 14.0WUXGA IPS,Lenovo,,I7 13620H,16,1024,,14,17059000,,new,GAMING DISTRIBUTOR ID,5.0,,False,,Jakarta Barat,2026-08-27T12:25:02.765003,False,
tokopedia,102430887785,https://www.tokopedia.com/gamingdistributorid/laptop-lenovo-loq-15-i5-13450hx-rtx3050-6gb-16gb-512gb-w11-ohs-15-6fhd-144hz-100srgb-4zrgb-1732893263963194990?extParam=ivf%3Dfalse%26keyword%3Dlaptop+lenovo%26src%3Dsearch,Laptop Lenovo Loq 15 I5 13450HX RTX3050 6GB/ 16GB 512GB W11+OHS 15.6FHD 144HZ 100SRGB 4ZRGB,Lenovo,Loq 15,I5 13450HX,16,,RTX3050,15,19779000,,new,GAMING DISTRIBUTOR ID,5.0,,False,,Jakarta Barat,2026-08-27T12:26:16.138041,False,
tokopedia,102638180529,https://www.tokopedia.com/royalltech/laptop-lenovo-ideapad-slim-3-14-intel-core-i5-13420h-16gb-512gb-w11-ohs-14-0wuxga-ips-blit-2y-prem-2adp-garansi-2-tahun-laptop-tahan-banting-laptop-kantor-laptop-coding-1733420517333108215?extParam=ivf%3Dfalse%26keyword%3Dlaptop+lenovo%26src%3Dsearch,LAPTOP LENOVO IDEAPAD SLIM 3 14 INTEL CORE I5 13420H 16GB 512GB W11+OHS 14.0WUXGA IPS BLIT 2Y PREM+2ADP Garansi 2 Tahun Laptop Tahan Banting Laptop Kantor Laptop Coding,Lenovo,,I5 13420H,16,,,14,10899000,,new,royalltech,5.0,,False,,Jakarta Utara,2026-08-27T12:26:16.138404,False,
tokopedia,102796435201,https://www.tokopedia.com/royalltech/lenovo-ideapad-5-2in1-16-touch-intel-ultra-7-255u-32gb-1tb-w11-office-16-0fhd-ips-laptop-touch-screen-flip-x360-1733880758936962551?extParam=ivf%3Dfalse%26keyword%3Dlaptop+lenovo%26src%3Dsearch,LENOVO IDEAPAD 5 2IN1 16 TOUCH INTEL ULTRA 7 255U 32GB 1TB W11 OFFICE 16.0FHD IPS - LAPTOP TOUCH SCREEN FLIP X360,Lenovo,X360,,32,,,,16809000,,new,royalltech,5.0,,False,,Jakarta Utara,2026-08-27T12:26:16.138758,False,
tokopedia,102933924191,https://www.tokopedia.com/royalltech/laptop-lenovo-ideapad-slim-3-14-amd-ryzen-5-7535hs-16gb-8gb-512gb-w11-ohs-m365b-14-0wuxga-ips-gry-2y-prem-2adp-1734199541551957495?extParam=ivf%3Dfalse%26keyword%3Dlaptop+lenovo%26src%3Dsearch,LAPTOP LENOVO IDEAPAD SLIM 3 14 AMD RYZEN 5 7535HS 16GB 8GB 512GB W11+OHS+M365B 14.0WUXGA IPS GRY 2Y PREM+2ADP,Lenovo,,RYZEN 5 7535HS,8,,,35,11049000,,new,royalltech,5.0,,False,,Jakarta Utara,2026-08-27T12:26:16.139186,False,
tokopedia,13435607364,https://www.tokopedia.com/calosastore/lenovo-legion-5-16irx9-i7-14650hx-ram-16gb-512gb-ssd-83dg000aid-16-dis-win-11-luna-grey-laptop-gaming-original-bergaransi-resmiv?extParam=ivf%3Dfalse%26keyword%3Dlaptop+lenovo%26src%3Dsearch,LENOVO LEGION 5 16IRX9 I7-14650HX RAM 16GB 512GB SSD (83DG000AID) 16'' DIS WIN 11 LUNA GREY LAPTOP GAMING ORIGINAL BERGARANSI RESMIV,Lenovo,Legion 5,I7-14650HX,16,512,,16,26999000,,new,Calosastore,5.0,,False,,Malang,2026-08-27T12:26:16.139460,False,
"tokopedia,103618726932,https://www.tokopedia.com/gateway/msi-thin-gf63-10sc-264-ips-i5-10500-8gb-512ssd-gtx1650-4gb-14-fhdips-1736664781613008309?extParam=ivf%3Dfalse%26keyword%3Dlaptop+lenovo%26src%3Dsearch,""LENOVO LEGION 5 15 OLED RYZEN AI 7 250 RTX5060 32GB 1TB W11+OHS+M365B 15.3"""" WQXGA 165HZ 24ZRGB LAPTOP GAMING"",Lenovo,Legion 5,RYZEN AI 7 250,32,,RTX5060,15.3,31439000,,new,Gateway Indonesia Comp,5.0,,False,,Jakarta Utara,2026-08-27T12:26:16.139595,False,"
"tokopedia,103432405829,https://www.tokopedia.com/alienwarestore/lenovo-ideapad-slim-5i-i7-1165g7-16gb-512ssd-mx450-2gb-w10-ohs-14-0fhd-1735840864270320984?extParam=ivf%3Dfalse%26keyword%3Dlaptop+lenovo%26src%3Dsearch,""LAPTOP LENOVO IDEAPAD 5 2IN1 14 TOUCH AMD RYZEN AI 5 430 16GB 512GB W11+OHS+M365B 14"""" WUXGA PEN"",Lenovo,Ideapad 5,RYZEN AI 5 430,16,,,14,30899000,,new,ALIENWARE GAMING STORE,5.0,,False,,Jakarta Utara,2026-08-27T12:26:16.139804,False,"
tokopedia,11669069104,https://www.tokopedia.com/think-id/tas-lenovo-15-6-inch-laptop-casual-toploader-t210-4x40t84061?extParam=ivf%3Dfalse%26keyword%3Dlaptop+lenovo%26src%3Dsearch,Tas Lenovo 15.6-inch Laptop Casual Toploader T210 4X40T84061,Lenovo,T210,,,,,,459000,,new,THINK-ID,5.0,,False,,Surabaya,2026-08-27T12:26:16.139980,True,price_far_below_market(<3000000)
tokopedia,103578283481,https://www.tokopedia.com/rogsstoreid/lenovo-slim-7-14-oled-touch-core-ultra-7-155-32gb-1tb-ssd-w11-14-0fhd-ips-1730820475288323404-1736505655035004236?extParam=ivf%3Dfalse%26keyword%3Dlaptop+lenovo%26src%3Dsearch,LENOVO IDEAPAD SLIM 3 15 TOUCH INTEL CORE I5 210H 16GB 1TB W11 15.3-INCH FHD LAPTOP,Lenovo,,,16,,,10,19999000,,new,ROGS STORE,5.0,,False,,Jakarta Utara,2026-08-27T12:26:16.140126,False,
tokopedia,103288532580,https://www.tokopedia.com/royalltech/laptop-lenovo-ideapad-slim-3-14-amd-ryzen-7-7735hs-16gb-512gb-w11-ohs-m365b-14-0wuxga-ips-2yprem-2adp-laptop-notebook-garansi-resmi-lenovo-1729976253219440119-1735214674494916087?extParam=ivf%3Dfalse%26keyword%3Dlaptop+lenovo%26src%3Dsearch,LAPTOP LENOVO IDEAPAD SLIM 3 14 AMD RYZEN 7 7735HS 16GB 512GB W11+OHS+M365B 14.0WUXGA IPS 2YPREM+2ADP - LAPTOP NOTEBOOK GARANSI RESMI LENOVO,Lenovo,,RYZEN 7 7735HS,16,,,35,16899000,,new,royalltech,5.0,,False,,Jakarta Utara,2026-08-27T12:26:16.140350,False,
"tokopedia,102974665049,https://www.tokopedia.com/kingznotebook/laptop-lenovo-loq-essential-15iax9e-i5-12450hx-16gb-512-ssd-rtx3050-6gb-w11-ohs-15-6-fhd-1734292171127097004?extParam=ivf%3Dfalse%26keyword%3Dlaptop+lenovo%26src%3Dsearch,""Laptop Lenovo LOQ Essential 15IAX9E i5-12450HX 16GB 512 SSD RTX3050 6GB W11+OHS 15.6"""" FHD"",Lenovo,,I5-12450HX,,,RTX3050,15,15969000,,new,Kingz Notebook,5.0,,False,,Jakarta Pusat,2026-08-27T12:26:16.140569,False,"
"tokopedia,103077176259,https://www.tokopedia.com/teknotrend/lenovo-loq-essential-15irx11-83sc003kid-core-i5-13450hx-16gb-ram-512gb-ssd-rtx-5050-8gb-15-6-fhd-gaming-laptop-win11-2y-premium-care-adp-cocok-untuk-mahasiswa-teknik-desain-content-creator-1734489548784502722?extParam=ivf%3Dfalse%26keyword%3Dlaptop+lenovo%26src%3Dsearch,""Lenovo LOQ Essential 15IRX11 83SC003KID Core i5-13450HX 16GB RAM 512GB SSD RTX 5050 8GB 15.6"""" FHD Gaming Laptop Win11 2Y Premium Care + ADP | Cocok untuk Mahasiswa Teknik, Desain & Content Creator"",Lenovo,,I5-13450HX,512,512,RTX 5050,15,23872500,,new,TeknoTrend ID,5.0,,False,,Jakarta Pusat,2026-08-27T12:26:16.140725,False,"
tokopedia,102370616037,https://www.tokopedia.com/distri-laptop/laptop-lenovo-ideapad-slim-3-intel-i3-1315u-ram-8gb-512gb-ssd-ohs-w11-1732746337007142413?extParam=ivf%3Dtrue%26keyword%3Dlaptop+lenovo%26src%3Dsearch,Laptop Lenovo Ideapad Slim 3 intel i3-1315U RAM 8GB 512GB SSD OHS W11 Best Price,Lenovo,,I3-1315U,8,512,,,8096874,,new,Distri Laptop,5.0,,False,,Jakarta Pusat,2026-08-27T12:26:16.140866,False,
"tokopedia,103401301660,https://www.tokopedia.com/teknotrend/pickup-kurir-toko-laptop-lenovo-ideapad-slim-3-14irh10-intel-core-i5-13420h-8gb-512gb-ssd-14-wuxga-ips-1735693485590153154-1735693485525731266?extParam=ivf%3Dfalse%26keyword%3Dlaptop+lenovo%26src%3Dsearch,""Pickup / Kurir Toko | Laptop Lenovo IdeaPad Slim 3 14IRH10 Intel Core i5-13420H 8GB 512GB SSD 14"""" WUXGA IPS"",Lenovo,,I5-13420H,8,512,,14,10621500,,new,TeknoTrend ID,5.0,,False,,Jakarta Pusat,2026-08-27T12:26:16.140984,False,"
tokopedia,103097557637,https://www.tokopedia.com/firstech-1/laptop-lenovo-v14-g4-ryzen-5-7520-16gb-512gb-w11-ohs-14-0-fhd-ips-1734613315511289177-1734613707548558681?extParam=ivf%3Dfalse%26keyword%3Dlaptop+lenovo%26src%3Dsearch,LAPTOP LENOVO V14 G4 RYZEN 5 7520 16GB 512GB W11+OHS 14.0 FHD IPS GRY,Lenovo,,RYZEN 5 7520,16,,,,11199000,,new,Firstech,5.0,,False,,Jakarta Pusat,2026-08-27T12:26:16.141090,False,
tokopedia,102076509240,https://www.tokopedia.com/lenovo-store-by-dgi/laptop-gaming-lenovo-legion-5-15iax10-83f00064id-core-ultra-7-255hx-32gb-512gb-5070-w11-ohs-m365-64id-1732179441323968126?extParam=ivf%3Dfalse%26keyword%3Dlaptop+lenovo%26src%3Dsearch,Laptop Gaming LENOVO LEGION 5 15IAX10 83F00064ID Core Ultra 7 255HX 32GB 512GB 5070 W11 OHS M365 64ID,Lenovo,Legion 5,CORE ULTRA 7 255HX,32,,,15,30460000,,new,Lenovo Store by DGI,5.0,,False,,Jakarta Pusat,2026-08-27T12:26:16.141204,False,
"tokopedia,102375851097,https://www.tokopedia.com/teknotrend/laptop-gaming-lenovo-loq-15irx10-core-i5-13450hx-rtx5050-16gb-512gb-15-6-fhd-1732763660474091458?extParam=ivf%3Dfalse%26keyword%3Dlaptop+lenovo%26src%3Dsearch,""Laptop Gaming Lenovo LOQ 15IRX9 Core i7-13650HX 16GB 512GB SSD RTX4050 6GB W11 + M365 + OH2024 15.6"""" FHD IPS 300nits Anti-glare 100% sRGB 144Hz"",Lenovo,OH2024,I7-13650HX,16,512,RTX4050,15,22129500,,new,TeknoTrend ID,5.0,,False,,Jakarta Pusat,2026-08-27T12:26:16.141318,False,"
"tokopedia,102895243388,https://www.tokopedia.com/lenovo-store-by-dgi/kombo-hemat-laptop-lenovo-ideapad-slim-3-14irh10-intel-core-i5-13420h-8gb-512gb-ssd-14-wuxga-ips-1734106731309074046?extParam=ivf%3Dfalse%26keyword%3Dlaptop+lenovo%26src%3Dsearch,""(PROMO EXCLUSIVE CREATOR) - Price Laptop Lenovo IdeaPad Slim 3 14IRH10 Intel Core i5-13420H 8GB 512GB SSD 14"""" WUXGA IPS"",Lenovo,,I5-13420H,8,512,,14,11214000,,new,Lenovo Store by DGI,5.0,,False,,Jakarta Pusat,2026-08-27T12:26:16.141432,False,"
"tokopedia,103187953047,https://www.tokopedia.com/onestopgaming/laptop-lenovo-ideapad-slim-1-celeron-n4020-ram-8gb-256gb-512gb-ssd-w11-1734953803992761602?extParam=ivf%3Dfalse%26keyword%3Dlaptop+lenovo%26src%3Dsearch,""[ RESMI ] Laptop Lenovo Ideapad Slim 3i intel Core i3-1315U RAM 8GB 512GB SSD 14"""" FHD Windows 11 + OHS Blue Grey"",Lenovo,,I3-1315U,8,512,,14,9307000,,new,Onestop Gaming,5.0,,False,,Jakarta Pusat,2026-08-27T12:26:16.141544,False,"
tokopedia,102398853326,https://www.tokopedia.com/onestopgaming/bonus-pembelian-laptop-lenovo-yogabook-1732816139037476098?extParam=ivf%3Dfalse%26keyword%3Dlaptop+lenovo%26src%3Dsearch,Bonus Pembelian Laptop Lenovo YogaBook,Lenovo,,,,,,,99500,,new,Onestop Gaming,5.0,,False,,Jakarta Pusat,2026-08-27T12:26:16.141629,True,price_far_below_market(<3000000)
"tokopedia,103187764531,https://www.tokopedia.com/onestopgaming/laptop-lenovo-ideapad-slim-3-amd-ryzen-3-7320u-ram-8gb-512gb-ssd-14-fhd-win11-1731305029670831362-1734953025363674370?extParam=ivf%3Dtrue%26keyword%3Dlaptop+lenovo%26src%3Dsearch,""[ RESMI ] Laptop Lenovo Ideapad Slim 3i intel Core i3 1315U RAM 8GB 512GB SSD 14"""" FHD Windows 11 + OHS Grey Blue"",Lenovo,,I3 1315U,8,512,,14,9307000,,new,Onestop Gaming,5.0,,False,,Jakarta Pusat,2026-08-27T12:26:16.141869,False,"
tokopedia,102398996010,https://www.tokopedia.com/onestopgaming/bonus-pembelian-laptop-lenovo-ideapad-3-1732816505970132226?extParam=ivf%3Dfalse%26keyword%3Dlaptop+lenovo%26src%3Dsearch,Bonus Pembelian Laptop Lenovo IdeaPad 3,Lenovo,Ideapad 3,,,,,,99500,,new,Onestop Gaming,5.0,,False,,Jakarta Pusat,2026-08-27T12:26:16.142018,True,price_far_below_market(<3000000)
"tokopedia,12970872957,https://www.tokopedia.com/kingznotebook/laptop-lenovo-ideapad-slim-3-i7-13620h-16gb-512gb-w11-ohs-14-fhd-non-bundling-abyss-blue-bec99?extParam=ivf%3Dfalse%26keyword%3Dlaptop+lenovo%26src%3Dsearch,""Laptop Lenovo IdeaPad Slim 3 i7 13620H 16GB 512GB W11+OHS 14"""" FHD"",Lenovo,,I7 13620H,16,,,20,17059000,,new,Kingz Notebook,5.0,,False,,Jakarta Pusat,2026-08-27T12:26:16.142265,False,"
tokopedia,102186208377,https://www.tokopedia.com/bestcomp46/laptop-lenovo-legion-pro-5i-oled-ultra-7-255hx-rtx5060-8gb-16gb-1tb-1732362988417418545?extParam=ivf%3Dfalse%26keyword%3Dlaptop+lenovo%26src%3Dsearch,LAPTOP LENOVO LEGION PRO 5I OLED ULTRA 7 255HX RTX5060 8GB/ 16GB 1TB,Lenovo,,,16,,RTX5060,55,31549000,,new,BestComp46,5.0,,False,,Jakarta Selatan,2026-08-27T12:26:16.142475,False,
"tokopedia,100766444707,https://www.tokopedia.com/kingznotebook/laptop-lenovo-ideapad-slim-3-14irh10-i5-13420h-20gb-512gb-ssd-w11-ohs-14-wuxga-1731936225739179692?extParam=ivf%3Dfalse%26keyword%3Dlaptop+lenovo%26src%3Dsearch,""Laptop Lenovo IdeaPad Slim 3 14IRH10 i5 13420H 20GB 512GB SSD W11+OHS 14"""" WUXGA"",Lenovo,,I5 13420H,,512,,14,11099000,,new,Kingz Notebook,5.0,,False,,Jakarta Pusat,2026-08-27T12:26:16.142576,False,"
tokopedia,103574631054,https://www.tokopedia.com/rogsstoreid/msi-thin-15-rtx2050-core-i7-13620h-16gb-512gb-ssd-15-6-fhd-144hz-1736482133603550540?extParam=ivf%3Dfalse%26keyword%3Dlaptop+lenovo%26src%3Dsearch,LENOVO THINKPAD X1 CARBON G12 INTEL CORE ULTRA 7 165H RAM 32GB SSD 2TB W11 14-INCH FHD LAPTOP BISNIS,Lenovo,Thinkpad X1,INTEL CORE ULTRA 7 165H,32,2048,,12,52198950,,new,ROGS STORE,5.0,,False,,Jakarta Utara,2026-08-27T12:26:16.142695,False,
"tokopedia,15745700267,https://www.tokopedia.com/decacom/laptop-lenovo-ideapad-slim-3-ryzen-7-7730u-16gb-512gb-14-fhd-ips-w11-ohs-non-bundle-new-2166b?extParam=ivf%3Dfalse%26keyword%3Dlaptop+lenovo%26src%3Dsearch,""Laptop LENOVO IdeaPad Slim 3 Ryzen 7-7730U 16GB 512GB 14"""" FHD IPS W11 OHS"",Lenovo,,,16,,,14,15999000,,new,Deca Computer,5.0,,False,,Jakarta Utara,2026-08-27T12:26:16.142903,False,"
tokopedia,103400972259,https://www.tokopedia.com/infonetmanggadua/lenovo-v14-g4-amn-athlon-silver-7120u-8gb-256gb-ssd-14-fhd-tn-windows-ohs-arctic-grey-1731239415996515864-1735692659626640920?extParam=ivf%3Dtrue%26keyword%3Dlaptop+lenovo%26src%3Dsearch,LENOVO IdeaPad Slim 3 14IRU8 Core i3-1315U 8GB 256GB SSD 14” FHD Win11 Office 2024 + M365 Abyss Blue Laptop Kerja Kuliah [82X6006CID],Lenovo,,I3-1315U,8,256,,14,9478821,,new,Infonet Mangga Dua,5.0,,False,,Jakarta Pusat,2026-08-27T12:26:16.143046,False,
"tokopedia,100505786928,https://www.tokopedia.com/thinkpadofficial/lenovo-v14-g5-iru-core-i3-1315u-8gb-256gb-ssd-windows-11-14-fhd-2yr-grey-laptop-murah-1731462179395831178?extParam=ivf%3Dfalse%26keyword%3Dlaptop+lenovo%26src%3Dsearch,""Lenovo V14 G5 IRU Core i3 1315U 8GB 256GB SSD Windows 11 14"""" FHD 2YR Grey Laptop murah"",Lenovo,,I3 1315U,8,256,,14,9089000,,new,Thinkpad Official Store,5.0,,False,,Jakarta Utara,2026-08-27T12:26:16.143151,False,"
"tokopedia,103046497727,https://www.tokopedia.com/lenovo-store-by-infonet/gajian-sale-lenovo-ideapad-slim-3-14arp10-r5-7535hs-16gb-512gb-ssd-14-wuxga-ips-win11-oh2024-m365-luna-grey-cosmic-blue-laptop-kantoran-mahasiswa-programmer-user-produktivitas-tinggi-1734412593878632397?extParam=ivf%3Dtrue%26keyword%3Dlaptop+lenovo%26src%3Dsearch,""Lenovo IdeaPad Slim 3i 14IRH10 - Core i5-13420H | 8GB | 512GB SSD | 14” WUXGA IPS | Win11 + Office 2024 + M365 | Cosmic Blue / Luna Grey | Laptop kerja, kuliah, multitasking & produktivitas harian | 2Y ADP + Premium Care"",Lenovo,,I5-13420H,,512,,14,11478822,,new,Lenovo Store by Infonet,5.0,,False,,Jakarta Pusat,2026-08-27T12:26:16.143420,False,"
"tokopedia,102750621893,https://www.tokopedia.com/lenovo-store-by-infonet/lenovo-yoga-slim-7i-aura-edition-14ill10-oled-ultra-7-258v-32gb-1tb-ssd-14-wuxga-oled-w11h-oh24-m365-seashell-83jx00avid-ai-pc-category-copilot-pc-npu-integrated-intel-ai-boost-up-to-47-tops-1733758955330045901?extParam=ivf%3Dtrue%26keyword%3Dlaptop+lenovo%26src%3Dsearch,""Lenovo Yoga Slim 7i Aura Edition 14ILL10 - Core Ultra 7 258V | 32GB | 1TB SSD | Intel Arc 140V | 14"""" WUXGA OLED | Copilot+ PC 47 TOPS | 1.19kg | Win11 + Office 2024 + M365 | Laptop AI premium untuk profesional, kreator, dan mobilitas tinggi"",Lenovo,,CORE ULTRA 7 258V,,1024,,14,24478822,,new,Lenovo Store by Infonet,5.0,,False,,Jakarta Pusat,2026-08-27T12:26:16.143764,False,"
"tokopedia,103333465630,https://www.tokopedia.com/royalltech/packing-bubble-pengiriman-laptop-102-1734643134785029623-1735398300978873847?extParam=ivf%3Dfalse%26keyword%3Dlaptop+lenovo%26src%3Dsearch,""LAPTOP LENOVO THINKPAD X1 CARBON G12 INTEL ULTRA 7 155U RAM 32GB SSD 1TB WINDOWS 11 PRO 14"""" FHD IPS"",Lenovo,Thinkpad X1,,32,1024,,12,29829000,,new,royalltech,5.0,,False,,Jakarta Utara,2026-08-27T12:26:16.143889,False,"
tokopedia,102913533813,https://www.tokopedia.com/agresidjaktim/laptop-lenovo-loq-15-intel-i5-gen-13-rtx-3050-6gb-24gb-512gb-win-11-plus-office-15-6-inch-full-hd-1734144076034836256?extParam=ivf%3Dfalse%26keyword%3Dlaptop+lenovo%26src%3Dsearch,Laptop LENOVO Loq 15 Intel I5 Gen 13 RTX 3050 6Gb 24Gb 512Gb Win 11 Plus Office 15.6 Inch Full HD,Lenovo,Loq 15,,24,,RTX 3050,15.6,19774000,,new,AGRES ID Jakarta Timur,5.0,,False,,Jakarta Timur,2026-08-27T12:26:16.144056,False,
tokopedia,102399001727,https://www.tokopedia.com/onestopgaming/bonus-pembelian-laptop-lenovo-ideapad-5-1732816605765141762?extParam=ivf%3Dfalse%26keyword%3Dlaptop+lenovo%26src%3Dsearch,Bonus Pembelian Laptop Lenovo IdeaPad 5,Lenovo,Ideapad 5,,,,,,99500,,new,Onestop Gaming,5.0,,False,,Jakarta Pusat,2026-08-27T12:26:16.144159,True,price_far_below_market(<3000000)
"tokopedia,102791093265,https://www.tokopedia.com/onestopgaming/laptop-lenovo-ideapad-slim-3-intel-core-i3-1315u-ram-8gb-512gb-256gb-ssd-14-fhd-windows-11-ohs-2024-1733865505515013378?extParam=ivf%3Dtrue%26keyword%3Dlaptop+lenovo%26src%3Dsearch,""[ RESMI ] Laptop Lenovo Ideapad Slim 3 intel Core i3-1315U RAM 8GB 512GB 256GB SSD 14"""" FHD Windows 11 + OHS 2024"",Lenovo,,I3-1315U,8,256,,14,8799000,,new,Onestop Gaming,5.0,,False,,Jakarta Pusat,2026-08-27T12:26:16.144280,False,"
"tokopedia,103616068064,https://www.tokopedia.com/gaminglaptopid/laptop-lenovo-v14-g4-ryzen-3-7320-8gb-256gb-ssd-14-fhd-w11-1730104135191332459-1736654647102441067?extParam=ivf%3Dfalse%26keyword%3Dlaptop+lenovo%26src%3Dsearch,""[KURIR TOKO] LENOVO V14 G4 RYZEN 3 7320 8GB 512GB W11 14"""" FHD LAPTOP"",Lenovo,,RYZEN 3 7320,8,,,14,8691620,,new,Gaming Laptop ID,5.0,,False,,Jakarta Utara,2026-08-27T12:26:16.144382,False,"
"tokopedia,102403785410,https://www.tokopedia.com/kingznotebook/laptop-lenovo-v14-g4-amd-ryzen-5-7520u-16gb-512gb-ssd-w11-ohs-14-fhd-ips-1732832747768022700?extParam=ivf%3Dfalse%26keyword%3Dlaptop+lenovo%26src%3Dsearch,""Laptop Lenovo V14 G4 AMD Ryzen 5 7520U 16GB 512GB SSD W11+OHS 14""""FHD IPS"",Lenovo,,RYZEN 5 7520U,16,512,,14,11199000,,new,Kingz Notebook,5.0,,False,,Jakarta Pusat,2026-08-27T12:26:16.144486,False,"
tokopedia,100602593992,https://www.tokopedia.com/herlinacom/laptop-lenovo-ideapad-slim-3-14-ryzen-3-7320u-ram-8gb-512gb-win-11-office-ohs-14-0-full-hd-1731671525501011342?extParam=ivf%3Dtrue%26keyword%3Dlaptop+lenovo%26src%3Dsearch,Laptop Lenovo IdeaPad Slim 3 14 Ryzen 3 7320U Ram 8Gb 512Gb Win 11 + Office Ohs 14.0 Full HD,Lenovo,,RYZEN 3 7320U,8,,,,10039000,,new,Herlinacom,5.0,,False,,Depok,2026-08-27T12:26:16.144613,False,
tokopedia,103104523342,https://www.tokopedia.com/gasolsurabaya/lenovo-loq-15arp10e-1bid-geforce-rtx-4050-ryzen-7-7735hs-512gb-ssd-16gb-ram-notebook-laptop-gaming-1734669867833788411?extParam=ivf%3Dfalse%26keyword%3Dlaptop+lenovo%26src%3Dsearch,LENOVO LOQ 15ARP10E-1BID - GeForce RTX 4050 Ryzen 7 7735HS 512GB SSD 16GB RAM Notebook Laptop Gaming,Lenovo,Loq 15Arp10E-1Bid,RYZEN 7 7735HS,16,16,RTX 4050,35,20299000,,new,Gasol Maspion Square Surabaya,5.0,,False,,Surabaya,2026-08-27T12:26:16.144726,False,
tokopedia,102609742038,https://www.tokopedia.com/herlinacom/laptop-lenovo-loq-15-intel-core-i5-13450hx-rtx-3050-6gb-ram-24gb-512gb-ssd-win-11-office-ohs-ori-15-6-full-hd-144hz-100-srgb-1733347828481361294?extParam=ivf%3Dtrue%26keyword%3Dlaptop+lenovo%26src%3Dsearch,Laptop Lenovo LOQ 15 Intel Core i5 13450HX Rtx3050 6Gb / Ram 24Gb 512Gb Ssd Win 11 + Office OHS Ori 15.6 Full HD 144HZ 100% SRGB,Lenovo,Loq 15,I5 13450HX,24,512,RTX3050,15,19789000,,new,Herlinacom,5.0,,False,,Depok,2026-08-27T12:26:16.144833,False,
tokopedia,12292010960,https://www.tokopedia.com/zxcomputer/laptop-lenovo-v14-g4-amd-ryzen-3-7320u-8gb-256gb-ssd-14-full-hd-windows-11-1731241479547618748?extParam=ivf%3Dfalse%26keyword%3Dlaptop+lenovo%26src%3Dsearch,Laptop Lenovo V14-G4 Amd Ryzen 3-7320u 8GB/256GB SSD 14'' Full HD Windows 11,Lenovo,,,,256,,14,9299000,,new,ZX COMPUTER,5.0,,False,,Jakarta Pusat,2026-08-27T12:26:16.144934,False,
"tokopedia,102850031658,https://www.tokopedia.com/herlinacom/laptop-lenovo-yoga-slim-7-aura-edition-14-ultra-7-258v-32gb-1tb-win11-ohs-14-0-wuxga-1734005324785812878?extParam=ivf%3Dtrue%26keyword%3Dlaptop+lenovo%26src%3Dsearch,""Laptop Lenovo Yoga Slim 7 Aura Edition 14 Ultra 7 258V Ram 32Gb Ssd 1Tb Win 11+OHS 14.0"""" WUXGA OLED"",Lenovo,,,32,1024,,14,25569000,,new,Herlinacom,5.0,,False,,Depok,2026-08-27T12:26:16.145049,False,"
"tokopedia,103322310262,https://www.tokopedia.com/herlinacom/laptop-lenovo-loq-15-ryzen-7-170-rtx3050-6gb-16gb-512gb-win11-ohs-15-6-fhd-ips-144hz-1735365041463461262-1735365251818489230?extParam=ivf%3Dtrue%26keyword%3Dlaptop+lenovo%26src%3Dsearch,""Laptop Lenovo LOQ 15 Ryzen 7 170 RTX3050 6Gb/ 16Gb 512Gb Win11+Ohs 15.6"""" Fhd IPS 144Hz"",Lenovo,Loq 15,RYZEN 7 170,16,,RTX3050,15.6,16289000,,new,Herlinacom,5.0,,False,,Depok,2026-08-27T12:26:16.145162,False,"
"tokopedia,103631130468,https://www.tokopedia.com/gateway/msi-thin-gf63-12uc-rtx3050-i7-12650h-16gb-512gb-ssd-4gb-fhd-ips-144hz-1736704675072148917?extParam=ivf%3Dfalse%26keyword%3Dlaptop+lenovo%26src%3Dsearch,""LENOVO THINKPAD X1 CARBON G13 AURA EDITION OLED CORE ULTRA 7 258V 32GB 1TB W11PRO 14"""" 2.8K LAPTOP BISNIS"",Lenovo,Thinkpad X1,CORE ULTRA 7 258V,32,,,14,38329000,,new,Gateway Indonesia Comp,5.0,,False,,Jakarta Utara,2026-08-27T12:26:16.145276,False,"
tokopedia,102012637532,https://www.tokopedia.com/agres-id-electronics/lenovo-legion-5i-oled-i7-14700hx-rtx5050-8gb-24gb-512gb-w11-ohs-m365b-15-1-wqxga-165hz-24zrgb-3y-3adp-laptop-gaming-desain-garansi-resmi-1732074352992290712?extParam=ivf%3Dfalse%26keyword%3Dlaptop+lenovo%26src%3Dsearch,LENOVO LEGION 5I OLED I7 14700HX RTX5050 8GB/ 24GB 512GB W11+OHS+M365B 15.1 WQXGA 165HZ 24ZRGB 3Y+3ADP LAPTOP GAMING DESAIN GARANSI RESMI,Lenovo,Legion 5I,I7 14700HX,24,,RTX5050,0,29544000,,new,Agres ID Electronics,5.0,,False,,Depok,2026-08-27T12:26:16.145395,False,
"tokopedia,102978992401,https://www.tokopedia.com/spacetech/laptop-lenovo-v14-g5-i3-1315u-8gb-512gb-ssd-14-fhd-ips-win11-ohs-1734300621491766905?extParam=ivf%3Dfalse%26keyword%3Dlaptop+lenovo%26src%3Dsearch,""Laptop Lenovo V14 G5 i3-1315U 8GB 512GB SSD 14""""FHD IPS Win11 OHS"",Lenovo,,I3-1315U,8,512,,14,10799000,,new,Space Tech Store,5.0,,False,,Jakarta Barat,2026-08-27T12:26:16.145503,False,"
"tokopedia,100279065523,https://www.tokopedia.com/laptopcreatorid/lenovo-thinkpad-x1-carbon-g13-aura-edition-oled-ultra-7-258v-ram-32gb-ssd-1tb-w11pro-14-0-2-8k-400nits-100srgb-120hz-1731278961883317266?extParam=ivf%3Dfalse%26keyword%3Dlaptop+lenovo%26src%3Dsearch,""LAPTOP LENOVO YOGA BOOK 9 INTEL ULTRA 7 255H RAM 32GB SSD 1TB W11 + OFFICE 14"""" 2.8K WQXGA+ OLED 120HZ"",Lenovo,,,32,1024,,55,28519000,,new,LAPTOP SHOP ID,5.0,,False,,Jakarta Utara,2026-08-27T12:26:16.145699,False,"
"tokopedia,15783305209,https://www.tokopedia.com/kingznotebook/laptop-lenovo-ideapad-5-2in1-core-7-150u-16gb-512gb-w11-ohs-14-wuxga-non-bundling-grey-layar-oled-3f5a6?extParam=ivf%3Dfalse%26keyword%3Dlaptop+lenovo%26src%3Dsearch,""Laptop Lenovo IdeaPad 5 2in1 Core 7 150U 16GB 512GB W11+OHS 14""""WUXGA"",Lenovo,Ideapad 5,CORE 7 150U,16,,,14,19689000,,new,Kingz Notebook,5.0,,False,,Jakarta Pusat,2026-08-27T12:26:16.145860,False,"
tokopedia,102311928145,https://www.tokopedia.com/agresidjaktim/laptop-lenovo-ideapad-slim-3-core-i3-gen-13-8gb-512gb-win-11-office-14-inch-1732616445421586208?extParam=ivf%3Dfalse%26keyword%3Dlaptop+lenovo%26src%3Dsearch,LAPTOP LENOVO IDEAPAD SLIM 3 CORE I3 GEN 13 8GB 512GB WIN 11 OFFICE 14 INCH,Lenovo,,,8,,,14,9729000,,new,AGRES ID Jakarta Timur,5.0,,False,,Jakarta Timur,2026-08-27T12:26:16.145966,False,
"tokopedia,100462843589,https://www.tokopedia.com/gameridsurabaya/laptop-lenovo-ideapad-slim-3-14-intel-core-i5-13420h-ram-8-gb-ssd-512-gb-windows-11-office-home-student-14-wuxga-ips-1731429263468693459?extParam=ivf%3Dfalse%26keyword%3Dlaptop+lenovo%26src%3Dsearch,""Laptop Lenovo Ideapad Slim 3 14 Intel Core i5 13420H RAM 8 GB SSD 512 GB Windows 11 + Office Home Student 14"""" WUXGA IPS"",Lenovo,,I5 13420H,8,512,,14,11099000,,new,Gamer ID Surabaya,5.0,,False,,Surabaya,2026-08-27T12:26:16.146078,False,"
tokopedia,103092473671,https://www.tokopedia.com/royalltech/laptop-lenovo-v14-g4-amd-ryzen-3-7320-athlon-7120-16gb-512gb-w11-ohs-14-fhd-1729891114212361719-1734581903153661431?extParam=ivf%3Dfalse%26keyword%3Dlaptop+lenovo%26src%3Dsearch,LAPTOP LENOVO V14 G4 AMD RYZEN 3 7320 RAM 8GB 512GB SSD WINDOWS 11 - OFFICE 14.0 FHD,Lenovo,,RYZEN 3 7320,8,512,,,8769000,,new,royalltech,5.0,,False,,Jakarta Utara,2026-08-27T12:26:16.146187,False,
"tokopedia,102239569619,https://www.tokopedia.com/enterkomputer/lenovo-loq-15irx9-asid-laptop-core-i5-13450hx-ram-16gb-ssd-512gb-rtx-3050-6gb-15-6-fhd-144hz-1732479593581151824?extParam=ivf%3Dfalse%26keyword%3Dlaptop+lenovo%26src%3Dsearch,""Lenovo LOQ 15IRX9-ASID - Laptop Core i5-13450HX RAM 16GB SSD 512GB RTX 3050 6GB 15.6"""" FHD 144Hz"",Lenovo,Loq 15Irx9-Asid,I5-13450HX,16,512,RTX 3050,15,20133000,,new,Enter Komputer Official,5.0,,False,,Jakarta Pusat,2026-08-27T12:26:16.146337,False,"
tokopedia,100552016240,https://www.tokopedia.com/gasolsurabaya/lenovo-yoga-pro-7-14iah10-27id-intel-core-ultra-9-285h-1tb-ssd-32gb-ram-arc-graphics-140t-grey-notebook-laptop-1731553299447842811?extParam=ivf%3Dfalse%26keyword%3Dlaptop+lenovo%26src%3Dsearch,Lenovo Yoga Pro 7 14IAH10-27ID - Intel Core Ultra 9 285H 1TB SSD 32GB RAM Arc Graphics 140T - Grey Notebook Laptop,Lenovo,,INTEL CORE ULTRA 9 285H,32,1024,,14,34699000,,new,Gasol Maspion Square Surabaya,5.0,,False,,Surabaya,2026-08-27T12:26:16.146626,False,
tokopedia,103534778858,https://www.tokopedia.com/isku-tools-official-store/isku-obeng-presisi-magnetik-set-37-42-in-1-kotak-geser-pop-up-baja-crv-alat-servis-hp-laptop-kacamata-desain-ramping-premium-reparasi-elektronik-profesional-tahan-lama-1736297754725549378-1736298179907585346?extParam=ivf%3Dfalse%26keyword%3Dlaptop+hp%26search_id%3D20260827122738C203D8A151612A2D5I1Y%26src%3Dsearch,ISKU Obeng Presisi Magnetik Set 37 42 in 1 Kotak Geser Pop Up Baja CRV Alat Servis HP Laptop Kacamata Desain Ramping Premium Reparasi Elektronik Profesional Tahan Lama,Hp,,,,,,42,159000,,new,ISKU Tools Official Store,5.0,,False,,Jakarta Utara,2026-08-27T12:27:47.680606,True,price_far_below_market(<3000000)
tokopedia,102088000381,https://www.tokopedia.com/colta/colta-lance-3in1-laptop-stand-holder-magnetic-magsafe-iphone-hp-phone-bracket-dudukan-aluminium-1732191942713574899?extParam=ivf%3Dtrue%26keyword%3Dlaptop+hp%26search_id%3D20260827122738C203D8A151612A2D5I1Y%26src%3Dsearch,Colta Lance 3in1 Laptop Stand Holder / Magnetic Magsafe iPhone HP Phone / Bracket / Dudukan Aluminium,Hp,,,,,,,199000,,new,Colta,5.0,,False,,Surabaya,2026-08-27T12:27:47.681038,True,price_far_below_market(<3000000)
tokopedia,103751300270,https://www.tokopedia.com/neso-premium-store/greenly-german-set-obeng-25-32-117-in-1magnetic-bits-reparasi-lengkap-precision-screwdriver-set-presisi-alat-mini-reparasi-service-hp-laptop-komputer-pc-serbaguna-1737063256447748075-1737063351735191531?extParam=ivf%3Dtrue%26keyword%3Dlaptop+hp%26search_id%3D20260827122738C203D8A151612A2D5I1Y%26src%3Dsearch,Greenly German Set Obeng 25/32/117 in 1Magnetic Bits Reparasi Lengkap Precision Screwdriver Set presisi Alat Mini Reparasi Service Hp Laptop Komputer PC Serbaguna,Hp,,,,,,17,26983,,new,NESO Premium Store,5.0,,False,,Jakarta Barat,2026-08-27T12:27:47.681359,True,price_far_below_market(<3000000)
tokopedia,103515363533,https://www.tokopedia.com/metaverse-world-tools/jakemy-coil-diy-kit-tool-12-in-1-jm-p16-obeng-set-presisi-service-hp-laptop-komputer-elektronik-1736196612949182416?extParam=ivf%3Dfalse%26keyword%3Dlaptop+hp%26search_id%3D20260827122738C203D8A151612A2D5I1Y%26src%3Dsearch,Jakemy DIY Kit Tool 12 in 1 - JM-P16 Obeng Set Presisi Service HP Laptop Komputer Elektronik,Hp,,,,,,12,266900,,new,Metaverse World Tools,5.0,,False,,Kab. Tangerang,2026-08-27T12:27:47.683028,True,price_far_below_market(<3000000)
tokopedia,103515432024,https://www.tokopedia.com/metaverse-world-tools/jakemy-jm-t11-3-in-1-professional-anti-static-pinset-tweezers-kit-repair-tool-pinset-anti-statis-presisi-untuk-service-hp-laptop-pcb-elektronik-1736196934622087120?extParam=ivf%3Dfalse%26keyword%3Dlaptop+hp%26search_id%3D20260827122738C203D8A151612A2D5I1Y%26src%3Dsearch,Jakemy JM-T11 3 in 1 Professional Anti-static Pinset Tweezers Kit Repair Tool Pinset Anti Statis Presisi Untuk Service HP Laptop PCB Elektronik,Hp,,,,,,,25000,,new,Metaverse World Tools,5.0,,False,,Kab. Tangerang,2026-08-27T12:27:47.683851,True,price_far_below_market(<3000000)
tokopedia,102556982896,https://www.tokopedia.com/elite-indo/eliteindo-gadget-repair-tools-kit-set-obeng-presisi-43-in-1-baja-s2-magnetic-set-alat-servis-hp-laptop-elektronik-hys-02-1733208878229194179?extParam=ivf%3Dfalse%26keyword%3Dlaptop+hp%26search_id%3D20260827122738C203D8A151612A2D5I1Y%26src%3Dsearch%26whid%3D18390727,ELITEINDO Gadget Repair Tools Kit Set Obeng Presisi 43 in 1 Baja S2 Magnetic Set Alat Servis HP Laptop Elektronik HYS-02,Hp,,,,,,43,50500,,new,Elite Indo,5.0,,False,,Kab. Sidoarjo,2026-08-27T12:27:47.684228,True,price_far_below_market(<3000000)
tokopedia,103289306125,https://www.tokopedia.com/isku-tools-official-store/isku-alat-servis-hp-laptop-obeng-set-152-in-1-precision-screwdriver-kotak-tool-kit-baja-s2-magnetik-pembuka-casing-kacamata-elektronik-komplit-1735216629905589570-1735217762274673986?extParam=ivf%3Dfalse%26keyword%3Dlaptop+hp%26search_id%3D20260827122738C203D8A151612A2D5I1Y%26src%3Dsearch,SKU Obeng Set 152 In 1 S2 Premium Baja HRC 60 Magnet Kuat Presisi Alat Servis HP Laptop Kacamata Jam Tangan PC Koper Lengkap Pinset Pencabut Fleksibel Obeng Bintang Plus Minus Torx Hex Anti Dol Toolkit Teknisi Elektronik,Hp,,,,,,52,339900,,new,ISKU Tools Official Store,5.0,,False,,Jakarta Utara,2026-08-27T12:27:47.685501,True,price_far_below_market(<3000000)
"tokopedia,102457713237,https://www.tokopedia.com/heovoseindonesia/microphone-clip-on-universal-mic-eksternal-suara-jernih-untuk-hp-laptop-kamera-dslr-1732948718836156062?extParam=ivf%3Dfalse%26keyword%3Dlaptop+hp%26search_id%3D20260827122738C203D8A151612A2D5I1Y%26src%3Dsearch,""Microphone Clip On Universal - Mic Eksternal Suara Jernih untuk HP, Laptop, Kamera DSLR"",Hp,,,,,,,79000,,new,eFound indonesia,5.0,,False,,Kab. Tangerang,2026-08-27T12:27:47.686181,True,price_far_below_market(<3000000)"
tokopedia,5562458363,https://www.tokopedia.com/fjcom/baterai-batre-laptop-hp-tpn-c125-c126-119-120-hp-hs04?extParam=ivf%3Dfalse%26keyword%3Dlaptop+hp%26search_id%3D20260827122738C203D8A151612A2D5I1Y%26src%3Dsearch,baterai batre Laptop HP TPN C125 C126 |119 |120 | HP HS04,Hp,C125,,,,,25,459000,,new,FJ COM,5.0,,False,,Jakarta Pusat,2026-08-27T12:27:47.687152,True,price_far_below_market(<3000000)
tokopedia,100600158990,https://www.tokopedia.com/choetech-indonesia-store/choetech-kabel-usb-c-to-usb-c-pd3-1-240w-fast-charging-48v-5a-kabel-data-laptop-hp-panjang-1-2m-xcc-1035-1731664887672898750?extParam=ivf%3Dfalse%26keyword%3Dlaptop+hp%26search_id%3D20260827122738C203D8A151612A2D5I1Y%26src%3Dsearch,Choetech Kabel USB-C to USB-C PD3.1 240W | Fast Charging 48V/5A | Kabel Data Laptop HP | Panjang 1.2M| XCC-1035,Hp,,,,,,,56000,,new,Choetech Indonesia Store,5.0,,False,,Tangerang,2026-08-27T12:27:47.687337,True,price_far_below_market(<3000000)
tokopedia,15726666411,https://www.tokopedia.com/cutaofficial/cuta-obeng-set-132in1-obeng-magnetic-hp-laptop-macbook-komputer-alat-service-reparasi-obeng-kecil-132in1-2a93c?extParam=ivf%3Dtrue%26keyword%3Dlaptop+hp%26search_id%3D20260827122738C203D8A151612A2D5I1Y%26src%3Dsearch,CUTA Obeng Set 132 In 1 Obeng Magnetic Hp Laptop Macbook Komputer Alat Service Reparasi Obeng Kecil,Hp,,,,,,32,248900,,new,CUTA ID,5.0,,False,,Jakarta Barat,2026-08-27T12:27:47.687706,True,price_far_below_market(<3000000)
tokopedia,12623611545,https://www.tokopedia.com/dorangadgethub/jete-cx13-type-c-to-c-kabel-data-100w-led-indicator-for-hp-laptop?extParam=ivf%3Dfalse%26keyword%3Dlaptop+hp%26search_id%3D20260827122738C203D8A151612A2D5I1Y%26src%3Dsearch%26whid%3D17280218,JETE CX13 Type C To C Kabel Data 100W LED Indicator For HP & Laptop,Hp,,,,,,,79900,,new,Doran Authorized Store,5.0,,False,,Surabaya,2026-08-27T12:27:47.700045,True,price_far_below_market(<3000000)
tokopedia,12393842459,https://www.tokopedia.com/doran-gadget-official/jete-cx13-type-c-to-c-kabel-data-100w-led-indicator-for-hp-laptop?extParam=ivf%3Dfalse%26keyword%3Dlaptop+hp%26search_id%3D20260827122738C203D8A151612A2D5I1Y%26src%3Dsearch%26whid%3D14587393,JETE CX13 Type C To C Kabel Data 100W LED Indicator For HP & Laptop,Hp,,,,,,,79900,,new,Doran Gadget Official,5.0,,False,,Surabaya,2026-08-27T12:27:47.700887,True,price_far_below_market(<3000000)
"tokopedia,103040103281,https://www.tokopedia.com/isku-official-shop/isku-obeng-listrik-3-5n-m-set-lengkap-24pcs-bor-elektrik-untuk-reparasi-hp-laptop-diy-bonus-bits-ph-hex-torx-gratis-uji-coba-7-hari-1734401772592399514?extParam=ivf%3Dfalse%26keyword%3Dlaptop+hp%26search_id%3D20260827122738C203D8A151612A2D5I1Y%26src%3Dsearch,""ISKU Obeng Listrik 3.5N.m Set Lengkap 24pcs - Bor Elektrik untuk Reparasi HP, Laptop, DIY - Bonus Bits PH/Hex/Torx + Gratis Uji Coba 7 Hari"",Hp,,,,,,,229800,,new,ISKU Official Shop_NEW,5.0,,False,,Jakarta Utara,2026-08-27T12:27:47.701703,True,price_far_below_market(<3000000)"
tokopedia,15681842751,https://www.tokopedia.com/vidsenonline/jete-cx13-type-c-to-c-kabel-data-100w-led-indicator-for-hp-laptop?extParam=ivf%3Dfalse%26keyword%3Dlaptop+hp%26src%3Dsearch,JETE CX13 Type C To C Kabel Data 100W LED Indicator For HP & Laptop,Hp,,,,,,,67915,,new,Vidsen Online,5.0,,False,,Jakarta Pusat,2026-08-27T12:28:26.105665,True,price_far_below_market(<3000000)
tokopedia,103542895371,https://www.tokopedia.com/isku-tools/mall-inline-badgeisku-obeng-presisi-set-37-42-in-1-alat-servis-hp-laptop-kacamata-jam-tangan-ujung-baja-crv-anti-slek-gagang-aluminium-putaran-360-bearing-kotak-geser-pop-up-daya-magnet-ganda-obeng-mini-lengkap-reparasi-elektronik-drone-tahan-lama-1736338603171350092-1736338611595675212?extParam=ivf%3Dfalse%26keyword%3Dlaptop+hp%26src%3Dsearch,ISKU Obeng Presisi Set 37 42 in 1 Alat Servis HP Laptop Kacamata Jam Tangan Ujung Baja CRV Anti Slek Gagang Aluminium Putaran 360 Bearing Kotak Geser Pop Up Daya Magnet Ganda Obeng Mini Lengkap Reparasi Elektronik Drone Tahan Lama,Hp,,,,,,42,155000,,new,ISKU TOOLS,5.0,,False,,Jakarta Utara,2026-08-27T12:28:26.106198,True,price_far_below_market(<3000000)
tokopedia,5622190280,https://www.tokopedia.com/gawung-classic/pembersih-layar-hp-praktis-spray-portable-screen-cleaner-laptop-scport-hitam-case?extParam=ivf%3Dtrue%26keyword%3Dlaptop+hp%26src%3Dsearch,Pembersih Layar HP Praktis Spray Portable Screen Cleaner Laptop SCPORT,Hp,,,,,,,29000,,new,GAWUNG CLASSIC,5.0,,False,,Jakarta Timur,2026-08-27T12:28:26.106290,True,price_far_below_market(<3000000)
tokopedia,12393700087,https://www.tokopedia.com/doran-gadget-official/jete-cx13-type-c-kabel-data-100w-with-led-indicator-for-hp-laptop?extParam=ivf%3Dfalse%26keyword%3Dlaptop+hp%26src%3Dsearch%26whid%3D14587393,JETE CX13 TYPE C Kabel Data 100W with LED Indicator For HP & Laptop,Hp,,,,,,,69900,,new,Doran Gadget Official,5.0,,False,,Surabaya,2026-08-27T12:28:26.107959,True,price_far_below_market(<3000000)
"tokopedia,102600200328,https://www.tokopedia.com/kosmebeautylab/set-kuas-detailing-3in1-untuk-mobil-motor-isi-3-sikat-halus-anti-lecet-membersihkan-interior-celah-kipas-eksterior-juga-debu-laptop-hp-material-premium-praktis-perawatan-kendaraan-kosmeblab-1733316278572713798?extParam=ivf%3Dfalse%26keyword%3Dlaptop+hp%26src%3Dsearch,""Set Kuas Detailing 3in1 untuk Mobil & Motor - Isi 3 sikat halus anti lecet, membersihkan interior (celah, kipas) & eksterior, juga debu laptop/HP, material premium, praktis perawatan kendaraan【KOSMEBLAB】"",Hp,,,,,,,29000,,new,kosmebeautylab,5.0,,False,,Cimahi,2026-08-27T12:28:26.108168,True,price_far_below_market(<3000000)"
tokopedia,16512054855,https://www.tokopedia.com/hans-computer/baterai-batre-original-laptop-hp-1000-series-hp1000-battery-mu06-1731077433104893609?extParam=ivf%3Dfalse%26keyword%3Dlaptop+hp%26src%3Dsearch,Baterai Batre ORIGINAL Laptop HP 1000 Series HP1000 Battery MU06,Hp,HP1000,,,,,,178200,,new,hans computer,5.0,,False,,Jakarta Pusat,2026-08-27T12:28:26.108513,True,price_far_below_market(<3000000)
tokopedia,103080661717,https://www.tokopedia.com/howell-official-store/howell-earphone-kabel-3-5mm-handsfree-headset-bass-mantap-hp-laptop-mic-jernih-original-garansi-12-bulan-1734505895664518147?extParam=ivf%3Dtrue%26keyword%3Dlaptop+hp%26src%3Dsearch,Howell Earphone Kabel 3.5mm Handsfree Headset Bass Mantap HP Laptop Mic Jernih Original Garansi 12 Bulan,Hp,,,,,,,44413,,new,Howell Official Store,5.0,,False,,Jakarta Utara,2026-08-27T12:28:26.109482,True,price_far_below_market(<3000000)
tokopedia,103515364019,https://www.tokopedia.com/metaverse-world-tools/jakemy-jm-op012-smart-phone-opening-repair-tools-plastic-prying-picks-pembuka-lcd-hp-laptop-opening-tool-reparasi-elektronik-original-1736196612948264912?extParam=ivf%3Dfalse%26keyword%3Dlaptop+hp%26src%3Dsearch,Jakemy JM-OP012 Smart Phone Opening Repair Tools Plastic Prying Picks Pembuka LCD HP Laptop Opening Tool Reparasi Elektronik Original,Hp,OP012,,,,,,3200,,new,Metaverse World Tools,5.0,,False,,Kab. Tangerang,2026-08-27T12:28:26.110019,True,price_far_below_market(<3000000)
tokopedia,12840372544,https://www.tokopedia.com/jetemakassar/jete-cx13-type-c-to-c-kabel-data-100w-led-indicator-for-hp-laptop?extParam=ivf%3Dfalse%26keyword%3Dlaptop+hp%26src%3Dsearch%26whid%3D18571941,JETE CX13 Type C To C Kabel Data 100W LED Indicator For HP & Laptop,Hp,,,,,,,79900,,new,JETE Indonesia Mall,5.0,,False,,Surabaya,2026-08-27T12:28:26.110129,True,price_far_below_market(<3000000)
tokopedia,103416064637,https://www.tokopedia.com/baseusauthorizedshop/new-product-baseus-ultrajoy-series-4-port-hub-air-konektor-laptop-hp-usb-3-1-rj45-1735769414420170312-1735769558718056008?extParam=ivf%3Dfalse%26keyword%3Dlaptop+hp%26src%3Dsearch,[NEW PRODUCT] Baseus UltraJoy Series 4-Port HUB AIR Konektor Laptop HP USB 3.1 RJ45,Hp,,,,,,,298999,,new,Baseus Indonesia Store,5.0,,False,,Kab. Tangerang,2026-08-27T12:28:26.110342,True,price_far_below_market(<3000000)
tokopedia,15515320352,https://www.tokopedia.com/fashionselular/audio-splitter-onesos-u-shape-2-in-1-headphone-mic-jack-3-5mm-for-hp-pc-laptop?extParam=ivf%3Dfalse%26keyword%3Dlaptop+hp%26src%3Dsearch,Audio Splitter OneSOS U Shape 2 in 1 headphone & Mic Jack 3.5mm for HP / PC / Laptop,Hp,,,,,,,8000,,new,Fashion Selular_NEW,5.0,,False,,Jakarta Barat,2026-08-27T12:28:26.110453,True,price_far_below_market(<3000000)
tokopedia,103751319697,https://www.tokopedia.com/germantools/greenly-german-tool-obeng-presisi-magnetic-bits-25-32-117-in-1-screwdriver-set-set-reparasi-lengkap-precision-alat-mini-reparasi-service-hp-laptop-komputer-pc-serbaguna-1737063205419452220-1737063354071025468?extParam=ivf%3Dtrue%26keyword%3Dlaptop+hp%26src%3Dsearch,GREENLY German Tool Obeng Presisi Magnetic Bits 25/32/117 in 1 Screwdriver Set Set Reparasi Lengkap Precision Alat Mini Reparasi Service Hp Laptop Komputer PC Serbaguna,Hp,,,,,,17,28571,,new,G.M Professional Tools,5.0,,False,,Jakarta Barat,2026-08-27T12:28:26.110735,True,price_far_below_market(<3000000)
tokopedia,100269024355,https://www.tokopedia.com/fieri-official/fieri-usb-c-5-in-1-converter-hdmi-4k-usb-3-0-usb-a-sd-microsd-reader-desain-ringkas-untuk-computer-laptop-hp-macbook-windows-1729437657894980002?extParam=ivf%3Dtrue%26keyword%3Dlaptop+hp%26src%3Dsearch%26whid%3D11188975,Fieri USB‑C 5‑in‑1 Converter - HDMI 4K + USB 3.0 + USB‑A + SD/MicroSD Reader - Desain Ringkas untuk Computer / Laptop / HP / Macbook / Windows,Hp,,,,,,,139000,,new,FieriOfficial,4.9,,False,,Jakarta Timur,2026-08-27T12:28:26.110893,True,price_far_below_market(<3000000)
tokopedia,15556091254,https://www.tokopedia.com/cellkit/cellkit-obeng-set-magnetik-5030-30-in-1-untuk-hp-android-ios-laptop-elektronik?extParam=ivf%3Dfalse%26keyword%3Dlaptop+hp%26src%3Dsearch,CELLKIT Obeng Set Magnetik 5030 30 IN 1 untuk HP Android iOS Laptop Elektronik,Hp,,,,,,30,35900,,new,CELLKIT,4.9,,False,,Surabaya,2026-08-27T12:28:26.111583,True,price_far_below_market(<3000000)
"tokopedia,98001506,https://www.tokopedia.com/housesparepart/obeng-set-teknisi-hp-komputer-laptop-professional-service-tools-kit?extParam=ivf%3Dfalse%26keyword%3Dlaptop+hp%26src%3Dsearch,""Obeng Set Teknisi Hp, Komputer, Laptop. Professional Service Tools Kit"",Hp,,,,,,,227700,,new,House Sparepart,4.9,,False,,Kab. Tangerang,2026-08-27T12:28:26.111926,True,price_far_below_market(<3000000)"
tokopedia,103382492884,https://www.tokopedia.com/idbois/id-bois-set-obeng-presisi-115-in-1-set-alat-perbaikan-diy-mini-magnetik-alat-multifungsi-untuk-penggunaan-di-rumah-ponsel-dan-komputer-1735591321013945639?extParam=ivf%3Dtrue%26keyword%3Dlaptop+hp%26src%3Dsearch,ID.BOIS Set Obeng Presisi 115-in-1 Alat Perbaikan Magnetik Multifungsi Untuk Servis HP Laptop Komputer Elektronik Perbaikan Rumah DIY,Hp,,,,,,,72800,,new,ID.BOIS,4.9,,False,,Kab. Tangerang,2026-08-27T12:28:26.112243,True,price_far_below_market(<3000000)
tokopedia,13103499577,https://www.tokopedia.com/isku-tools-official-store/isku-obeng-set-32in1-serbaguna-magnetic-screwdrivers-repair-tool-32in1-b1d7a?extParam=ivf%3Dtrue%26keyword%3Dlaptop+hp%26src%3Dsearch,ISKU Obeng Set 32 in 1 Presisi Magnet Alat Servis HP iPhone Android Laptop Jam Tangan Kacamata Mata Obeng Baja CRV Lengkap Torx Plus Minus Bintang Perkakas Perbaikan Elektronik Mini Portabel Kotak Praktis Anti Slek,Hp,,,,,,32,45700,,new,ISKU Tools Official Store,4.9,,False,,Jakarta Utara,2026-08-27T12:28:26.112440,True,price_far_below_market(<3000000)
tokopedia,103053188005,https://www.tokopedia.com/mipacko/mipacko-lap-gadget-microfiber-30x30-cm-pembersih-layar-hp-laptop-anti-gores-1734421805160695222?extParam=ivf%3Dtrue%26keyword%3Dlaptop+hp%26src%3Dsearch,Mipacko Lap Gadget Microfiber 30x30 cm Pembersih Layar HP Laptop Anti Gores,Hp,,,,,,30,39250,,new,Mipacko Microfiber,4.9,,False,,Bandung,2026-08-27T12:28:26.112878,True,price_far_below_market(<3000000)
tokopedia,8025411648,https://www.tokopedia.com/mightyeyewear/pembersih-lensa-kacamata-layar-hp-laptop-cairan-lens-cleaner-spray?extParam=ivf%3Dfalse%26keyword%3Dlaptop+hp%26src%3Dsearch,Pembersih Lensa Kacamata / Layar Hp / Laptop Cairan Lens Cleaner Spray,Hp,,,,,,,15124,,new,MIGHTYEYEWEAR,4.9,,False,,Jakarta Selatan,2026-08-27T12:28:26.113088,True,price_far_below_market(<3000000)
tokopedia,103244304946,https://www.tokopedia.com/semarcomputama/laptop-second-dell-latitude-5300-i5-gen-8-ram-8gb-ssd-256gb-13-touchscreen-siap-pakai-1735101843665290265?extParam=ivf%3Dfalse%26keyword%3Dlaptop+dell%26search_id%3D20260827122951B83AAC23B952870D7PPJ%26src%3Dsearch,Laptop Second Dell Latitude 5300 i5 Gen 8 RAM 8GB SSD 256GB 13” Touchscreen Siap Pakai,Dell,Latitude 5300,,8,256,,0,3500000,,used,SEMAR COMPUTAMA STORE,5.0,,False,,Kab. Sidoarjo,2026-08-27T12:29:55.803281,False,
tokopedia,14112004854,https://www.tokopedia.com/dell-premium-official/dell-pro-sleeve-13-lightweight-and-comfortable-sleeve-bag-laptop-1730220292693656662?extParam=ivf%3Dfalse%26keyword%3Dlaptop+dell%26search_id%3D20260827122951B83AAC23B952870D7PPJ%26src%3Dsearch,Dell Pro Sleeve 13 - Lightweight and comfortable Sleeve BAG Laptop,Dell,,,,,,,397000,,new,DELL PREMIUM OFFICIAL,4.0,,False,,Jakarta Barat,2026-08-27T12:29:55.803642,True,price_far_below_market(<3500000)
"tokopedia,103745664413,https://www.tokopedia.com/gateway/dell-xps-13-9350-oled-touch-core-ultra-7-256v-32gb-1tb-ssd-w11-13-4-2-8k-1731397080926029237-1737052400027862453?extParam=ivf%3Dfalse%26keyword%3Dlaptop+dell%26search_id%3D20260827122951B83AAC23B952870D7PPJ%26src%3Dsearch,""DELL ALIENWARE 16 AURORA CORE I7 240H RTX5050 8GB/ 16GB 512GB W11 16"""" LAPTOP GAMING"",Dell,Alienware 16,,16,,RTX5050,40,22419000,,new,Gateway Indonesia Comp,5.0,,False,,Jakarta Utara,2026-08-27T12:29:55.803685,False,"
tokopedia,15608656875,https://www.tokopedia.com/dell-technologies/laptop-dell-latitude-3450-core-i7-1355u-16gb-512gb-nvidia-mx570a-2gb-windows-11-pro-3-years-warranty-dell-official-1730440952089052266?extParam=ivf%3Dfalse%26keyword%3Dlaptop+dell%26search_id%3D20260827122951B83AAC23B952870D7PPJ%26src%3Dsearch,Laptop Dell Latitude 3450 [Core i7-1355U-16GB-512GB-Nvidia MX570A 2GB-Windows 11 Pro-3 Years Warranty] DELL OFFICIAL,Dell,MX570A,I7-1355U,,,,,26500000,,new,Dell Technologies,5.0,,False,,Jakarta Pusat,2026-08-27T12:29:55.803794,False,
tokopedia,6796641430,https://www.tokopedia.com/technosify/dell-inspiron-3511-laptop-i5-1-tb-512-gb-4-win-ohs-vga?extParam=ivf%3Dfalse%26keyword%3Dlaptop+dell%26search_id%3D20260827122951B83AAC23B952870D7PPJ%26src%3Dsearch,Dell Inspiron 3511 Laptop - i5 - 1 TB + 512 GB - 4 - Win - OHS - VGA,Dell,Inspiron 3511,,,,,,13537655,,new,technosify,5.0,,False,,Surabaya,2026-08-27T12:29:55.803866,False,
"tokopedia,16174803246,https://www.tokopedia.com/technosify/dell-inspiron-7440-2in1-touch-laptop-core-7-150u-1tb-ssd-16gb-ddr5-14-fhd-touch-wva-windows-11-office-2021-ice-blue-2-years-pro-support-1730832021321188536?extParam=ivf%3Dfalse%26keyword%3Dlaptop+dell%26search_id%3D20260827122951B83AAC23B952870D7PPJ%26src%3Dsearch,""Dell Inspiron 7440 2in1 Touch Laptop - Core 7 150U - 1TB SSD - 16GB DDR5 - 14"""" FHD+ Touch WVA - Windows 11 + Office 2021 - Ice Blue - 2 Years Pro Support"",Dell,Inspiron 7440,CORE 7 150U,16,1024,,14,24772055,,new,technosify,5.0,,False,,Surabaya,2026-08-27T12:29:55.803949,False,"
tokopedia,102895548652,https://www.tokopedia.com/dell-technologies/dell-pro-14-laptop-pc14250-ultra-5-225u-vpro-16gb-512gb-uma-windows-11-pro-3-years-warranty-dell-official-1734106859808261226?extParam=ivf%3Dfalse%26keyword%3Dlaptop+dell%26search_id%3D20260827122951B83AAC23B952870D7PPJ%26src%3Dsearch,Dell Pro 14 Laptop PC14250 [Ultra 5 225U vPro-16GB-512GB-UMA-Windows 11 Pro-3 Years Warranty] DELL OFFICIAL,Dell,PC14250,,,,,,31050000,,new,Dell Technologies,5.0,,False,,Jakarta Pusat,2026-08-27T12:29:55.804074,False,
"tokopedia,103273444958,https://www.tokopedia.com/laptopcreatorid/laptop-dell-pro-15-essential-pv15255-amd-ryzen-3-7320-ram-8gb-ssd-512gb-15-6-fhd-w11-pro-garansi-resmi-dell-1735171918941553682-1735171920002843666?extParam=ivf%3Dfalse%26keyword%3Dlaptop+dell%26search_id%3D20260827122951B83AAC23B952870D7PPJ%26src%3Dsearch,""LAPTOP DELL PRO 15 ESSENTIAL PV15255 AMD RYZEN 3 7320 RAM 8GB SSD 512GB 15.6"""" FHD DOS - GARANSI RESMI DELL"",Dell,PV15255,RYZEN 3 7320,8,512,,15.6,7671880,,new,LAPTOP SHOP ID,5.0,,False,,Jakarta Utara,2026-08-27T12:29:55.804147,False,"
"tokopedia,103390696938,https://www.tokopedia.com/kingznotebook/laptop-dell-xps-13-9350-ultra-7-256v-16gb-1tb-ssd-w11-13-4-fhd-ips-1731374944999081644-1735641439095654060?extParam=ivf%3Dfalse%26keyword%3Dlaptop+dell%26search_id%3D20260827122951B83AAC23B952870D7PPJ%26src%3Dsearch,""Laptop Dell XPS 13 9350 ULTRA 7 256V 16GB 1TB SSD W11 13.4"""" FHD IPS"",Dell,Xps 13,,16,1024,,13.4,24709000,,new,Kingz Notebook,5.0,,False,,Jakarta Pusat,2026-08-27T12:29:55.804192,False,"
tokopedia,12043831434,https://www.tokopedia.com/gadventia/ugreen-usb-type-c-hub-5in1-hdmi-macbook-ipad-air-pro-laptop-asus-dell-15395-4-in-1-771b6?extParam=ivf%3Dtrue%26keyword%3Dlaptop+dell%26search_id%3D20260827122951B83AAC23B952870D7PPJ%26src%3Dsearch,UGREEN USB Hub Type C to HDMI 4k@30Hz USB 3.0 PD 100w Fast Charging For Laptop Macbook Dell ASUS 15495,Asus,,,,,,30,256000,,new,GADVENTIA,5.0,,False,,Jakarta Barat,2026-08-27T12:29:55.804319,True,price_far_below_market(<3500000)
tokopedia,102952673175,https://www.tokopedia.com/alienwareofficial/dell-pro-14-essential-pv14255-amd-ryzen-5-220-8gb-512gb-14-0-wuxga-dos-1734242409609266451?extParam=ivf%3Dfalse%26keyword%3Dlaptop+dell%26search_id%3D20260827122951B83AAC23B952870D7PPJ%26src%3Dsearch,LAPTOP DELL PRO 14 ESSENTIAL PV14255 AMD RYZEN 5 220 8GB 512GB 14.0 WUXGA DOS,Dell,PV14255,RYZEN 5 220,8,,,,9559000,,new,AI Official Store,5.0,,False,,Jakarta Utara,2026-08-27T12:29:55.804385,False,
tokopedia,12576495856,https://www.tokopedia.com/technosify/laptop-dell-notebook-inspiron-13-5301-i3-256-gb-ssd-win-256-gb-b97fb?extParam=ivf%3Dfalse%26keyword%3Dlaptop+dell%26search_id%3D20260827122951B83AAC23B952870D7PPJ%26src%3Dsearch,Laptop Dell Notebook Inspiron 13 5301 - i3 - 256 GB SSD - WIN,Dell,Inspiron 13,,,256,,,13172655,,new,technosify,5.0,,False,,Surabaya,2026-08-27T12:29:55.804719,False,
tokopedia,1992717695,https://www.tokopedia.com/technosify/laptop-dell-notebook-inspiron-15-5405-ryzen-7-512-gb-ssd-win?extParam=ivf%3Dfalse%26keyword%3Dlaptop+dell%26search_id%3D20260827122951B83AAC23B952870D7PPJ%26src%3Dsearch,Laptop Dell Notebook Inspiron 15 5405 - Ryzen 7 - 512 GB SSD - WIN,Dell,Inspiron 15,,,512,,,13104118,,new,technosify,5.0,,False,,Surabaya,2026-08-27T12:29:55.804761,False,
tokopedia,103578579959,https://www.tokopedia.com/rogsstoreid/lenovo-thinkpad-x1-carbon-g13-aura-edition-touch-core-ultra-7-255u-16gb-1tb-w11pro-14-fhd-ips-1734610771837945164-1736506373423465804?extParam=ivf%3Dfalse%26keyword%3Dlaptop+dell%26search_id%3D20260827122951B83AAC23B952870D7PPJ%26src%3Dsearch,DELL PLUS 14 2IN1 TOUCH INTEL CORE ULTRA 9 288V 32GB 1TB W11 14-INCH FHD LAPTOP,Dell,,INTEL CORE ULTRA 9 288V,32,,,,39999000,,new,ROGS STORE,5.0,,False,,Jakarta Utara,2026-08-27T12:29:55.804844,False,
tokopedia,9066781949,https://www.tokopedia.com/technosify/laptop-notebook-dell-latitude-15-3510-i3-1-tb-hdd-win-256gb-ssd-1tb?extParam=ivf%3Dfalse%26keyword%3Dlaptop+dell%26search_id%3D20260827122951B83AAC23B952870D7PPJ%26src%3Dsearch,Laptop Notebook Dell Latitude 15 3510 - i3 - 1 TB HDD - Win,Dell,Latitude 15,,,1024,,,7616384,,new,technosify,5.0,,False,,Surabaya,2026-08-27T12:29:55.804919,False,
tokopedia,102979049522,https://www.tokopedia.com/dell-technologies/laptop-dell-latitude-3450-core-i7-1355u-8gb-512gb-uma-windows-11-home-3-years-warranty-dell-official-1734300274871796842?extParam=ivf%3Dfalse%26keyword%3Dlaptop+dell%26search_id%3D20260827122951B83AAC23B952870D7PPJ%26src%3Dsearch,Laptop Dell Latitude 3450 [Core i7-1355U-8GB-512GB-UMA-Windows 11 Home-3 Years Warranty] DELL OFFICIAL,Dell,Latitude 3450,I7-1355U,,,,11,20500000,,new,Dell Technologies,5.0,,False,,Jakarta Pusat,2026-08-27T12:29:55.804965,False,
"tokopedia,103565499595,https://www.tokopedia.com/gateway/asus-vivobook-14-core-i5-120u-16gb-1tb-ssd-w11-14-inch-fhd-ips-x1404va-1734286913807418805-1736448485795202485?extParam=ivf%3Dfalse%26keyword%3Dlaptop+dell%26search_id%3D20260827122951B83AAC23B952870D7PPJ%26src%3Dsearch,""DELL PRO 13 PLUS RYZEN 7 250 16GB 1TB W11PRO 13.3"""" FHD LAPTOP"",Dell,,RYZEN 7 250,16,,,13.3,16269000,,new,Gateway Indonesia Comp,5.0,,False,,Jakarta Utara,2026-08-27T12:29:55.805006,False,"
tokopedia,2027873603,https://www.tokopedia.com/technosify/laptop-dell-notebook-inspiron-15-5502-i5-512-8-gb-win-nvidia?extParam=ivf%3Dfalse%26keyword%3Dlaptop+dell%26search_id%3D20260827122951B83AAC23B952870D7PPJ%26src%3Dsearch,Laptop Dell Notebook Inspiron 15 5502 - i5 - 512 - 8 GB - WIN - nVidia,Dell,Inspiron 15,,,,,,14368870,,new,technosify,5.0,,False,,Surabaya,2026-08-27T12:29:55.805046,False,
tokopedia,15733079586,https://www.tokopedia.com/dell-technologies/laptop-dell-inspiron-7440-2-in-1-core-ultra-7-150u-16gb-1tb-uma-windows-11-home-ohs-dell-official-1730439725013763178?extParam=ivf%3Dfalse%26keyword%3Dlaptop+dell%26search_id%3D20260827122951B83AAC23B952870D7PPJ%26src%3Dsearch,Laptop Dell Inspiron 7440 2-in-1 [Core Ultra 7-150U-16GB-1TB-UMA-Windows 11 Home-OHS] DELL OFFICIAL,Dell,Inspiron 7440,CORE ULTRA 7-150U,,,,11,24499000,,new,Dell Technologies,5.0,,False,,Jakarta Pusat,2026-08-27T12:29:55.805092,False,
"tokopedia,102917925724,https://www.tokopedia.com/technosify/dell-inspiron-3511-laptop-i5-1135g7-1tb-hdd-8gb-ddr4-intel-iris-xe-4gb-ddr4-nvidia-geforce-mx350-15-6-fhd-windows-10-sl-office-2019-1-year-warranty-1734153717458372007?extParam=ivf%3Dfalse%26keyword%3Dlaptop+dell%26search_id%3D20260827122951B83AAC23B952870D7PPJ%26src%3Dsearch,""Dell Inspiron 3511 Laptop i5 1135G7 1TB HDD 8GB DDR4 Intel Iris Xe/4GB DDR4 nVidia GeForce MX350 15.6"""" FHD Windows 10 SL + Office 2019 - 1 Year Warranty"",Dell,MX350,,8,1024,,15.6,9790042,,new,technosify,5.0,,False,,Surabaya,2026-08-27T12:29:55.805145,False,"
tokopedia,1151682367,https://www.tokopedia.com/technosify/laptop-notebook-dell-gaming-g7-7588-i7-1tb-256gb-16-win-vga?extParam=ivf%3Dfalse%26keyword%3Dlaptop+dell%26search_id%3D20260827122951B83AAC23B952870D7PPJ%26src%3Dsearch,Laptop Notebook Dell Gaming G7 7588 - i7 - 1TB+256Gb - 16 - Win - VGA,Dell,,,,,,,23419655,,new,technosify,5.0,,False,,Surabaya,2026-08-27T12:29:55.805187,False,
tokopedia,2219928000,https://www.tokopedia.com/technosify/notebook-laptop-dell-vostro-14-3405-ryzen-5-256-gb-4-win-ohs?extParam=ivf%3Dfalse%26keyword%3Dlaptop+dell%26search_id%3D20260827122951B83AAC23B952870D7PPJ%26src%3Dsearch,Notebook Laptop Dell Vostro 14 3405 - Ryzen 5 - 256 Gb - 4 - Win - OHS,Dell,,,,,,,9920804,,new,technosify,5.0,,False,,Surabaya,2026-08-27T12:29:55.805375,False,
tokopedia,103744847065,https://www.tokopedia.com/gateway/dell-xps-13-9350-ultra-7-256v-16gb-1tb-w11-13-4fhd-1729892934330451381-1737050971086685621?extParam=ivf%3Dfalse%26keyword%3Dlaptop+dell%26search_id%3D20260827122951B83AAC23B952870D7PPJ%26src%3Dsearch,DELL XPS 13 9350 CORE ULTRA 7 256V 16GB 1TB W11 13.4FHD IPS LAPTOP,Dell,Xps 13,CORE ULTRA 7 256V,16,,,50,24749000,,new,Gateway Indonesia Comp,5.0,,False,,Jakarta Utara,2026-08-27T12:29:55.805414,False,
tokopedia,103578419520,https://www.tokopedia.com/rogsstoreid/lenovo-thinkbook-14-g7-ultra-5-125u-8gb-512gb-ssd-w11-ohs-14-0wuxga-ips-2y-1730840775098664268-1736505834493674828?extParam=ivf%3Dfalse%26keyword%3Dlaptop+dell%26search_id%3D20260827122951B83AAC23B952870D7PPJ%26src%3Dsearch,DELL PRO 13 PLUS AMD RYZEN 7 250 16GB 1TB W11PRO 13.3-INCH FHD LAPTOP,Dell,,RYZEN 7 250,16,,,,29999000,,new,ROGS STORE,5.0,,False,,Jakarta Utara,2026-08-27T12:29:55.805456,False,
tokopedia,103398012881,https://www.tokopedia.com/dell-technologies/laptop-dell-inspiron-3530-core-i7-1355u-16gb-512gb-uma-windows-11-home-ohs-dell-official-1730257845881308266-1735678164774454378?extParam=ivf%3Dfalse%26keyword%3Dlaptop+dell%26search_id%3D20260827122951B83AAC23B952870D7PPJ%26src%3Dsearch,Laptop Dell Inspiron 3530 [Core i7-1355U-16GB-512GB-UMA-Windows 11 Home-OHS] DELL OFFICIAL,Dell,Inspiron 3530,I7-1355U,,,,11,16999000,,new,Dell Technologies,4.9,,False,,Jakarta Pusat,2026-08-27T12:29:55.805581,False,
tokopedia,2036731164,https://www.tokopedia.com/copper-surabaya/copper-tas-organizer-laptop-15-inch-waterproof-travel-bag-bahan-polyester-berkualitas-tinggi-dual-layer-besar-cocok-untuk-samsung-xiaomi-lenovo-asus-dell-dan-lainnya-1729818779037435396?extParam=ivf%3Dtrue%26keyword%3Dlaptop+dell%26search_id%3D20260827122951B83AAC23B952870D7PPJ%26src%3Dsearch,Copper Tas Organizer Laptop 15 Inch Waterproof Travel Bag Bahan Polyester Berkualitas Tinggi Dual Layer Besar Cocok untuk Samsung Xiaomi Lenovo Asus Dell dan Lainnya,Asus,,,,,,15,136900,,new,Copper Surabaya,4.8,,False,,Surabaya,2026-08-27T12:29:55.805723,True,price_far_below_market(<3500000)
"tokopedia,9137232468,https://www.tokopedia.com/technosify/dell-inspiron-3515-laptop-amd-athlon-1-tb-4-windows-11-ohs-4gb-1tb-hdd?extParam=ivf%3Dfalse%26keyword%3Dlaptop+dell%26search_id%3D20260827122951B83AAC23B952870D7PPJ%26src%3Dsearch,""Dell Inspiron 3515 Laptop Notebook - AMD Athlon 1TB 4GB DDR4 UMA 15.6"""" Screen Windowd 11 + Office"",Dell,Inspiron 3515,ATHLON 1TB,4,,,15.6,5537047,,new,technosify,4.8,,False,,Surabaya,2026-08-27T12:29:55.805768,False,"
"tokopedia,103514170171,https://www.tokopedia.com/semarcomputama/laptop-dell-latitude-3410-core-i5-gen-10-ram-8gb-ssd-256gb-nvme-fhd-14-murah-1736191157768651801?extParam=ivf%3Dfalse%26keyword%3Dlaptop+dell%26src%3Dsearch,""Laptop Dell Latitude 3410 Core i5 Gen 10 RAM 8GB SSD 256GB NVMe FHD 14"""" murah"",Dell,Latitude 3410,,8,256,,10,3950000,,new,SEMAR COMPUTAMA STORE,,,False,,Kab. Sidoarjo,2026-08-27T12:31:10.364535,False,"
tokopedia,103288279831,https://www.tokopedia.com/semarcomputama/laptop-second-dell-latitude-3420-i5-gen-11-ram-8gb-ssd-256gb-nvme-14-fhd-siap-pakai-1735213537807336473?extParam=ivf%3Dfalse%26keyword%3Dlaptop+dell%26src%3Dsearch,Laptop Second Dell Latitude 3420 i5 Gen 11 RAM 8GB SSD 256GB NVMe 14” FHD Siap Pakai,Dell,Latitude 3420,,8,256,,20,4850000,,used,SEMAR COMPUTAMA STORE,,,False,,Kab. Sidoarjo,2026-08-27T12:31:10.364836,False,
tokopedia,103365267205,https://www.tokopedia.com/semarcomputama/laptop-second-dell-latitude-7320-core-i7-gen11-ram-32gb-ssd-256gb-1735500295877002265?extParam=ivf%3Dfalse%26keyword%3Dlaptop+dell%26src%3Dsearch,Laptop Second Dell Latitude 7320 Core i7 Gen11 RAM 32GB SSD 256GB,Dell,Latitude 7320,,32,256,,20,6500000,,used,SEMAR COMPUTAMA STORE,,,False,,Kab. Sidoarjo,2026-08-27T12:31:10.365110,False,
tokopedia,12620898773,https://www.tokopedia.com/edgecom8888/kunci-pengaman-laptop-notebook-3x5mm-dell-latitude-kombinasi-angka-lu-198-1730806152482620760?extParam=ivf%3Dfalse%26keyword%3Dlaptop+dell%26src%3Dsearch,Kunci Pengaman Laptop / Notebook 3x5mm DELL Latitude Kombinasi Angka LU-198,Dell,,,,,,,158000,,new,Edgecom,5.0,,False,,Jakarta Pusat,2026-08-27T12:31:10.365343,True,price_far_below_market(<3500000)
tokopedia,483210916,https://www.tokopedia.com/teknisipro/fan-kipas-heatsink-laptop-dell-latitude-e4310-bekas?extParam=ivf%3Dfalse%26keyword%3Dlaptop+dell%26src%3Dsearch,FAN KIPAS HEATSINK LAPTOP Dell Latitude E4310 BEKAS,Dell,E4310,,,,,,180000,,used,TeknisiPro,5.0,,False,,Medan,2026-08-27T12:31:10.366687,True,price_far_below_market(<3500000)
tokopedia,12346680722,https://www.tokopedia.com/obrenshop/notebook-security-lock-kunci-gembok-laptop-dell-latitude-2-meter-pin?extParam=ivf%3Dfalse%26keyword%3Dlaptop+dell%26src%3Dsearch,NOTEBOOK SECURITY LOCK KUNCI GEMBOK LAPTOP DELL LATITUDE 2 METER PIN,Dell,Latitude 2,,,,,,145000,,new,OBREN SHOP,5.0,,False,,Jakarta Pusat,2026-08-27T12:31:10.366829,True,price_far_below_market(<3500000)
tokopedia,2749968575,https://www.tokopedia.com/decha-com/baterai-ori-laptop-dell-inspiron-m5y1k-14-3000-series-khusus-2018-2019?extParam=ivf%3Dfalse%26keyword%3Dlaptop+dell%26src%3Dsearch,Baterai Ori Laptop Dell Inspiron M5Y1K 14 3000 Series Khusus 2018-2019,Dell,Inspiron M5Y1K,,,,,,355000,,new,DeCha Comp,5.0,,False,,Jakarta Selatan,2026-08-27T12:31:10.368272,True,price_far_below_market(<3500000)
tokopedia,2645601486,https://www.tokopedia.com/romkom/batry-laptop-dell-precision-fv993-m4800-m6600-m4600-original?extParam=ivf%3Dfalse%26keyword%3Dlaptop+dell%26src%3Dsearch,BATRY LAPTOP DELL PRECISION FV993 M4800 M6600 M4600 ORIGINAL,Dell,FV993,M4,,,,,550000,,new,ROMKOMPART,5.0,,False,,Jakarta Barat,2026-08-27T12:31:10.368410,True,price_far_below_market(<3500000)
tokopedia,16158057004,https://www.tokopedia.com/specialistsparepart/baterai-batre-for-laptop-dell-g15-5511-dell-xps-15-9500-9510-precision-5550-type-8fctc-56wh-series-1730827244389500086?extParam=ivf%3Dfalse%26keyword%3Dlaptop+dell%26src%3Dsearch,Baterai Batre For Laptop Dell G15 5511 Dell XPS 15 9500 9510 Precision 5550 Type 8FCTC 56Wh Series,Dell,Xps 15,,,,,,900000,,new,FIVE STAR COMP,5.0,,False,,Jakarta Pusat,2026-08-27T12:31:10.369086,True,price_far_below_market(<3500000)
"tokopedia,6204568126,https://www.tokopedia.com/ther-comp/kunci-laptop-dell-3-5mm-1-8m-pin-kunci-pengaman-laptop-pin-notebook-3x5mm-dell-kombinasi-angka-lu-198-1730833102607647908?extParam=ivf%3Dfalse%26keyword%3Dlaptop+dell%26src%3Dsearch,""Kunci Laptop Dell 3,5mm 1,8M (Pin) Kunci Pengaman Laptop Pin / Notebook 3x5mm DELL Kombinasi Angka LU-198"",Dell,,,,,,,145000,,new,TheR Comp,5.0,,False,,Jakarta Pusat,2026-08-27T12:31:10.372221,True,price_far_below_market(<3500000)"
tokopedia,102009807569,https://www.tokopedia.com/gameridsurabaya/laptop-msi-cyborg-15-intel-core-7-240h-rtx-5060-8-gb-ram-16-gb-ssd-512-gb-windows-11-office-home-student-15-6-full-hd-144hz-1732070418275010515?extParam=ivf%3Dfalse%26keyword%3Dlaptop+msi%26search_id%3D2026082712322189F0FD5C927D460F0WP8%26src%3Dsearch,Laptop MSI Cyborg 15 Intel Core 7 240H RTX 5060 8 GB RAM 16 GB SSD 512 GB Windows 11 + Office Home Student 15.6 Full HD 144Hz,Msi,Cyborg 15,INTEL CORE 7 240H,16,512,RTX 5060,15,21919000,,new,Gamer ID Surabaya,5.0,,False,,Surabaya,2026-08-27T12:32:29.616646,False,
tokopedia,103551420067,https://www.tokopedia.com/kanglaptop/msi-thin-15-i5-13420h-rtx4050-6gb-16gb-512gb-w11-15-6fhd-144hz-blit-1731161672263239497-1736384061247358793?extParam=ivf%3Dfalse%26keyword%3Dlaptop+msi%26search_id%3D2026082712322189F0FD5C927D460F0WP8%26src%3Dsearch,Laptop MSI Thin 15 B13UC Core i5-13420H RTX 3050 16GB 512GB SSD 15.6 Inch FHD 144Hz Windows 11,Msi,Thin 15,I5-13420H,16,512,RTX 3050,15.6,13729000,,new,KangLaptop_NEW,5.0,,False,,Jakarta Selatan,2026-08-27T12:32:29.616794,False,
tokopedia,103504489155,https://www.tokopedia.com/herlinacom/laptop-msi-modern-14-intel-core-i5-1334-ram-8gb-512gb-ssd-win-11-office-ohs-ori-14-0-full-hd-ips-1731176202572236174-1736154839477618062?extParam=ivf%3Dtrue%26keyword%3Dlaptop+msi%26search_id%3D2026082712322189F0FD5C927D460F0WP8%26src%3Dsearch,Laptop Msi Modern 14 Intel Core i5 1334 Ram 8Gb 512Gb Ssd Win 11 + Office Ohs Ori 14.0 Full HD Ips,Msi,Modern 14,I5 1334,8,512,,14,10359000,,new,Herlinacom,5.0,,False,,Depok,2026-08-27T12:32:29.616934,False,
"tokopedia,103295873316,https://www.tokopedia.com/ten-com/msi-laptop-modern-14-intel-i3-1315u-14-fhd-8gb-ddr4-512gb-nvme-ssd-windows-11-garansi-resmi-2-tahun-1729897523591349511-1735250295093757191?extParam=ivf%3Dtrue%26keyword%3Dlaptop+msi%26search_id%3D2026082712322189F0FD5C927D460F0WP8%26src%3Dsearch,""MSI Laptop Modern 14 Intel i3 1315U 14"""" FHD 8GB DDR4 512GB NVMe SSD Windows 11 Garansi Resmi 2 Tahun"",Msi,Modern 14,I3 1315U,8,512,,14,13479000,,new,Ten Com,5.0,,False,,Jakarta Selatan,2026-08-27T12:32:29.617267,False,"
tokopedia,102102032282,https://www.tokopedia.com/rogonline/laptop-msi-cyborg-gaming-15-rtx-5060-core-7-240h-32gb-1tb-ssd-w-11-ohs-15-6-ips-panel-144hz-1732213885308273895?extParam=ivf%3Dfalse%26keyword%3Dlaptop+msi%26search_id%3D2026082712322189F0FD5C927D460F0WP8%26src%3Dsearch,Laptop MSI Cyborg Gaming 15 RTX 5060 Core 7 240H 32GB 1TB SSD W 11 + OHS 15.6 IPS Panel 144Hz,Msi,,CORE 7 240H,32,1024,RTX 5060,60,21919000,,new,ROGZ Online,5.0,,False,,Jakarta Pusat,2026-08-27T12:32:29.617396,False,
tokopedia,103099521714,https://www.tokopedia.com/ten-com/msi-katana-15-hx-rtx5070-intel-i9-14900hx-16gb-1tb-15-6inch-quad-hd-165hz-100dcip3-4zrgb-garansi-resmi-1729879792434840839-1734632018672452871?extParam=ivf%3Dtrue%26keyword%3Dlaptop+msi%26search_id%3D2026082712322189F0FD5C927D460F0WP8%26src%3Dsearch,MSI Katana 15 HX RTX5060 Intel i9 14900HX 16GB 1TB 15.6inch Quad HD 165HZ Windows 11 Office Garansi Resmi - Laptop Gaming MSI,Msi,Katana 15,I9 14900HX,16,,RTX5060,15.6,28099000,,new,Ten Com,5.0,,False,,Jakarta Selatan,2026-08-27T12:32:29.617531,False,
tokopedia,12836615004,https://www.tokopedia.com/rogonline/laptop-msi-thin-15-b13u-gaming-i7-13620h-rtx-3050-32gb-1tb-ssd-w-11-15-6-144hz-1729973919740036327?extParam=ivf%3Dfalse%26keyword%3Dlaptop+msi%26search_id%3D2026082712322189F0FD5C927D460F0WP8%26src%3Dsearch,Laptop MSI THIN 15 B13U Gaming I7 13620H RTX 3050 32GB 1TB SSD W 11 15.6 144Hz,Msi,Thin 15,I7 13620H,32,1024,RTX 3050,20,15169000,,new,ROGZ Online,5.0,,False,,Jakarta Pusat,2026-08-27T12:32:29.617653,False,
tokopedia,102302870796,https://www.tokopedia.com/royalltech/laptop-msi-modern-14-intel-core-i3-1315-8gb-512gb-w11-14-0fhd-ips-1732590567780550135?extParam=ivf%3Dfalse%26keyword%3Dlaptop+msi%26search_id%3D2026082712322189F0FD5C927D460F0WP8%26src%3Dsearch,LAPTOP MSI MODERN 14 INTEL CORE I3 1315 8GB 512GB W11 14.0FHD IPS,Msi,Modern 14,I3 1315,8,,,14,9719000,,new,royalltech,5.0,,False,,Jakarta Utara,2026-08-27T12:32:29.617767,False,
tokopedia,103368128873,https://www.tokopedia.com/herlinacom/laptop-msi-thin-a15-ryzen-5-7535hs-rtx-2050-4gb-ram-16gb-512gb-win-11-office-ori-1735515550982505870?extParam=ivf%3Dtrue%26keyword%3Dlaptop+msi%26search_id%3D2026082712322189F0FD5C927D460F0WP8%26src%3Dsearch,Laptop MSI THIN A15 Ryzen 7 7735HS RTX3050 4GB Ram 16Gb Ssd 512Gb Win 11 Ori 15.6FHD IPS 144Hz,Msi,Thin A15,RYZEN 7 7735HS,16,512,RTX3050,35,13949000,,new,Herlinacom,5.0,,False,,Depok,2026-08-27T12:32:29.618024,False,
tokopedia,103045479750,https://www.tokopedia.com/royalltech/laptop-msi-thin-15-intel-core-i5-13420h-rtx4050-6gb-16gb-512gb-w11-15-6fhd-144hz-blit-2y-b13ve-3415-1734411416700421623?extParam=ivf%3Dfalse%26keyword%3Dlaptop+msi%26search_id%3D2026082712322189F0FD5C927D460F0WP8%26src%3Dsearch,LAPTOP MSI THIN 15 INTEL CORE I5 13420H RTX4050 6GB/ 16GB 512GB W11 15.6FHD 144HZ BLIT 2Y -B13VE.3415,Msi,Thin 15,I5 13420H,16,,RTX4050,15,18999000,,new,royalltech,5.0,,False,,Jakarta Utara,2026-08-27T12:32:29.618173,False,
tokopedia,16299268725,https://www.tokopedia.com/tpediapc/msi-rtx-3050-ventus-2x-e-6g-oc-1730897528489215276?extParam=ivf%3Dfalse%26keyword%3Dlaptop+msi%26search_id%3D2026082712322189F0FD5C927D460F0WP8%26src%3Dsearch,MSI GeForce RTX 3050 VENTUS 2X E 6G OC Kartu Grafis Laptop dengan 6GB GDDR6 dan 14 Gbps Memori untuk Performa Gaming Terbaik,Msi,,,,,RTX 3050,,4565000,,new,t pedia pc,5.0,,False,,Jakarta Pusat,2026-08-27T12:32:29.618319,False,
tokopedia,100649651362,https://www.tokopedia.com/royalltech/laptop-msi-katana-15-hx-intel-core-i7-14650hx-rtx5050-8gb-16gb-512gb-ssd-w11-ohs-15-6qhd-165hz-100dcip3-4zrgb-1731756709792876023?extParam=ivf%3Dfalse%26keyword%3Dlaptop+msi%26search_id%3D2026082712322189F0FD5C927D460F0WP8%26src%3Dsearch,LAPTOP MSI KATANA 15 HX INTEL CORE I7 14650HX RTX5050 8GB/ 16GB 512GB SSD W11+OHS 15.6QHD 165HZ 100DCIP3 4ZRGB,Msi,Katana 15,I7 14650HX,16,512,RTX5050,15,23749000,,new,royalltech,5.0,,False,,Jakarta Utara,2026-08-27T12:32:29.618569,False,
"tokopedia,103088920617,https://www.tokopedia.com/gateway/msi-thin-a15-amd-ryzen-7-7735hs-rtx3050-32gb-1tb-ssd-w11-15-6fhd-144hz-blit-2y-b7uc-664-1734556914827494837?extParam=ivf%3Dfalse%26keyword%3Dlaptop+msi%26search_id%3D2026082712322189F0FD5C927D460F0WP8%26src%3Dsearch,""MSI THIN A15 B7UC RYZEN 7 7735HS RTX3050 32GB 1TB SSD W11 15.6"""" FHD 144HZ LAPTOP GAMING"",Msi,Thin A15,RYZEN 7 7735HS,32,1024,RTX3050,35,13939000,,new,Gateway Indonesia Comp,5.0,,False,,Jakarta Utara,2026-08-27T12:32:29.618696,False,"
tokopedia,100671216605,https://www.tokopedia.com/rogonline/msi-crosshair-16-hx-ai-rtx-5060-ultra-9-275hx-64gb-1tb-ssd-w-11-ohs-16-0-qhd-2k-240hz-laptop-gaming-1731785536896009447?extParam=ivf%3Dfalse%26keyword%3Dlaptop+msi%26search_id%3D2026082712322189F0FD5C927D460F0WP8%26src%3Dsearch,MSI Crosshair 16 HX AI RTX 5060 Ultra 9 275HX 32GB 1TB SSD W 11 + OHS 16.0 QHD 2K 240Hz Laptop Gaming,Msi,,,32,1024,RTX 5060,16,37299000,,new,ROGZ Online,5.0,,False,,Jakarta Pusat,2026-08-27T12:32:29.618820,False,
"tokopedia,102243963433,https://www.tokopedia.com/intelstore-id/laptop-msi-modern-14-f13mg-i3-1315u-8gb-512ssd-w11-ohs-14-fhd-blit-1732489646697776554?extParam=ivf%3Dfalse%26keyword%3Dlaptop+msi%26search_id%3D2026082712322189F0FD5C927D460F0WP8%26src%3Dsearch,""[PICKUP / KURIR TOKO] LAPTOP MSI MODERN 14 F13MG - I3 1315U 8GB 512SSD W11 14"""" FHD BLIT"",Msi,Modern 14,I3 1315U,,,,14,9330240,,new,INTEL STORE ID,5.0,,False,,Jakarta Utara,2026-08-27T12:32:29.618952,False,"
"tokopedia,103193857911,https://www.tokopedia.com/laptopcreatorid/msi-modern-14-i7-1355u-ram-16gb-ssd-512gb-w11-ohs-14-0fhd-ips-blit-f13mg-064-1734977672860238866?extParam=ivf%3Dfalse%26keyword%3Dlaptop+msi%26search_id%3D2026082712322189F0FD5C927D460F0WP8%26src%3Dsearch,""LAPTOP MSI THIN 15 INTEL CORE I7 13620H RTX3050 4GB/ RAM 16GB 512GB W11 15.6"""" FHD 144HZ BACKLIT 2Y -B13UC.2407"",Msi,Thin 15,I7 13620H,16,,RTX3050,15,14169000,,new,LAPTOP SHOP ID,5.0,,False,,Jakarta Utara,2026-08-27T12:32:29.619128,False,"
tokopedia,102267208130,https://www.tokopedia.com/gasolsurabaya/msi-modern-15-f1mg-475id-core-5-120u-512gb-ssd-16gb-ram-grey-notebook-laptop-1732535912364476411?extParam=ivf%3Dfalse%26keyword%3Dlaptop+msi%26search_id%3D2026082712322189F0FD5C927D460F0WP8%26src%3Dsearch,MSI Modern 15 F1MG 475ID - Core 5 120U 512GB SSD 16GB RAM - Grey Notebook Laptop,Msi,Modern 15,CORE 5 120U,16,16,,75,11199000,,new,Gasol Maspion Square Surabaya,5.0,,False,,Surabaya,2026-08-27T12:32:29.619259,False,
tokopedia,102456734440,https://www.tokopedia.com/onestopgaming/bonus-pembelian-laptop-msi-gaming-1732946951567541506?extParam=ivf%3Dfalse%26keyword%3Dlaptop+msi%26search_id%3D2026082712322189F0FD5C927D460F0WP8%26src%3Dsearch,Bonus Pembelian Laptop MSI Gaming,Msi,,,,,,,99500,,new,Onestop Gaming,5.0,,False,,Jakarta Pusat,2026-08-27T12:32:29.619482,True,price_far_below_market(<5000000)
tokopedia,103032490907,https://www.tokopedia.com/royalltech/laptop-msi-modern-a14-ai-amd-ryzen-5-220-8gb-512gb-w11-ohs-m365b-14-0fhd-blit-ips-2y-f2hmg-005-1734390782735451639?extParam=ivf%3Dfalse%26keyword%3Dlaptop+msi%26search_id%3D2026082712322189F0FD5C927D460F0WP8%26src%3Dsearch,LAPTOP MSI MODERN A14 AI AMD RYZEN 5 220 8GB 512GB W11+OHS+M365B 14.0FHD BLIT IPS 2Y -F2HMG.005,Msi,Modern A14,RYZEN 5 220,8,,,,13999000,,new,royalltech,5.0,,False,,Jakarta Utara,2026-08-27T12:32:29.619629,False,
tokopedia,102586553212,https://www.tokopedia.com/kanglaptop/msi-cyborg-15-rtx5060-core-i7-240h-16gb-512gb-w11-ohs-15-6fhd-144hz-4zrgb-1733278726163564361?extParam=ivf%3Dtrue%26keyword%3Dlaptop+msi%26search_id%3D2026082712322189F0FD5C927D460F0WP8%26src%3Dsearch,Laptop MSI Cyborg 15 B2RWFKG Core 7-240H RTX 5060 16GB 512GB SSD 15.6 Inch FHD 144Hz 100sRGB Windows 11,Msi,Cyborg 15,CORE 7-240H,16,512,RTX 5060,15.6,21909000,,new,KangLaptop_NEW,5.0,,False,,Jakarta Selatan,2026-08-27T12:32:29.619934,False,
tokopedia,102668117502,https://www.tokopedia.com/rogonline/laptop-msi-modern-14-core-i5-gen-13-32gb-1tb-ssd-windows-11-14-inch-ips-panel-f13mg-1733498991880013031?extParam=ivf%3Dfalse%26keyword%3Dlaptop+msi%26search_id%3D2026082712322189F0FD5C927D460F0WP8%26src%3Dsearch,Laptop MSI Modern 14 Core I5 Gen 13 32GB 1TB SSD Windows 11 + Office 14 Inch IPS Panel F13MG,Msi,Modern 14,,32,1024,,14,10569000,,new,ROGZ Online,5.0,,False,,Jakarta Pusat,2026-08-27T12:32:29.620144,False,
tokopedia,102524059931,https://www.tokopedia.com/rogsstoreid/msi-cyborg-15-rtx5050-core-i7-13620h-32gb-1tb-ssd-w11-ohs-15-6fhd-144hz-4zrgb-2y-adp-laptop-gaming-performa-tinggi-dengan-spesifikasi-unggulan-1733096603314521420?extParam=ivf%3Dfalse%26keyword%3Dlaptop+msi%26search_id%3D2026082712322189F0FD5C927D460F0WP8%26src%3Dsearch,MSI CYBORG 15 RTX5050 CORE I7 13620H 32GB 1TB SSD W11+OHS 15.6FHD 144HZ 4ZRGB 2Y+ADP Laptop Gaming Performa Tinggi dengan Spesifikasi Unggulan,Msi,Cyborg 15,I7 13620H,32,1024,RTX5050,50,19809000,,new,ROGS STORE,5.0,,False,,Jakarta Utara,2026-08-27T12:32:29.620609,False,
tokopedia,100581115382,https://www.tokopedia.com/gasolsumbersari/msi-crosshair-16-hx-ai-d2xwfkg-039id-rtx-5060-intel-core-ultra-9-275hx-1tb-ssd-16gb-ram-notebook-laptop-gaming-1731631241489254287?extParam=ivf%3Dfalse%26keyword%3Dlaptop+msi%26search_id%3D2026082712322189F0FD5C927D460F0WP8%26src%3Dsearch,MSI CROSSHAIR 16 HX AI D2XWFKG-039ID - RTX 5060 Intel Core Ultra 9 275HX 1TB SSD 16GB RAM Notebook Laptop Gaming,Msi,,INTEL CORE ULTRA 9 275HX,16,1024,RTX 5060,16,28494000,,new,GASOL SUMBERSARI,5.0,,False,,Malang,2026-08-27T12:32:29.620756,False,
tokopedia,103045294893,https://www.tokopedia.com/royalltech/laptop-msi-modern-14-intel-core-i5-1335-8gb-512gb-w11-14-0fhd-ips-backlit-garansi-resmi-1734411304562689527?extParam=ivf%3Dfalse%26keyword%3Dlaptop+msi%26search_id%3D2026082712322189F0FD5C927D460F0WP8%26src%3Dsearch,LAPTOP MSI MODERN 14 INTEL CORE I5 1335 8GB 512GB W11 14.0FHD IPS Backlit Garansi Resmi,Msi,Modern 14,I5 1335,8,,,14,19999000,,new,royalltech,5.0,,False,,Jakarta Utara,2026-08-27T12:32:29.620879,False,
tokopedia,102456755721,https://www.tokopedia.com/onestopgaming/bonus-pembelian-laptop-msi-modern-1732947003474412802?extParam=ivf%3Dfalse%26keyword%3Dlaptop+msi%26search_id%3D2026082712322189F0FD5C927D460F0WP8%26src%3Dsearch,HANYA Bonus Pembelian Laptop MSI Modern 14 15,Msi,Modern 14,,,,,,99500,,new,Onestop Gaming,5.0,,False,,Jakarta Pusat,2026-08-27T12:32:29.620987,True,price_far_below_market(<5000000)
tokopedia,103020500017,https://www.tokopedia.com/gasol-kaliurang/msi-modern-14-f13mg-678id-core-i5-1334u-512gb-ssd-8gb-ram-uhd-graphics-gray-notebook-laptop-1734373569560544381?extParam=ivf%3Dfalse%26keyword%3Dlaptop+msi%26search_id%3D2026082712322189F0FD5C927D460F0WP8%26src%3Dsearch,MSI Modern 14 F13MG 678ID - Core i5-1334U 512GB SSD 8GB RAM UHD Graphics - Gray Notebook Laptop,Msi,Modern 14,I5-1334U,8,512,,78,10494000,,new,GASOL KALIURANG,5.0,,False,,Malang,2026-08-27T12:32:29.621201,False,
tokopedia,15950633332,https://www.tokopedia.com/msi-id/msi-mag-coreliquid-a13-360-argb-cpu-fan-cooler-intel-amd-laptop-radiator-1730687171473671189?extParam=ivf%3Dfalse%26keyword%3Dlaptop+msi%26search_id%3D2026082712322189F0FD5C927D460F0WP8%26src%3Dsearch,MSI MAG Coreliquid A13 360 ARGB - CPU Fan Cooler Intel & AMD Laptop Radiator,Msi,,,,,,,1490000,,new,MSI Shop ID,5.0,,False,,Jakarta Utara,2026-08-27T12:32:29.621334,True,price_far_below_market(<5000000)
"tokopedia,15184517067,https://www.tokopedia.com/level99id/laptop-msi-cyborg-15-a13udxk-1442-i7-13620h-16-512gb-rtx3050-6gb-15-6-fhd-144hz-w11-ohs?extParam=ivf%3Dfalse%26keyword%3Dlaptop+msi%26search_id%3D2026082712322189F0FD5C927D460F0WP8%26src%3Dsearch,""LAPTOP MSI CYBORG 15 A13UDXK-1442 I7-13620H 16/512GB RTX3050 6GB 15,6""""FHD 144Hz W11+OHS"",Msi,Cyborg 15,I7-13620H,,,RTX3050,42,16699000,,new,Level99Store,5.0,,False,,Surabaya,2026-08-27T12:32:29.621461,False,"
tokopedia,102776971162,https://www.tokopedia.com/rogonline/laptop-msi-modern-14-f13mg-core-i3-gen-13-8gb-1tb-ips-w11-ohs-14-inch-ips-panel-1733831330617132263?extParam=ivf%3Dfalse%26keyword%3Dlaptop+msi%26search_id%3D2026082712322189F0FD5C927D460F0WP8%26src%3Dsearch,Laptop MSI Modern 14 F13MG Core I3 Gen 13 8GB 1TB IPS W11 + OHS 14 Inch IPS Panel,Msi,Modern 14,,8,,,14,9719000,,new,ROGZ Online,5.0,,False,,Jakarta Pusat,2026-08-27T12:32:29.621586,False,
tokopedia,103442613195,https://www.tokopedia.com/ten-com/msi-thin-15-i5-13420h-rtx4050-6gb-16gb-512gb-w11-15-6fhd-144hz-backlit-laptop-intel-core-i5-12450h-nvidia-geforce-rtx-4050-garansi-resmi-2-tahun-1730112706821719303-1735884783140308231?extParam=ivf%3Dtrue%26keyword%3Dlaptop+msi%26search_id%3D2026082712322189F0FD5C927D460F0WP8%26src%3Dsearch,MSI Thin 15 RTX3050 Intel i5 13420H 16GB 512GB 15.6inch 144HZ Windows 11 Backlit Garansi Resmi - Laptop Gaming MSI,Msi,Thin 15,I5 13420H,16,,RTX3050,15.6,13729000,,new,Ten Com,5.0,,False,,Jakarta Selatan,2026-08-27T12:32:29.621718,False,
tokopedia,103522068301,https://www.tokopedia.com/alienwareofficial/laptop-gaming-msi-crosshair-16-hx-ai-ultra-9-275hx-rtx5070-16gb-1tb-w11-ohs-16-0qhd-240hz-041-laptop-1731703279015134483-1736225496286922003?extParam=ivf%3Dfalse%26keyword%3Dlaptop+msi%26search_id%3D2026082712322189F0FD5C927D460F0WP8%26src%3Dsearch,LAPTOP GAMING MSI CROSSHAIR 16 HX AI ULTRA 9 275HX RTX5070 16GB 1TB W11+OHS 16.0QHD+ 240HZ -041 - LAPTOP,Msi,,,16,,RTX5070,16,30939000,,new,AI Official Store,5.0,,False,,Jakarta Utara,2026-08-27T12:32:29.621846,False,
"tokopedia,103714647165,https://www.tokopedia.com/gateway/lenovo-yoga-slim-7-14-oled-touch-evo-ultra-7-155h-16gb-1tb-w11-ohs-14-1736977654444164533?extParam=ivf%3Dfalse%26keyword%3Dlaptop+msi%26search_id%3D2026082712322189F0FD5C927D460F0WP8%26src%3Dsearch,""MSI CROSSHAIR 16 HX CORE I7 14650HX RTX5060 8GB/ 16GB 512GB W11+OHS+M365B 16"""" QHD+ 240HZ 100DCIP3 4ZRGB 2Y+ADP BLK -E14WFK.090 LAPTOP GAMING"",Msi,,I7 14650HX,16,,RTX5060,16,30429000,,new,Gateway Indonesia Comp,5.0,,False,,Jakarta Utara,2026-08-27T12:32:29.621989,False,"
tokopedia,103105673475,https://www.tokopedia.com/royalltech/laptop-spc-style-5-ryzen-5-3500-8gb-256gb-w11-office-14-0fhd-ips-blit-1729909218111423991-1734684377631655415?extParam=ivf%3Dfalse%26keyword%3Dlaptop+msi%26search_id%3D2026082712322189F0FD5C927D460F0WP8%26src%3Dsearch,LAPTOP MSI MODERN 14 INTEL I5 1334 8GB 512GB W11+OHS 14.0 FHD IPS BACKLIT,Msi,Modern 14,I5 1334,8,,,14,10569000,,new,royalltech,5.0,,False,,Jakarta Utara,2026-08-27T12:32:29.622108,False,
tokopedia,103173325732,https://www.tokopedia.com/ten-com/laptop-gaming-msi-thin-15-intel-i7-13620h-rtx4050-32gb-1tb-15-6inch-144hz-garansi-resmi-1730013144756946183-1734897675487053063?extParam=ivf%3Dtrue%26keyword%3Dlaptop+msi%26search_id%3D2026082712322189F0FD5C927D460F0WP8%26src%3Dsearch,Laptop Gaming MSI Thin 15 Intel i7 13620H RTX4050 32GB 1TB 15.6inch 144HZ Garansi Resmi,Msi,Thin 15,I7 13620H,32,,RTX4050,15.6,15159000,,new,Ten Com,5.0,,False,,Jakarta Selatan,2026-08-27T12:32:29.622268,False,
"tokopedia,103718657967,https://www.tokopedia.com/gateway/msi-modern-14-core-i3-1315-8gb-512gb-ssd-w11-14-inch-fhd-blit-ips-c13m-1730029976736662965-1736986035944785333?extParam=ivf%3Dfalse%26keyword%3Dlaptop+msi%26search_id%3D2026082712322189F0FD5C927D460F0WP8%26src%3Dsearch,""MSI MODERN 14 F13MG CORE I3 1315 16GB 512GB W11 14"""" FHD BLIT IPS LAPTOP"",Msi,Modern 14,I3 1315,16,,,14,9709000,,new,Gateway Indonesia Comp,4.9,,False,,Jakarta Utara,2026-08-27T12:32:29.623189,False,"
tokopedia,103045465827,https://www.tokopedia.com/royalltech/laptop-msi-thin-15-intel-i5-13420h-rtx3050-ram-32gb-1tb-ssd-windows-11-15-6-fhd-144hz-laptop-gaming-garansi-2th-1734411405445596663?extParam=ivf%3Dfalse%26keyword%3Dlaptop+msi%26search_id%3D2026082712322189F0FD5C927D460F0WP8%26src%3Dsearch,Laptop MSI Thin 15 Intel i5-13420H RTX3050 Ram 32GB/1TB SSD Windows 11 15.6” FHD 144Hz Laptop Gaming Garansi 2TH,Msi,Thin 15,I5-13420H,32,1024,RTX3050,15,13739000,,new,royalltech,4.8,,False,,Jakarta Utara,2026-08-27T12:32:29.624194,False,
"tokopedia,11676403593,https://www.tokopedia.com/gaminglaptopid/laptop-msi-modern-14-i3-1315u-8gb-512gb-w11-14-0-fhd-ips-1729882427721680491?extParam=ivf%3Dfalse%26keyword%3Dlaptop+msi%26search_id%3D2026082712322189F0FD5C927D460F0WP8%26src%3Dsearch%26whid%3D13856,""Laptop MSI MODERN 14 I3 1315U 8GB 512GB W11 14.0"""" FHD IPS"",Msi,Modern 14,I3 1315U,8,,,14,9719000,,new,Gaming Laptop ID,4.8,,False,,Jakarta Utara,2026-08-27T12:32:29.624419,False,"
"tokopedia,14378369172,https://www.tokopedia.com/gamingpcstore/msi-spatium-s270-ssd-sata-sataiii-2-5-240gb-laptop-pc?extParam=ivf%3Dfalse%26keyword%3Dlaptop+msi%26search_id%3D2026082712322189F0FD5C927D460F0WP8%26src%3Dsearch,""MSI SPATIUM S270 SSD SATA SATAIII 2.5"""" 240GB - LAPTOP / PC"",Msi,S270,,,,,,1196000,,new,STAR17 COM,,,False,,Jakarta Selatan,2026-08-27T12:32:29.624648,True,price_far_below_market(<5000000)"
tokopedia,103768120190,https://www.tokopedia.com/paradisestoreid/laptop-msi-modern-14-f13mg-i5-1334u-8gb-512gb-14-0-fhd-ips-2yr-w11-ohs24-platinum-grey-1737109257790457266?extParam=ivf%3Dfalse%26keyword%3Dlaptop+msi%26search_id%3D2026082712322189F0FD5C927D460F0WP8%26src%3Dsearch,Laptop Msi Modern 14 F13MG I5 1334U 8GB 512GB 14 0 FHD IPS 2YR W11 OHS24 Platinum Grey,Msi,Modern 14,I5 1334U,8,,,,10915000,,new,paradisestore.id,,,False,,Jakarta Barat,2026-08-27T12:32:29.626008,False,
tokopedia,1806474170,https://www.tokopedia.com/armaggeddon-id/armaggeddon-tessaraxx-spy-series-argb-fan-support-aura-sync-1-fan-size-12cm?extParam=ivf%3Dtrue%26keyword%3Dlaptop+msi%26search_id%3D2026082712322189F0FD5C927D460F0WP8%26src%3Dsearch,Armaggeddon Tessaraxx SPY Series ARGB Fan | Support Aura Sync : ASUS / Gigabyte / MSI / SILENT FAN Black Laptop,Asus,,,,,,,116000,,new,Armaggeddon Indonesia,4.6,,False,,Jakarta Utara,2026-08-27T12:32:29.626371,True,price_far_below_market(<3500000)
tokopedia,10148897717,https://www.tokopedia.com/marketcomputer/baterai-ori-laptop-msi-ms-16w1-ms-16k3-ms-16r3-ms-16r1-ms-17f1-gaming?extParam=ivf%3Dfalse%26keyword%3Dlaptop+msi%26search_id%3D2026082712322189F0FD5C927D460F0WP8%26src%3Dsearch,Baterai Ori Laptop MSI MS-16W1 MS-16K3 MS-16R3 MS-16R1 MS-17F1 Gaming,Msi,,,,,,,350000,,new,Market Computer_NEW,5.0,,False,,Jakarta Pusat,2026-08-27T12:32:29.627331,True,price_far_below_market(<5000000)
tokopedia,1679563489,https://www.tokopedia.com/mentariasia/screen-protector-msi-17-3-laptop-kakay-premium-anti-bluray?extParam=ivf%3Dfalse%26keyword%3Dlaptop+msi%26src%3Dsearch,Screen Protector MSI 17.3 Laptop - KAKAY PREMIUM ANTI BLURAY,Msi,,,,,,,350000,,new,MENTARI ASIA,5.0,,False,,Jakarta Pusat,2026-08-27T12:33:08.910252,True,price_far_below_market(<5000000)
tokopedia,100674047099,https://www.tokopedia.com/partplus-899/dc-power-jack-connector-for-msi-ms-16r3-gf63-thin-9sc-ms-16w1-gf65-thin-10ue-ms-17f4-gf75-thin-laptop-5-5x2-5mm-1731789772102600201?extParam=ivf%3Dfalse%26keyword%3Dlaptop+msi%26src%3Dsearch,DC Power Jack Connector for MSI MS-16R3 GF63 Thin 9SC MS-16W1 GF65 Thin 10UE MS-17F4 GF75 Thin Laptop 5.5x2.5mm,Msi,Thin 9Sc,,,,,,100000,,new,Partplus,5.0,,False,,Bekasi,2026-08-27T12:33:08.917879,True,price_far_below_market(<5000000)
tokopedia,1343780441,https://www.tokopedia.com/tanpakamu/layar-led-lcd-for-laptop-msi-leopard-gp66-11ug-11ug-475id-msi-crosshair-15-b12uez-ne156qhm-ny1-y2-y4-n156kme-gna-15-6-inch-qhd-2k-40-pin-165hz-ips-1729824522684826905?extParam=ivf%3Dfalse%26keyword%3Dlaptop+msi%26src%3Dsearch,Layar Led Lcd For Laptop MSI Leopard GP66 11UG 11UG-475ID MSI Crosshair 15 B12UEZ NE156QHM-NY1 Y2 Y4 N156KME-GNA 15.6 Inch QHD 2K 40 Pin 165HZ IPS,Msi,NE156QHM-NY1,,,,,15.6,1200000,,new,The Last Notebook,5.0,,False,,Jakarta Pusat,2026-08-27T12:33:08.919782,True,price_far_below_market(<5000000)
tokopedia,16214566719,https://www.tokopedia.com/gameridsurabaya/laptop-axioo-pongo-735-intel-core-i7-13620h-rtx3050-6gb-ram-16gb-ssd-512gb-15-6full-hd-144hz-ips-rgb-3y-1730846610705713107?extParam=ivf%3Dfalse%26keyword%3Dlaptop+axioo%26search_id%3D20260827123434CD00692C3BFE590E74ZB%26src%3Dsearch,Laptop AXIOO PONGO 735 INTEL CORE I7 13620H RTX3050 6GB/ RAM 16GB SSD 512GB 15.6Full HD 144HZ IPS RGB 3Y,Axioo,,I7 13620H,16,512,RTX3050,35,14699000,,new,Gamer ID Surabaya,5.0,,False,,Surabaya,2026-08-27T12:34:42.745215,False,
"tokopedia,103084930223,https://www.tokopedia.com/teknotrend/axioo-hype-3-g12-intel-core-i3-1215u-8gb-256gb-ssd-14-fhd-ips-laptop-1734531705852168130?extParam=ivf%3Dfalse%26keyword%3Dlaptop+axioo%26search_id%3D20260827123434CD00692C3BFE590E74ZB%26src%3Dsearch,""[Extra Promo] - Axioo Hype 3 G12 Intel Core i3-1215U 8GB 256GB SSD 14"""" FHD IPS Laptop"",Axioo,,I3-1215U,8,256,,12,7210500,,new,TeknoTrend ID,5.0,,False,,Jakarta Pusat,2026-08-27T12:34:42.745453,False,"
"tokopedia,15607359699,https://www.tokopedia.com/rogsstoreid/laptop-axioo-hype-5-amd-x6-ryzen-5-6600h-16gb-ddr5-512gb-w11-14-0-fhd-non-bundle-w11-home-f4e4b?extParam=ivf%3Dfalse%26keyword%3Dlaptop+axioo%26search_id%3D20260827123434CD00692C3BFE590E74ZB%26src%3Dsearch,""LAPTOP AXIOO HYPE 5 AMD X6 RYZEN 5 6600H 16GB DDR5 512GB W11 14.0"""" FHD"",Axioo,,RYZEN 5 6600H,16,,,0,9291080,,new,ROGS STORE,5.0,,False,,Jakarta Utara,2026-08-27T12:34:42.745653,False,"
tokopedia,100532602841,https://www.tokopedia.com/herlinacom/laptop-axioo-hype-5-amd-x5-2-ryzen-5-7430u-ram-16gb-256gb-ssd-win-11-ori-14-0-full-hd-ips-1731506400719635854?extParam=ivf%3Dtrue%26keyword%3Dlaptop+axioo%26search_id%3D20260827123434CD00692C3BFE590E74ZB%26src%3Dsearch,Laptop Axioo Hype 5 Amd X5-2 Ryzen 5 7430U Ram 16Gb 256Gb Ssd Win 11 Ori 14.0 Full HD Ips,Axioo,,RYZEN 5 7430U,16,256,,,7189000,,new,Herlinacom,5.0,,False,,Depok,2026-08-27T12:34:42.745816,False,
tokopedia,103117136216,https://www.tokopedia.com/ten-com/laptop-axioo-hype-10-n4020-8gb-512gb-windows-10-pro-14-inch-1729848657390306567-1734720235283973383?extParam=ivf%3Dtrue%26keyword%3Dlaptop+axioo%26search_id%3D20260827123434CD00692C3BFE590E74ZB%26src%3Dsearch,Laptop Axioo Hype 10 N4020 8gb 512gb Windows 11 14 Inch,Axioo,,N4020,8,,,14,4209000,,new,Ten Com,5.0,,False,,Jakarta Selatan,2026-08-27T12:34:42.745969,False,
"tokopedia,103308712262,https://www.tokopedia.com/kingznotebook/laptop-axioo-hype-5-amd-x5-2-ryzen-5-7430u-16gb-256gb-w11-14-fhd-ips-1730945255818429607-1735311074243151532?extParam=ivf%3Dfalse%26keyword%3Dlaptop+axioo%26search_id%3D20260827123434CD00692C3BFE590E74ZB%26src%3Dsearch,""Laptop Axioo Hype 5 AMD X5-2 Ryzen 5 7430U 16GB 256GB W11 14"""" FHD IPS"",Axioo,,RYZEN 5 7430U,16,,,14,7289000,,new,Kingz Notebook,5.0,,False,,Jakarta Pusat,2026-08-27T12:34:42.746196,False,"
tokopedia,103003826466,https://www.tokopedia.com/royalltech/laptop-axioo-hype-r-5-touch-intel-core-i5-1235-24gb-512gb-ssd-windows-11-14-0fhd-ips-1kg-laptop-touch-screen-1734345828648650231?extParam=ivf%3Dfalse%26keyword%3Dlaptop+axioo%26search_id%3D20260827123434CD00692C3BFE590E74ZB%26src%3Dsearch,LAPTOP AXIOO HYPE-R 5 TOUCH INTEL CORE I5 1235 24GB 512GB SSD WINDOWS 11 14.0FHD IPS (1KG) - LAPTOP TOUCH SCREEN,Axioo,,I5 1235,24,512,,,10929000,,new,royalltech,5.0,,False,,Jakarta Utara,2026-08-27T12:34:42.746453,False,
tokopedia,103169423013,https://www.tokopedia.com/toptech/laptop-axioo-hype-1-intel-celeron-n4020-4gb-128gb-14-0hd-w11-1734871126000043124?extParam=ivf%3Dfalse%26keyword%3Dlaptop+axioo%26search_id%3D20260827123434CD00692C3BFE590E74ZB%26src%3Dsearch,LAPTOP AXIOO HYPE 1 INTEL CELERON N4020 4GB 128GB 14.0HD W11,Axioo,,CELERON N4020,4,,,14,3969000,,new,Top Tech Comp,5.0,,False,,Jakarta Utara,2026-08-27T12:34:42.746677,False,
"tokopedia,103498659834,https://www.tokopedia.com/royalltech/laptop-axioo-hype-1-intel-celeron-n4020-8gb-384gb-128gb-w11-office-14-0-hd-1730791335205570039-1736139641493358071?extParam=ivf%3Dfalse%26keyword%3Dlaptop+axioo%26search_id%3D20260827123434CD00692C3BFE590E74ZB%26src%3Dsearch,""LAPTOP AXIOO HYPE 2 INTEL N4500 6GB 128GB WINDOWS 11 14"""" INCH - GARANSI RESMI"",Axioo,,INTEL N4500,,,,14,4619000,,new,royalltech,5.0,,False,,Jakarta Utara,2026-08-27T12:34:42.746907,False,"
"tokopedia,102836197797,https://www.tokopedia.com/onestopgaming/laptop-axioo-hype-r5-oled-i5-1235u-ram-24gb-512gb-ssd-14-fhd-oled-windows-11-resmi-adp-1733971770641843458?extParam=ivf%3Dtrue%26keyword%3Dlaptop+axioo%26search_id%3D20260827123434CD00692C3BFE590E74ZB%26src%3Dsearch,""[ RESMI + ADP ] Laptop Axioo Hype R5 OLED Intel Core i5 1235U RAM 24GB 512GB SSD 14"""" FHD OLED Windows 11"",Axioo,,I5 1235U,24,512,,14,9327000,,new,Onestop Gaming,5.0,,False,,Jakarta Pusat,2026-08-27T12:34:42.747164,False,"
tokopedia,103194021967,https://www.tokopedia.com/toptech/laptop-axioo-mybook-z6-core-i3-1215u-8gb-256-ssd-14-0fhd-ips-w11-1734978120512668788?extParam=ivf%3Dfalse%26keyword%3Dlaptop+axioo%26search_id%3D20260827123434CD00692C3BFE590E74ZB%26src%3Dsearch,LAPTOP AXIOO HYPE AI 5 ULTRA 5 125H 8GB 256GB DOS 14.0FHD IPS,Axioo,,,8,,,25,10339000,,new,Top Tech Comp,5.0,,False,,Jakarta Utara,2026-08-27T12:34:42.747382,False,
"tokopedia,103033518444,https://www.tokopedia.com/axiooslimbook/laptop-axioo-pongo-760-v2-geforce-rtx4060-i7-13620h-16gb-512gb-15-6-fhd-144hz-1734207640241079663?extParam=ivf%3Dfalse%26keyword%3Dlaptop+axioo%26search_id%3D20260827123434CD00692C3BFE590E74ZB%26src%3Dsearch,""LAPTOP AXIOO PONGO 760 V2 GEFORCE RTX4060 - I7 13620H 16GB 512GB 15.6"""" FHD 144Hz"",Axioo,,I7 13620H,16,,RTX4060,20,21199000,,new,Axioo Official Store ID,5.0,,False,,Jakarta Utara,2026-08-27T12:34:42.747709,False,"
"tokopedia,15390749275,https://www.tokopedia.com/collinsofficial/laptop-axioo-hype-1-n4020-4gb-128ssd-w11-hd-14-ram-4gb-65d21?extParam=ivf%3Dfalse%26keyword%3Dlaptop+axioo%26search_id%3D20260827123434CD00692C3BFE590E74ZB%26src%3Dsearch,""Laptop Axioo Hype 1 N4020 4GB 128SSD W11 HD 14"""""",Axioo,,N4020,,,,11,4219000,,new,Collins Official,5.0,,False,,Jakarta Utara,2026-08-27T12:34:42.747871,False,"
tokopedia,102623717823,https://www.tokopedia.com/royalltech/laptop-axioo-hype-r-3-flip-oled-intel-i3-1215-24gb-256gb-w11-office-14-0fhd-pen-laptop-notebook-2in1-touch-screen-1733379241477965303?extParam=ivf%3Dfalse%26keyword%3Dlaptop+axioo%26search_id%3D20260827123434CD00692C3BFE590E74ZB%26src%3Dsearch,LAPTOP AXIOO HYPE-R 3 FLIP OLED INTEL I3 1215 24GB 256GB W11 OFFICE 14.0FHD + PEN - LAPTOP NOTEBOOK 2IN1 TOUCH SCREEN,Axioo,,I3 1215,24,,,,11999000,,new,royalltech,5.0,,False,,Jakarta Utara,2026-08-27T12:34:42.748077,False,
"tokopedia,103173625638,https://www.tokopedia.com/laptopcreatorid/laptop-axioo-hype-10-hype-1-celeron-n4020-8gb-256gb-w10-pro-14-fhd-1729885375823709202-1734899294966940690?extParam=ivf%3Dfalse%26keyword%3Dlaptop+axioo%26search_id%3D20260827123434CD00692C3BFE590E74ZB%26src%3Dsearch,""LAPTOP AXIOO HYPE 10 / HYPE 1 CELERON N4020 8GB 256GB W10 PRO 14"""" FHD"",Axioo,,CELERON N4020,8,,,14,3651480,,new,LAPTOP SHOP ID,5.0,,False,,Jakarta Utara,2026-08-27T12:34:42.748249,False,"
tokopedia,12892247892,https://www.tokopedia.com/herlinacom/laptop-axioo-hype-10-intel-n4020-ram-8gb-256gb-ssd-windows-ori-14-0-1731176178956010894?extParam=ivf%3Dtrue%26keyword%3Dlaptop+axioo%26search_id%3D20260827123434CD00692C3BFE590E74ZB%26src%3Dsearch,Laptop Axioo Hype 10 Intel N4020 Ram 8Gb 256Gb Ssd Windows Ori 14.0 Laptop Sekolah Garansi Resmi,Axioo,,INTEL N4020,8,256,,10,4889000,,new,Herlinacom,5.0,,False,,Depok,2026-08-27T12:34:42.748381,False,
tokopedia,14816036775,https://www.tokopedia.com/technocentral/laptop-axioo-hype-5-amd-jkt48-x3-ryzen-5-3500-8gb-256gb-14-0fhd-dos-windows-11-dos-laptop-3b27c?extParam=ivf%3Dfalse%26keyword%3Dlaptop+axioo%26search_id%3D20260827123434CD00692C3BFE590E74ZB%26src%3Dsearch,LAPTOP AXIOO HYPE 5 AMD JKT48 X3 RYZEN 5 3500 8GB 256GB 14.0FHD DOS / Windows 11,Axioo,,RYZEN 5 3500,8,,,,6539000,,new,Techno Central,5.0,,False,,Bogor,2026-08-27T12:34:42.748509,False,
tokopedia,16074645611,https://www.tokopedia.com/prostorecomputer/laptop-axioo-hype-7-amd-x7-ryzen-7-5825-hype-5-x5-x6-32gb-16gb-1tb-512gb-w11-office-14-0fhd-ips-blit-hdmi-1730797297501046683?extParam=ivf%3Dfalse%26keyword%3Dlaptop+axioo%26search_id%3D20260827123434CD00692C3BFE590E74ZB%26src%3Dsearch,LAPTOP AXIOO HYPE 7 AMD X7 RYZEN 7 5825 - HYPE 5 X5 X6 32GB 16GB 1TB 512GB W11 14.0FHD IPS BLIT HDMI,Axioo,,RYZEN 7 5825,16,,,,6172280,,new,ProStoreComputer,5.0,,False,,Jakarta Utara,2026-08-27T12:34:42.748661,False,
tokopedia,15635842181,https://www.tokopedia.com/prostorecomputer/laptop-axioo-hype-5-x6-x5-x3-ryzen-5-6600h-5560-5500-3500-16gb-512gb-ssd-w11-14-0fhd-ips-3500-dos-8-256-9240b?extParam=ivf%3Dfalse%26keyword%3Dlaptop+axioo%26search_id%3D20260827123434CD00692C3BFE590E74ZB%26src%3Dsearch,LAPTOP AXIOO HYPE 5 X6 X5 X3 RYZEN 5 6600H 5560 5500 3500 16GB 512GB SSD W11 14.0FHD IPS,Axioo,,RYZEN 5 6600H,16,512,,0,5923880,,new,ProStoreComputer,5.0,,False,,Jakarta Utara,2026-08-27T12:34:42.748778,False,
tokopedia,102668036277,https://www.tokopedia.com/prostorecomputer/laptop-axioo-hype-7-x8-x7-ryzen-7-7735hs-ryzen-7-6800h-ryzen-7-5825-16gb-512gb-w11-14-0fhd-ips-blit-hdmi-gry-1733498438053562267?extParam=ivf%3Dfalse%26keyword%3Dlaptop+axioo%26search_id%3D20260827123434CD00692C3BFE590E74ZB%26src%3Dsearch,Laptop AXIOO HYPE 7 X8 X7 Ryzen 7 7735HS Ryzen 7 6800H Ryzen 7 5825 16GB 512GB W11 14.0FHD IPS BLIT HDMI GRY,Axioo,,RYZEN 7 7735HS,16,,,35,7671880,,new,ProStoreComputer,5.0,,False,,Jakarta Utara,2026-08-27T12:34:42.748901,False,
tokopedia,103743271921,https://www.tokopedia.com/agresidtangerang/zyrex-l-book-n4020-8gb-128gb-w11pro-14-0-gry-1733497897080620059-1737048708532569115?extParam=ivf%3Dfalse%26keyword%3Dlaptop+axioo%26search_id%3D20260827123434CD00692C3BFE590E74ZB%26src%3Dsearch,[PROMO] Axioo Laptop Hype 5 AMD X3 Ryzen 5-3500U/8GB/256GB/FHD IPS Windows 11,Axioo,,,,,,,6277440,,new,Agres ID Tangerang,5.0,,False,,Tangerang,2026-08-27T12:34:42.749029,False,
"tokopedia,103458299432,https://www.tokopedia.com/distri-laptop/pick-up-toko-laptop-axioo-hype-1-celeron-4gb-8gb-128gb-14-hd-w11-1735229934268155405-1735946347104077325?extParam=ivf%3Dtrue%26keyword%3Dlaptop+axioo%26search_id%3D20260827123434CD00692C3BFE590E74ZB%26src%3Dsearch,""Pick up Toko / Kurir Toko - Laptop AXIOO HYPE 1 Celeron 4GB 8GB / 128GB 14"""" HD W11"",Axioo,,CELERON 4GB,8,,,14,3410394,,new,Distri Laptop,5.0,,False,,Jakarta Pusat,2026-08-27T12:34:42.749148,False,"
tokopedia,100280201889,https://www.tokopedia.com/distri-laptop/laptop-axioo-hype-5-x3-lollipop-edition-ryzen-5-7430u-8gb-256g-windows-11-1730468499111380493?extParam=ivf%3Dfalse%26keyword%3Dlaptop+axioo%26search_id%3D20260827123434CD00692C3BFE590E74ZB%26src%3Dsearch,Laptop Axioo HYPE 5 X5 Lollipop Edition Ryzen 5 7430U 8GB 256G Windows 11 Best Price,Axioo,,RYZEN 5 7430U,,,,,6908234,,new,Distri Laptop,5.0,,False,,Jakarta Pusat,2026-08-27T12:34:42.749364,False,
tokopedia,102372185783,https://www.tokopedia.com/legendeltro-id/laptop-axioo-pongo-725-v2-i7-13620h-rtx2050-4gb-16gb-512gb-w11-15-6fhd-144hz-ips-3y-blk-1732750416115500081?extParam=ivf%3Dfalse%26keyword%3Dlaptop+axioo%26search_id%3D20260827123434CD00692C3BFE590E74ZB%26src%3Dsearch,Laptop AXIOO PONGO 725 V2 I7 13620H RTX2050 4GB/ 16GB 512GB W11 15.6FHD 144HZ IPS 3Y BLK,Axioo,,I7 13620H,16,,RTX2050,20,14049000,,new,LEGEND.ELTRO.ID,5.0,,False,,Tangerang Selatan,2026-08-27T12:34:42.749600,False,
"tokopedia,102981967422,https://www.tokopedia.com/axiooslimbook/laptop-axioo-hype-5-amd-x3-lolipop-edition-ryzen-5-3500u-8gb-256gb-14-fhd-w11-1734306102242542959?extParam=ivf%3Dfalse%26keyword%3Dlaptop+axioo%26search_id%3D20260827123434CD00692C3BFE590E74ZB%26src%3Dsearch,""LAPTOP AXIOO HYPE 5 AMD X3 LOLIPOP EDITION - RYZEN 5 3500U 8GB 256GB 14""""FHD W11"",Axioo,,RYZEN 5 3500U,8,,,14,6709000,,new,Axioo Official Store ID,5.0,,False,,Jakarta Utara,2026-08-27T12:34:42.749922,False,"
tokopedia,102910522409,https://www.tokopedia.com/gamingdistributorid/laptop-axioo-hype-5-amd-x6-ryzen-5-6600h-16gb-512gb-w11-14-0fhd-ips-blit-hdmi-1734138114856158830?extParam=ivf%3Dtrue%26keyword%3Dlaptop+axioo%26search_id%3D20260827123434CD00692C3BFE590E74ZB%26src%3Dsearch,Laptop AXIOO HYPE 5 AMD X6 RYZEN 5 6600H 16GB 512GB W11 14.0FHD IPS BLIT HDMI,Axioo,,RYZEN 5 6600H,16,,,0,9199000,,new,GAMING DISTRIBUTOR ID,5.0,,False,,Jakarta Barat,2026-08-27T12:34:42.750096,False,
tokopedia,103001867212,https://www.tokopedia.com/royalltech/laptop-axioo-hype-r-3-oled-intel-core-i3-1215-24gb-256gb-ssd-w11-14-0fhd-under-1kg-1734343261117122039?extParam=ivf%3Dfalse%26keyword%3Dlaptop+axioo%26search_id%3D20260827123434CD00692C3BFE590E74ZB%26src%3Dsearch,LAPTOP AXIOO HYPE-R 3 OLED INTEL CORE I3 1215 24GB 256GB SSD W11 14.0FHD (UNDER 1KG),Axioo,,I3 1215,24,256,,,9349000,,new,royalltech,5.0,,False,,Jakarta Utara,2026-08-27T12:34:42.750229,False,
"tokopedia,16506990909,https://www.tokopedia.com/protechcom/laptop-axioo-hype-1-celeron-n4020-4gb-128gb-ssd-14-hd-windows-11-resmi-1731071902064346158?extParam=ivf%3Dfalse%26keyword%3Dlaptop+axioo%26search_id%3D20260827123434CD00692C3BFE590E74ZB%26src%3Dsearch,""Laptop Axioo HYPE 1 Celeron N4020 4GB 128GB SSD 14"""" HD WINDOWS 11 RESMI"",Axioo,,CELERON N4020,4,128,,14,4219000,,new,ProTech Com,5.0,,False,,Jakarta Utara,2026-08-27T12:34:42.750371,False,"
tokopedia,16290197299,https://www.tokopedia.com/toptech/laptop-axioo-hype-r-3-oled-core-i3-1215-24gb-256gb-ssd-14-0-fhd-w11-1730890894348616820?extParam=ivf%3Dfalse%26keyword%3Dlaptop+axioo%26search_id%3D20260827123434CD00692C3BFE590E74ZB%26src%3Dsearch,Laptop AXIOO Hype R 3 OLED Core i3 1215 24GB 256GB ssd 14.0 FHD W11,Axioo,,I3 1215,24,256,,,8577065,,new,Top Tech Comp,5.0,,False,,Jakarta Utara,2026-08-27T12:34:42.750492,False,
tokopedia,102958716514,https://www.tokopedia.com/royalltech/laptop-axioo-hype-5-amd-x5-2-ryzen-5-7430-16gb-512gb-w11-office-14-0-fhd-ips-backlit-hdmi-garansi-resmi-1734256279795631607?extParam=ivf%3Dfalse%26keyword%3Dlaptop+axioo%26search_id%3D20260827123434CD00692C3BFE590E74ZB%26src%3Dsearch,Laptop AXIOO HYPE 5 AMD X5-2 RYZEN 5 7430 16GB 512GB W11 OFFICE 14.0 FHD IPS Backlit HDMI Garansi Resmi,Axioo,,RYZEN 5 7430,16,,,,7189000,,new,royalltech,5.0,,False,,Jakarta Utara,2026-08-27T12:34:42.750642,False,
tokopedia,102994952463,https://www.tokopedia.com/royalltech/laptop-axioo-hype-7-amd-x7-2-ryzen-7-5825-16gb-512gb-office-w11-14-0fhd-ips-hdmi-tipis-1kg-hdmi-backlit-laptop-tipis-laptop-oled-1734332311017981431?extParam=ivf%3Dfalse%26keyword%3Dlaptop+axioo%26search_id%3D20260827123434CD00692C3BFE590E74ZB%26src%3Dsearch,Laptop AXIOO HYPE 7 AMD X7-2 RYZEN 7 5825 16GB 512GB OFFICE W11 14.0FHD IPS HDMI Tipis 1KG HDMI Backlit Laptop Tipis Laptop Oled,Axioo,,RYZEN 7 5825,16,,,,8609000,,new,royalltech,5.0,,False,,Jakarta Utara,2026-08-27T12:34:42.750775,False,
"tokopedia,103028059283,https://www.tokopedia.com/axiooslimbook/laptop-axioo-hype-r-3-oled-i3-1215u-24gb-256gb-ssd-14-fhd-windows-11-1734384909289358703?extParam=ivf%3Dfalse%26keyword%3Dlaptop+axioo%26search_id%3D20260827123434CD00692C3BFE590E74ZB%26src%3Dsearch,""LAPTOP AXIOO HYPE R 3 OLED - I3 1215U 24GB 256GB SSD 14"""" FHD +WINDOWS 11"",Axioo,,I3 1215U,24,256,,14,9349000,,new,Axioo Official Store ID,5.0,,False,,Jakarta Utara,2026-08-27T12:34:42.750886,False,"
tokopedia,12653085972,https://www.tokopedia.com/gaminglaptopid/laptop-axioo-hype-10-n4020-8gb-256gb-w10pro-14-0-1729885295530182251?extParam=ivf%3Dfalse%26keyword%3Dlaptop+axioo%26search_id%3D20260827123434CD00692C3BFE590E74ZB%26src%3Dsearch%26whid%3D13856,Laptop AXIOO HYPE 10 N4020 8GB 256GB W10PRO 14.0,Axioo,,N4020,8,,,10,4889000,,new,Gaming Laptop ID,5.0,,False,,Jakarta Utara,2026-08-27T12:34:42.751009,False,
"tokopedia,14585220000,https://www.tokopedia.com/gateway/axioo-hype-5-amd-jkt48-x3-ryzen-5-3500-8gb-256gb-ssd-w11-14-fhd-ips-1730150774798058933?extParam=ivf%3Dfalse%26keyword%3Dlaptop+axioo%26search_id%3D20260827123434CD00692C3BFE590E74ZB%26src%3Dsearch,""AXIOO HYPE 5 AMD JKT48 X3 RYZEN 5 3500 8GB 256GB W11 14"""" FHD IPS LAPTOP"",Axioo,,RYZEN 5 3500,8,,,14,6429000,,new,Gateway Indonesia Comp,5.0,,False,,Jakarta Utara,2026-08-27T12:34:42.751127,False,"
tokopedia,102566785235,https://www.tokopedia.com/kanglaptop/laptop-axioo-hype-1-n4020-8gb-128gb-w11-14-0-1733230708777453385?extParam=ivf%3Dfalse%26keyword%3Dlaptop+axioo%26search_id%3D20260827123434CD00692C3BFE590E74ZB%26src%3Dsearch,LAPTOP AXIOO HYPE 1 N4020 8GB 128GB W11 14.0,Axioo,,N4020,8,,,,4209000,,new,KangLaptop_NEW,5.0,,False,,Jakarta Selatan,2026-08-27T12:34:42.751234,False,
tokopedia,100607816915,https://www.tokopedia.com/agresid/laptop-axioo-hype-1-n4020-8gb-128gb-w11-14-0-1731684982807299139?extParam=ivf%3Dfalse%26keyword%3Dlaptop+axioo%26search_id%3D20260827123434CD00692C3BFE590E74ZB%26src%3Dsearch,LAPTOP AXIOO HYPE 1 N4020 8GB 128GB W11 14.0,Axioo,,N4020,8,,,,3897223,,new,AGRES ID,5.0,,False,,Jakarta Utara,2026-08-27T12:34:42.751336,False,
"tokopedia,100732677081,https://www.tokopedia.com/alienwarestore/laptop-axioo-pongo-775-rtx5070-8gb-core-i7-13620h-16gb-512gb-w11-16-qhd-180hz-1731885431180789080?extParam=ivf%3Dfalse%26keyword%3Dlaptop+axioo%26search_id%3D20260827123434CD00692C3BFE590E74ZB%26src%3Dsearch,""LAPTOP AXIOO PONGO 775 RTX5070 8GB CORE i7 13620H 16GB 512GB W11 16"""" QHD+ 180HZ"",Axioo,,I7 13620H,16,,RTX5070,20,25879000,,new,ALIENWARE GAMING STORE,5.0,,False,,Jakarta Utara,2026-08-27T12:34:42.751454,False,"
tokopedia,100331331107,https://www.tokopedia.com/herlinacom/laptop-axioo-hype-r-3-intel-core-i3-1215u-ram-12gb-256gb-ssd-win-11-ori-14-0-full-hd-1731377427573933454?extParam=ivf%3Dtrue%26keyword%3Dlaptop+axioo%26search_id%3D20260827123434CD00692C3BFE590E74ZB%26src%3Dsearch,Laptop Axioo Hype - R 3 Intel Core i3 1215U Ram 12Gb 256Gb Ssd Win 11 Ori 14.0 Full HD,Axioo,,I3 1215U,12,256,,,7859000,,new,Herlinacom,5.0,,False,,Depok,2026-08-27T12:34:42.751580,False,
tokopedia,16250026021,https://www.tokopedia.com/technocentral/laptop-axioo-hype-r-5-oled-i5-1235-24gb-512gb-dos-windows-11-14-0fhd-blk-under-1kg-1730865628033287811?extParam=ivf%3Dfalse%26keyword%3Dlaptop+axioo%26search_id%3D20260827123434CD00692C3BFE590E74ZB%26src%3Dsearch,LAPTOP AXIOO HYPE-R 5 OLED I5 1235 24GB 512GB DOS / WINDOWS 11 - 14.0FHD BLK (UNDER 1KG),Axioo,,I5 1235,24,,,,11259000,,new,Techno Central,5.0,,False,,Bogor,2026-08-27T12:34:42.751755,False,
"tokopedia,100557408735,https://www.tokopedia.com/agresidjakut/axioo-hype-7-amd-x8-ryzen-7-6800h-ram-16gb-512gb-windows-11-14-0-full-hd-ips-backlight-hdmi-gry-1731569174340142674?extParam=ivf%3Dfalse%26keyword%3Dlaptop+axioo%26search_id%3D20260827123434CD00692C3BFE590E74ZB%26src%3Dsearch,""[LAPTOP] AXIOO HYPE 7 AMD X8 RYZEN 7 6800H RAM 16GB 512GB WINDOWS 11 14.0"""" FULL HD IPS BACKLIT HDMI GARANSI RESMI"",Axioo,,RYZEN 7 6800H,16,,,0,10209000,,new,Agres ID Jakarta Utara,5.0,,False,,Jakarta Pusat,2026-08-27T12:34:42.751890,False,"
tokopedia,102995050399,https://www.tokopedia.com/royalltech/laptop-axioo-hype-5-amd-x5-2-ryzen-5-7430-16gb-512gb-w11-office-14-0fhd-ips-backlit-hdmi-1734332496582182391?extParam=ivf%3Dfalse%26keyword%3Dlaptop+axioo%26search_id%3D20260827123434CD00692C3BFE590E74ZB%26src%3Dsearch,Laptop AXIOO HYPE 5 AMD X5-2 RYZEN 5 7430 16GB 512GB W11 OFFICE 14.0FHD IPS Backlit HDMI,Axioo,,RYZEN 5 7430,16,,,,7189000,,new,royalltech,5.0,,False,,Jakarta Utara,2026-08-27T12:34:42.752014,False,
tokopedia,15937862501,https://www.tokopedia.com/gamingdistributorid/laptop-axioo-hype-r5-r3-oled-i5-1235-i3-1215-24gb-512gb-12gb-256gb-w11-free-intsall-office-14-0fhd-under-1kg-1730674205232629358?extParam=ivf%3Dtrue%26keyword%3Dlaptop+axioo%26search_id%3D20260827123434CD00692C3BFE590E74ZB%26src%3Dsearch,Laptop Axioo HYPE-R 5 I5 1235 24GB 1TB SSD W11 14.0FHD (1KG),Axioo,,I5 1235,24,1024,,,10219000,,new,GAMING DISTRIBUTOR ID,5.0,,False,,Jakarta Barat,2026-08-27T12:34:42.752127,False,
tokopedia,100277703089,https://www.tokopedia.com/teknotrend/laptop-axioo-hype-r5-oled-ips-core-i5-1235u-24gb-512gb-14-fhd-1730968629444511682?extParam=ivf%3Dfalse%26keyword%3Dlaptop+axioo%26search_id%3D20260827123434CD00692C3BFE590E74ZB%26src%3Dsearch,Laptop Axioo Hype R5 OLED IPS Core i5 1235U 24GB 512GB 14 FHD,Axioo,,I5 1235U,24,,,,9739500,,new,TeknoTrend ID,5.0,,False,,Jakarta Pusat,2026-08-27T12:34:42.752238,False,
"tokopedia,100642556947,https://www.tokopedia.com/teknotrend/laptop-axioo-mybook-hype-10-celeron-n4020-ram-8gb-256gb-ssd-14-1731746038005401538?extParam=ivf%3Dfalse%26keyword%3Dlaptop+axioo%26search_id%3D20260827123434CD00692C3BFE590E74ZB%26src%3Dsearch,""Laptop Axioo Mybook Hype 10 Celeron N4020 RAM 8GB 256GB SSD 14"""""",Axioo,,CELERON N4020,8,256,,10,4994500,,new,TeknoTrend ID,5.0,,False,,Jakarta Pusat,2026-08-27T12:34:42.752354,False,"
tokopedia,100258809321,https://www.tokopedia.com/jagonotebook/axioo-hype-5-amd-x5-2-ryzen-5-7430-8gb-256gb-windows-11-14-0fhd-ips-laptop-murah-1730691844401891048?extParam=ivf%3Dfalse%26keyword%3Dlaptop+axioo%26search_id%3D20260827123434CD00692C3BFE590E74ZB%26src%3Dsearch,Axioo Hype 5 AMD X5-2 RYZEN 5 7430 8GB 256GB Windows 11 14.0FHD IPS laptop murah,Axioo,,RYZEN 5 7430,8,,,,7189000,,new,JAGO Notebook,5.0,,False,,Kab. Tangerang,2026-08-27T12:34:42.752476,False,
tokopedia,16374074756,https://www.tokopedia.com/kakilimacom/laptop-axioo-hype-3-g11-core-i3-1125g4-ram-8gb-256gb-ssd-win11-14-inch-fhd-ips-1730956171708433498?extParam=ivf%3Dfalse%26keyword%3Dlaptop+axioo%26search_id%3D20260827123434CD00692C3BFE590E74ZB%26src%3Dsearch,Laptop Axioo Hype 3 G11 Core i3-1125G4 ram 8GB 256GB ssd Win11 14 inch FHD IPS,Axioo,,,8,256,,14,6819000,,new,KakiLima Comp,5.0,,False,,Kab. Tangerang,2026-08-27T12:34:42.752593,False,
tokopedia,103575860636,https://www.tokopedia.com/laptopgrosirid/laptop-axioo-mybook-hype-3-i3-1005g1-8gb-256ssd-win-11-pro-1736491586002322761?extParam=ivf%3Dtrue%26keyword%3Dlaptop+axioo%26search_id%3D20260827123434CD00692C3BFE590E74ZB%26src%3Dsearch,[FLASH SALE] Laptop Axioo Hype 3 G11 Intel i3 1125G4 Ram 16GB 512GB Ssd Windows 11 Pro 14.0 Inc FHD IPS,Axioo,,,16,512,,11,6958163,,new,Laptop Grosir ID,5.0,,False,,Jakarta Selatan,2026-08-27T12:34:42.752717,False,
"tokopedia,100767817995,https://www.tokopedia.com/intelstore-id/laptop-axioo-hype-3-gen-11-core-i3-1125g4-8gb-256gb-14-fhd-1731938190585791914?extParam=ivf%3Dfalse%26keyword%3Dlaptop+axioo%26search_id%3D20260827123434CD00692C3BFE590E74ZB%26src%3Dsearch,""Laptop Axioo Hype 3 ( GEN 11 ) - Core I3 1125G4 8GB 256GB 14""""FHD"",Axioo,,,8,,,14,6809000,,new,INTEL STORE ID,5.0,,False,,Jakarta Utara,2026-08-27T12:34:42.752835,False,"
"tokopedia,16053347650,https://www.tokopedia.com/gaminglaptopid/laptop-axioo-mybook-hype-3-g11-core-i3-1125g4-8gb-256gb-14-fhd-1730785853402416747?extParam=ivf%3Dfalse%26keyword%3Dlaptop+axioo%26search_id%3D20260827123434CD00692C3BFE590E74ZB%26src%3Dsearch%26whid%3D13856,""Laptop Axioo Mybook Hype 3 G11 Core i3 1125G4 8GB 256GB 14"""" fhd"",Axioo,,,8,,,11,6819000,,new,Gaming Laptop ID,5.0,,False,,Jakarta Utara,2026-08-27T12:34:42.752942,False,"
tokopedia,15206055041,https://www.tokopedia.com/agres-id-electronics/axioo-pongo-750-i7-13620h-rtx4050-6gb-16gb-512gb-w11-15-6fhd-144hz-ips-rgb-3y-gry-laptop-garansi-resmi-1731060109485180824?extParam=ivf%3Dtrue%26keyword%3Dlaptop+axioo%26search_id%3D20260827123434CD00692C3BFE590E74ZB%26src%3Dsearch,AXIOO PONGO 750 I7 13620H RTX4050 6GB/ 16GB 512GB W11 15.6FHD 144HZ IPS RGB 3Y GRY LAPTOP GARANSI RESMI,Axioo,,I7 13620H,16,,RTX4050,50,17684000,,new,Agres ID Electronics,5.0,,False,,Depok,2026-08-27T12:34:42.753064,False,
"tokopedia,103274927984,https://www.tokopedia.com/onestopgaming/promo-exclusive-creator-laptop-axioo-hype-r5-oled-i5-1235u-ram-24gb-512gb-ssd-14-fhd-oled-windows-11-resmi-adp-1735179034270401794-1735179090238735618?extParam=ivf%3Dfalse%26keyword%3Dlaptop+axioo%26search_id%3D20260827123434CD00692C3BFE590E74ZB%26src%3Dsearch,""[ FLASH SALE ] Laptop Axioo Hype R5 OLED Intel Core i5 1235U RAM 24GB 512GB SSD 14"""" FHD OLED Windows 11 GARANSI RESMI + ADP"",Axioo,,I5 1235U,24,512,,14,9327000,,new,Onestop Gaming,5.0,,False,,Jakarta Pusat,2026-08-27T12:34:42.753197,False,"
"tokopedia,102984438690,https://www.tokopedia.com/axiooslimbook/laptop-axioo-hype-7-amd-x7-2-ryzen-7-5825u-8gb-16gb-14-fhd-ips-w11-1734311008636732783?extParam=ivf%3Dfalse%26keyword%3Dlaptop+axioo%26search_id%3D20260827123434CD00692C3BFE590E74ZB%26src%3Dsearch,""LAPTOP AXIOO HYPE 7 AMD X7-2 Ryzen 7 5825U 8GB / 16GB 14"""" FHD IPS +W11"",Axioo,,RYZEN 7 5825U,,,,14,8339000,,new,Axioo Official Store ID,5.0,,False,,Jakarta Utara,2026-08-27T12:34:42.753310,False,"
"tokopedia,12954995811,https://www.tokopedia.com/itgamingid/axioo-hype-x-laptop-intel-celeron-n4020-8gb-256gb-windows-10-pro-14-1-hd-display-garansi-1-tahun-1730002763429348617?extParam=ivf%3Dfalse%26keyword%3Dlaptop+axioo%26search_id%3D20260827123434CD00692C3BFE590E74ZB%26src%3Dsearch,""Axioo Hype X Laptop Intel Celeron N4020 8GB 256GB Windows 10 Pro 14.1"""" HD Garansi 1 Tahun"",Axioo,,CELERON N4020,8,,,14.1,4864000,,new,IT GAMING ID,5.0,,False,,Jakarta Pusat,2026-08-27T12:34:42.753434,False,"
tokopedia,103631907071,https://www.tokopedia.com/gameridos/axioo-hype-5-amd-x6-ryzen-5-6600h-16gb-512gb-w11-office-permanen-14-0fhd-ips-blit-hdmi-gry-1731381901208684129-1736708694101165665?extParam=ivf%3Dfalse%26keyword%3Dlaptop+axioo%26search_id%3D20260827123434CD00692C3BFE590E74ZB%26src%3Dsearch,LAPTOP AXIOO HYPE 5 AMD X6 RYZEN 5 6600H 16GB 512GB W11 14.0FHD IPS,Axioo,,RYZEN 5 6600H,16,,,0,9199000,,new,GAMER.ID,5.0,,False,,Jakarta Utara,2026-08-27T12:34:42.753546,False,
tokopedia,16148130410,https://www.tokopedia.com/collinsofficial/laptop-axioo-hype-5-amd-x5-2-lollipop-ryzen-5-7430-8gb-256gb-14-0-fhd-ips-w11-1730825119261886272?extParam=ivf%3Dfalse%26keyword%3Dlaptop+axioo%26search_id%3D20260827123434CD00692C3BFE590E74ZB%26src%3Dsearch,LAPTOP AXIOO HYPE 5 AMD X5-2 LOLLIPOP RYZEN 5 7430 8GB 256GB 14.0 FHD IPS W11,Axioo,,RYZEN 5 7430,8,,,,7499000,,new,Collins Official,5.0,,False,,Jakarta Utara,2026-08-27T12:34:42.753666,False,
tokopedia,103172004386,https://www.tokopedia.com/toptech/laptop-axioo-hype-5-x6-amd-ryzen-5-6600h-16gb-512gb-ssd-14-0-fhd-ips-w11-1730828697667535988-1734893404505146484?extParam=ivf%3Dfalse%26keyword%3Dlaptop+axioo%26search_id%3D20260827123434CD00692C3BFE590E74ZB%26src%3Dsearch,Laptop AXIOO Hype 5 X6 AMD Ryzen 5 6600H 16GB 512GB SSD 14.0 FHD IPS W11,Axioo,,RYZEN 5 6600H,16,512,,0,8439450,,new,Top Tech Comp,5.0,,False,,Jakarta Utara,2026-08-27T12:34:42.753821,False,
"tokopedia,12704196870,https://www.tokopedia.com/intelstore-id/axioo-mybook-hype-10-celeron-n4020-ram-8gb-256gb-ssd-14-0-hd-dos-non-bundle-dos-kosongan-8d893?extParam=ivf%3Dfalse%26keyword%3Dlaptop+axioo%26search_id%3D20260827123434CD00692C3BFE590E74ZB%26src%3Dsearch,""[PICKUP / KURIR TOKO] LAPTOP AXIOO MYBOOK HYPE 10 - CELERON N4020 RAM 8GB 256GB SSD 14.0"""" DOS"",Axioo,,CELERON N4020,8,256,,14,4693440,,new,INTEL STORE ID,5.0,,False,,Jakarta Utara,2026-08-27T12:34:42.753958,False,"
"tokopedia,16383233934,https://www.tokopedia.com/agresid/laptop-axioo-hype-r-3-i3-1215-12gb-256gb-14-fhd-1730963825563501599?extParam=ivf%3Dfalse%26keyword%3Dlaptop+axioo%26search_id%3D20260827123434CD00692C3BFE590E74ZB%26src%3Dsearch,""LAPTOP AXIOO HYPE-R 3 I3-1215 12GB 256GB 14"""" FHD"",Axioo,,I3-1215,12,,,14,7859000,,new,AGRES ID,5.0,,False,,Jakarta Utara,2026-08-27T12:34:42.754068,False,"
tokopedia,103795225117,https://www.tokopedia.com/studiolaptop/axioo-hype-10-x-hype-1-r1-u1-intel-celeron-n4020-8gb-4gb-256gb-128gb-laptop-notebook-garansi-resmi-cocok-untuk-kerja-kantor-sekolah-kuliah-1731268681971500871-1737197864788264775?extParam=ivf%3Dfalse%26keyword%3Dlaptop+axioo%26search_id%3D20260827123434CD00692C3BFE590E74ZB%26src%3Dsearch,AXIOO HYPE 10 X HYPE 1 R1 U1 INTEL CELERON N4020 | AXIOO HYPE 2 N4500 8GB 4GB 256GB 128GB - LAPTOP NOTEBOOK GARANSI RESMI COCOK UNTUK KERJA KANTOR SEKOLAH KULIAH,Axioo,,CELERON N4020,4,,,,3870000,,new,Studio Laptop,5.0,,False,,Jakarta Pusat,2026-08-27T12:34:42.754225,False,
"tokopedia,100565511266,https://www.tokopedia.com/onestopgaming/laptop-axioo-mybook-hype-5-x3-amd-ryzen-5-ram-8gb-256gb-ssd-14-fhd-ips-windows-11-resmi-axioo-adp-promo-1731586900496647426?extParam=ivf%3Dtrue%26keyword%3Dlaptop+axioo%26search_id%3D20260827123434CD00692C3BFE590E74ZB%26src%3Dsearch,""[ FLASH SALE ] Laptop Axioo Mybook HYPE 5 X3 AMD Ryzen 5 RAM 8GB 256GB SSD 14"""" FHD IPS Windows 11 Garansi RESMI + ADP"",Axioo,,,8,256,,14,6262000,,new,Onestop Gaming,5.0,,False,,Jakarta Pusat,2026-08-27T12:34:42.754354,False,"
"tokopedia,103113322618,https://www.tokopedia.com/ten-com/axioo-hype-7-amd-x7-2-ryzen-7-5825u-16gb-512gb-ssd-14-fhd-ips-windows-11-laptop-original-garansi-resmi-indonesia-1730149534403036423-1734709494094005511?extParam=ivf%3Dtrue%26keyword%3Dlaptop+axioo%26src%3Dsearch,""Axioo Hype 7 AMD X7-2 Ryzen 7 5825U 16GB 512GB SSD 14"""" FHD IPS Windows 11 Laptop Original Garansi Resmi Indonesia"",Axioo,,RYZEN 7 5825U,16,512,,14,8599000,,new,Ten Com,5.0,,False,,Jakarta Selatan,2026-08-27T12:35:27.613917,False,"
tokopedia,103198130924,https://www.tokopedia.com/gaminglaptopid/laptop-axioo-hype-5-amd-x3-ryzen-5-3500-8gb-256gb-w11-14-0fhd-ips-1730128614522586731-1734988656799549035?extParam=ivf%3Dfalse%26keyword%3Dlaptop+axioo%26src%3Dsearch%26whid%3D13856,LAPTOP AXIOO HYPE 7 AMD X7-2 | AMD X8-1 - Ryzen 7 5825U / RYZEN 7 6800H 8GB 16GB 512GB W11,Axioo,,RYZEN 7 5825U,16,,,0,8339000,,new,Gaming Laptop ID,5.0,,False,,Jakarta Utara,2026-08-27T12:35:27.614173,False,
tokopedia,12652770368,https://www.tokopedia.com/rogsstoreid/axioo-hype-10-celeron-n4020-8gb-256gb-ssd-14-windows-10-pro-standard-dos-tanpa-os-92e78?extParam=ivf%3Dfalse%26keyword%3Dlaptop+axioo%26src%3Dsearch,[ Pickup / Kurir Toko ] Axioo Hype 10 Celeron N4020 RAM 8GB SSD 256GB 14 Inch Windows 10 Pro Laptop,Axioo,,CELERON N4020,8,256,,14,4407922,,new,ROGS STORE,5.0,,False,,Jakarta Utara,2026-08-27T12:35:27.614346,False,
tokopedia,103668982875,https://www.tokopedia.com/gameridos/buble-wrap-aman-hanya-untuk-pembelian-di-gamer-id-4-1732770531429418593-1736817780204406369?extParam=ivf%3Dfalse%26keyword%3Dlaptop+axioo%26src%3Dsearch,LAPTOP AXIOO HYPE 2 N4500 6GB 128GB W11 14.0,Axioo,,N4500,,,,,4619000,,new,GAMER.ID,5.0,,False,,Jakarta Utara,2026-08-27T12:35:27.614467,False,
tokopedia,103482879951,https://www.tokopedia.com/decacom/laptop-axioo-hype-5-amd-x5-2-amd-ryzen-5-7430u-16gb-256gb-14-0fhd-ips-w11-1736063872814712799-1736063874708309983?extParam=ivf%3Dfalse%26keyword%3Dlaptop+axioo%26src%3Dsearch,Laptop Axioo Hype 5 AMD X5-2 AMD Ryzen 5 7430U 16GB 256GB 14.0FHD IPS W11,Axioo,,RYZEN 5 7430U,16,,,,6347080,,new,Deca Computer,5.0,,False,,Jakarta Utara,2026-08-27T12:35:27.614596,False,
tokopedia,103566545914,https://www.tokopedia.com/kanglaptop/axioo-hype-7-amd-x7-2-ryzen-7-5825u-8gb-16gb-512gb-w11-14-fhd-ips-blit-1731161676619810633-1736453073011115849?extParam=ivf%3Dtrue%26keyword%3Dlaptop+axioo%26src%3Dsearch,Laptop Axioo Hype 7 AMD X7-2 Ryzen 7-5825U 16GB 512GB SSD 14.0 Inch FHD IPS Windows 11 Pro,Axioo,,,16,512,,14,8329000,,new,KangLaptop_NEW,5.0,,False,,Jakarta Selatan,2026-08-27T12:35:27.614728,False,
tokopedia,15942932232,https://www.tokopedia.com/technocentral/laptop-axioo-hype-5-amd-x6-ryzen-5-6600h-16gb-512gb-w11-14-0fhd-ips-unit-only-bdb7e?extParam=ivf%3Dfalse%26keyword%3Dlaptop+axioo%26src%3Dsearch,LAPTOP AXIOO HYPE 5 AMD X6 RYZEN 5 6600H 16GB 512GB W11 14.0FHD IPS,Axioo,,RYZEN 5 6600H,16,,,0,10199000,,new,Techno Central,5.0,,False,,Bogor,2026-08-27T12:35:27.614903,False,
tokopedia,13497185741,https://www.tokopedia.com/gamer-id-depok-sawangan/axioo-hype-10-intel-n4020-8gb-256gb-windows-10-14-0-hd-1732304822148761148?extParam=ivf%3Dfalse%26keyword%3Dlaptop+axioo%26src%3Dsearch,Axioo Hype 10 Intel Celeron N4020 8GB DDR4 256GB SSD Windows 11 14.0 HD Midnight Black Laptop dengan Garansi 1 Tahun - Audio,Axioo,,CELERON N4020,8,256,,10,4889000,,new,Gamer ID Depok Sawangan,5.0,,False,,Depok,2026-08-27T12:35:27.615027,False,
tokopedia,102912503310,https://www.tokopedia.com/studiolaptop/best-price-axioo-hype-10-x-hype-1-intel-celeron-n4020-8gb-4gb-384gb-128gb-w11-office-14-0-hd-garansi-resmi-laptop-notebook-cocok-untuk-kantor-kuliah-pelajar-admin-streaming-netflix-drakor-1734141974440609607?extParam=ivf%3Dfalse%26keyword%3Dlaptop+axioo%26src%3Dsearch,BEST PRICE AXIOO HYPE 10 X HYPE 1 INTEL CELERON N4020 8GB 4GB 384GB 128GB W11 OFFICE 14.0 HD GARANSI RESMI - LAPTOP NOTEBOOK COCOK UNTUK KANTOR KULIAH PELAJAR ADMIN STREAMING NETFLIX DRAKOR,Axioo,,CELERON N4020,4,,,14,4997000,,new,Studio Laptop,5.0,,False,,Jakarta Pusat,2026-08-27T12:35:27.615189,False,
"tokopedia,103498624549,https://www.tokopedia.com/royalltech/laptop-axioo-hype-1-intel-n4020-8gb-256gb-384gb-128gb-w11-14-0-inch-1729849391782987255-1736139506202478071?extParam=ivf%3Dfalse%26keyword%3Dlaptop+axioo%26src%3Dsearch,""[BEBAS ONGKIR] LAPTOP AXIOO HYPE 1 INTEL N4020 8GB 256GB 384GB 128GB W11 OFFICE 14"""" INCH"",Axioo,,INTEL N4020,8,,,14,3969000,,new,royalltech,5.0,,False,,Jakarta Utara,2026-08-27T12:35:27.615319,False,"
"tokopedia,102835825550,https://www.tokopedia.com/onestopgaming/laptop-axioo-hype-5-g12-intel-core-i5-1235u-ram-8gb-256gb-ssd-14-fhd-ips-windows-11-adp-resmi-1733970701436683522?extParam=ivf%3Dfalse%26keyword%3Dlaptop+axioo%26src%3Dsearch,""Laptop Axioo Hype 5 G12 Intel Core i5 1235U RAM 8GB 256GB SSD 14"""" FHD IPS Windows 11 + ADP Resmi"",Axioo,,I5 1235U,8,256,,12,7507000,,new,Onestop Gaming,5.0,,False,,Jakarta Pusat,2026-08-27T12:35:27.615440,False,"
"tokopedia,103675035650,https://www.tokopedia.com/onestopgaming/laptop-acer-aspire-3-celeron-a314-35-n5100-4gb-256gb-opi-14-1736851853133907202?extParam=ivf%3Dfalse%26keyword%3Dlaptop+axioo%26src%3Dsearch,""[ NEW ] Laptop AXIOO Mybook Hype 2 Intel Celeron N4500 6GB RAM 128GB SSD 14"""" Inch HD Grey Blue Windows 11"",Axioo,,CELERON N4500,128,128,,14,4490500,,new,Onestop Gaming,5.0,,False,,Jakarta Pusat,2026-08-27T12:35:27.615568,False,"
tokopedia,103102206787,https://www.tokopedia.com/technocentral/laptop-axioo-hype-10-n4020-ram-8gb-256gb-ssd-win10pro-14-1734646591406376579?extParam=ivf%3Dfalse%26keyword%3Dlaptop+axioo%26src%3Dsearch,LAPTOP AXIOO HYPE 10 N4020 8GB 256GB W11 14.0,Axioo,,N4020,8,,,10,5159000,,new,Techno Central,5.0,,False,,Bogor,2026-08-27T12:35:27.615672,False,
tokopedia,103692803689,https://www.tokopedia.com/agresidjaktim/laptop-axioo-hype-1-intel-n4020-ram-4gb-ssd-128gb-windows-11-display-14-0-inch-1736923276673713952?extParam=ivf%3Dtrue%26keyword%3Dlaptop+axioo%26src%3Dsearch,Laptop AXIOO Hype 1 Intel N4020 Ram 4GB Ssd 128GB Windows 11 Display 14.0 Inch,Axioo,,INTEL N4020,4,128,,14,4204000,,new,AGRES ID Jakarta Timur,5.0,,False,,Jakarta Timur,2026-08-27T12:35:27.615794,False,
"tokopedia,102497438424,https://www.tokopedia.com/gateway/laptop-axioo-slimbook-hype-10-celeron-n4020-8gb-256gb-win-10-pro-14-1733032586981377461?extParam=ivf%3Dfalse%26keyword%3Dlaptop+axioo%26src%3Dsearch,""LAPTOP AXIOO SLIMBOOK HYPE 10 CELERON N4020 8GB 256GB WIN 10 PRO 14"""""",Axioo,,CELERON N4020,8,,,10,4209000,,new,Gateway Indonesia Comp,5.0,,False,,Jakarta Utara,2026-08-27T12:35:27.615932,False,"
"tokopedia,103100268682,https://www.tokopedia.com/royal-com/axioo-hype-7-amd-x8-2-ryzen-7-7735hs-16gb-512gb-w11-14-0fhd-ips-blit-hdmi-gry-1731766525324461370-1734635173222712634?extParam=ivf%3Dfalse%26keyword%3Dlaptop+axioo%26src%3Dsearch,""LAPTOP AXIOO HYPE 7 AMD X8-1 | Ryzen 7 6800H 16GB 512GB 14""""FHD W11"",Axioo,,RYZEN 7 6800H,16,,,14,10209000,,new,ROYAL COM,5.0,,False,,Kab. Bekasi,2026-08-27T12:35:27.616046,False,"
tokopedia,103003927306,https://www.tokopedia.com/royalltech/laptop-gaming-axioo-pongo-765-v2-intel-core-i7-13700h-rtx5060-8gb-32gb-16gb-1tb-512gb-ssd-w11-16-0wuxga-165hz-100srgb-rgb-3y-1734346073690375671?extParam=ivf%3Dfalse%26keyword%3Dlaptop+axioo%26src%3Dsearch,LAPTOP GAMING AXIOO PONGO 765 V2 INTEL CORE I7 13700H RTX5060 8GB/ 32GB 16GB 1TB 512GB SSD W11 16.0WUXGA 165HZ 100SRGB RGB 3Y,Axioo,,I7 13700H,16,512,RTX5060,0,23699000,,new,royalltech,5.0,,False,,Jakarta Utara,2026-08-27T12:35:27.616184,False,
tokopedia,103111730315,https://www.tokopedia.com/techpoint/axioo-hype-1-n4020-laptop-4gb-128gb-w11-14-0-dengan-baterai-layar-dan-penyimpanan-yang-dinyatakan-1730094158448002534-1734705429643167206?extParam=ivf%3Dfalse%26keyword%3Dlaptop+axioo%26src%3Dsearch,AXIOO HYPE 1 N4020 Laptop 4GB 128GB W11 14.0 dengan Baterai Layar dan Penyimpanan yang Dinyatakan,Axioo,,N4020,4,,,,4209000,,new,Tech Point,5.0,,False,,Surabaya,2026-08-27T12:35:27.616314,False,
tokopedia,103668842183,https://www.tokopedia.com/gameridos/axioo-hype-5-amd-jkt48-x3-ryzen-5-3500-8gb-256gb-w11-dos-14-0fhd-ips-blit-1731956825994266209-1736817610886383201?extParam=ivf%3Dfalse%26keyword%3Dlaptop+axioo%26src%3Dsearch,LAPTOP AXIOO HYPE 5 AMD JKT48 X3 RYZEN 5 3500 8GB 256GB W11 14.0FHD IPS,Axioo,,RYZEN 5 3500,8,,,,6439000,,new,GAMER.ID,5.0,,False,,Jakarta Utara,2026-08-27T12:35:27.616760,False,
"tokopedia,102218442908,https://www.tokopedia.com/agresidjakartaselatan/laptop-axioo-hype-5-amd-x5-2-ryzen-5-7430-8gb-256gb-windows-11-14-0-full-hd-ips-1732429865457256207?extParam=ivf%3Dfalse%26keyword%3Dlaptop+axioo%26src%3Dsearch,""Laptop AXIOO Hype 5 Amd X5-2 Ryzen 5 7430 8GB 256GB Windows 11 14.0"""" Full HD Ips"",Axioo,,RYZEN 5 7430,8,,,14,7499000,,new,Agres ID Jakarta Selatan,5.0,,False,,Jakarta Selatan,2026-08-27T12:35:27.617111,False,"
tokopedia,103408190408,https://www.tokopedia.com/technocentral/axioo-pongo-725-i7-12650h-rtx2050-4gb-16gb-512gb-w11pro-15-6fhd-144hz-1735725635441428099?extParam=ivf%3Dfalse%26keyword%3Dlaptop+axioo%26src%3Dsearch,LAPTOP AXIOO PONGO 725 V2 I7 13620H RTX2050 4GB/ 16GB 512GB W11 15.6FHD 144HZ IPS 3Y BLK,Axioo,,I7 13620H,16,,RTX2050,20,14479000,,new,Techno Central,5.0,,False,,Bogor,2026-08-27T12:35:27.617355,False,
"tokopedia,11634711854,https://www.tokopedia.com/onestopgaming/axioo-slimbook-14-s1-ryzen-5-3500-8gb-256gb-vega8-w10pro-ohs-14-0fhd-grey-non-bundle-ff937?extParam=ivf%3Dtrue%26keyword%3Dlaptop+axioo%26src%3Dsearch,""[ NEW ] Laptop Axioo Hype 3 G12 Core i3-1215U 8GB RAM 256GB SSD 14"""" inch FHD IPS Windows 11 Grey Blue GARANSI RESMI + ADP"",Axioo,,I3-1215U,256,256,,12,6892500,,new,Onestop Gaming,5.0,,False,,Jakarta Pusat,2026-08-27T12:35:27.617589,False,"
"tokopedia,102257994542,https://www.tokopedia.com/onestopgaming/laptop-axioo-mybook-hype-1-intel-celeron-n4020-ram-8gb-4gb-ssd-128gb-14-hd-windows-11-1732528775355008258?extParam=ivf%3Dtrue%26keyword%3Dlaptop+axioo%26src%3Dsearch,""[ RESMI ] Laptop AXIOO Mybook Hype 1 Intel Celeron N4020 RAM 8GB / 4GB SSD 128GB 14"""" HD Windows 11"",Axioo,,CELERON N4020,8,128,,14,4289000,,new,Onestop Gaming,5.0,,False,,Jakarta Pusat,2026-08-27T12:35:27.618149,False,"
tokopedia,15802062876,https://www.tokopedia.com/decacom/laptop-axioo-hype-7-amd-x7-ryzen-7-5825-8gb-512gb-dos-windows-14-0fhd-ips-blit-8gb-512gb-dos-non-bundle-35788?extParam=ivf%3Dfalse%26keyword%3Dlaptop+axioo%26src%3Dsearch,Laptop AXIOO HYPE 7 AMD X7 RYZEN 7 5825 8GB 512GB DOS/WINDOWS 14.0FHD IPS BLIT,Axioo,,RYZEN 7 5825,8,,,,7359080,,new,Deca Computer,5.0,,False,,Jakarta Utara,2026-08-27T12:35:27.618473,False,
"tokopedia,102548094969,https://www.tokopedia.com/smartmediacom/laptop-axioo-mybook-hype-5-x5-2-lollipop-ryzen-5-7430u-8gb-ddr4-256gb-14-fhd-ips-dos-1733179651181282563?extParam=ivf%3Dfalse%26keyword%3Dlaptop+axioo%26src%3Dsearch,""Laptop AXIOO MyBook HYPE 5 X5-2 Lollipop|Ryzen 5 7430U|8GB DDR4|256GB|14"""" FHD IPS|DOS"",Axioo,,RYZEN 5 7430U,8,,,14,7587000,,new,Smart Media Computer,5.0,,False,,Makassar,2026-08-27T12:35:27.618742,False,"
tokopedia,16395328469,https://www.tokopedia.com/toptech/laptop-axioo-hype-r-3-core-i3-1215u-12gb-256gb-14-0fhd-w11-1730974659904701556?extParam=ivf%3Dfalse%26keyword%3Dlaptop+axioo%26src%3Dsearch,Laptop AXIOO Hype-R 3 Core i3 1215U 12GB 256GB 14.0FHD W11,Axioo,,I3 1215U,12,,,,7859000,,new,Top Tech Comp,5.0,,False,,Jakarta Utara,2026-08-27T12:35:27.619160,False,
tokopedia,103668932591,https://www.tokopedia.com/gameridos/axioo-hype-5-amd-x5-2-ryzen-5-7430u-8gb-16gb-256gb-14-fhd-ips-blit-hdmi-windows-11-dos-1731452270778091105-1736817606346638945?extParam=ivf%3Dfalse%26keyword%3Dlaptop+axioo%26src%3Dsearch,LAPTOP AXIOO HYPE 5 AMD X5-2 RYZEN 5 7430 16GB 256GB W11 14.0FHD IPS,Axioo,,RYZEN 5 7430,16,,,,7189000,,new,GAMER.ID,5.0,,False,,Jakarta Utara,2026-08-27T12:35:27.619496,False,
tokopedia,103668876845,https://www.tokopedia.com/gameridos/laptop-axioo-hype-5-amd-jkt48-x3-lollipop-ryzen-5-3500-8gb-256gb-w11-14-0fhd-ips-blit-hdmi-pink-1730415119724676705-1736817711686846049?extParam=ivf%3Dfalse%26keyword%3Dlaptop+axioo%26src%3Dsearch,LAPTOP AXIOO HYPE 5 AMD JKT48 X3 LOLLIPOP RYZEN 5 3500 8GB 256GB W11 14.0FHD IPS,Axioo,,RYZEN 5 3500,8,,,,6439000,,new,GAMER.ID,5.0,,False,,Jakarta Utara,2026-08-27T12:35:27.619771,False,
tokopedia,103566347575,https://www.tokopedia.com/kanglaptop/laptop-axioo-hype-5-amd-x3-ryzen-5-3500u-8gb-256gb-windows-11-1732813108503545673-1736451941013096265?extParam=ivf%3Dtrue%26keyword%3Dlaptop+axioo%26src%3Dsearch,Laptop Axioo Hype 5 AMD X3 Ryzen 5-3500U 16GB 512GB SSD 14.0 Inch Windows 11 Pro,Axioo,,,16,512,,14,6439000,,new,KangLaptop_NEW,5.0,,False,,Jakarta Selatan,2026-08-27T12:35:27.620055,False,
"tokopedia,103064170681,https://www.tokopedia.com/axiooslimbook/laptop-axioo-hype-5-amd-x6-ryzen-5-6600h-16gb-256gb-512gb-14-fhd-w11-1734309830508250479?extParam=ivf%3Dfalse%26keyword%3Dlaptop+axioo%26src%3Dsearch,""LAPTOP AXIOO HYPE 5 AMD X6 - Ryzen 5 6600H 16GB 256GB / 512GB 14"""" FHD W11"",Axioo,,RYZEN 5 6600H,16,,,0,9199000,,new,Axioo Official Store ID,5.0,,False,,Jakarta Utara,2026-08-27T12:35:27.620368,False,"
tokopedia,102420935258,https://www.tokopedia.com/laptopcreatorid/lsi-x-ww-laptop-axioo-hype-5-amd-jkt48-x3-ryzen-5-3500-ram-8gb-ssd-256gb-14-0-fhd-ips-windows-11-1732869260205851666?extParam=ivf%3Dfalse%26keyword%3Dlaptop+axioo%26src%3Dsearch,[LSI X WW]LAPTOP AXIOO HYPE 5 AMD JKT48 X3 RYZEN 5 3500 RAM 8GB SSD 256GB 14.0 FHD IPS WINDOWS 11,Axioo,,RYZEN 5 3500,8,256,,,6264280,,new,LAPTOP SHOP ID,5.0,,False,,Jakarta Utara,2026-08-27T12:35:27.620641,False,
tokopedia,15618544577,https://www.tokopedia.com/vivatech/laptop-axioo-mybook-hype-5-g12-intel-core-i5-1235u-16gb-512gb-14-0-fhd-ips-windows-11-unit-only-8gb-256gb-0d516?extParam=ivf%3Dfalse%26keyword%3Dlaptop+axioo%26src%3Dsearch,Laptop AXIOO MyBook Hype 5 G12 Intel Core i5 1235u 16GB 512GB 14.0 FHD IPS Windows 11,Axioo,,I5 1235U,16,,,12,7619000,,new,VIVATECH STORE,5.0,,False,,Jakarta Timur,2026-08-27T12:35:27.620790,False,
"tokopedia,102253335351,https://www.tokopedia.com/onestopgaming/axioo-hype-3-g11-intel-core-i3-1125g4-ram-8gb-256gb-ssd-14-fhd-ips-windows-11-pro-resmi-axioo-adp-1732518596443342082?extParam=ivf%3Dtrue%26keyword%3Dlaptop+axioo%26src%3Dsearch,""[ RESMI + ADP ] Laptop Axioo Hype 3 G11 Intel Core i3 1125G4 RAM 8GB 256GB SSD 14"""" FHD IPS Windows 11 Pro Blue Grey"",Axioo,,,8,256,,11,6469000,,new,Onestop Gaming,5.0,,False,,Jakarta Pusat,2026-08-27T12:35:27.620933,False,"
tokopedia,103551097310,https://www.tokopedia.com/agres-id-electronics/axioo-hype-1-n4020-8gb-384gb-w11-laptop-garansi-resmi-1731060108648679320-1736383030473951128?extParam=ivf%3Dtrue%26keyword%3Dlaptop+axioo%26src%3Dsearch,AXIOO HYPE 1 N4020 4GB 128GB W11 LAPTOP GARANSI RESMI,Axioo,,N4020,4,,,,4204000,,new,Agres ID Electronics,5.0,,False,,Depok,2026-08-27T12:35:27.621051,False,
tokopedia,100557015926,https://www.tokopedia.com/toptech/laptop-axioo-hype-5-amd-x5-2-amd-ryzen-5-7430u-16gb-256gb-14-0fhd-ips-w11-1731568541433627764?extParam=ivf%3Dfalse%26keyword%3Dlaptop+axioo%26src%3Dsearch,Laptop Axioo Hype 5 AMD X5-2 AMD Ryzen 5 7430U 16GB 256GB 14.0FHD IPS W11,Axioo,,RYZEN 5 7430U,16,,,,7289000,,new,Top Tech Comp,5.0,,False,,Jakarta Utara,2026-08-27T12:35:27.621175,False,
"tokopedia,103730013010,https://www.tokopedia.com/gateway/samsung-galaxy-a05-4-64-gb-4-128-gb-6-128-gb-garansi-resmi-1737013638112511413?extParam=ivf%3Dfalse%26keyword%3Dlaptop+axioo%26src%3Dsearch,""AXIOO MYBOOK HYPE AMD X1 ATHLON GOLD 3150C 8GB 128GB W11 14"""" FHD LAPTOP"",Axioo,,ATHLON GOLD,8,,,50,5379000,,new,Gateway Indonesia Comp,5.0,,False,,Jakarta Utara,2026-08-27T12:35:27.621292,False,"
"tokopedia,12928136388,https://www.tokopedia.com/collinsofficial/laptop-axioo-mybook-hype-3-i3-1005g1-8gb-16gb-256gb-14-fhd-ips-w11-ram-8gb-dos-4a7ae?extParam=ivf%3Dfalse%26keyword%3Dlaptop+axioo%26src%3Dsearch,""Laptop AXIOO MyBook HYPE 3 i3-1005G1 8GB/16GB 256GB 14"""" FHD IPS W11"",Axioo,,,16,,,14,11499000,,new,Collins Official,5.0,,False,,Jakarta Utara,2026-08-27T12:35:27.621409,False,"
tokopedia,103458734327,https://www.tokopedia.com/herlinacom/axioo-hype-7-amd-x8-ryzen-7-6800h-ram-16gb-512gb-ssd-windows-11-14-0-fhd-ips-backlit-1730901304574969339-1735948419902375310?extParam=ivf%3Dtrue%26keyword%3Dlaptop+axioo%26src%3Dsearch,Laptop Axioo Hype 7 AMD X8-1 Ryzen 7 6800H Ram 16Gb 512Gb Ssd Win 11 Ori 14.0 Full HD Ips,Axioo,,RYZEN 7 6800H,16,512,,0,10509000,,new,Herlinacom,5.0,,False,,Depok,2026-08-27T12:35:27.621530,False,
tokopedia,103458829242,https://www.tokopedia.com/herlinacom/laptop-axioo-hype-3-g11-intel-core-i3-1125g4-ram-8gb-256gb-ssd-win-11-ori-14-0-full-hd-ips-1730782878471521787-1735948679297205646?extParam=ivf%3Dtrue%26keyword%3Dlaptop+axioo%26src%3Dsearch,Laptop Axioo Hype 3 G11 Intel Core i3 1125G4 Ram 8Gb 256Gb Ssd Win 11 14.0Full HD Ips Garansi Resmi,Axioo,,,8,256,,11,6819000,,new,Herlinacom,5.0,,False,,Depok,2026-08-27T12:35:27.621650,False,
tokopedia,16600407784,https://www.tokopedia.com/gameridsurabaya/laptop-axioo-hype-r-5-intel-core-i5-1235-ram-24gb-ssd-512gb-14-0-full-hd-1731200412179269587?extParam=ivf%3Dfalse%26keyword%3Dlaptop+axioo%26src%3Dsearch,Laptop AXIOO HYPE-R 5 INTEL CORE I5 1235 RAM 24GB SSD 512GB 14.0 Full HD,Axioo,,I5 1235,24,512,,,10229000,,new,Gamer ID Surabaya,5.0,,False,,Surabaya,2026-08-27T12:35:27.621776,False,
"tokopedia,15015287077,https://www.tokopedia.com/kingznotebook/laptop-axioo-hype-10-n4020u-8gb-256gb-ssd-intel-w10pro-14-anti-glare-non-bundling-black-8-256-dos-e4acc?extParam=ivf%3Dfalse%26keyword%3Dlaptop+axioo%26src%3Dsearch,""Laptop Axioo Hype 10 N4020U 8GB 256GB SSD Intel W10pro 14""""Anti Glare"",Axioo,,,8,256,,14,4889000,,new,Kingz Notebook,5.0,,False,,Jakarta Pusat,2026-08-27T12:35:27.621945,False,"
"tokopedia,102706319937,https://www.tokopedia.com/intelstore-id/laptop-axioo-hype-r-5-touch-i5-1235u-24gb-512gb-ssd-14-fhd-w11-ori-1733642426280412586?extParam=ivf%3Dfalse%26keyword%3Dlaptop+axioo%26src%3Dsearch,""LAPTOP AXIOO HYPE - R 5 TOUCH - I5 1235U 24GB 512GB SSD 14""""FHD + W11 ORI"",Axioo,,I5 1235U,24,512,,14,10919000,,new,INTEL STORE ID,5.0,,False,,Jakarta Utara,2026-08-27T12:35:27.622068,False,"
tokopedia,102627204987,https://www.tokopedia.com/legendeltro-id/laptop-axioo-hype-7-amd-x8-1-ryzen-7-6800h-16gb-512gb-w11-14-0fhd-ips-blit-hdmi-gry-1733388765847127089?extParam=ivf%3Dfalse%26keyword%3Dlaptop+axioo%26src%3Dsearch,Laptop AXIOO HYPE 7 AMD X8-1 RYZEN 7 6800H 16GB 512GB W11 14.0FHD IPS BLIT HDMI GRY,Axioo,,RYZEN 7 6800H,16,,,0,10199000,,new,LEGEND.ELTRO.ID,5.0,,False,,Tangerang Selatan,2026-08-27T12:35:27.622459,False,
tokopedia,16705926998,https://www.tokopedia.com/legendeltro-id/laptop-axioo-hype-10-n4020-8gb-256gb-w11-14-0-inch-laptopnya-anak-sekolah-1731662200537646129?extParam=ivf%3Dfalse%26keyword%3Dlaptop+axioo%26src%3Dsearch,Laptop AXIOO HYPE 10 N4020 8GB 256GB W11 14.0 INCH Laptopnya anak Sekolah,Axioo,,N4020,8,,,14,4879000,,new,LEGEND.ELTRO.ID,5.0,,False,,Tangerang Selatan,2026-08-27T12:35:27.622743,False,
tokopedia,100353645704,https://www.tokopedia.com/agres-id-electronics/laptop-axioo-hype-5-amd-x6-ryzen-5-6600h-16gb-512gb-windows-11-14inch-fhd-1731385577622767512?extParam=ivf%3Dtrue%26keyword%3Dlaptop+axioo%26src%3Dsearch,Laptop Axioo Hype 5 AMD X6 Ryzen 5 6600H 16GB 512GB Windows 11 14inch FHD,Axioo,,RYZEN 5 6600H,16,,,14,10114000,,new,Agres ID Electronics,5.0,,False,,Depok,2026-08-27T12:35:27.622857,False,
"tokopedia,102982039898,https://www.tokopedia.com/axiooslimbook/laptop-axioo-hype-5-amd-x5-lolipop-edition-ryzen-5-7430u-8gb-256gb-14-fhd-1734306521396053359?extParam=ivf%3Dfalse%26keyword%3Dlaptop+axioo%26src%3Dsearch,""LAPTOP AXIOO HYPE 5 AMD X5 LOLIPOP EDITION - RYZEN 5 7430U 8GB 256GB 14""""FHD"",Axioo,,RYZEN 5 7430U,8,,,14,7599000,,new,Axioo Official Store ID,5.0,,False,,Jakarta Utara,2026-08-27T12:35:27.622974,False,"
tokopedia,103292497203,https://www.tokopedia.com/simurahlaptop/axioo-hype-1-n4020-4gb-128gb-w11-14-0-laptop-intel-celeron-n4020-ram-4gb-ddr4-ssd-128gb-m-2-windows-11-home-garansi-resmi-1-tahun-1730089124586424269-1735233214470195149?extParam=ivf%3Dfalse%26keyword%3Dlaptop+axioo%26src%3Dsearch,Axioo Hype 1 N4020 4GB 128GB W11 14.0 Laptop Intel Celeron N4020 RAM 4GB DDR4 SSD 128GB M.2 Windows 11 Home Garansi Resmi 1 Tahun,Axioo,,CELERON N4020,4,128,,11,3959000,,new,Simurah Laptop,5.0,,False,,Bandung,2026-08-27T12:35:27.623126,False,
tokopedia,13832410872,https://www.tokopedia.com/myhartono/axioo-laptop-notebook-mybook-hype-1-intel-celeron-n4020-nbax23sc04gnr1?extParam=ivf%3Dfalse%26keyword%3Dlaptop+axioo%26src%3Dsearch%26whid%3D7654104594251843349,Axioo Laptop Notebook MyBook Hype 1 Intel Celeron N4020 NBAX23SC04GNR1,Axioo,,CELERON N4020,,,,20,4569000,,new,MyHartono,5.0,,False,,,2026-08-27T12:35:27.623241,False,
"tokopedia,100789286428,https://www.tokopedia.com/myhartono/axioo-laptop-hype-3-11-gen-intel-core-i3-1125g4-8g-256g-14-w11-ohs-1731967807422629229?extParam=ivf%3Dfalse%26keyword%3Dlaptop+axioo%26src%3Dsearch%26whid%3D18738137,""Axioo Laptop Hype 3 11 Gen Intel Core I3-1125G4 8G 256G 14"""" W11 OHS"",Axioo,,,,,,14,7699000,,new,MyHartono,5.0,,False,,Surabaya,2026-08-27T12:35:27.623357,False,"
tokopedia,102997838480,https://www.tokopedia.com/royalltech/laptop-axioo-hype-7-amd-x7-2-ryzen-7-5825-16gb-512gb-ssd-w11-14-0fhd-ips-backlit-hdmi-1734335323382515191?extParam=ivf%3Dfalse%26keyword%3Dlaptop+axioo%26src%3Dsearch,Laptop AXIOO HYPE 7 AMD X7-2 RYZEN 7 5825 16GB 512GB SSD W11 14.0FHD IPS Backlit HDMI,Axioo,,RYZEN 7 5825,16,512,,,8609000,,new,royalltech,5.0,,False,,Jakarta Utara,2026-08-27T12:35:27.623477,False,
tokopedia,103501825789,https://www.tokopedia.com/intelgamingid/laptop-axioo-hype-r-3-oled-i3-1215-24gb-256gb-dos-14-0fhd-1731185312536692032-1736145192644281664?extParam=ivf%3Dfalse%26keyword%3Dlaptop+axioo%26src%3Dsearch,LAPTOP AXIOO HYPE-R 3 OLED I3 1215 24GB 256GB DOS 14.0FHD,Axioo,,I3 1215,24,,,,17548000,,new,Intel Gaming ID,5.0,,False,,Jakarta Utara,2026-08-27T12:35:27.623588,False,
tokopedia,103306328735,https://www.tokopedia.com/quattrocomp/axioo-pongo-725-v2-i7-12650h-rtx2050-4gb-16gb-512gb-w11-15-6fhd-144hz-ips-rgb-3y-windows-11-laptop-gaming-terbaru-1732254323783730974-1735299845766154014?extParam=ivf%3Dfalse%26keyword%3Dlaptop+axioo%26src%3Dsearch,Axioo Pongo 725 V2 I7 12650H RTX2050 4GB/16GB 512GB W11 15.6FHD 144HZ IPS RGB 3Y/Windows 11 Laptop Gaming Terbaru,Axioo,,I7 12650H,16,,RTX2050,50,18849000,,new,Quattro Comp ID,5.0,,False,,Jakarta Pusat,2026-08-27T12:35:27.623799,False,
tokopedia,102897889793,https://www.tokopedia.com/kanglaptop/axioo-hype-5-amd-x6-ryzen-5-6600h-16gb-512gb-w11-office-permanen-14-0fhd-ips-blit-hdmi-1734110425411323721?extParam=ivf%3Dfalse%26keyword%3Dlaptop+axioo%26src%3Dsearch,Laptop Axioo Hype 5 AMD X5-2 Ryzen 5-7430U 16GB 512GB SSD 14.0 Inch FHD IPS Windows 11 Pro,Axioo,,,16,512,,14,7279000,,new,KangLaptop_NEW,5.0,,False,,Jakarta Selatan,2026-08-27T12:35:27.624131,False,
"tokopedia,16581632160,https://www.tokopedia.com/agresid/laptop-axioo-hype-r-5-core-i5-1235u-24gb-512gb-14-fhd-1731168635432174623?extParam=ivf%3Dfalse%26keyword%3Dlaptop+axioo%26src%3Dsearch,""LAPTOP AXIOO Hype-R 5 Core i5-1235U 24GB 512GB 14"""" FHD"",Axioo,,I5-1235U,24,,,14,10229000,,new,AGRES ID,5.0,,False,,Jakarta Utara,2026-08-27T12:35:27.624347,False,"
tokopedia,12422601827,https://www.tokopedia.com/gaminglaptopid/laptop-axioo-mybook-z10-metal-i5-1335u-16gb-512ssd-w11-14fhd-standar-8gb-256gb-2f96f?extParam=ivf%3Dfalse%26keyword%3Dlaptop+axioo%26src%3Dsearch%26whid%3D13856,LAPTOP AXIOO MYBOOK Z10 METAL i5 1335U 16GB 512SSD W11 14FHD,Axioo,,I5 1335U,,,,,8769000,,new,Gaming Laptop ID,5.0,,False,,Jakarta Utara,2026-08-27T12:35:27.624474,False,
tokopedia,16074197203,https://www.tokopedia.com/prostorecomputer/axioo-pongo-760-750-v2-i7-13620h-rtx4060-rtx4050-16gb-512gb-w11-15-6fhd-144hz-ips-rgb-laptop-gaming-1730797171863816091?extParam=ivf%3Dfalse%26keyword%3Dlaptop+axioo%26src%3Dsearch,AXIOO PONGO 760 750 V2 I7 13620H RTX4060 RTX4050 16GB 512GB W11 15.6FHD 144HZ IPS RGB LAPTOP GAMING,Axioo,,I7 13620H,16,,RTX4060,20,16459000,,new,ProStoreComputer,5.0,,False,,Jakarta Utara,2026-08-27T12:35:27.624630,False,
"tokopedia,102349321098,https://www.tokopedia.com/smartmediacom/laptop-axioo-mybook-hype-5-g12-intel-i5-1235u-8gb-ddr4-256gb-512gb-14-fhd-ips-dos-1732698026984047875?extParam=ivf%3Dfalse%26keyword%3Dlaptop+axioo%26src%3Dsearch,""Laptop AXIOO MyBook HYPE 5 (G12) |Intel i5 1235U|8GB DDR4|256GB/512GB|14"""" FHD IPS|DOS"",Axioo,,I5 1235U,8,,,14,8125000,,new,Smart Media Computer,5.0,,False,,Makassar,2026-08-27T12:35:27.624871,False,"
tokopedia,102351421273,https://www.tokopedia.com/robotpcoffcial/exclusive-neo-agency-robot-stylus-pen-universal-3-in-1-compatible-dengan-apple-macbook-stylus-capacitive-pen-android-ios-microsoft-stylus-pen-tab-rsp03-original-garansi-1-tahun-bisa-cod-1732708900321658405?extParam=ivf%3Dfalse%26keyword%3Dmacbook%26search_id%3D2026082712364540008B9A5380FC3DBMEQ%26src%3Dsearch,[Exclusive Neo Agency] ROBOT Stylus Pen Universal 3 in 1 Compatible Dengan Apple Macbook Stylus Capacitive Pen Android IOS Microsoft Stylus Pen Tab RSP03 Original - Garansi 1 Tahun [BISA COD],Apple,,,,,,,77250,,new,ROBOT PC INDONESIA,5.0,,False,,Kab. Tangerang,2026-08-27T12:36:56.487526,True,price_far_below_market(<8000000)
tokopedia,103564801973,https://www.tokopedia.com/kimstore-speaker/kimiso-converter-usb-type-c-hdmi-3in1-support-4k-converter-macbook-laptop-usb-3-0-female-type-c-kabel-usb-c-to-hdtv-1736445651008652910?extParam=ivf%3Dtrue%26keyword%3Dmacbook%26search_id%3D2026082712364540008B9A5380FC3DBMEQ%26src%3Dsearch,Kimiso Converter USB Type-C HDMI 3In1 Support 4K Converter Macbook Laptop USB 3.0 Female Type-C Kabel USB C To HDTV,Apple,,,,,,,60000,,new,KIMSTORE SPEAKER,5.0,,False,,Kab. Tangerang,2026-08-27T12:36:56.488106,True,price_far_below_market(<8000000)
"tokopedia,103662032354,https://www.tokopedia.com/tokohapedia-idn/apple-macbook-neo-a18-pro-13-liquid-retina-8gb-256gb-512gb-ssd-macos-laptop-1734536279362667651-1736787887267087491?extParam=ivf%3Dfalse%26keyword%3Dmacbook%26search_id%3D2026082712364540008B9A5380FC3DBMEQ%26src%3Dsearch,""Apple MacBook Neo A18 Pro 13"""" Liquid Retina 8GB 256GB/512GB SSD macOS Laptop Resmi"",Apple,,,8,512,,13,13189000,,new,Tokohapedia IDN,5.0,,False,,Jakarta Barat,2026-08-27T12:36:56.488632,False,"
tokopedia,102494396853,https://www.tokopedia.com/cabletime-authorized-bali/cabletime-laptop-stand-dudukan-laptop-rise-foldable-ultra-thin-slim-macbook-1733016731977549587?extParam=ivf%3Dfalse%26keyword%3Dmacbook%26search_id%3D2026082712364540008B9A5380FC3DBMEQ%26src%3Dsearch,CABLETIME Laptop Stand Dudukan Laptop Rise Foldable Ultra-thin Slim Macbook,Apple,,,,,,,178000,,new,CABLETIME Authorized Bali,5.0,,False,,Kab. Badung,2026-08-27T12:36:56.488736,True,price_far_below_market(<8000000)
tokopedia,100333546975,https://www.tokopedia.com/px-store-id/usb-hub-converter-type-c-3-1-macbook-laptop-hdmi-7-in-1-px-uch1700-1730754137494554496?extParam=ivf%3Dtrue%26keyword%3Dmacbook%26search_id%3D2026082712364540008B9A5380FC3DBMEQ%26src%3Dsearch%26whid%3D18771968,USB Hub Converter Type C 3.1 Macbook Laptop HDMI 7 in 1 PX UCH1700,Apple,UCH1700,,,,,,321000,,new,PX Store ID,5.0,,False,,Jakarta Utara,2026-08-27T12:36:56.488876,True,price_far_below_market(<8000000)
tokopedia,102168358240,https://www.tokopedia.com/tripledi/tripledi-laptop-holder-airflow-17-3-inch-td1202-transformer-cooling-stand-aluminium-adjustable-for-macbook-notebook-1732323372931122227?extParam=ivf%3Dtrue%26keyword%3Dmacbook%26search_id%3D2026082712364540008B9A5380FC3DBMEQ%26src%3Dsearch,TRIPLEDI Laptop Holder AirFlow 17.3 inch TD1202 Transformer Cooling Stand Aluminium Adjustable For Macbook Notebook,Apple,TD1202,,,,,17.3,514300,,new,TRIPLEDI,5.0,,False,,Kab. Tangerang,2026-08-27T12:36:56.489535,True,price_far_below_market(<8000000)
tokopedia,15938537389,https://www.tokopedia.com/robotofficial/robot-usb-hub-converter-type-c-11-port-in1-with-hdmi-vga-hub-converter-macbook-kabel-extension-ht3110-original-garansi-resmi-1-tahun?extParam=ivf%3Dtrue%26keyword%3Dmacbook%26search_id%3D2026082712364540008B9A5380FC3DBMEQ%26src%3Dsearch,ROBOT USB HUB Converter TYPE-C 11 Port in1 With HDMI VGA HUB Converter MacBook Kabel Extension HT3110 Original - Garansi Resmi 1 Tahun,Apple,HT3110,,,,,,483070,,new,ROBOT Audio Indonesia,5.0,,False,,Kab. Tangerang,2026-08-27T12:36:56.490145,True,price_far_below_market(<8000000)
tokopedia,1852676058,https://www.tokopedia.com/martinversa/martin-versa-tr16k-tas-ransel-laptop-macbook-kulit-pria-hitam-1?extParam=ivf%3Dtrue%26keyword%3Dmacbook%26search_id%3D2026082712364540008B9A5380FC3DBMEQ%26src%3Dsearch,Martin Versa TR16K Tas Ransel Laptop Macbook Kulit Pria Hitam,Apple,,,,,,,291163,,new,Martin Versa,5.0,,False,,Jakarta Pusat,2026-08-27T12:36:56.490213,True,price_far_below_market(<8000000)
tokopedia,11028022719,https://www.tokopedia.com/vidsenonline/px-uch150-usb-hub-type-c-3-1-to-hdmi-usb-3-0-macbook-laptop-5-in-1?extParam=ivf%3Dfalse%26keyword%3Dmacbook%26search_id%3D2026082712364540008B9A5380FC3DBMEQ%26src%3Dsearch,PX UCH150 USB Hub Type C 3.1 to HDMI USB 3.0 Macbook Laptop 5 in 1,Apple,UCH150,,,,,,297000,,new,Vidsen Online,5.0,,False,,Jakarta Pusat,2026-08-27T12:36:56.490342,True,price_far_below_market(<8000000)
tokopedia,102523614690,https://www.tokopedia.com/robot-lifestyle-indonesia/robot-stylus-pen-universal-rsp04-compatible-untuk-apple-macbook-stylus-capacitive-pen-android-ios-microsoft-original-garansi-resmi-1-tahun-produk-original-bisa-cod-produk-original-bisa-cod-1733095570705384496?extParam=ivf%3Dfalse%26keyword%3Dmacbook%26search_id%3D2026082712364540008B9A5380FC3DBMEQ%26src%3Dsearch,ROBOT Stylus Pen Universal RSP04 Compatible untuk Apple Macbook Stylus Capacitive Pen Android IOS Microsoft Original - Garansi Resmi 1 Tahun - Produk Original [BISA COD] - Produk Original [Bisa COD],Apple,,,,,,4,69000,,new,ROBOT Lifestyle Indonesia,5.0,,False,,Kab. Tangerang,2026-08-27T12:36:56.491472,True,price_far_below_market(<8000000)
tokopedia,103561930126,https://www.tokopedia.com/kenken-official-store/kurir-toko-pick-toko-apple-macbook-neo-terbaru-202613-inch-8-256gb-8-512gb-8-256gb-resmi-indonesia-1735842414981383198-1736425963576460318?extParam=ivf%3Dfalse%26keyword%3Dmacbook%26search_id%3D2026082712364540008B9A5380FC3DBMEQ%26src%3Dsearch,Apple MacBook NEO Terbaru 202613 inch 8/256GB 8/512GB - 8/256GB RESMI INDONESIA,Apple,,,,,,13,13499000,,new,Kenken official store,5.0,,False,,Jakarta Selatan,2026-08-27T12:36:56.491535,False,
tokopedia,15755464802,https://www.tokopedia.com/pxofficialindonesia/usb-type-c-3-1-hub-converter-dual-type-c-hdmi-4k-7-in-2-px-uch4k6027?extParam=ivf%3Dtrue%26keyword%3Dmacbook%26search_id%3D2026082712364540008B9A5380FC3DBMEQ%26src%3Dsearch%26whid%3D16598708,Hub Converter Type C 3.1 to HDMI 4K USB Macbook 7 in 2 PX UCH4K6027,Apple,,,,,,,345000,,new,PX Indonesia Store,5.0,,False,,Jakarta Utara,2026-08-27T12:36:56.491791,True,price_far_below_market(<8000000)
