request_id,year,department,item_category,is_urgent,search_summary.specs_searched,search_summary.cheapest_vendor_found,search_summary.vendor_channel_type,requested_unit_price,historical_avg_price,quantity,vendor_risk_score,dept_budget_remaining,total_amount,price_variance_ratio,search_summary.real_price,search_summary.price_savings_vs_requested
PO-SYN-000001,2025,Direktorat Sistem Pengadaan Digital,Belanja Modal Alat Kantor,0,"Lenovo Yoga 7i 2in1, Intel Core Ultra 7, 16Gb RAM, 1Tb NVMe, Win 11 Pro",CV. MALILI TEKNO,mbizmarket.co.id,27047919.9,15609327.95,4,0.19,25110214.57,108191679.6,0.7328,27395479.17,-347559.27
PO-SYN-000002,2025,Kantor Inspektorat Kabupaten Lombok Barat,Hardware / Laptop,0,"Laptop Intel Ultra 7, 14 inch, 16GB RAM, 512GB SSD, Win 11 Pro",Sinar Niaga Teknologi,mbizmarket.co.id,46182478.73,30848300.18,1,0.09,0.0,46182478.73,0.4971,40392677.45,5789801.28
PO-SYN-000003,2021,Kantor Kecamatan Malili,Komputer/Laptop,1,AXIOO Mybook Pro F3 (4H9) i3-6157u/4GB/14,CV. JUMPA KARYA ABADI,Katalog Elektronik,22544852.1,3141000.0,1,0.0,0.0,22544852.1,6.1776,22485549.21,59302.89
PO-SYN-000004,2023,Direktorat Operasi,Hardware / Laptop,0,HP240R G9 CORE 7 150U 16GB 512SSD WIN11HOME FHD FP,Global Komputer,E-Katalog,3141000.0,3141000.0,7,0.0,103217846.18,21987000.0,0.0,2148675.44,992324.56
PO-SYN-000005,2024,Rumah Sakit Mutiara Sukma,Leptop,0,HP240R G9 CORE 7 150U 16GB 512SSD WIN11HOME FHD FP,Global Tech Solutions,Katalog Elektronik,8645190.96,19802058.63,1,0.07,0.0,8645190.96,-0.5634,6959714.39,1685476.57
PO-SYN-000006,2021,Kantor Kecamatan Malili,Pengadaan Laptop,0,PC Unit ExpertCenter EG3408WVAK-BPC515X and Laptop OmniBook 5 Flip 14-FP0558TU,CV. JUMPA KARYA ABADI,E-Katalog,7631917.37,49101493.28,2,0.0,298697354.6,15263834.74,-0.8446,6470650.41,1161266.96
PO-SYN-000007,2025,Dinas Kependudukan dan Pencatatan Sipil,Komputer/Laptop,0,"Laptop Intel Ultra 7, 14 inch, 16GB RAM, 512GB SSD, Win 11 Pro",CV. MALILI TEKNO,Katalog Elektronik,21959790.34,3141000.0,1,0.05,276928841.58,21959790.34,5.9913,18909854.64,3049935.7
PO-SYN-000008,2025,Direktorat Operasi,Electronics/Computers,0,PC Unit ExpertCenter EG3408WVAK-BPC515X and Laptop OmniBook 5 Flip 14-FP0558TU,CV. MALILI TEKNO,Direct/Official Channel,16223624.72,12869449.77,1,0.0,0.0,16223624.72,0.2606,15285349.1,938275.62
PO-SYN-000009,2023,Rumah Sakit Mutiara Sukma,Komputer/Laptop,1,AXIOO Mybook Pro F3 (4H9) i3-6157u/4GB/14,Global Komputer,Direct Procurement,24341753.22,3141000.0,3,0.0,0.0,73025259.66,6.7497,23536693.38,805059.84
PO-SYN-000010,2023,Kantor Inspektorat Kabupaten Lombok Barat,Electronics/Computers,0,HP240R G9 CORE 7 150U 16GB 512SSD WIN11HOME FHD FP,Internal Procurement/Standard Vendor,Katalog Elektronik,36492102.32,33605104.89,1,0.0,171500881.46,36492102.32,0.0859,34853096.7,1639005.62
PO-SYN-000011,2023,Direktorat Operasi,Electronics/Computers,0,AXIOO Mybook Pro F3 (4H9) i3-6157u/4GB/14,CV. MALILI TEKNO,mbizmarket.co.id,9797834.99,14811881.87,1,0.0,296103336.86,9797834.99,-0.3385,8240228.25,1557606.74
PO-SYN-000012,2021,Direktorat Sistem Pengadaan Digital,Electronics/Computers,1,"Laptop Intel Ultra 7, 14 inch, 16GB RAM, 512GB SSD, Win 11 Pro",CV. MALILI TEKNO,Direct/Official Channel,16994985.45,34820804.64,4,0.0,179302328.14,67979941.8,-0.5119,21310825.82,-4315840.37
PO-SYN-000013,2022,Kantor Inspektorat Kabupaten Lombok Barat,Pengadaan Laptop,0,AXIOO Mybook Pro F3 (4H9) i3-6157u/4GB/14,CV. MALILI TEKNO,E-Katalog,17634585.73,44261856.22,1,0.11,108271426.87,17634585.73,-0.6016,14546731.66,3087854.07
PO-SYN-000014,2022,Kantor Kecamatan Malili,Leptop,0,AXIOO Mybook Pro F3 (4H9) i3-6157u/4GB/14,CV. MALILI TEKNO,E-Katalog,19889847.12,3141000.0,2,0.07,468372177.73,39779694.24,5.3323,17494323.76,2395523.36
PO-SYN-000015,2022,Kantor Kecamatan Malili,Belanja Modal Alat Kantor,0,HP240R G9 CORE 7 150U 16GB 512SSD WIN11HOME FHD FP,CV. JUMPA KARYA ABADI,Katalog Elektronik,3976690.83,9493327.36,5,0.06,0.0,19883454.15,-0.5811,4005087.82,-28396.99
PO-SYN-000016,2021,Direktorat Operasi,Laptop,0,HP240R G9 CORE 7 150U 16GB 512SSD WIN11HOME FHD FP,Internal Procurement/Standard Vendor,mbizmarket.co.id,19983827.93,34233793.03,1,0.0,0.0,19983827.93,-0.4163,14587819.94,5396007.99
PO-SYN-000017,2024,Kantor Inspektorat Kabupaten Lombok Barat,Electronics/Computers,0,"Lenovo Yoga 7i 2in1, Intel Core Ultra 7, 16Gb RAM, 1Tb NVMe, Win 11 Pro",Sinar Niaga Teknologi,Direct/Official Channel,23502164.64,22328138.16,2,0.0,0.0,47004329.28,0.0526,23408768.88,93395.76
PO-SYN-000018,2022,Kantor Kecamatan Malili,Laptop,0,HP240R G9 CORE 7 150U 16GB 512SSD WIN11HOME FHD FP,CV. MALILI TEKNO,E-Katalog,12209936.42,4436880.11,2,0.07,574082012.51,24419872.84,1.7519,11121312.82,1088623.6
PO-SYN-000019,2024,Direktorat Sistem Pengadaan Digital,Pengadaan Laptop,0,"Lenovo Yoga 7i 2in1, Intel Core Ultra 7, 16Gb RAM, 1Tb NVMe, Win 11 Pro",Internal Procurement/Standard Vendor,E-Katalog,22820392.2,16683113.58,1,0.03,101328340.41,22820392.2,0.3679,24564539.99,-1744147.79
PO-SYN-000020,2024,Rumah Sakit Mutiara Sukma,Komputer/Laptop,0,AXIOO Mybook Pro F3 (4H9) i3-6157u/4GB/14,Global Komputer,Direct/Official Channel,14867629.2,23009443.44,2,0.0,381619714.21,29735258.4,-0.3538,14080267.59,787361.61
PO-SYN-000021,2022,Kantor Kecamatan Malili,Electronics/Computers,0,"Laptop Intel Ultra 7, 14 inch, 16GB RAM, 512GB SSD, Win 11 Pro",Global Komputer,Direct Procurement,32250366.18,3141000.0,7,0.0,237676004.46,225752563.26,9.2675,40352365.55,-8101999.37
PO-SYN-000022,2024,Direktorat Sistem Pengadaan Digital,Pengadaan Laptop,0,HP240R G9 CORE 7 150U 16GB 512SSD WIN11HOME FHD FP,Global Tech Solutions,mbizmarket.co.id,3141000.0,8407388.55,3,0.0,0.0,9423000.0,-0.6264,3230081.35,-89081.35
PO-SYN-000023,2021,Kantor Kecamatan Malili,Electronics/Computers,0,AXIOO Mybook Pro F3 (4H9) i3-6157u/4GB/14,Global Tech Solutions,mbizmarket.co.id,3141000.0,25904213.38,1,0.19,0.0,3141000.0,-0.8787,2984021.09,156978.91
PO-SYN-000024,2023,Kantor Kecamatan Malili,Electronics/Computers,0,PC Unit ExpertCenter EG3408WVAK-BPC515X and Laptop OmniBook 5 Flip 14-FP0558TU,Sinar Niaga Teknologi,Direct Procurement,32647822.31,3141000.0,3,0.17,0.0,97943466.93,9.3941,37157220.83,-4509398.52
PO-SYN-000025,2022,Kantor Inspektorat Kabupaten Lombok Barat,Belanja Modal Alat Kantor,0,AXIOO Mybook Pro F3 (4H9) i3-6157u/4GB/14,Sinar Niaga Teknologi,E-Katalog,22861620.43,31090389.99,1,0.0,220868885.61,22861620.43,-0.2647,19429006.37,3432614.06
PO-SYN-000026,2022,Direktorat Sistem Pengadaan Digital,Belanja Modal Alat Kantor,0,AXIOO Mybook Pro F3 (4H9) i3-6157u/4GB/14,Sinar Niaga Teknologi,mbizmarket.co.id,22695641.07,23764929.58,1,0.05,161612954.95,22695641.07,-0.045,22428795.49,266845.58
PO-SYN-000027,2025,Direktorat Sistem Pengadaan Digital,Hardware / Laptop,1,HP240R G9 CORE 7 150U 16GB 512SSD WIN11HOME FHD FP,CV. MALILI TEKNO,Direct/Official Channel,51247825.99,25908259.78,1,0.1,0.0,51247825.99,0.978,62021519.61,-10773693.62
PO-SYN-000028,2025,Kantor Kecamatan Malili,Laptop,0,"Laptop Intel Ultra 7, 14 inch, 16GB RAM, 512GB SSD, Win 11 Pro",Sinar Niaga Teknologi,Direct Procurement,38747527.04,4127203.25,6,0.07,298571848.63,232485162.24,8.3883,47840160.95,-9092633.91
PO-SYN-000029,2021,Rumah Sakit Mutiara Sukma,Leptop,0,AXIOO Mybook Pro F3 (4H9) i3-6157u/4GB/14,Sinar Niaga Teknologi,Direct/Official Channel,13930305.97,5253615.61,1,0.0,65772072.82,13930305.97,1.6516,12931438.24,998867.73
PO-SYN-000030,2021,Direktorat Operasi,Laptop,0,PC Unit ExpertCenter EG3408WVAK-BPC515X and Laptop OmniBook 5 Flip 14-FP0558TU,CV. MALILI TEKNO,Direct Procurement,23158723.58,31853607.69,2,0.18,17212639.57,46317447.16,-0.273,24200496.9,-1041773.32
PO-SYN-000031,2021,Kantor Kecamatan Malili,Laptop,0,"Lenovo Yoga 7i 2in1, Intel Core Ultra 7, 16Gb RAM, 1Tb NVMe, Win 11 Pro",Internal Procurement/Standard Vendor,mbizmarket.co.id,29327333.79,3513483.76,1,0.08,27878088.63,29327333.79,7.3471,29328571.99,-1238.2
PO-SYN-000032,2024,Direktorat Sistem Pengadaan Digital,Hardware / Laptop,0,"Laptop Intel Ultra 7, 14 inch, 16GB RAM, 512GB SSD, Win 11 Pro",CV. MALILI TEKNO,E-Katalog,26632942.0,16710320.71,1,0.0,0.0,26632942.0,0.5938,26617763.33,15178.67
PO-SYN-000033,2024,Direktorat Operasi,Laptop,0,AXIOO Mybook Pro F3 (4H9) i3-6157u/4GB/14,CV. MALILI TEKNO,Direct/Official Channel,22052239.97,3141000.0,3,0.07,0.0,66156719.91,6.0208,19885498.96,2166741.01
PO-SYN-000034,2023,Kantor Inspektorat Kabupaten Lombok Barat,Electronics/Computers,0,HP240R G9 CORE 7 150U 16GB 512SSD WIN11HOME FHD FP,CV. JUMPA KARYA ABADI,E-Katalog,19296771.25,3141000.0,4,0.09,366144404.5,77187085.0,5.1435,17010898.02,2285873.23
PO-SYN-000035,2024,Rumah Sakit Mutiara Sukma,Hardware / Laptop,1,PC Unit ExpertCenter EG3408WVAK-BPC515X and Laptop OmniBook 5 Flip 14-FP0558TU,Sinar Niaga Teknologi,E-Katalog,3141000.0,3141000.0,4,0.08,219084008.37,12564000.0,0.0,2814209.38,326790.62
PO-SYN-000036,2025,Direktorat Sistem Pengadaan Digital,Hardware / Laptop,0,"Lenovo Yoga 7i 2in1, Intel Core Ultra 7, 16Gb RAM, 1Tb NVMe, Win 11 Pro",Global Komputer,E-Katalog,28359082.61,37042340.96,5,0.1,4108705.3,141795413.05,-0.2344,28210517.71,148564.9
PO-SYN-000037,2021,Direktorat Operasi,Belanja Modal Alat Kantor,0,AXIOO Mybook Pro F3 (4H9) i3-6157u/4GB/14,Sinar Niaga Teknologi,E-Katalog,4607175.56,13951087.99,1,0.04,685016810.63,4607175.56,-0.6698,3076566.06,1530609.5
PO-SYN-000038,2025,Direktorat Operasi,Leptop,0,"Asus X441MA-GA031T/Celeron N4020/4GB/1TB/14""/Win 10 Home",Internal Procurement/Standard Vendor,E-Katalog,30398390.37,3141000.0,1,0.14,102376866.48,30398390.37,8.6779,21183204.41,9215185.96
PO-SYN-000039,2022,Kantor Kecamatan Malili,Laptop,0,"Asus X441MA-GA031T/Celeron N4020/4GB/1TB/14""/Win 10 Home",Internal Procurement/Standard Vendor,mbizmarket.co.id,5623942.29,29370386.15,1,0.05,97533178.08,5623942.29,-0.8085,5253397.44,370544.85
PO-SYN-000040,2024,Kantor Kecamatan Malili,Pengadaan Laptop,1,PC Unit ExpertCenter EG3408WVAK-BPC515X and Laptop OmniBook 5 Flip 14-FP0558TU,Global Komputer,mbizmarket.co.id,56164831.75,28601812.02,1,0.05,0.0,56164831.75,0.9637,56542571.64,-377739.89
PO-SYN-000041,2024,Dinas Kependudukan dan Pencatatan Sipil,Pengadaan Laptop,0,"Asus X441MA-GA031T/Celeron N4020/4GB/1TB/14""/Win 10 Home",CV. MALILI TEKNO,mbizmarket.co.id,4259031.8,16005199.42,4,0.12,0.0,17036127.2,-0.7339,3515923.93,743107.87
PO-SYN-000042,2021,Kantor Kecamatan Malili,Electronics/Computers,0,PC Unit ExpertCenter EG3408WVAK-BPC515X and Laptop OmniBook 5 Flip 14-FP0558TU,Global Komputer,Direct Procurement,9872586.72,6943027.2,8,0.07,0.0,78980693.76,0.4219,11644380.26,-1771793.54
PO-SYN-000043,2023,Kantor Kecamatan Malili,Komputer/Laptop,0,"Lenovo Yoga 7i 2in1, Intel Core Ultra 7, 16Gb RAM, 1Tb NVMe, Win 11 Pro",Internal Procurement/Standard Vendor,Direct/Official Channel,55779702.67,35307610.36,1,0.0,413747118.04,55779702.67,0.5798,59028176.5,-3248473.83
PO-SYN-000044,2025,Kantor Inspektorat Kabupaten Lombok Barat,Hardware / Laptop,0,"Lenovo Yoga 7i 2in1, Intel Core Ultra 7, 16Gb RAM, 1Tb NVMe, Win 11 Pro",Sinar Niaga Teknologi,Direct Procurement,26112937.47,30969433.47,1,0.02,0.0,26112937.47,-0.1568,25911557.35,201380.12
PO-SYN-000045,2022,Kantor Kecamatan Malili,Belanja Modal Alat Kantor,0,AXIOO Mybook Pro F3 (4H9) i3-6157u/4GB/14,CV. MALILI TEKNO,mbizmarket.co.id,13803389.59,3141000.0,8,0.0,0.0,110427116.72,3.3946,13415283.39,388106.2
PO-SYN-000046,2025,Rumah Sakit Mutiara Sukma,Belanja Modal Alat Kantor,0,"Laptop Intel Ultra 7, 14 inch, 16GB RAM, 512GB SSD, Win 11 Pro",CV. MALILI TEKNO,E-Katalog,43744219.85,3141000.0,6,0.03,0.0,262465319.1,12.9268,33621826.53,10122393.32
PO-SYN-000047,2021,Kantor Kecamatan Malili,Komputer/Laptop,1,"Lenovo Yoga 7i 2in1, Intel Core Ultra 7, 16Gb RAM, 1Tb NVMe, Win 11 Pro",CV. JUMPA KARYA ABADI,Direct Procurement,21786493.78,7836676.95,3,0.0,115124780.82,65359481.34,1.7801,25382276.8,-3595783.02
PO-SYN-000048,2024,Direktorat Operasi,Komputer/Laptop,0,PC Unit ExpertCenter EG3408WVAK-BPC515X and Laptop OmniBook 5 Flip 14-FP0558TU,Internal Procurement/Standard Vendor,Direct Procurement,46302748.21,3141000.0,9,0.0,46435982.15,416724733.89,13.7414,43845570.26,2457177.95
PO-SYN-000049,2021,Kantor Inspektorat Kabupaten Lombok Barat,Leptop,0,AXIOO Mybook Pro F3 (4H9) i3-6157u/4GB/14,CV. JUMPA KARYA ABADI,Katalog Elektronik,23234750.51,7458391.94,2,0.0,0.0,46469501.02,2.1152,22057943.27,1176807.24
PO-SYN-000050,2024,Kantor Kecamatan Malili,Electronics/Computers,0,"Laptop Intel Ultra 7, 14 inch, 16GB RAM, 512GB SSD, Win 11 Pro",CV. MALILI TEKNO,mbizmarket.co.id,24578565.93,6277061.99,5,0.06,296190406.54,122892829.65,2.9156,24479486.73,99079.2
PO-SYN-000051,2024,Direktorat Operasi,Hardware / Laptop,0,"Lenovo Yoga 7i 2in1, Intel Core Ultra 7, 16Gb RAM, 1Tb NVMe, Win 11 Pro",Global Komputer,E-Katalog,3614302.03,8510305.81,5,0.09,80322705.71,18071510.15,-0.5753,2677706.04,936595.99
PO-SYN-000052,2025,Rumah Sakit Mutiara Sukma,Electronics/Computers,0,PC Unit ExpertCenter EG3408WVAK-BPC515X and Laptop OmniBook 5 Flip 14-FP0558TU,Global Komputer,E-Katalog,40852230.66,7982142.88,4,0.01,29374983.75,163408922.64,4.118,32376015.94,8476214.72
PO-SYN-000053,2024,Direktorat Sistem Pengadaan Digital,Komputer/Laptop,0,"Lenovo Yoga 7i 2in1, Intel Core Ultra 7, 16Gb RAM, 1Tb NVMe, Win 11 Pro",Global Komputer,E-Katalog,32858154.8,31623540.3,7,0.03,262297042.92,230007083.6,0.039,31002455.82,1855698.98
PO-SYN-000054,2021,Kantor Kecamatan Malili,Hardware / Laptop,0,"Laptop Intel Ultra 7, 14 inch, 16GB RAM, 512GB SSD, Win 11 Pro",Global Komputer,mbizmarket.co.id,23997915.17,15745973.19,3,0.09,0.0,71993745.51,0.5241,25595906.49,-1597991.32
PO-SYN-000055,2022,Kantor Inspektorat Kabupaten Lombok Barat,Belanja Modal Alat Kantor,0,"Lenovo Yoga 7i 2in1, Intel Core Ultra 7, 16Gb RAM, 1Tb NVMe, Win 11 Pro",Global Tech Solutions,E-Katalog,3141000.0,3141000.0,6,0.11,247323603.98,18846000.0,0.0,2712966.25,428033.75
PO-SYN-000056,2021,Direktorat Sistem Pengadaan Digital,Belanja Modal Alat Kantor,0,AXIOO Mybook Pro F3 (4H9) i3-6157u/4GB/14,Global Tech Solutions,E-Katalog,18051379.65,3141000.0,3,0.0,338200124.24,54154138.95,4.747,17173087.44,878292.21
PO-SYN-000057,2025,Dinas Kependudukan dan Pencatatan Sipil,Leptop,1,AXIOO Mybook Pro F3 (4H9) i3-6157u/4GB/14,CV. MALILI TEKNO,Katalog Elektronik,3676130.4,12528189.54,4,0.0,0.0,14704521.6,-0.7066,3176911.88,499218.52
PO-SYN-000058,2022,Dinas Kependudukan dan Pencatatan Sipil,Pengadaan Laptop,1,AXIOO Mybook Pro F3 (4H9) i3-6157u/4GB/14,CV. MALILI TEKNO,Katalog Elektronik,22597956.97,9406067.34,1,0.05,0.0,22597956.97,1.4025,17936283.35,4661673.62
PO-SYN-000059,2024,Dinas Kependudukan dan Pencatatan Sipil,Komputer/Laptop,0,PC Unit ExpertCenter EG3408WVAK-BPC515X and Laptop OmniBook 5 Flip 14-FP0558TU,CV. JUMPA KARYA ABADI,E-Katalog,5568429.7,14344327.84,3,0.18,307788817.61,16705289.1,-0.6118,4336938.09,1231491.61
PO-SYN-000060,2025,Rumah Sakit Mutiara Sukma,Belanja Modal Alat Kantor,0,"Lenovo Yoga 7i 2in1, Intel Core Ultra 7, 16Gb RAM, 1Tb NVMe, Win 11 Pro",Global Tech Solutions,Katalog Elektronik,17931721.16,3141000.0,2,0.0,169288550.03,35863442.32,4.7089,14043467.16,3888254.0
PO-SYN-000061,2022,Dinas Kependudukan dan Pencatatan Sipil,Belanja Modal Alat Kantor,1,HP240R G9 CORE 7 150U 16GB 512SSD WIN11HOME FHD FP,Sinar Niaga Teknologi,Direct/Official Channel,27447976.05,43725038.28,2,0.07,264417759.75,54895952.1,-0.3723,25657072.47,1790903.58
PO-SYN-000062,2024,Kantor Kecamatan Malili,Laptop,0,HP240R G9 CORE 7 150U 16GB 512SSD WIN11HOME FHD FP,Global Tech Solutions,mbizmarket.co.id,22228980.54,18147589.58,3,0.0,92080154.31,66686941.62,0.2249,21998109.1,230871.44
PO-SYN-000063,2025,Rumah Sakit Mutiara Sukma,Electronics/Computers,0,"Laptop Intel Ultra 7, 14 inch, 16GB RAM, 512GB SSD, Win 11 Pro",Sinar Niaga Teknologi,mbizmarket.co.id,43918690.45,34076066.64,9,0.0,311584664.36,395268214.05,0.2888,35604834.09,8313856.36
PO-SYN-000064,2021,Direktorat Operasi,Leptop,0,PC Unit ExpertCenter EG3408WVAK-BPC515X and Laptop OmniBook 5 Flip 14-FP0558TU,CV. MALILI TEKNO,E-Katalog,56975445.91,4335572.61,1,0.0,0.0,56975445.91,12.1414,40861709.8,16113736.11
PO-SYN-000065,2022,Dinas Kependudukan dan Pencatatan Sipil,Leptop,0,"Lenovo Yoga 7i 2in1, Intel Core Ultra 7, 16Gb RAM, 1Tb NVMe, Win 11 Pro",CV. MALILI TEKNO,Katalog Elektronik,4849209.08,20466187.06,4,0.23,331806171.08,19396836.32,-0.7631,4020814.31,828394.77
PO-SYN-000066,2022,Kantor Kecamatan Malili,Electronics/Computers,0,HP240R G9 CORE 7 150U 16GB 512SSD WIN11HOME FHD FP,Global Tech Solutions,Direct Procurement,3141000.0,26212572.65,1,0.22,391100210.4,3141000.0,-0.8802,3459048.41,-318048.41
PO-SYN-000067,2023,Kantor Kecamatan Malili,Belanja Modal Alat Kantor,0,AXIOO Mybook Pro F3 (4H9) i3-6157u/4GB/14,CV. JUMPA KARYA ABADI,mbizmarket.co.id,3141000.0,40715493.02,2,0.16,0.0,6282000.0,-0.9229,2941968.45,199031.55
PO-SYN-000068,2023,Rumah Sakit Mutiara Sukma,Belanja Modal Alat Kantor,0,AXIOO Mybook Pro F3 (4H9) i3-6157u/4GB/14,Internal Procurement/Standard Vendor,mbizmarket.co.id,18360546.29,18726193.18,1,0.09,0.0,18360546.29,-0.0195,14644660.59,3715885.7
PO-SYN-000069,2023,Direktorat Operasi,Electronics/Computers,0,"Laptop Intel Ultra 7, 14 inch, 16GB RAM, 512GB SSD, Win 11 Pro",CV. MALILI TEKNO,Direct Procurement,20394237.45,26591480.54,5,0.0,0.0,101971187.25,-0.2331,19958586.63,435650.82
PO-SYN-000070,2025,Rumah Sakit Mutiara Sukma,Belanja Modal Alat Kantor,0,AXIOO Mybook Pro F3 (4H9) i3-6157u/4GB/14,Internal Procurement/Standard Vendor,E-Katalog,24141935.55,5341943.99,7,0.04,391063203.02,168993548.85,3.5193,18197683.56,5944251.99
PO-SYN-000071,2021,Kantor Kecamatan Malili,Leptop,0,"Laptop Intel Ultra 7, 14 inch, 16GB RAM, 512GB SSD, Win 11 Pro",Internal Procurement/Standard Vendor,Direct Procurement,54694232.33,47470459.78,2,0.13,252826976.69,109388464.66,0.1522,65900145.22,-11205912.89
PO-SYN-000072,2022,Rumah Sakit Mutiara Sukma,Leptop,0,AXIOO Mybook Pro F3 (4H9) i3-6157u/4GB/14,CV. MALILI TEKNO,E-Katalog,3141000.0,29478974.02,6,0.0,0.0,18846000.0,-0.8934,2119059.67,1021940.33
PO-SYN-000073,2023,Direktorat Operasi,Electronics/Computers,1,AXIOO Mybook Pro F3 (4H9) i3-6157u/4GB/14,Global Komputer,Katalog Elektronik,13505744.17,30008827.03,7,0.04,507395108.75,94540209.19,-0.5499,10071198.98,3434545.19
PO-SYN-000074,2025,Kantor Kecamatan Malili,Pengadaan Laptop,0,AXIOO Mybook Pro F3 (4H9) i3-6157u/4GB/14,Internal Procurement/Standard Vendor,Direct/Official Channel,3141000.0,17001088.31,4,0.03,0.0,12564000.0,-0.8152,3430495.62,-289495.62
PO-SYN-000075,2022,Kantor Kecamatan Malili,Komputer/Laptop,1,"Asus X441MA-GA031T/Celeron N4020/4GB/1TB/14""/Win 10 Home",Global Komputer,Direct/Official Channel,3141000.0,29203388.24,4,0.0,0.0,12564000.0,-0.8924,3263355.77,-122355.77
PO-SYN-000076,2023,Kantor Kecamatan Malili,Pengadaan Laptop,0,AXIOO Mybook Pro F3 (4H9) i3-6157u/4GB/14,CV. MALILI TEKNO,mbizmarket.co.id,17159923.33,34006601.87,1,0.08,0.0,17159923.33,-0.4954,15912268.86,1247654.47
PO-SYN-000077,2022,Dinas Kependudukan dan Pencatatan Sipil,Hardware / Laptop,0,AXIOO Mybook Pro F3 (4H9) i3-6157u/4GB/14,Global Komputer,Direct Procurement,16375957.6,3141000.0,1,0.0,594416410.75,16375957.6,4.2136,16085670.32,290287.28
PO-SYN-000078,2021,Kantor Kecamatan Malili,Pengadaan Laptop,1,"Lenovo Yoga 7i 2in1, Intel Core Ultra 7, 16Gb RAM, 1Tb NVMe, Win 11 Pro",CV. MALILI TEKNO,Direct Procurement,5899307.08,21536064.74,2,0.01,244746667.07,11798614.16,-0.7261,6904692.48,-1005385.4
PO-SYN-000079,2023,Dinas Kependudukan dan Pencatatan Sipil,Komputer/Laptop,0,AXIOO Mybook Pro F3 (4H9) i3-6157u/4GB/14,Internal Procurement/Standard Vendor,Direct/Official Channel,8890565.72,8247199.8,2,0.0,0.0,17781131.44,0.078,9060207.38,-169641.66
PO-SYN-000080,2021,Kantor Kecamatan Malili,Hardware / Laptop,0,HP240R G9 CORE 7 150U 16GB 512SSD WIN11HOME FHD FP,Sinar Niaga Teknologi,mbizmarket.co.id,47344781.29,13745521.78,4,0.06,750000000.0,189379125.16,2.4444,48273817.09,-929035.8
PO-SYN-000081,2021,Kantor Kecamatan Malili,Leptop,0,AXIOO Mybook Pro F3 (4H9) i3-6157u/4GB/14,Global Tech Solutions,Direct Procurement,16006748.87,3141000.0,1,0.05,0.0,16006748.87,4.0961,16767344.54,-760595.67
PO-SYN-000082,2025,Dinas Kependudukan dan Pencatatan Sipil,Belanja Modal Alat Kantor,0,HP240R G9 CORE 7 150U 16GB 512SSD WIN11HOME FHD FP,Internal Procurement/Standard Vendor,E-Katalog,6838848.2,3141000.0,8,0.12,83670108.87,54710785.6,1.1773,5766649.82,1072198.38
PO-SYN-000083,2023,Rumah Sakit Mutiara Sukma,Belanja Modal Alat Kantor,0,"Asus X441MA-GA031T/Celeron N4020/4GB/1TB/14""/Win 10 Home",Sinar Niaga Teknologi,mbizmarket.co.id,19635441.68,3444050.29,7,0.09,0.0,137448091.76,4.7013,15623712.2,4011729.48
PO-SYN-000084,2023,Kantor Inspektorat Kabupaten Lombok Barat,Laptop,0,PC Unit ExpertCenter EG3408WVAK-BPC515X and Laptop OmniBook 5 Flip 14-FP0558TU,CV. JUMPA KARYA ABADI,E-Katalog,3141000.0,3141000.0,5,0.23,0.0,15705000.0,0.0,2704368.19,436631.81
PO-SYN-000085,2022,Dinas Kependudukan dan Pencatatan Sipil,Belanja Modal Alat Kantor,0,"Asus X441MA-GA031T/Celeron N4020/4GB/1TB/14""/Win 10 Home",Global Komputer,E-Katalog,6766911.27,9739514.5,1,0.0,98296900.4,6766911.27,-0.3052,5092118.92,1674792.35
PO-SYN-000086,2025,Kantor Kecamatan Malili,Electronics/Computers,0,AXIOO Mybook Pro F3 (4H9) i3-6157u/4GB/14,CV. MALILI TEKNO,Direct/Official Channel,23048530.07,17090425.59,2,0.0,0.0,46097060.14,0.3486,26240531.99,-3192001.92
PO-SYN-000087,2023,Kantor Inspektorat Kabupaten Lombok Barat,Belanja Modal Alat Kantor,0,HP240R G9 CORE 7 150U 16GB 512SSD WIN11HOME FHD FP,Global Tech Solutions,Katalog Elektronik,27122213.95,3141000.0,3,0.11,0.0,81366641.85,7.6349,25370314.4,1751899.55
PO-SYN-000088,2021,Kantor Kecamatan Malili,Leptop,0,HP240R G9 CORE 7 150U 16GB 512SSD WIN11HOME FHD FP,CV. MALILI TEKNO,Direct Procurement,6555128.3,27536406.1,1,0.0,0.0,6555128.3,-0.7619,7410068.45,-854940.15
PO-SYN-000089,2023,Kantor Inspektorat Kabupaten Lombok Barat,Electronics/Computers,0,"Laptop Intel Ultra 7, 14 inch, 16GB RAM, 512GB SSD, Win 11 Pro",Internal Procurement/Standard Vendor,Direct/Official Channel,22858787.06,3141000.0,4,0.0,68625728.47,91435148.24,6.2776,21848861.41,1009925.65
PO-SYN-000090,2024,Kantor Kecamatan Malili,Pengadaan Laptop,0,AXIOO Mybook Pro F3 (4H9) i3-6157u/4GB/14,Internal Procurement/Standard Vendor,E-Katalog,6745813.94,18733227.6,1,0.0,346271068.2,6745813.94,-0.6399,5915497.64,830316.3
PO-SYN-000091,2025,Dinas Kependudukan dan Pencatatan Sipil,Pengadaan Laptop,0,AXIOO Mybook Pro F3 (4H9) i3-6157u/4GB/14,Global Komputer,Katalog Elektronik,33039792.15,3141000.0,4,0.18,0.0,132159168.6,9.5189,27085284.37,5954507.78
PO-SYN-000092,2023,Direktorat Operasi,Pengadaan Laptop,0,"Laptop Intel Ultra 7, 14 inch, 16GB RAM, 512GB SSD, Win 11 Pro",Global Tech Solutions,mbizmarket.co.id,28468350.64,14519344.28,4,0.0,108153033.44,113873402.56,0.9607,22247587.1,6220763.54
PO-SYN-000093,2023,Kantor Inspektorat Kabupaten Lombok Barat,Pengadaan Laptop,0,AXIOO Mybook Pro F3 (4H9) i3-6157u/4GB/14,Internal Procurement/Standard Vendor,E-Katalog,38909909.96,22216509.6,4,0.0,0.0,155639639.84,0.7514,31879120.68,7030789.28
PO-SYN-000094,2024,Kantor Kecamatan Malili,Komputer/Laptop,0,"Lenovo Yoga 7i 2in1, Intel Core Ultra 7, 16Gb RAM, 1Tb NVMe, Win 11 Pro",CV. MALILI TEKNO,E-Katalog,25240307.08,10852377.99,3,0.25,311275028.23,75720921.24,1.3258,22419451.4,2820855.68
PO-SYN-000095,2023,Direktorat Sistem Pengadaan Digital,Electronics/Computers,0,"Laptop Intel Ultra 7, 14 inch, 16GB RAM, 512GB SSD, Win 11 Pro",Sinar Niaga Teknologi,E-Katalog,39500861.18,11069582.08,1,0.0,0.0,39500861.18,2.5684,37191933.85,2308927.33
PO-SYN-000096,2022,Kantor Kecamatan Malili,Leptop,1,AXIOO Mybook Pro F3 (4H9) i3-6157u/4GB/14,Internal Procurement/Standard Vendor,Direct/Official Channel,18593425.73,46142856.83,3,0.01,300473633.46,55780277.19,-0.597,18142875.62,450550.11
PO-SYN-000097,2021,Rumah Sakit Mutiara Sukma,Hardware / Laptop,0,"Laptop Intel Ultra 7, 14 inch, 16GB RAM, 512GB SSD, Win 11 Pro",CV. MALILI TEKNO,mbizmarket.co.id,22432648.09,30906019.97,1,0.15,173373553.41,22432648.09,-0.2742,17646729.96,4785918.13
PO-SYN-000098,2021,Kantor Inspektorat Kabupaten Lombok Barat,Pengadaan Laptop,0,"Laptop Intel Ultra 7, 14 inch, 16GB RAM, 512GB SSD, Win 11 Pro",Internal Procurement/Standard Vendor,mbizmarket.co.id,29453092.07,56141590.9,3,0.05,0.0,88359276.21,-0.4754,25254071.97,4199020.1
PO-SYN-000099,2024,Kantor Inspektorat Kabupaten Lombok Barat,Pengadaan Laptop,1,"Lenovo Yoga 7i 2in1, Intel Core Ultra 7, 16Gb RAM, 1Tb NVMe, Win 11 Pro",CV. MALILI TEKNO,mbizmarket.co.id,32945112.73,3531549.97,3,0.0,209745767.79,98835338.19,8.3288,29994029.29,2951083.44
PO-SYN-000100,2021,Kantor Kecamatan Malili,Komputer/Laptop,0,PC Unit ExpertCenter EG3408WVAK-BPC515X and Laptop OmniBook 5 Flip 14-FP0558TU,CV. MALILI TEKNO,Direct Procurement,36607712.7,9354358.36,2,0.0,0.0,73215425.4,2.9134,42061753.49,-5454040.79
PO-SYN-000101,2022,Direktorat Operasi,Komputer/Laptop,0,"Laptop Intel Ultra 7, 14 inch, 16GB RAM, 512GB SSD, Win 11 Pro",CV. JUMPA KARYA ABADI,E-Katalog,31648606.45,3141000.0,5,0.17,192775694.01,158243032.25,9.076,25498021.24,6150585.21
PO-SYN-000102,2025,Direktorat Operasi,Komputer/Laptop,0,"Asus X441MA-GA031T/Celeron N4020/4GB/1TB/14""/Win 10 Home",Internal Procurement/Standard Vendor,mbizmarket.co.id,4590135.89,3141000.0,1,0.19,255154479.43,4590135.89,0.4614,3605215.09,984920.8
PO-SYN-000103,2024,Kantor Kecamatan Malili,Laptop,0,"Laptop Intel Ultra 7, 14 inch, 16GB RAM, 512GB SSD, Win 11 Pro",Sinar Niaga Teknologi,mbizmarket.co.id,23216663.4,3141000.0,10,0.04,114057421.43,232166634.0,6.3915,23230831.88,-14168.48
PO-SYN-000104,2024,Direktorat Sistem Pengadaan Digital,Komputer/Laptop,0,"Laptop Intel Ultra 7, 14 inch, 16GB RAM, 512GB SSD, Win 11 Pro",CV. JUMPA KARYA ABADI,mbizmarket.co.id,26770315.17,21702707.86,1,0.08,573004593.5,26770315.17,0.2335,29281103.34,-2510788.17
PO-SYN-000105,2025,Kantor Inspektorat Kabupaten Lombok Barat,Hardware / Laptop,0,AXIOO Mybook Pro F3 (4H9) i3-6157u/4GB/14,CV. JUMPA KARYA ABADI,Direct Procurement,46429483.85,9334179.74,1,0.02,100161884.94,46429483.85,3.9741,51215182.87,-4785699.02
PO-SYN-000106,2023,Kantor Kecamatan Malili,Hardware / Laptop,0,AXIOO Mybook Pro F3 (4H9) i3-6157u/4GB/14,Sinar Niaga Teknologi,mbizmarket.co.id,3141000.0,43671388.13,2,0.0,0.0,6282000.0,-0.9281,2781912.07,359087.93
PO-SYN-000107,2025,Kantor Inspektorat Kabupaten Lombok Barat,Electronics/Computers,1,HP240R G9 CORE 7 150U 16GB 512SSD WIN11HOME FHD FP,CV. JUMPA KARYA ABADI,E-Katalog,32818458.01,19169336.53,1,0.0,0.0,32818458.01,0.712,29776217.61,3042240.4
PO-SYN-000108,2023,Direktorat Operasi,Leptop,0,HP240R G9 CORE 7 150U 16GB 512SSD WIN11HOME FHD FP,Global Tech Solutions,E-Katalog,13679245.48,3141000.0,2,0.0,0.0,27358490.96,3.3551,10048001.96,3631243.52
PO-SYN-000109,2022,Direktorat Operasi,Hardware / Laptop,0,AXIOO Mybook Pro F3 (4H9) i3-6157u/4GB/14,Internal Procurement/Standard Vendor,mbizmarket.co.id,14185791.72,29649836.86,8,0.15,16116979.85,113486333.76,-0.5216,10554793.21,3630998.51
PO-SYN-000110,2022,Rumah Sakit Mutiara Sukma,Pengadaan Laptop,0,HP240R G9 CORE 7 150U 16GB 512SSD WIN11HOME FHD FP,Global Tech Solutions,Direct Procurement,63000000.0,18932102.76,2,0.03,137019921.22,126000000.0,2.3277,58681973.62,4318026.38
PO-SYN-000111,2024,Rumah Sakit Mutiara Sukma,Hardware / Laptop,0,"Asus X441MA-GA031T/Celeron N4020/4GB/1TB/14""/Win 10 Home",CV. JUMPA KARYA ABADI,mbizmarket.co.id,8127641.91,8734458.75,2,0.0,0.0,16255283.82,-0.0695,6563961.68,1563680.23
PO-SYN-000112,2025,Kantor Kecamatan Malili,Belanja Modal Alat Kantor,0,AXIOO Mybook Pro F3 (4H9) i3-6157u/4GB/14,Global Tech Solutions,Direct Procurement,13760806.24,43241369.5,1,0.14,408355121.1,13760806.24,-0.6818,13909456.93,-148650.69
PO-SYN-000113,2024,Rumah Sakit Mutiara Sukma,Leptop,0,AXIOO Mybook Pro F3 (4H9) i3-6157u/4GB/14,CV. JUMPA KARYA ABADI,mbizmarket.co.id,12210412.31,11685981.37,1,0.0,0.0,12210412.31,0.0449,10668452.51,1541959.8
PO-SYN-000114,2024,Direktorat Sistem Pengadaan Digital,Electronics/Computers,0,"Laptop Intel Ultra 7, 14 inch, 16GB RAM, 512GB SSD, Win 11 Pro",CV. MALILI TEKNO,E-Katalog,34807178.52,39330451.54,5,0.0,0.0,174035892.6,-0.115,34175164.68,632013.84
PO-SYN-000115,2022,Kantor Inspektorat Kabupaten Lombok Barat,Hardware / Laptop,0,"Asus X441MA-GA031T/Celeron N4020/4GB/1TB/14""/Win 10 Home",CV. JUMPA KARYA ABADI,E-Katalog,3141000.0,29932374.23,2,0.0,269807172.75,6282000.0,-0.8951,2688756.41,452243.59
PO-SYN-000116,2024,Dinas Kependudukan dan Pencatatan Sipil,Electronics/Computers,0,AXIOO Mybook Pro F3 (4H9) i3-6157u/4GB/14,CV. JUMPA KARYA ABADI,mbizmarket.co.id,11887315.0,37442188.39,1,0.09,239292665.57,11887315.0,-0.6825,9825691.26,2061623.74
PO-SYN-000117,2022,Kantor Kecamatan Malili,Pengadaan Laptop,1,"Laptop Intel Ultra 7, 14 inch, 16GB RAM, 512GB SSD, Win 11 Pro",Global Tech Solutions,E-Katalog,24032678.59,3141000.0,5,0.01,0.0,120163392.95,6.6513,22838734.51,1193944.08
PO-SYN-000118,2024,Direktorat Sistem Pengadaan Digital,Laptop,0,PC Unit ExpertCenter EG3408WVAK-BPC515X and Laptop OmniBook 5 Flip 14-FP0558TU,Global Komputer,mbizmarket.co.id,5817674.75,3141000.0,1,0.09,0.0,5817674.75,0.8522,6485353.66,-667678.91
PO-SYN-000119,2024,Direktorat Operasi,Komputer/Laptop,0,"Lenovo Yoga 7i 2in1, Intel Core Ultra 7, 16Gb RAM, 1Tb NVMe, Win 11 Pro",Global Komputer,Katalog Elektronik,3141000.0,46479690.4,3,0.02,0.0,9423000.0,-0.9324,2566049.68,574950.32
PO-SYN-000120,2024,Dinas Kependudukan dan Pencatatan Sipil,Hardware / Laptop,0,HP240R G9 CORE 7 150U 16GB 512SSD WIN11HOME FHD FP,Sinar Niaga Teknologi,mbizmarket.co.id,17602615.28,36499482.36,3,0.04,0.0,52807845.84,-0.5177,14736437.04,2866178.24
PO-SYN-000121,2024,Dinas Kependudukan dan Pencatatan Sipil,Komputer/Laptop,0,"Asus X441MA-GA031T/Celeron N4020/4GB/1TB/14""/Win 10 Home",Sinar Niaga Teknologi,mbizmarket.co.id,23708650.06,3141000.0,1,0.11,129972633.72,23708650.06,6.5481,19721811.69,3986838.37
PO-SYN-000122,2021,Kantor Inspektorat Kabupaten Lombok Barat,Belanja Modal Alat Kantor,0,"Laptop Intel Ultra 7, 14 inch, 16GB RAM, 512GB SSD, Win 11 Pro",Global Komputer,Katalog Elektronik,18593700.66,23784001.39,1,0.0,136440096.35,18593700.66,-0.2182,16104332.63,2489368.03
PO-SYN-000123,2022,Kantor Kecamatan Malili,Belanja Modal Alat Kantor,0,AXIOO Mybook Pro F3 (4H9) i3-6157u/4GB/14,Global Komputer,mbizmarket.co.id,25484250.7,3141000.0,6,0.08,152022311.02,152905504.2,7.1134,25815908.13,-331657.43
PO-SYN-000124,2021,Direktorat Operasi,Hardware / Laptop,0,PC Unit ExpertCenter EG3408WVAK-BPC515X and Laptop OmniBook 5 Flip 14-FP0558TU,Global Tech Solutions,Direct/Official Channel,47707264.19,35003146.99,1,0.0,0.0,47707264.19,0.3629,42747345.46,4959918.73
PO-SYN-000125,2022,Direktorat Operasi,Pengadaan Laptop,0,PC Unit ExpertCenter EG3408WVAK-BPC515X and Laptop OmniBook 5 Flip 14-FP0558TU,Global Tech Solutions,Direct/Official Channel,27418147.42,5724605.03,3,0.0,0.0,82254442.26,3.7895,22809929.59,4608217.83
PO-SYN-000126,2024,Kantor Kecamatan Malili,Leptop,0,HP240R G9 CORE 7 150U 16GB 512SSD WIN11HOME FHD FP,Internal Procurement/Standard Vendor,E-Katalog,3141000.0,3141000.0,1,0.14,0.0,3141000.0,0.0,3209492.77,-68492.77
PO-SYN-000127,2025,Kantor Kecamatan Malili,Electronics/Computers,0,AXIOO Mybook Pro F3 (4H9) i3-6157u/4GB/14,CV. MALILI TEKNO,Direct/Official Channel,26987886.76,21045701.67,1,0.1,0.0,26987886.76,0.2823,29787819.52,-2799932.76
PO-SYN-000128,2023,Rumah Sakit Mutiara Sukma,Laptop,0,HP240R G9 CORE 7 150U 16GB 512SSD WIN11HOME FHD FP,Global Tech Solutions,mbizmarket.co.id,63000000.0,16319444.32,6,0.0,76675502.17,378000000.0,2.8604,55091101.43,7908898.57
PO-SYN-000129,2024,Kantor Inspektorat Kabupaten Lombok Barat,Electronics/Computers,1,PC Unit ExpertCenter EG3408WVAK-BPC515X and Laptop OmniBook 5 Flip 14-FP0558TU,Global Tech Solutions,mbizmarket.co.id,7185406.45,48431334.04,5,0.0,249469409.37,35927032.25,-0.8516,6747313.37,438093.08
PO-SYN-000130,2022,Rumah Sakit Mutiara Sukma,Electronics/Computers,0,HP240R G9 CORE 7 150U 16GB 512SSD WIN11HOME FHD FP,CV. MALILI TEKNO,mbizmarket.co.id,29259149.53,3141000.0,1,0.0,66462910.67,29259149.53,8.3152,24234330.13,5024819.4
PO-SYN-000131,2025,Kantor Kecamatan Malili,Belanja Modal Alat Kantor,0,"Laptop Intel Ultra 7, 14 inch, 16GB RAM, 512GB SSD, Win 11 Pro",CV. MALILI TEKNO,E-Katalog,21408951.33,3141000.0,4,0.09,230668246.12,85635805.32,5.816,20376063.48,1032887.85
PO-SYN-000132,2023,Direktorat Sistem Pengadaan Digital,Pengadaan Laptop,0,HP240R G9 CORE 7 150U 16GB 512SSD WIN11HOME FHD FP,Global Komputer,E-Katalog,33008505.87,25661716.24,2,0.0,196965676.3,66017011.74,0.2863,31963592.2,1044913.67
PO-SYN-000133,2023,Rumah Sakit Mutiara Sukma,Komputer/Laptop,0,AXIOO Mybook Pro F3 (4H9) i3-6157u/4GB/14,CV. JUMPA KARYA ABADI,E-Katalog,23068363.06,3141000.0,1,0.14,75493158.66,23068363.06,6.3443,17920461.01,5147902.05
PO-SYN-000134,2024,Dinas Kependudukan dan Pencatatan Sipil,Electronics/Computers,0,"Asus X441MA-GA031T/Celeron N4020/4GB/1TB/14""/Win 10 Home",CV. MALILI TEKNO,Direct/Official Channel,18768420.93,18436380.59,5,0.0,110620678.35,93842104.65,0.018,17489180.84,1279240.09
PO-SYN-000135,2024,Direktorat Operasi,Electronics/Computers,0,AXIOO Mybook Pro F3 (4H9) i3-6157u/4GB/14,Sinar Niaga Teknologi,E-Katalog,10587576.4,12733693.25,3,0.0,410858998.47,31762729.2,-0.1685,7449389.79,3138186.61
PO-SYN-000136,2025,Kantor Kecamatan Malili,Pengadaan Laptop,0,"Asus X441MA-GA031T/Celeron N4020/4GB/1TB/14""/Win 10 Home",CV. MALILI TEKNO,mbizmarket.co.id,14964660.02,10536954.7,7,0.05,352886603.48,104752620.14,0.4202,13376170.0,1588490.02
PO-SYN-000137,2025,Dinas Kependudukan dan Pencatatan Sipil,Leptop,0,"Lenovo Yoga 7i 2in1, Intel Core Ultra 7, 16Gb RAM, 1Tb NVMe, Win 11 Pro",CV. MALILI TEKNO,E-Katalog,22988314.73,32904328.07,3,0.14,0.0,68964944.19,-0.3014,19320485.38,3667829.35
PO-SYN-000138,2023,Kantor Inspektorat Kabupaten Lombok Barat,Hardware / Laptop,0,"Asus X441MA-GA031T/Celeron N4020/4GB/1TB/14""/Win 10 Home",Global Tech Solutions,E-Katalog,58903843.99,11830720.73,1,0.18,494697403.39,58903843.99,3.9789,48037553.32,10866290.67
PO-SYN-000139,2024,Dinas Kependudukan dan Pencatatan Sipil,Belanja Modal Alat Kantor,0,AXIOO Mybook Pro F3 (4H9) i3-6157u/4GB/14,Sinar Niaga Teknologi,Direct/Official Channel,10840513.67,13194505.91,1,0.0,0.0,10840513.67,-0.1784,9943668.34,896845.33
PO-SYN-000140,2024,Direktorat Operasi,Leptop,0,HP240R G9 CORE 7 150U 16GB 512SSD WIN11HOME FHD FP,Sinar Niaga Teknologi,Katalog Elektronik,17654757.06,21876528.71,7,0.0,340582763.49,123583299.42,-0.193,13989601.47,3665155.59
PO-SYN-000141,2025,Kantor Kecamatan Malili,Leptop,0,PC Unit ExpertCenter EG3408WVAK-BPC515X and Laptop OmniBook 5 Flip 14-FP0558TU,Global Tech Solutions,Direct/Official Channel,17393522.33,29289988.89,1,0.07,128830015.28,17393522.33,-0.4062,19551493.06,-2157970.73
PO-SYN-000142,2021,Direktorat Operasi,Electronics/Computers,0,"Asus X441MA-GA031T/Celeron N4020/4GB/1TB/14""/Win 10 Home",Global Tech Solutions,mbizmarket.co.id,23379285.57,59247727.87,1,0.0,0.0,23379285.57,-0.6054,17902465.86,5476819.71
PO-SYN-000143,2022,Kantor Kecamatan Malili,Pengadaan Laptop,0,AXIOO Mybook Pro F3 (4H9) i3-6157u/4GB/14,CV. JUMPA KARYA ABADI,Direct Procurement,7001218.29,37941686.79,7,0.0,0.0,49008528.03,-0.8155,8081456.18,-1080237.89
PO-SYN-000144,2021,Rumah Sakit Mutiara Sukma,Leptop,1,"Asus X441MA-GA031T/Celeron N4020/4GB/1TB/14""/Win 10 Home",CV. MALILI TEKNO,Direct/Official Channel,8506603.2,28585201.67,3,0.0,486395030.12,25519809.6,-0.7024,8461379.36,45223.84
PO-SYN-000145,2023,Kantor Kecamatan Malili,Laptop,0,"Asus X441MA-GA031T/Celeron N4020/4GB/1TB/14""/Win 10 Home",Global Tech Solutions,E-Katalog,7436027.36,11412384.67,3,0.06,256236354.65,22308082.08,-0.3484,7389299.28,46728.08
PO-SYN-000146,2023,Kantor Inspektorat Kabupaten Lombok Barat,Electronics/Computers,0,HP240R G9 CORE 7 150U 16GB 512SSD WIN11HOME FHD FP,Sinar Niaga Teknologi,mbizmarket.co.id,15140086.87,4503846.6,1,0.0,77157463.1,15140086.87,2.3616,14774222.7,365864.17
PO-SYN-000147,2024,Dinas Kependudukan dan Pencatatan Sipil,Leptop,0,"Lenovo Yoga 7i 2in1, Intel Core Ultra 7, 16Gb RAM, 1Tb NVMe, Win 11 Pro",Global Komputer,mbizmarket.co.id,9118410.4,21701091.38,2,0.15,739976110.52,18236820.8,-0.5798,7452282.84,1666127.56
PO-SYN-000148,2022,Dinas Kependudukan dan Pencatatan Sipil,Belanja Modal Alat Kantor,0,"Laptop Intel Ultra 7, 14 inch, 16GB RAM, 512GB SSD, Win 11 Pro",CV. MALILI TEKNO,mbizmarket.co.id,9616384.27,35504396.68,5,0.22,236917688.01,48081921.35,-0.7291,7928528.08,1687856.19
PO-SYN-000149,2022,Direktorat Operasi,Hardware / Laptop,0,"Asus X441MA-GA031T/Celeron N4020/4GB/1TB/14""/Win 10 Home",Sinar Niaga Teknologi,mbizmarket.co.id,28708442.43,36590369.43,5,0.08,361904391.51,143542212.15,-0.2154,23933177.68,4775264.75
PO-SYN-000150,2025,Kantor Kecamatan Malili,Laptop,0,HP240R G9 CORE 7 150U 16GB 512SSD WIN11HOME FHD FP,Global Komputer,mbizmarket.co.id,42699298.45,28850677.9,2,0.04,398108538.31,85398596.9,0.48,39545136.24,3154162.21
PO-SYN-000151,2022,Dinas Kependudukan dan Pencatatan Sipil,Hardware / Laptop,0,"Lenovo Yoga 7i 2in1, Intel Core Ultra 7, 16Gb RAM, 1Tb NVMe, Win 11 Pro",Sinar Niaga Teknologi,E-Katalog,24784632.97,11317534.25,3,0.16,135211272.79,74353898.91,1.1899,19504155.2,5280477.77
PO-SYN-000152,2025,Direktorat Operasi,Leptop,0,PC Unit ExpertCenter EG3408WVAK-BPC515X and Laptop OmniBook 5 Flip 14-FP0558TU,Global Tech Solutions,Katalog Elektronik,3141000.0,30491913.41,4,0.26,6048184.1,12564000.0,-0.897,2543408.89,597591.11
PO-SYN-000153,2022,Kantor Kecamatan Malili,Komputer/Laptop,0,"Asus X441MA-GA031T/Celeron N4020/4GB/1TB/14""/Win 10 Home",Global Komputer,mbizmarket.co.id,22676035.12,44477386.43,2,0.06,243123267.6,45352070.24,-0.4902,22099622.13,576412.99
PO-SYN-000154,2021,Direktorat Sistem Pengadaan Digital,Leptop,0,"Asus X441MA-GA031T/Celeron N4020/4GB/1TB/14""/Win 10 Home",CV. JUMPA KARYA ABADI,Katalog Elektronik,10376567.7,21201404.0,6,0.0,120161135.19,62259406.2,-0.5106,10436108.41,-59540.71
PO-SYN-000155,2022,Rumah Sakit Mutiara Sukma,Leptop,0,"Asus X441MA-GA031T/Celeron N4020/4GB/1TB/14""/Win 10 Home",Global Komputer,mbizmarket.co.id,39391846.32,3141000.0,1,0.07,491060240.29,39391846.32,11.5412,31540802.34,7851043.98
PO-SYN-000156,2021,Kantor Inspektorat Kabupaten Lombok Barat,Pengadaan Laptop,0,"Laptop Intel Ultra 7, 14 inch, 16GB RAM, 512GB SSD, Win 11 Pro",CV. MALILI TEKNO,mbizmarket.co.id,8453990.04,49587399.21,1,0.0,199657338.74,8453990.04,-0.8295,7380381.32,1073608.72
PO-SYN-000157,2021,Direktorat Operasi,Hardware / Laptop,0,"Laptop Intel Ultra 7, 14 inch, 16GB RAM, 512GB SSD, Win 11 Pro",Sinar Niaga Teknologi,E-Katalog,3141000.0,29854269.86,3,0.0,0.0,9423000.0,-0.8948,2414402.61,726597.39
PO-SYN-000158,2022,Rumah Sakit Mutiara Sukma,Laptop,0,"Asus X441MA-GA031T/Celeron N4020/4GB/1TB/14""/Win 10 Home",Global Tech Solutions,E-Katalog,29761000.86,16267016.2,8,0.0,0.0,238088006.88,0.8295,21584263.85,8176737.01
PO-SYN-000159,2025,Direktorat Operasi,Komputer/Laptop,0,"Asus X441MA-GA031T/Celeron N4020/4GB/1TB/14""/Win 10 Home",CV. JUMPA KARYA ABADI,Direct Procurement,17462065.56,22030057.98,2,0.07,0.0,34924131.12,-0.2074,17222442.73,239622.83
PO-SYN-000160,2023,Kantor Kecamatan Malili,Laptop,0,HP240R G9 CORE 7 150U 16GB 512SSD WIN11HOME FHD FP,Global Tech Solutions,E-Katalog,16815729.2,36734939.61,4,0.08,233251323.1,67262916.8,-0.5422,15523818.29,1291910.91
PO-SYN-000161,2021,Direktorat Sistem Pengadaan Digital,Electronics/Computers,0,AXIOO Mybook Pro F3 (4H9) i3-6157u/4GB/14,Internal Procurement/Standard Vendor,mbizmarket.co.id,29628810.18,40299565.65,3,0.1,62501039.04,88886430.54,-0.2648,32551470.66,-2922660.48
PO-SYN-000162,2022,Dinas Kependudukan dan Pencatatan Sipil,Electronics/Computers,0,"Lenovo Yoga 7i 2in1, Intel Core Ultra 7, 16Gb RAM, 1Tb NVMe, Win 11 Pro",Internal Procurement/Standard Vendor,Direct/Official Channel,6311751.56,48237702.39,2,0.0,118901482.95,12623503.12,-0.8692,5815688.34,496063.22
PO-SYN-000163,2025,Rumah Sakit Mutiara Sukma,Hardware / Laptop,0,"Asus X441MA-GA031T/Celeron N4020/4GB/1TB/14""/Win 10 Home",CV. JUMPA KARYA ABADI,mbizmarket.co.id,33127315.18,6954893.54,1,0.0,0.0,33127315.18,3.7632,23387067.57,9740247.61
PO-SYN-000164,2025,Kantor Inspektorat Kabupaten Lombok Barat,Leptop,0,"Lenovo Yoga 7i 2in1, Intel Core Ultra 7, 16Gb RAM, 1Tb NVMe, Win 11 Pro",Sinar Niaga Teknologi,mbizmarket.co.id,3141000.0,30730182.91,5,0.07,0.0,15705000.0,-0.8978,2806007.75,334992.25
PO-SYN-000165,2023,Kantor Kecamatan Malili,Komputer/Laptop,0,PC Unit ExpertCenter EG3408WVAK-BPC515X and Laptop OmniBook 5 Flip 14-FP0558TU,CV. MALILI TEKNO,Direct/Official Channel,18204177.62,3141000.0,7,0.12,28524997.95,127429243.34,4.7957,19997834.26,-1793656.64
PO-SYN-000166,2023,Kantor Kecamatan Malili,Komputer/Laptop,0,"Laptop Intel Ultra 7, 14 inch, 16GB RAM, 512GB SSD, Win 11 Pro",CV. MALILI TEKNO,mbizmarket.co.id,21951291.81,3141000.0,2,0.0,0.0,43902583.62,5.9886,20897633.8,1053658.01
PO-SYN-000167,2022,Kantor Inspektorat Kabupaten Lombok Barat,Belanja Modal Alat Kantor,0,"Lenovo Yoga 7i 2in1, Intel Core Ultra 7, 16Gb RAM, 1Tb NVMe, Win 11 Pro",CV. MALILI TEKNO,Direct/Official Channel,50044283.12,28718310.09,1,0.09,448037940.93,50044283.12,0.7426,53270242.28,-3225959.16
PO-SYN-000168,2023,Kantor Kecamatan Malili,Hardware / Laptop,0,PC Unit ExpertCenter EG3408WVAK-BPC515X and Laptop OmniBook 5 Flip 14-FP0558TU,Internal Procurement/Standard Vendor,mbizmarket.co.id,19321900.77,7050584.39,5,0.07,317506548.33,96609503.85,1.7405,19249182.49,72718.28
PO-SYN-000169,2023,Direktorat Sistem Pengadaan Digital,Electronics/Computers,0,"Laptop Intel Ultra 7, 14 inch, 16GB RAM, 512GB SSD, Win 11 Pro",Sinar Niaga Teknologi,Direct Procurement,36820053.91,8930035.52,7,0.05,623034945.74,257740377.37,3.1232,42552784.48,-5732730.57
PO-SYN-000170,2021,Kantor Inspektorat Kabupaten Lombok Barat,Electronics/Computers,0,AXIOO Mybook Pro F3 (4H9) i3-6157u/4GB/14,CV. JUMPA KARYA ABADI,Katalog Elektronik,48953254.44,21265691.28,1,0.0,2793956.43,48953254.44,1.302,45525542.59,3427711.85
PO-SYN-000171,2025,Direktorat Sistem Pengadaan Digital,Pengadaan Laptop,0,PC Unit ExpertCenter EG3408WVAK-BPC515X and Laptop OmniBook 5 Flip 14-FP0558TU,Global Tech Solutions,E-Katalog,27509648.15,8282840.5,2,0.25,533008215.35,55019296.3,2.3213,26940205.35,569442.8
PO-SYN-000172,2024,Kantor Kecamatan Malili,Leptop,0,HP240R G9 CORE 7 150U 16GB 512SSD WIN11HOME FHD FP,Global Komputer,E-Katalog,18939617.59,19955319.03,4,0.0,19097562.95,75758470.36,-0.0509,15674923.02,3264694.57
PO-SYN-000173,2022,Kantor Kecamatan Malili,Komputer/Laptop,0,"Laptop Intel Ultra 7, 14 inch, 16GB RAM, 512GB SSD, Win 11 Pro",Global Tech Solutions,E-Katalog,25324640.3,28825204.75,1,0.19,0.0,25324640.3,-0.1214,21192818.67,4131821.63
PO-SYN-000174,2023,Direktorat Sistem Pengadaan Digital,Belanja Modal Alat Kantor,0,AXIOO Mybook Pro F3 (4H9) i3-6157u/4GB/14,Internal Procurement/Standard Vendor,Direct Procurement,22235332.28,35553820.77,8,0.0,365012872.52,177882658.24,-0.3746,26563153.78,-4327821.5
PO-SYN-000175,2025,Kantor Kecamatan Malili,Pengadaan Laptop,0,"Lenovo Yoga 7i 2in1, Intel Core Ultra 7, 16Gb RAM, 1Tb NVMe, Win 11 Pro",Global Tech Solutions,Direct Procurement,15216447.16,32803864.52,5,0.0,468021695.9,76082235.8,-0.5361,18343869.34,-3127422.18
PO-SYN-000176,2024,Rumah Sakit Mutiara Sukma,Pengadaan Laptop,0,"Asus X441MA-GA031T/Celeron N4020/4GB/1TB/14""/Win 10 Home",Sinar Niaga Teknologi,Katalog Elektronik,7210230.25,24595364.85,4,0.06,0.0,28840921.0,-0.7068,5692617.95,1517612.3
PO-SYN-000177,2021,Kantor Kecamatan Malili,Hardware / Laptop,0,"Asus X441MA-GA031T/Celeron N4020/4GB/1TB/14""/Win 10 Home",CV. MALILI TEKNO,Direct Procurement,17816156.01,37667638.86,4,0.0,285532890.33,71264624.04,-0.527,17229916.19,586239.82
PO-SYN-000178,2023,Kantor Kecamatan Malili,Pengadaan Laptop,0,AXIOO Mybook Pro F3 (4H9) i3-6157u/4GB/14,Global Tech Solutions,E-Katalog,38573771.27,3141000.0,1,0.0,0.0,38573771.27,11.2807,36852158.68,1721612.59
PO-SYN-000179,2024,Rumah Sakit Mutiara Sukma,Leptop,0,HP240R G9 CORE 7 150U 16GB 512SSD WIN11HOME FHD FP,Global Komputer,mbizmarket.co.id,10000635.7,23765866.31,2,0.08,105624051.53,20001271.4,-0.5792,7518488.38,2482147.32
PO-SYN-000180,2024,Kantor Kecamatan Malili,Laptop,0,PC Unit ExpertCenter EG3408WVAK-BPC515X and Laptop OmniBook 5 Flip 14-FP0558TU,CV. MALILI TEKNO,mbizmarket.co.id,35878157.03,9627940.28,1,0.0,474292291.45,35878157.03,2.7265,36115626.89,-237469.86
PO-SYN-000181,2025,Kantor Inspektorat Kabupaten Lombok Barat,Pengadaan Laptop,0,"Lenovo Yoga 7i 2in1, Intel Core Ultra 7, 16Gb RAM, 1Tb NVMe, Win 11 Pro",Global Tech Solutions,Katalog Elektronik,12104981.37,12059227.42,1,0.25,184620249.05,12104981.37,0.0038,11260627.91,844353.46
PO-SYN-000182,2025,Kantor Kecamatan Malili,Pengadaan Laptop,0,"Asus X441MA-GA031T/Celeron N4020/4GB/1TB/14""/Win 10 Home",CV. MALILI TEKNO,E-Katalog,36479444.88,21953496.4,2,0.01,67196180.72,72958889.76,0.6617,32878151.49,3601293.39
PO-SYN-000183,2022,Dinas Kependudukan dan Pencatatan Sipil,Laptop,1,HP240R G9 CORE 7 150U 16GB 512SSD WIN11HOME FHD FP,CV. JUMPA KARYA ABADI,mbizmarket.co.id,31129647.0,18809737.43,5,0.02,106093528.36,155648235.0,0.655,23524138.85,7605508.15
PO-SYN-000184,2024,Rumah Sakit Mutiara Sukma,Belanja Modal Alat Kantor,0,"Laptop Intel Ultra 7, 14 inch, 16GB RAM, 512GB SSD, Win 11 Pro",CV. MALILI TEKNO,Direct/Official Channel,34465129.63,23765607.09,6,0.0,626430215.59,206790777.78,0.4502,31237679.46,3227450.17
PO-SYN-000185,2022,Dinas Kependudukan dan Pencatatan Sipil,Laptop,0,"Laptop Intel Ultra 7, 14 inch, 16GB RAM, 512GB SSD, Win 11 Pro",CV. JUMPA KARYA ABADI,E-Katalog,37856416.51,3141000.0,4,0.0,0.0,151425666.04,11.0523,32566362.17,5290054.34
PO-SYN-000186,2022,Kantor Kecamatan Malili,Belanja Modal Alat Kantor,0,PC Unit ExpertCenter EG3408WVAK-BPC515X and Laptop OmniBook 5 Flip 14-FP0558TU,CV. MALILI TEKNO,mbizmarket.co.id,14897299.98,21594163.07,5,0.08,124678872.43,74486499.9,-0.3101,14646892.67,250407.31
PO-SYN-000187,2022,Kantor Inspektorat Kabupaten Lombok Barat,Electronics/Computers,0,"Laptop Intel Ultra 7, 14 inch, 16GB RAM, 512GB SSD, Win 11 Pro",CV. MALILI TEKNO,Katalog Elektronik,60751324.81,16966240.74,3,0.14,371963270.84,182253974.43,2.5807,58607753.11,2143571.7
PO-SYN-000188,2024,Kantor Kecamatan Malili,Pengadaan Laptop,0,"Lenovo Yoga 7i 2in1, Intel Core Ultra 7, 16Gb RAM, 1Tb NVMe, Win 11 Pro",CV. JUMPA KARYA ABADI,E-Katalog,29558236.93,3141000.0,8,0.0,164088885.55,236465895.44,8.4105,25683309.3,3874927.63
PO-SYN-000189,2022,Kantor Inspektorat Kabupaten Lombok Barat,Hardware / Laptop,0,"Laptop Intel Ultra 7, 14 inch, 16GB RAM, 512GB SSD, Win 11 Pro",CV. MALILI TEKNO,Direct/Official Channel,17134129.21,23467354.57,3,0.07,503536279.38,51402387.63,-0.2699,17828004.58,-693875.37
PO-SYN-000190,2021,Dinas Kependudukan dan Pencatatan Sipil,Komputer/Laptop,0,AXIOO Mybook Pro F3 (4H9) i3-6157u/4GB/14,CV. JUMPA KARYA ABADI,Katalog Elektronik,13952073.98,34157104.72,6,0.0,240405660.32,83712443.88,-0.5915,12329866.15,1622207.83
PO-SYN-000191,2025,Dinas Kependudukan dan Pencatatan Sipil,Komputer/Laptop,0,HP240R G9 CORE 7 150U 16GB 512SSD WIN11HOME FHD FP,CV. MALILI TEKNO,Katalog Elektronik,13008038.76,41082871.59,2,0.04,40924687.73,26016077.52,-0.6834,11114876.03,1893162.73
PO-SYN-000192,2025,Direktorat Sistem Pengadaan Digital,Electronics/Computers,0,AXIOO Mybook Pro F3 (4H9) i3-6157u/4GB/14,Internal Procurement/Standard Vendor,Direct Procurement,3141000.0,3141000.0,8,0.0,0.0,25128000.0,0.0,3354800.44,-213800.44
PO-SYN-000193,2025,Kantor Inspektorat Kabupaten Lombok Barat,Leptop,0,"Laptop Intel Ultra 7, 14 inch, 16GB RAM, 512GB SSD, Win 11 Pro",CV. MALILI TEKNO,E-Katalog,6973384.84,3141000.0,8,0.13,0.0,55787078.72,1.2201,6497304.89,476079.95
PO-SYN-000194,2024,Kantor Inspektorat Kabupaten Lombok Barat,Leptop,0,"Lenovo Yoga 7i 2in1, Intel Core Ultra 7, 16Gb RAM, 1Tb NVMe, Win 11 Pro",CV. MALILI TEKNO,Direct/Official Channel,35621827.29,12470216.07,1,0.27,0.0,35621827.29,1.8566,33260860.72,2360966.57
PO-SYN-000195,2025,Kantor Inspektorat Kabupaten Lombok Barat,Hardware / Laptop,0,AXIOO Mybook Pro F3 (4H9) i3-6157u/4GB/14,CV. JUMPA KARYA ABADI,E-Katalog,36343107.28,58986127.2,7,0.09,239720661.38,254401750.96,-0.3839,31733013.09,4610094.19
PO-SYN-000196,2023,Kantor Kecamatan Malili,Pengadaan Laptop,0,AXIOO Mybook Pro F3 (4H9) i3-6157u/4GB/14,CV. JUMPA KARYA ABADI,Direct Procurement,31682897.97,22666941.94,3,0.02,0.0,95048693.91,0.3978,35227763.45,-3544865.48
PO-SYN-000197,2022,Kantor Inspektorat Kabupaten Lombok Barat,Belanja Modal Alat Kantor,1,"Laptop Intel Ultra 7, 14 inch, 16GB RAM, 512GB SSD, Win 11 Pro",Global Tech Solutions,Katalog Elektronik,3141000.0,16281086.43,1,0.0,132310235.48,3141000.0,-0.8071,3059486.94,81513.06
PO-SYN-000198,2021,Kantor Kecamatan Malili,Komputer/Laptop,0,PC Unit ExpertCenter EG3408WVAK-BPC515X and Laptop OmniBook 5 Flip 14-FP0558TU,Global Tech Solutions,Direct Procurement,34500286.56,3141000.0,1,0.13,0.0,34500286.56,9.9839,38469397.16,-3969110.6
PO-SYN-000199,2021,Kantor Kecamatan Malili,Hardware / Laptop,0,AXIOO Mybook Pro F3 (4H9) i3-6157u/4GB/14,CV. MALILI TEKNO,Direct/Official Channel,27990736.83,3141000.0,3,0.0,0.0,83972210.49,7.9114,31198366.25,-3207629.42
PO-SYN-000200,2021,Kantor Inspektorat Kabupaten Lombok Barat,Komputer/Laptop,0,HP240R G9 CORE 7 150U 16GB 512SSD WIN11HOME FHD FP,Global Tech Solutions,mbizmarket.co.id,3141000.0,25346986.77,2,0.09,143707340.38,6282000.0,-0.8761,3004564.78,136435.22
PO-SYN-000201,2024,Kantor Kecamatan Malili,Belanja Modal Alat Kantor,0,HP240R G9 CORE 7 150U 16GB 512SSD WIN11HOME FHD FP,CV. MALILI TEKNO,mbizmarket.co.id,20481361.6,10710688.2,3,0.09,98384525.68,61444084.8,0.9122,19816352.46,665009.14
PO-SYN-000202,2025,Kantor Inspektorat Kabupaten Lombok Barat,Leptop,0,AXIOO Mybook Pro F3 (4H9) i3-6157u/4GB/14,CV. MALILI TEKNO,Direct Procurement,5859249.43,6781977.41,1,0.21,0.0,5859249.43,-0.1361,5915628.64,-56379.21
PO-SYN-000203,2025,Rumah Sakit Mutiara Sukma,Laptop,0,"Lenovo Yoga 7i 2in1, Intel Core Ultra 7, 16Gb RAM, 1Tb NVMe, Win 11 Pro",CV. MALILI TEKNO,mbizmarket.co.id,5569082.94,32993396.0,1,0.16,0.0,5569082.94,-0.8312,4536246.03,1032836.91
PO-SYN-000204,2023,Direktorat Operasi,Electronics/Computers,0,"Asus X441MA-GA031T/Celeron N4020/4GB/1TB/14""/Win 10 Home",Global Komputer,mbizmarket.co.id,3502021.49,54029236.41,1,0.06,249823890.51,3502021.49,-0.9352,2815314.85,686706.64
PO-SYN-000205,2021,Kantor Inspektorat Kabupaten Lombok Barat,Hardware / Laptop,0,HP240R G9 CORE 7 150U 16GB 512SSD WIN11HOME FHD FP,Global Komputer,E-Katalog,14992659.0,15751397.01,3,0.01,335289843.99,44977977.0,-0.0482,13942784.2,1049874.8
PO-SYN-000206,2023,Kantor Kecamatan Malili,Belanja Modal Alat Kantor,0,HP240R G9 CORE 7 150U 16GB 512SSD WIN11HOME FHD FP,Sinar Niaga Teknologi,Direct Procurement,8413471.42,3141000.0,2,0.3,0.0,16826942.84,1.6786,10265565.65,-1852094.23
PO-SYN-000207,2022,Direktorat Operasi,Laptop,0,"Laptop Intel Ultra 7, 14 inch, 16GB RAM, 512GB SSD, Win 11 Pro",CV. MALILI TEKNO,mbizmarket.co.id,47923381.03,8621233.91,4,0.2,0.0,191693524.12,4.5588,37360994.57,10562386.46
PO-SYN-000208,2022,Direktorat Operasi,Hardware / Laptop,0,"Laptop Intel Ultra 7, 14 inch, 16GB RAM, 512GB SSD, Win 11 Pro",CV. MALILI TEKNO,Direct Procurement,7985897.4,3141000.0,1,0.0,94558752.19,7985897.4,1.5425,7063203.49,922693.91
PO-SYN-000209,2025,Kantor Kecamatan Malili,Hardware / Laptop,0,"Laptop Intel Ultra 7, 14 inch, 16GB RAM, 512GB SSD, Win 11 Pro",Internal Procurement/Standard Vendor,Direct/Official Channel,22400324.41,3141000.0,3,0.12,0.0,67200973.23,6.1316,25034002.65,-2633678.24
PO-SYN-000210,2024,Kantor Kecamatan Malili,Leptop,0,HP240R G9 CORE 7 150U 16GB 512SSD WIN11HOME FHD FP,CV. MALILI TEKNO,E-Katalog,39968488.64,3141000.0,8,0.07,0.0,319747909.12,11.7248,35989285.08,3979203.56
PO-SYN-000211,2024,Dinas Kependudukan dan Pencatatan Sipil,Electronics/Computers,0,"Lenovo Yoga 7i 2in1, Intel Core Ultra 7, 16Gb RAM, 1Tb NVMe, Win 11 Pro",Global Komputer,Direct Procurement,28137004.82,19214554.18,4,0.0,129583077.8,112548019.28,0.4644,25639400.58,2497604.24
PO-SYN-000212,2023,Direktorat Sistem Pengadaan Digital,Leptop,0,"Asus X441MA-GA031T/Celeron N4020/4GB/1TB/14""/Win 10 Home",CV. MALILI TEKNO,Katalog Elektronik,16301793.18,3141000.0,1,0.16,368282690.02,16301793.18,4.19,17507554.07,-1205760.89
PO-SYN-000213,2024,Kantor Kecamatan Malili,Leptop,1,"Asus X441MA-GA031T/Celeron N4020/4GB/1TB/14""/Win 10 Home",CV. MALILI TEKNO,Direct Procurement,3141000.0,12611937.38,6,0.04,686226160.78,18846000.0,-0.751,3611802.16,-470802.16
PO-SYN-000214,2021,Direktorat Operasi,Pengadaan Laptop,0,HP240R G9 CORE 7 150U 16GB 512SSD WIN11HOME FHD FP,Global Tech Solutions,Katalog Elektronik,21662572.76,12734629.76,3,0.01,269068951.91,64987718.28,0.7011,18181023.41,3481549.35
PO-SYN-000215,2023,Rumah Sakit Mutiara Sukma,Komputer/Laptop,0,"Asus X441MA-GA031T/Celeron N4020/4GB/1TB/14""/Win 10 Home",Sinar Niaga Teknologi,E-Katalog,4374480.55,3141000.0,1,0.08,0.0,4374480.55,0.3927,2932545.28,1441935.27
PO-SYN-000216,2025,Kantor Kecamatan Malili,Electronics/Computers,0,AXIOO Mybook Pro F3 (4H9) i3-6157u/4GB/14,Global Komputer,E-Katalog,25136484.73,59882044.3,2,0.12,106920522.56,50272969.46,-0.5802,22584997.65,2551487.08
PO-SYN-000217,2024,Kantor Kecamatan Malili,Leptop,0,AXIOO Mybook Pro F3 (4H9) i3-6157u/4GB/14,Internal Procurement/Standard Vendor,E-Katalog,34513718.36,13051657.25,3,0.06,0.0,103541155.08,1.6444,32710308.79,1803409.57
PO-SYN-000218,2023,Direktorat Operasi,Electronics/Computers,1,"Laptop Intel Ultra 7, 14 inch, 16GB RAM, 512GB SSD, Win 11 Pro",Sinar Niaga Teknologi,mbizmarket.co.id,15175217.98,5219812.96,4,0.0,93030599.47,60700871.92,1.9072,11946789.17,3228428.81
PO-SYN-000219,2022,Kantor Kecamatan Malili,Belanja Modal Alat Kantor,0,AXIOO Mybook Pro F3 (4H9) i3-6157u/4GB/14,Global Komputer,Katalog Elektronik,37462460.63,25922819.21,2,0.11,445669483.99,74924921.26,0.4452,37811902.31,-349441.68
PO-SYN-000220,2024,Rumah Sakit Mutiara Sukma,Laptop,0,AXIOO Mybook Pro F3 (4H9) i3-6157u/4GB/14,Internal Procurement/Standard Vendor,E-Katalog,18450853.04,3141000.0,1,0.0,0.0,18450853.04,4.8742,13731490.14,4719362.9
PO-SYN-000221,2023,Dinas Kependudukan dan Pencatatan Sipil,Electronics/Computers,0,"Lenovo Yoga 7i 2in1, Intel Core Ultra 7, 16Gb RAM, 1Tb NVMe, Win 11 Pro",Internal Procurement/Standard Vendor,Direct/Official Channel,19269217.57,26848137.62,2,0.08,102427197.0,38538435.14,-0.2823,16565168.56,2704049.01
PO-SYN-000222,2025,Dinas Kependudukan dan Pencatatan Sipil,Laptop,0,HP240R G9 CORE 7 150U 16GB 512SSD WIN11HOME FHD FP,CV. MALILI TEKNO,Direct/Official Channel,3141000.0,15511347.93,1,0.09,482057197.88,3141000.0,-0.7975,3178745.24,-37745.24
PO-SYN-000223,2023,Kantor Kecamatan Malili,Pengadaan Laptop,0,HP240R G9 CORE 7 150U 16GB 512SSD WIN11HOME FHD FP,CV. MALILI TEKNO,mbizmarket.co.id,14494979.34,43018146.13,3,0.0,0.0,43484938.02,-0.663,13784268.74,710710.6
PO-SYN-000224,2023,Kantor Kecamatan Malili,Belanja Modal Alat Kantor,0,PC Unit ExpertCenter EG3408WVAK-BPC515X and Laptop OmniBook 5 Flip 14-FP0558TU,Internal Procurement/Standard Vendor,mbizmarket.co.id,11406331.65,20803077.5,3,0.03,198860866.61,34218994.95,-0.4517,11669293.16,-262961.51
PO-SYN-000225,2022,Kantor Kecamatan Malili,Electronics/Computers,0,AXIOO Mybook Pro F3 (4H9) i3-6157u/4GB/14,CV. JUMPA KARYA ABADI,mbizmarket.co.id,35052450.14,3141000.0,1,0.13,0.0,35052450.14,10.1596,33465273.44,1587176.7
PO-SYN-000226,2025,Dinas Kependudukan dan Pencatatan Sipil,Belanja Modal Alat Kantor,0,"Asus X441MA-GA031T/Celeron N4020/4GB/1TB/14""/Win 10 Home",Global Komputer,Katalog Elektronik,3141000.0,3141000.0,4,0.11,0.0,12564000.0,0.0,2334346.65,806653.35
PO-SYN-000227,2025,Rumah Sakit Mutiara Sukma,Pengadaan Laptop,0,AXIOO Mybook Pro F3 (4H9) i3-6157u/4GB/14,CV. MALILI TEKNO,mbizmarket.co.id,8612282.59,24528070.2,1,0.05,81770450.53,8612282.59,-0.6489,7118937.75,1493344.84
PO-SYN-000228,2023,Direktorat Sistem Pengadaan Digital,Pengadaan Laptop,0,AXIOO Mybook Pro F3 (4H9) i3-6157u/4GB/14,Sinar Niaga Teknologi,E-Katalog,20381594.25,3141000.0,6,0.01,78664934.92,122289565.5,5.4889,18622050.85,1759543.4
PO-SYN-000229,2022,Kantor Inspektorat Kabupaten Lombok Barat,Belanja Modal Alat Kantor,0,"Laptop Intel Ultra 7, 14 inch, 16GB RAM, 512GB SSD, Win 11 Pro",Sinar Niaga Teknologi,E-Katalog,10432272.11,3141000.0,2,0.21,0.0,20864544.22,2.3213,8031350.49,2400921.62
PO-SYN-000230,2022,Kantor Kecamatan Malili,Belanja Modal Alat Kantor,0,AXIOO Mybook Pro F3 (4H9) i3-6157u/4GB/14,CV. JUMPA KARYA ABADI,mbizmarket.co.id,44272688.53,14413707.97,1,0.14,0.0,44272688.53,2.0716,46651390.56,-2378702.03
PO-SYN-000231,2023,Kantor Kecamatan Malili,Pengadaan Laptop,0,"Lenovo Yoga 7i 2in1, Intel Core Ultra 7, 16Gb RAM, 1Tb NVMe, Win 11 Pro",Global Komputer,E-Katalog,30251070.54,9726289.13,9,0.0,277868363.14,272259634.86,2.1102,27724252.84,2526817.7
PO-SYN-000232,2023,Kantor Inspektorat Kabupaten Lombok Barat,Belanja Modal Alat Kantor,0,"Lenovo Yoga 7i 2in1, Intel Core Ultra 7, 16Gb RAM, 1Tb NVMe, Win 11 Pro",Global Tech Solutions,Direct/Official Channel,41277811.94,44209150.57,3,0.0,204824535.65,123833435.82,-0.0663,40573967.71,703844.23
PO-SYN-000233,2024,Kantor Inspektorat Kabupaten Lombok Barat,Leptop,0,AXIOO Mybook Pro F3 (4H9) i3-6157u/4GB/14,CV. MALILI TEKNO,E-Katalog,53857071.33,20233009.58,1,0.05,0.0,53857071.33,1.6618,42909824.89,10947246.44
PO-SYN-000234,2024,Direktorat Sistem Pengadaan Digital,Electronics/Computers,0,"Lenovo Yoga 7i 2in1, Intel Core Ultra 7, 16Gb RAM, 1Tb NVMe, Win 11 Pro",CV. JUMPA KARYA ABADI,mbizmarket.co.id,39486719.9,6883042.99,1,0.08,392722015.93,39486719.9,4.7368,41922591.22,-2435871.32
PO-SYN-000235,2021,Kantor Kecamatan Malili,Pengadaan Laptop,0,"Asus X441MA-GA031T/Celeron N4020/4GB/1TB/14""/Win 10 Home",Sinar Niaga Teknologi,E-Katalog,35874283.56,5202147.23,1,0.19,2190046.69,35874283.56,5.8961,31986757.49,3887526.07
PO-SYN-000236,2023,Direktorat Operasi,Pengadaan Laptop,0,"Lenovo Yoga 7i 2in1, Intel Core Ultra 7, 16Gb RAM, 1Tb NVMe, Win 11 Pro",CV. MALILI TEKNO,Katalog Elektronik,41745400.2,27294644.11,4,0.26,0.0,166981600.8,0.5294,34987940.97,6757459.23
PO-SYN-000237,2021,Kantor Kecamatan Malili,Leptop,0,AXIOO Mybook Pro F3 (4H9) i3-6157u/4GB/14,Sinar Niaga Teknologi,E-Katalog,19275637.6,22454953.17,7,0.08,225103192.23,134929463.2,-0.1416,18338472.81,937164.79
PO-SYN-000238,2024,Dinas Kependudukan dan Pencatatan Sipil,Hardware / Laptop,0,AXIOO Mybook Pro F3 (4H9) i3-6157u/4GB/14,CV. MALILI TEKNO,Direct Procurement,11816847.35,3815468.61,1,0.0,618101788.34,11816847.35,2.0971,10947806.14,869041.21
PO-SYN-000239,2021,Kantor Kecamatan Malili,Hardware / Laptop,0,AXIOO Mybook Pro F3 (4H9) i3-6157u/4GB/14,Global Tech Solutions,E-Katalog,14356914.22,13278151.4,3,0.11,308517348.47,43070742.66,0.0812,12585767.46,1771146.76
PO-SYN-000240,2021,Kantor Kecamatan Malili,Leptop,1,"Lenovo Yoga 7i 2in1, Intel Core Ultra 7, 16Gb RAM, 1Tb NVMe, Win 11 Pro",CV. MALILI TEKNO,E-Katalog,15313765.49,22690304.8,2,0.2,212851396.17,30627530.98,-0.3251,14335791.35,977974.14
PO-SYN-000241,2022,Rumah Sakit Mutiara Sukma,Komputer/Laptop,0,"Laptop Intel Ultra 7, 14 inch, 16GB RAM, 512GB SSD, Win 11 Pro",Internal Procurement/Standard Vendor,E-Katalog,29985137.8,37680171.25,3,0.0,189216504.8,89955413.4,-0.2042,21792492.94,8192644.86
PO-SYN-000242,2022,Kantor Kecamatan Malili,Komputer/Laptop,1,HP240R G9 CORE 7 150U 16GB 512SSD WIN11HOME FHD FP,CV. MALILI TEKNO,Direct/Official Channel,8923876.08,27801668.32,6,0.03,165693477.2,53543256.48,-0.679,10623217.41,-1699341.33
PO-SYN-000243,2025,Rumah Sakit Mutiara Sukma,Leptop,0,"Lenovo Yoga 7i 2in1, Intel Core Ultra 7, 16Gb RAM, 1Tb NVMe, Win 11 Pro",Internal Procurement/Standard Vendor,E-Katalog,22523479.84,60000000.0,4,0.0,280780101.68,90093919.36,-0.6246,17243074.48,5280405.36
PO-SYN-000244,2023,Kantor Kecamatan Malili,Hardware / Laptop,0,AXIOO Mybook Pro F3 (4H9) i3-6157u/4GB/14,CV. MALILI TEKNO,E-Katalog,41065899.13,29262426.11,2,0.0,31616591.12,82131798.26,0.4034,35503936.68,5561962.45
PO-SYN-000245,2022,Rumah Sakit Mutiara Sukma,Leptop,0,AXIOO Mybook Pro F3 (4H9) i3-6157u/4GB/14,Internal Procurement/Standard Vendor,E-Katalog,8006357.07,27838926.79,8,0.07,0.0,64050856.56,-0.7124,6148426.43,1857930.64
PO-SYN-000246,2023,Rumah Sakit Mutiara Sukma,Hardware / Laptop,0,PC Unit ExpertCenter EG3408WVAK-BPC515X and Laptop OmniBook 5 Flip 14-FP0558TU,Internal Procurement/Standard Vendor,mbizmarket.co.id,39419860.73,7675722.35,2,0.03,0.0,78839721.46,4.1357,32693805.94,6726054.79
PO-SYN-000247,2024,Direktorat Sistem Pengadaan Digital,Belanja Modal Alat Kantor,0,PC Unit ExpertCenter EG3408WVAK-BPC515X and Laptop OmniBook 5 Flip 14-FP0558TU,CV. JUMPA KARYA ABADI,Direct Procurement,16129942.75,24994619.12,1,0.0,272764256.49,16129942.75,-0.3547,18946695.01,-2816752.26
PO-SYN-000248,2023,Direktorat Sistem Pengadaan Digital,Laptop,0,"Asus X441MA-GA031T/Celeron N4020/4GB/1TB/14""/Win 10 Home",Global Tech Solutions,Direct/Official Channel,48794168.69,11211576.87,3,0.13,0.0,146382506.07,3.3521,51813970.26,-3019801.57
PO-SYN-000249,2025,Rumah Sakit Mutiara Sukma,Electronics/Computers,0,AXIOO Mybook Pro F3 (4H9) i3-6157u/4GB/14,CV. MALILI TEKNO,E-Katalog,3141000.0,39179508.8,1,0.3,0.0,3141000.0,-0.9198,2381427.62,759572.38
PO-SYN-000250,2023,Kantor Inspektorat Kabupaten Lombok Barat,Electronics/Computers,0,PC Unit ExpertCenter EG3408WVAK-BPC515X and Laptop OmniBook 5 Flip 14-FP0558TU,CV. JUMPA KARYA ABADI,mbizmarket.co.id,45526637.82,51689525.2,9,0.16,350871781.57,409739740.38,-0.1192,41976230.16,3550407.66
PO-SYN-000251,2024,Kantor Inspektorat Kabupaten Lombok Barat,Electronics/Computers,0,"Asus X441MA-GA031T/Celeron N4020/4GB/1TB/14""/Win 10 Home",CV. MALILI TEKNO,Direct Procurement,32026392.21,8661657.96,1,0.03,41672205.99,32026392.21,2.6975,32735957.74,-709565.53
PO-SYN-000252,2021,Rumah Sakit Mutiara Sukma,Leptop,0,"Lenovo Yoga 7i 2in1, Intel Core Ultra 7, 16Gb RAM, 1Tb NVMe, Win 11 Pro",Global Komputer,Direct/Official Channel,30577402.69,34009342.56,3,0.18,0.0,91732208.07,-0.1009,27638563.33,2938839.36
PO-SYN-000253,2023,Direktorat Sistem Pengadaan Digital,Electronics/Computers,0,"Laptop Intel Ultra 7, 14 inch, 16GB RAM, 512GB SSD, Win 11 Pro",CV. MALILI TEKNO,Katalog Elektronik,5597098.88,3141000.0,2,0.02,477577815.69,11194197.76,0.7819,6017409.42,-420310.54
PO-SYN-000254,2024,Direktorat Sistem Pengadaan Digital,Laptop,0,"Asus X441MA-GA031T/Celeron N4020/4GB/1TB/14""/Win 10 Home",Global Tech Solutions,E-Katalog,3141000.0,49132021.43,6,0.09,27095847.82,18846000.0,-0.9361,2865898.23,275101.77
PO-SYN-000255,2024,Rumah Sakit Mutiara Sukma,Komputer/Laptop,0,PC Unit ExpertCenter EG3408WVAK-BPC515X and Laptop OmniBook 5 Flip 14-FP0558TU,CV. MALILI TEKNO,mbizmarket.co.id,11688622.73,36254614.3,8,0.19,0.0,93508981.84,-0.6776,8864222.25,2824400.48
PO-SYN-000256,2025,Kantor Kecamatan Malili,Komputer/Laptop,1,"Asus X441MA-GA031T/Celeron N4020/4GB/1TB/14""/Win 10 Home",CV. JUMPA KARYA ABADI,Direct/Official Channel,20758203.11,3141000.0,3,0.01,0.0,62274609.33,5.6088,20957094.1,-198890.99
PO-SYN-000257,2024,Dinas Kependudukan dan Pencatatan Sipil,Komputer/Laptop,0,"Asus X441MA-GA031T/Celeron N4020/4GB/1TB/14""/Win 10 Home",CV. JUMPA KARYA ABADI,mbizmarket.co.id,27346400.89,8972677.97,1,0.0,78610469.7,27346400.89,2.0477,24993503.76,2352897.13
PO-SYN-000258,2021,Dinas Kependudukan dan Pencatatan Sipil,Pengadaan Laptop,0,AXIOO Mybook Pro F3 (4H9) i3-6157u/4GB/14,Sinar Niaga Teknologi,Katalog Elektronik,47632754.57,10244774.0,1,0.08,0.0,47632754.57,3.6495,41282378.49,6350376.08
PO-SYN-000259,2022,Kantor Kecamatan Malili,Pengadaan Laptop,0,PC Unit ExpertCenter EG3408WVAK-BPC515X and Laptop OmniBook 5 Flip 14-FP0558TU,CV. MALILI TEKNO,E-Katalog,31809313.28,38579659.68,2,0.01,0.0,63618626.56,-0.1755,27535012.32,4274300.96
PO-SYN-000260,2021,Kantor Inspektorat Kabupaten Lombok Barat,Belanja Modal Alat Kantor,0,AXIOO Mybook Pro F3 (4H9) i3-6157u/4GB/14,Sinar Niaga Teknologi,mbizmarket.co.id,14264550.87,24116876.65,5,0.0,472202591.41,71322754.35,-0.4085,12600525.72,1664025.15
PO-SYN-000261,2022,Direktorat Sistem Pengadaan Digital,Belanja Modal Alat Kantor,0,"Laptop Intel Ultra 7, 14 inch, 16GB RAM, 512GB SSD, Win 11 Pro",Global Tech Solutions,Katalog Elektronik,17890162.68,5363394.29,1,0.12,276508716.76,17890162.68,2.3356,18383247.32,-493084.64
PO-SYN-000262,2021,Kantor Inspektorat Kabupaten Lombok Barat,Leptop,0,AXIOO Mybook Pro F3 (4H9) i3-6157u/4GB/14,CV. MALILI TEKNO,Direct Procurement,19452004.4,26616725.47,1,0.0,291375389.55,19452004.4,-0.2692,19068136.58,383867.82
PO-SYN-000263,2021,Dinas Kependudukan dan Pencatatan Sipil,Laptop,0,HP240R G9 CORE 7 150U 16GB 512SSD WIN11HOME FHD FP,Global Komputer,E-Katalog,23456871.89,3141000.0,4,0.02,0.0,93827487.56,6.468,19489041.88,3967830.01
PO-SYN-000264,2025,Direktorat Operasi,Hardware / Laptop,0,"Asus X441MA-GA031T/Celeron N4020/4GB/1TB/14""/Win 10 Home",Internal Procurement/Standard Vendor,mbizmarket.co.id,5283004.38,4302692.75,3,0.15,0.0,15849013.14,0.2278,4173809.22,1109195.16
PO-SYN-000265,2021,Dinas Kependudukan dan Pencatatan Sipil,Komputer/Laptop,0,HP240R G9 CORE 7 150U 16GB 512SSD WIN11HOME FHD FP,Global Komputer,mbizmarket.co.id,25847741.39,29597664.61,3,0.0,0.0,77543224.17,-0.1267,21794293.32,4053448.07
PO-SYN-000266,2023,Direktorat Sistem Pengadaan Digital,Hardware / Laptop,0,"Asus X441MA-GA031T/Celeron N4020/4GB/1TB/14""/Win 10 Home",CV. MALILI TEKNO,E-Katalog,3141000.0,3141000.0,4,0.12,0.0,12564000.0,0.0,2858328.59,282671.41
PO-SYN-000267,2025,Direktorat Sistem Pengadaan Digital,Electronics/Computers,0,"Laptop Intel Ultra 7, 14 inch, 16GB RAM, 512GB SSD, Win 11 Pro",Global Komputer,E-Katalog,29212206.59,52554406.89,2,0.0,38381020.48,58424413.18,-0.4442,29921342.09,-709135.5
PO-SYN-000268,2023,Rumah Sakit Mutiara Sukma,Hardware / Laptop,0,AXIOO Mybook Pro F3 (4H9) i3-6157u/4GB/14,CV. MALILI TEKNO,Katalog Elektronik,6849607.85,4488791.65,1,0.0,117494553.84,6849607.85,0.5259,6050383.34,799224.51
PO-SYN-000269,2023,Dinas Kependudukan dan Pencatatan Sipil,Belanja Modal Alat Kantor,1,AXIOO Mybook Pro F3 (4H9) i3-6157u/4GB/14,Internal Procurement/Standard Vendor,E-Katalog,23978699.64,13689703.32,2,0.0,314378054.02,47957399.28,0.7516,18752949.36,5225750.28
PO-SYN-000270,2024,Rumah Sakit Mutiara Sukma,Hardware / Laptop,0,AXIOO Mybook Pro F3 (4H9) i3-6157u/4GB/14,Global Komputer,E-Katalog,15077642.09,60000000.0,3,0.0,0.0,45232926.27,-0.7487,11977391.23,3100250.86
PO-SYN-000271,2025,Direktorat Operasi,Pengadaan Laptop,0,"Asus X441MA-GA031T/Celeron N4020/4GB/1TB/14""/Win 10 Home",Sinar Niaga Teknologi,Direct/Official Channel,20270057.62,3141000.0,5,0.0,570745179.94,101350288.1,5.4534,19118553.57,1151504.05
PO-SYN-000272,2023,Dinas Kependudukan dan Pencatatan Sipil,Electronics/Computers,0,AXIOO Mybook Pro F3 (4H9) i3-6157u/4GB/14,Global Tech Solutions,E-Katalog,10360866.19,39489643.47,3,0.12,211235260.61,31082598.57,-0.7376,7790313.4,2570552.79
PO-SYN-000273,2021,Rumah Sakit Mutiara Sukma,Hardware / Laptop,1,AXIOO Mybook Pro F3 (4H9) i3-6157u/4GB/14,Global Tech Solutions,E-Katalog,6892284.54,35265471.49,1,0.0,0.0,6892284.54,-0.8046,5287444.55,1604839.99
PO-SYN-000274,2021,Dinas Kependudukan dan Pencatatan Sipil,Pengadaan Laptop,0,"Asus X441MA-GA031T/Celeron N4020/4GB/1TB/14""/Win 10 Home",CV. JUMPA KARYA ABADI,E-Katalog,54725643.0,3141000.0,3,0.18,65114530.07,164176929.0,16.423,43938175.62,10787467.38
PO-SYN-000275,2024,Kantor Inspektorat Kabupaten Lombok Barat,Leptop,1,AXIOO Mybook Pro F3 (4H9) i3-6157u/4GB/14,Global Tech Solutions,E-Katalog,3141000.0,25142258.34,2,0.13,393157471.7,6282000.0,-0.8751,2970898.64,170101.36
PO-SYN-000276,2023,Kantor Inspektorat Kabupaten Lombok Barat,Belanja Modal Alat Kantor,0,AXIOO Mybook Pro F3 (4H9) i3-6157u/4GB/14,CV. MALILI TEKNO,E-Katalog,28513620.43,23417448.12,3,0.0,173370300.49,85540861.29,0.2176,23525128.98,4988491.45
PO-SYN-000277,2024,Direktorat Sistem Pengadaan Digital,Electronics/Computers,0,PC Unit ExpertCenter EG3408WVAK-BPC515X and Laptop OmniBook 5 Flip 14-FP0558TU,Internal Procurement/Standard Vendor,Direct Procurement,21245621.99,40105145.39,1,0.15,426745290.33,21245621.99,-0.4703,25279649.4,-4034027.41
PO-SYN-000278,2025,Rumah Sakit Mutiara Sukma,Belanja Modal Alat Kantor,1,HP240R G9 CORE 7 150U 16GB 512SSD WIN11HOME FHD FP,Internal Procurement/Standard Vendor,mbizmarket.co.id,3141000.0,7708716.05,7,0.03,0.0,21987000.0,-0.5925,2459589.87,681410.13
PO-SYN-000279,2022,Kantor Kecamatan Malili,Leptop,0,HP240R G9 CORE 7 150U 16GB 512SSD WIN11HOME FHD FP,Global Komputer,E-Katalog,33126899.39,27134860.34,2,0.0,0.0,66253798.78,0.2208,28532675.34,4594224.05
PO-SYN-000280,2024,Kantor Kecamatan Malili,Pengadaan Laptop,1,"Lenovo Yoga 7i 2in1, Intel Core Ultra 7, 16Gb RAM, 1Tb NVMe, Win 11 Pro",CV. JUMPA KARYA ABADI,E-Katalog,46821704.13,12512463.83,6,0.19,344204491.34,280930224.78,2.742,41365690.86,5456013.27
PO-SYN-000281,2022,Direktorat Sistem Pengadaan Digital,Laptop,0,AXIOO Mybook Pro F3 (4H9) i3-6157u/4GB/14,CV. MALILI TEKNO,Katalog Elektronik,25404306.76,17528607.55,1,0.06,0.0,25404306.76,0.4493,28049234.18,-2644927.42
PO-SYN-000282,2021,Kantor Inspektorat Kabupaten Lombok Barat,Komputer/Laptop,0,PC Unit ExpertCenter EG3408WVAK-BPC515X and Laptop OmniBook 5 Flip 14-FP0558TU,CV. JUMPA KARYA ABADI,E-Katalog,10055147.68,21320355.66,3,0.0,237633726.85,30165443.04,-0.5284,8220414.11,1834733.57
PO-SYN-000283,2024,Rumah Sakit Mutiara Sukma,Komputer/Laptop,0,"Laptop Intel Ultra 7, 14 inch, 16GB RAM, 512GB SSD, Win 11 Pro",CV. JUMPA KARYA ABADI,E-Katalog,33669159.69,3141000.0,3,0.23,0.0,101007479.07,9.7192,24436580.78,9232578.91
PO-SYN-000284,2024,Kantor Kecamatan Malili,Electronics/Computers,0,HP240R G9 CORE 7 150U 16GB 512SSD WIN11HOME FHD FP,Global Komputer,Direct Procurement,27351840.64,20957293.97,4,0.08,250068451.36,109407362.56,0.3051,32556427.7,-5204587.06
PO-SYN-000285,2021,Dinas Kependudukan dan Pencatatan Sipil,Hardware / Laptop,0,"Laptop Intel Ultra 7, 14 inch, 16GB RAM, 512GB SSD, Win 11 Pro",CV. JUMPA KARYA ABADI,mbizmarket.co.id,25511930.02,13876398.14,5,0.23,51394410.47,127559650.1,0.8385,20375221.91,5136708.11
PO-SYN-000286,2023,Rumah Sakit Mutiara Sukma,Pengadaan Laptop,0,PC Unit ExpertCenter EG3408WVAK-BPC515X and Laptop OmniBook 5 Flip 14-FP0558TU,Internal Procurement/Standard Vendor,Direct Procurement,37836934.63,15910223.31,1,0.12,0.0,37836934.63,1.3782,35339129.99,2497804.64
PO-SYN-000287,2025,Kantor Inspektorat Kabupaten Lombok Barat,Laptop,0,"Asus X441MA-GA031T/Celeron N4020/4GB/1TB/14""/Win 10 Home",CV. MALILI TEKNO,Katalog Elektronik,24136037.3,21140994.66,5,0.0,218581238.91,120680186.5,0.1417,21694633.66,2441403.64
PO-SYN-000288,2023,Direktorat Operasi,Leptop,0,"Lenovo Yoga 7i 2in1, Intel Core Ultra 7, 16Gb RAM, 1Tb NVMe, Win 11 Pro",Global Komputer,E-Katalog,31327284.47,28289670.39,1,0.14,0.0,31327284.47,0.1074,24006147.47,7321137.0
PO-SYN-000289,2021,Direktorat Sistem Pengadaan Digital,Laptop,1,AXIOO Mybook Pro F3 (4H9) i3-6157u/4GB/14,Sinar Niaga Teknologi,Katalog Elektronik,24760133.72,48864344.07,2,0.0,80706403.58,49520267.44,-0.4933,25414371.51,-654237.79
PO-SYN-000290,2022,Direktorat Operasi,Belanja Modal Alat Kantor,1,HP240R G9 CORE 7 150U 16GB 512SSD WIN11HOME FHD FP,Internal Procurement/Standard Vendor,Direct/Official Channel,32407861.12,3141000.0,1,0.0,331776074.06,32407861.12,9.3177,31481173.63,926687.49
PO-SYN-000291,2025,Direktorat Operasi,Komputer/Laptop,0,AXIOO Mybook Pro F3 (4H9) i3-6157u/4GB/14,Global Komputer,Direct/Official Channel,16421582.61,15095179.55,3,0.15,0.0,49264747.83,0.0879,14870274.01,1551308.6
PO-SYN-000292,2024,Kantor Inspektorat Kabupaten Lombok Barat,Komputer/Laptop,0,AXIOO Mybook Pro F3 (4H9) i3-6157u/4GB/14,Global Tech Solutions,Direct Procurement,35505731.95,26366947.93,3,0.13,0.0,106517195.85,0.3466,38392497.94,-2886765.99
PO-SYN-000293,2025,Kantor Kecamatan Malili,Electronics/Computers,0,HP240R G9 CORE 7 150U 16GB 512SSD WIN11HOME FHD FP,CV. MALILI TEKNO,mbizmarket.co.id,6706226.56,3141000.0,4,0.17,50147830.73,26824906.24,1.1351,6783849.23,-77622.67
PO-SYN-000294,2023,Direktorat Operasi,Pengadaan Laptop,0,"Asus X441MA-GA031T/Celeron N4020/4GB/1TB/14""/Win 10 Home",CV. JUMPA KARYA ABADI,mbizmarket.co.id,46766953.04,40060000.8,8,0.11,105264622.6,374135624.32,0.1674,33884011.82,12882941.22
PO-SYN-000295,2023,Kantor Kecamatan Malili,Leptop,0,PC Unit ExpertCenter EG3408WVAK-BPC515X and Laptop OmniBook 5 Flip 14-FP0558TU,Sinar Niaga Teknologi,E-Katalog,13918385.57,3747544.69,9,0.01,117632937.53,125265470.13,2.714,12914282.4,1004103.17
PO-SYN-000296,2021,Dinas Kependudukan dan Pencatatan Sipil,Pengadaan Laptop,0,PC Unit ExpertCenter EG3408WVAK-BPC515X and Laptop OmniBook 5 Flip 14-FP0558TU,Global Komputer,Katalog Elektronik,19038586.57,46456044.85,1,0.05,0.0,19038586.57,-0.5902,15182234.46,3856352.11
PO-SYN-000297,2023,Rumah Sakit Mutiara Sukma,Electronics/Computers,0,AXIOO Mybook Pro F3 (4H9) i3-6157u/4GB/14,Global Komputer,E-Katalog,7454050.1,17312546.21,1,0.0,0.0,7454050.1,-0.5694,5576533.04,1877517.06
PO-SYN-000298,2025,Direktorat Sistem Pengadaan Digital,Pengadaan Laptop,0,"Laptop Intel Ultra 7, 14 inch, 16GB RAM, 512GB SSD, Win 11 Pro",Global Tech Solutions,mbizmarket.co.id,3141000.0,30724147.68,3,0.0,5677728.31,9423000.0,-0.8978,3097984.67,43015.33
PO-SYN-000299,2021,Kantor Inspektorat Kabupaten Lombok Barat,Komputer/Laptop,0,AXIOO Mybook Pro F3 (4H9) i3-6157u/4GB/14,Internal Procurement/Standard Vendor,Katalog Elektronik,23909677.92,40489660.4,1,0.04,44274699.65,23909677.92,-0.4095,22504615.06,1405062.86
PO-SYN-000300,2025,Kantor Inspektorat Kabupaten Lombok Barat,Laptop,1,PC Unit ExpertCenter EG3408WVAK-BPC515X and Laptop OmniBook 5 Flip 14-FP0558TU,CV. JUMPA KARYA ABADI,E-Katalog,22036382.29,5283343.71,1,0.0,364320632.8,22036382.29,3.1709,18473316.92,3563065.37
PO-SYN-000301,2023,Kantor Kecamatan Malili,Belanja Modal Alat Kantor,0,AXIOO Mybook Pro F3 (4H9) i3-6157u/4GB/14,Internal Procurement/Standard Vendor,E-Katalog,51873852.51,16915056.84,1,0.0,0.0,51873852.51,2.0667,43129934.9,8743917.61
PO-SYN-000302,2022,Kantor Kecamatan Malili,Pengadaan Laptop,0,"Laptop Intel Ultra 7, 14 inch, 16GB RAM, 512GB SSD, Win 11 Pro",Global Tech Solutions,E-Katalog,22989664.94,26495341.98,1,0.12,0.0,22989664.94,-0.1323,20911094.54,2078570.4
PO-SYN-000303,2022,Dinas Kependudukan dan Pencatatan Sipil,Leptop,0,"Asus X441MA-GA031T/Celeron N4020/4GB/1TB/14""/Win 10 Home",CV. JUMPA KARYA ABADI,mbizmarket.co.id,46765934.36,33025616.09,2,0.0,0.0,93531868.72,0.4161,37851172.7,8914761.66
PO-SYN-000304,2023,Kantor Kecamatan Malili,Laptop,0,AXIOO Mybook Pro F3 (4H9) i3-6157u/4GB/14,CV. MALILI TEKNO,mbizmarket.co.id,14535858.1,3141000.0,2,0.04,27517379.58,29071716.2,3.6278,13579254.86,956603.24
PO-SYN-000305,2023,Rumah Sakit Mutiara Sukma,Leptop,0,"Laptop Intel Ultra 7, 14 inch, 16GB RAM, 512GB SSD, Win 11 Pro",CV. MALILI TEKNO,Direct Procurement,21249045.81,25371651.68,1,0.18,60209076.21,21249045.81,-0.1625,19955326.2,1293719.61
PO-SYN-000306,2023,Dinas Kependudukan dan Pencatatan Sipil,Electronics/Computers,0,AXIOO Mybook Pro F3 (4H9) i3-6157u/4GB/14,Global Tech Solutions,mbizmarket.co.id,30786459.73,21859726.6,5,0.06,0.0,153932298.65,0.4084,26314384.52,4472075.21
PO-SYN-000307,2022,Dinas Kependudukan dan Pencatatan Sipil,Belanja Modal Alat Kantor,0,AXIOO Mybook Pro F3 (4H9) i3-6157u/4GB/14,Internal Procurement/Standard Vendor,Katalog Elektronik,3141000.0,19762301.58,2,0.01,52454956.52,6282000.0,-0.8411,2429441.54,711558.46
PO-SYN-000308,2023,Kantor Kecamatan Malili,Electronics/Computers,0,"Asus X441MA-GA031T/Celeron N4020/4GB/1TB/14""/Win 10 Home",Internal Procurement/Standard Vendor,E-Katalog,8568437.28,19497889.82,3,0.0,413435572.46,25705311.84,-0.5605,7401872.88,1166564.4
PO-SYN-000309,2021,Dinas Kependudukan dan Pencatatan Sipil,Laptop,0,AXIOO Mybook Pro F3 (4H9) i3-6157u/4GB/14,CV. MALILI TEKNO,Katalog Elektronik,35404262.47,25123535.85,1,0.21,0.0,35404262.47,0.4092,31617266.12,3786996.35
PO-SYN-000310,2022,Kantor Kecamatan Malili,Electronics/Computers,0,AXIOO Mybook Pro F3 (4H9) i3-6157u/4GB/14,CV. MALILI TEKNO,E-Katalog,35954439.03,6652095.33,7,0.0,160479239.28,251681073.21,4.405,32887969.15,3066469.88
PO-SYN-000311,2021,Kantor Kecamatan Malili,Electronics/Computers,0,"Laptop Intel Ultra 7, 14 inch, 16GB RAM, 512GB SSD, Win 11 Pro",Sinar Niaga Teknologi,E-Katalog,15893777.06,31578088.13,5,0.0,423437792.12,79468885.3,-0.4967,13158477.22,2735299.84
PO-SYN-000312,2023,Dinas Kependudukan dan Pencatatan Sipil,Hardware / Laptop,1,HP240R G9 CORE 7 150U 16GB 512SSD WIN11HOME FHD FP,CV. MALILI TEKNO,Direct Procurement,36519441.91,36893257.26,1,0.0,0.0,36519441.91,-0.0101,35424140.26,1095301.65
PO-SYN-000313,2022,Direktorat Operasi,Hardware / Laptop,1,PC Unit ExpertCenter EG3408WVAK-BPC515X and Laptop OmniBook 5 Flip 14-FP0558TU,Sinar Niaga Teknologi,mbizmarket.co.id,12822954.22,31054007.23,7,0.18,0.0,89760679.54,-0.5871,9993906.66,2829047.56
PO-SYN-000314,2021,Direktorat Sistem Pengadaan Digital,Komputer/Laptop,0,AXIOO Mybook Pro F3 (4H9) i3-6157u/4GB/14,CV. MALILI TEKNO,E-Katalog,3141000.0,4376428.97,6,0.2,0.0,18846000.0,-0.2823,2921133.63,219866.37
PO-SYN-000315,2021,Kantor Kecamatan Malili,Leptop,0,"Laptop Intel Ultra 7, 14 inch, 16GB RAM, 512GB SSD, Win 11 Pro",Internal Procurement/Standard Vendor,E-Katalog,17801101.36,22649607.06,1,0.07,0.0,17801101.36,-0.2141,16062055.7,1739045.66
PO-SYN-000316,2024,Direktorat Operasi,Hardware / Laptop,1,AXIOO Mybook Pro F3 (4H9) i3-6157u/4GB/14,CV. MALILI TEKNO,mbizmarket.co.id,27924135.2,18043773.13,1,0.02,62856450.48,27924135.2,0.5476,21586593.58,6337541.62
PO-SYN-000317,2025,Kantor Kecamatan Malili,Hardware / Laptop,0,"Asus X441MA-GA031T/Celeron N4020/4GB/1TB/14""/Win 10 Home",Global Komputer,Direct Procurement,13693303.23,44833987.36,4,0.0,266181026.89,54773212.92,-0.6946,15184355.96,-1491052.73
PO-SYN-000318,2023,Kantor Kecamatan Malili,Electronics/Computers,1,"Asus X441MA-GA031T/Celeron N4020/4GB/1TB/14""/Win 10 Home",Global Tech Solutions,Katalog Elektronik,39004346.88,24155183.35,2,0.08,0.0,78008693.76,0.6147,36142207.43,2862139.45
PO-SYN-000319,2024,Direktorat Operasi,Laptop,1,HP240R G9 CORE 7 150U 16GB 512SSD WIN11HOME FHD FP,CV. MALILI TEKNO,mbizmarket.co.id,3141000.0,20340824.35,8,0.26,250930518.37,25128000.0,-0.8456,2535852.65,605147.35
PO-SYN-000320,2024,Kantor Kecamatan Malili,Hardware / Laptop,0,AXIOO Mybook Pro F3 (4H9) i3-6157u/4GB/14,Global Tech Solutions,Direct Procurement,3141000.0,8804876.46,1,0.0,42200585.5,3141000.0,-0.6433,3458532.16,-317532.16
PO-SYN-000321,2024,Kantor Kecamatan Malili,Leptop,0,"Asus X441MA-GA031T/Celeron N4020/4GB/1TB/14""/Win 10 Home",Global Tech Solutions,E-Katalog,3141000.0,30519788.29,1,0.05,622729900.15,3141000.0,-0.8971,2705817.58,435182.42
PO-SYN-000322,2024,Direktorat Operasi,Komputer/Laptop,1,AXIOO Mybook Pro F3 (4H9) i3-6157u/4GB/14,Global Tech Solutions,Direct/Official Channel,3141000.0,13123508.19,6,0.23,0.0,18846000.0,-0.7607,2880582.49,260417.51
PO-SYN-000323,2023,Rumah Sakit Mutiara Sukma,Electronics/Computers,0,AXIOO Mybook Pro F3 (4H9) i3-6157u/4GB/14,Sinar Niaga Teknologi,E-Katalog,10042895.19,16153064.67,10,0.0,151429393.93,100428951.9,-0.3783,7721082.26,2321812.93
PO-SYN-000324,2021,Kantor Kecamatan Malili,Komputer/Laptop,0,AXIOO Mybook Pro F3 (4H9) i3-6157u/4GB/14,Global Komputer,Katalog Elektronik,37460529.65,19584344.24,3,0.0,155413276.47,112381588.95,0.9128,36152828.11,1307701.54
PO-SYN-000325,2021,Kantor Kecamatan Malili,Hardware / Laptop,0,"Asus X441MA-GA031T/Celeron N4020/4GB/1TB/14""/Win 10 Home",Global Tech Solutions,Direct/Official Channel,29254941.29,11716781.22,4,0.03,377277171.21,117019765.16,1.4968,32011812.75,-2756871.46
PO-SYN-000326,2024,Rumah Sakit Mutiara Sukma,Hardware / Laptop,0,"Asus X441MA-GA031T/Celeron N4020/4GB/1TB/14""/Win 10 Home",Sinar Niaga Teknologi,E-Katalog,3141000.0,39168360.08,1,0.0,0.0,3141000.0,-0.9198,2521813.67,619186.33
PO-SYN-000327,2024,Rumah Sakit Mutiara Sukma,Pengadaan Laptop,0,HP240R G9 CORE 7 150U 16GB 512SSD WIN11HOME FHD FP,Internal Procurement/Standard Vendor,Direct Procurement,3141000.0,60000000.0,6,0.05,71521815.78,18846000.0,-0.9476,2989063.16,151936.84
PO-SYN-000328,2021,Dinas Kependudukan dan Pencatatan Sipil,Hardware / Laptop,0,HP240R G9 CORE 7 150U 16GB 512SSD WIN11HOME FHD FP,Global Komputer,mbizmarket.co.id,27479367.62,28791884.01,4,0.04,34641883.37,109917470.48,-0.0456,22896178.85,4583188.77
PO-SYN-000329,2023,Kantor Kecamatan Malili,Hardware / Laptop,1,PC Unit ExpertCenter EG3408WVAK-BPC515X and Laptop OmniBook 5 Flip 14-FP0558TU,Sinar Niaga Teknologi,mbizmarket.co.id,14822602.12,37012129.79,4,0.0,255551933.6,59290408.48,-0.5995,14451635.15,370966.97
PO-SYN-000330,2024,Kantor Kecamatan Malili,Komputer/Laptop,1,AXIOO Mybook Pro F3 (4H9) i3-6157u/4GB/14,CV. MALILI TEKNO,Direct Procurement,17937155.76,11398639.92,6,0.13,0.0,107622934.56,0.5736,20639633.74,-2702477.98
PO-SYN-000331,2024,Direktorat Sistem Pengadaan Digital,Belanja Modal Alat Kantor,0,PC Unit ExpertCenter EG3408WVAK-BPC515X and Laptop OmniBook 5 Flip 14-FP0558TU,Sinar Niaga Teknologi,Direct/Official Channel,3141000.0,3141000.0,1,0.12,332505533.96,3141000.0,0.0,3751217.95,-610217.95
PO-SYN-000332,2022,Direktorat Sistem Pengadaan Digital,Electronics/Computers,0,"Laptop Intel Ultra 7, 14 inch, 16GB RAM, 512GB SSD, Win 11 Pro",CV. JUMPA KARYA ABADI,E-Katalog,31084859.58,26620747.97,1,0.07,292966336.33,31084859.58,0.1677,30915047.07,169812.51
PO-SYN-000333,2023,Direktorat Operasi,Leptop,0,PC Unit ExpertCenter EG3408WVAK-BPC515X and Laptop OmniBook 5 Flip 14-FP0558TU,Internal Procurement/Standard Vendor,Direct Procurement,39283433.1,29853384.83,4,0.14,78867732.07,157133732.4,0.3159,34542426.6,4741006.5
PO-SYN-000334,2025,Kantor Inspektorat Kabupaten Lombok Barat,Belanja Modal Alat Kantor,0,AXIOO Mybook Pro F3 (4H9) i3-6157u/4GB/14,CV. JUMPA KARYA ABADI,E-Katalog,15385438.42,5402245.29,1,0.01,0.0,15385438.42,1.848,12685646.61,2699791.81
PO-SYN-000335,2025,Rumah Sakit Mutiara Sukma,Electronics/Computers,0,"Laptop Intel Ultra 7, 14 inch, 16GB RAM, 512GB SSD, Win 11 Pro",Internal Procurement/Standard Vendor,mbizmarket.co.id,3141000.0,21524518.93,2,0.0,256417951.29,6282000.0,-0.8541,2641561.47,499438.53
PO-SYN-000336,2022,Dinas Kependudukan dan Pencatatan Sipil,Pengadaan Laptop,0,"Laptop Intel Ultra 7, 14 inch, 16GB RAM, 512GB SSD, Win 11 Pro",Sinar Niaga Teknologi,Direct/Official Channel,3141000.0,5102376.36,1,0.0,300491565.59,3141000.0,-0.3844,2967127.92,173872.08
PO-SYN-000337,2025,Kantor Inspektorat Kabupaten Lombok Barat,Hardware / Laptop,0,AXIOO Mybook Pro F3 (4H9) i3-6157u/4GB/14,Global Komputer,E-Katalog,13592216.45,3141000.0,4,0.0,101251294.79,54368865.8,3.3274,11540220.66,2051995.79
PO-SYN-000338,2023,Rumah Sakit Mutiara Sukma,Laptop,0,"Laptop Intel Ultra 7, 14 inch, 16GB RAM, 512GB SSD, Win 11 Pro",CV. MALILI TEKNO,E-Katalog,42319251.26,3141000.0,1,0.05,551900182.72,42319251.26,12.4732,33761465.83,8557785.43
PO-SYN-000339,2025,Rumah Sakit Mutiara Sukma,Pengadaan Laptop,0,"Asus X441MA-GA031T/Celeron N4020/4GB/1TB/14""/Win 10 Home",Global Komputer,mbizmarket.co.id,21973857.49,9663617.34,5,0.0,209066897.66,109869287.45,1.2739,18098498.25,3875359.24
PO-SYN-000340,2024,Dinas Kependudukan dan Pencatatan Sipil,Leptop,0,PC Unit ExpertCenter EG3408WVAK-BPC515X and Laptop OmniBook 5 Flip 14-FP0558TU,Sinar Niaga Teknologi,mbizmarket.co.id,37008433.51,60000000.0,4,0.0,79112903.79,148033734.04,-0.3832,28322592.77,8685840.74
PO-SYN-000341,2021,Dinas Kependudukan dan Pencatatan Sipil,Hardware / Laptop,0,AXIOO Mybook Pro F3 (4H9) i3-6157u/4GB/14,CV. MALILI TEKNO,E-Katalog,5987907.3,11049272.43,1,0.04,0.0,5987907.3,-0.4581,4964752.96,1023154.34
PO-SYN-000342,2025,Kantor Kecamatan Malili,Komputer/Laptop,0,"Lenovo Yoga 7i 2in1, Intel Core Ultra 7, 16Gb RAM, 1Tb NVMe, Win 11 Pro",Global Komputer,Katalog Elektronik,18271517.28,17779230.36,1,0.04,299358436.8,18271517.28,0.0277,17163667.87,1107849.41
PO-SYN-000343,2025,Dinas Kependudukan dan Pencatatan Sipil,Komputer/Laptop,0,"Lenovo Yoga 7i 2in1, Intel Core Ultra 7, 16Gb RAM, 1Tb NVMe, Win 11 Pro",CV. MALILI TEKNO,mbizmarket.co.id,6634800.11,12825327.32,1,0.0,0.0,6634800.11,-0.4827,5813869.0,820931.11
PO-SYN-000344,2024,Kantor Kecamatan Malili,Pengadaan Laptop,0,"Lenovo Yoga 7i 2in1, Intel Core Ultra 7, 16Gb RAM, 1Tb NVMe, Win 11 Pro",CV. MALILI TEKNO,Direct/Official Channel,22908966.99,21192989.81,5,0.01,186828574.32,114544834.95,0.081,25002690.47,-2093723.48
PO-SYN-000345,2021,Kantor Kecamatan Malili,Komputer/Laptop,0,PC Unit ExpertCenter EG3408WVAK-BPC515X and Laptop OmniBook 5 Flip 14-FP0558TU,Sinar Niaga Teknologi,Direct/Official Channel,22958478.63,8130422.79,1,0.01,454094486.91,22958478.63,1.8238,26353134.3,-3394655.67
PO-SYN-000346,2021,Kantor Kecamatan Malili,Hardware / Laptop,0,HP240R G9 CORE 7 150U 16GB 512SSD WIN11HOME FHD FP,Sinar Niaga Teknologi,E-Katalog,35332501.76,38734413.54,3,0.05,0.0,105997505.28,-0.0878,31399616.04,3932885.72
PO-SYN-000347,2024,Kantor Kecamatan Malili,Laptop,0,HP240R G9 CORE 7 150U 16GB 512SSD WIN11HOME FHD FP,Global Komputer,mbizmarket.co.id,29152405.74,38191848.93,2,0.0,85870978.24,58304811.48,-0.2367,28994886.54,157519.2
PO-SYN-000348,2022,Dinas Kependudukan dan Pencatatan Sipil,Leptop,0,AXIOO Mybook Pro F3 (4H9) i3-6157u/4GB/14,Global Komputer,mbizmarket.co.id,3141000.0,3141000.0,1,0.0,0.0,3141000.0,0.0,2617584.02,523415.98
PO-SYN-000349,2023,Dinas Kependudukan dan Pencatatan Sipil,Belanja Modal Alat Kantor,0,HP240R G9 CORE 7 150U 16GB 512SSD WIN11HOME FHD FP,CV. JUMPA KARYA ABADI,Direct Procurement,10256107.43,42374420.39,3,0.06,246828398.54,30768322.29,-0.758,9483933.88,772173.55
PO-SYN-000350,2024,Kantor Inspektorat Kabupaten Lombok Barat,Leptop,1,"Asus X441MA-GA031T/Celeron N4020/4GB/1TB/14""/Win 10 Home",CV. MALILI TEKNO,Direct Procurement,36635497.05,16660931.14,5,0.0,0.0,183177485.25,1.1989,39882353.42,-3246856.37
PO-SYN-000351,2023,Kantor Kecamatan Malili,Laptop,0,AXIOO Mybook Pro F3 (4H9) i3-6157u/4GB/14,Global Komputer,mbizmarket.co.id,24921380.58,3141000.0,1,0.15,0.0,24921380.58,6.9342,26039782.21,-1118401.63
PO-SYN-000352,2024,Rumah Sakit Mutiara Sukma,Pengadaan Laptop,0,AXIOO Mybook Pro F3 (4H9) i3-6157u/4GB/14,Internal Procurement/Standard Vendor,E-Katalog,3141000.0,28677071.51,1,0.09,0.0,3141000.0,-0.8905,2340447.02,800552.98
PO-SYN-000353,2023,Dinas Kependudukan dan Pencatatan Sipil,Belanja Modal Alat Kantor,0,HP240R G9 CORE 7 150U 16GB 512SSD WIN11HOME FHD FP,CV. MALILI TEKNO,Katalog Elektronik,18991156.3,3141000.0,5,0.0,26548047.0,94955781.5,5.0462,15408444.27,3582712.03
PO-SYN-000354,2023,Kantor Inspektorat Kabupaten Lombok Barat,Laptop,0,"Asus X441MA-GA031T/Celeron N4020/4GB/1TB/14""/Win 10 Home",Internal Procurement/Standard Vendor,mbizmarket.co.id,3141000.0,14721548.57,10,0.11,80747628.43,31410000.0,-0.7866,2775745.8,365254.2
PO-SYN-000355,2024,Dinas Kependudukan dan Pencatatan Sipil,Pengadaan Laptop,0,AXIOO Mybook Pro F3 (4H9) i3-6157u/4GB/14,CV. MALILI TEKNO,Katalog Elektronik,18664970.75,27141347.42,1,0.15,270951892.82,18664970.75,-0.3123,16508350.38,2156620.37
PO-SYN-000356,2025,Kantor Inspektorat Kabupaten Lombok Barat,Leptop,0,AXIOO Mybook Pro F3 (4H9) i3-6157u/4GB/14,Global Komputer,E-Katalog,26018480.87,18265777.24,5,0.09,0.0,130092404.35,0.4244,21163440.92,4855039.95
PO-SYN-000357,2024,Dinas Kependudukan dan Pencatatan Sipil,Laptop,0,AXIOO Mybook Pro F3 (4H9) i3-6157u/4GB/14,CV. MALILI TEKNO,Direct/Official Channel,20068298.42,43998980.65,1,0.0,128392107.63,20068298.42,-0.5439,19191631.78,876666.64
PO-SYN-000358,2021,Direktorat Operasi,Komputer/Laptop,0,AXIOO Mybook Pro F3 (4H9) i3-6157u/4GB/14,CV. MALILI TEKNO,Direct Procurement,21331894.44,22040384.69,2,0.18,0.0,42663788.88,-0.0321,18809778.91,2522115.53
PO-SYN-000359,2021,Direktorat Operasi,Belanja Modal Alat Kantor,1,AXIOO Mybook Pro F3 (4H9) i3-6157u/4GB/14,CV. MALILI TEKNO,Katalog Elektronik,16442696.2,3141000.0,2,0.2,91141954.74,32885392.4,4.2349,13321996.32,3120699.88
PO-SYN-000360,2023,Kantor Inspektorat Kabupaten Lombok Barat,Laptop,0,"Laptop Intel Ultra 7, 14 inch, 16GB RAM, 512GB SSD, Win 11 Pro",Internal Procurement/Standard Vendor,mbizmarket.co.id,3141000.0,7565034.77,1,0.0,417561510.93,3141000.0,-0.5848,2891149.06,249850.94
PO-SYN-000361,2024,Dinas Kependudukan dan Pencatatan Sipil,Leptop,0,AXIOO Mybook Pro F3 (4H9) i3-6157u/4GB/14,Global Komputer,E-Katalog,3141000.0,22083316.69,4,0.15,494948165.9,12564000.0,-0.8578,2340905.34,800094.66
PO-SYN-000362,2022,Direktorat Sistem Pengadaan Digital,Leptop,0,HP240R G9 CORE 7 150U 16GB 512SSD WIN11HOME FHD FP,CV. MALILI TEKNO,Katalog Elektronik,3934905.71,3141000.0,2,0.08,341362623.54,7869811.42,0.2528,4085471.62,-150565.91
PO-SYN-000363,2022,Rumah Sakit Mutiara Sukma,Belanja Modal Alat Kantor,0,"Lenovo Yoga 7i 2in1, Intel Core Ultra 7, 16Gb RAM, 1Tb NVMe, Win 11 Pro",CV. JUMPA KARYA ABADI,E-Katalog,12614139.99,20489140.7,1,0.25,0.0,12614139.99,-0.3843,9563815.06,3050324.93
PO-SYN-000364,2024,Direktorat Sistem Pengadaan Digital,Belanja Modal Alat Kantor,0,AXIOO Mybook Pro F3 (4H9) i3-6157u/4GB/14,Sinar Niaga Teknologi,mbizmarket.co.id,54037704.82,18050126.07,2,0.0,39029521.53,108075409.64,1.9938,59181851.65,-5144146.83
PO-SYN-000365,2024,Direktorat Operasi,Laptop,0,AXIOO Mybook Pro F3 (4H9) i3-6157u/4GB/14,CV. JUMPA KARYA ABADI,Direct/Official Channel,3141000.0,43736728.54,1,0.0,0.0,3141000.0,-0.9282,2893491.55,247508.45
PO-SYN-000366,2021,Direktorat Operasi,Komputer/Laptop,0,"Asus X441MA-GA031T/Celeron N4020/4GB/1TB/14""/Win 10 Home",Internal Procurement/Standard Vendor,mbizmarket.co.id,3141000.0,25712068.45,9,0.0,134850640.39,28269000.0,-0.8778,2392016.77,748983.23
PO-SYN-000367,2024,Rumah Sakit Mutiara Sukma,Komputer/Laptop,0,AXIOO Mybook Pro F3 (4H9) i3-6157u/4GB/14,Sinar Niaga Teknologi,mbizmarket.co.id,25795962.34,18257888.03,1,0.08,552893592.33,25795962.34,0.4129,20524987.46,5270974.88
PO-SYN-000368,2023,Kantor Kecamatan Malili,Belanja Modal Alat Kantor,0,"Laptop Intel Ultra 7, 14 inch, 16GB RAM, 512GB SSD, Win 11 Pro",Sinar Niaga Teknologi,Katalog Elektronik,30990506.3,3141000.0,1,0.08,469983096.17,30990506.3,8.8664,30971927.76,18578.54
PO-SYN-000369,2022,Kantor Kecamatan Malili,Electronics/Computers,0,AXIOO Mybook Pro F3 (4H9) i3-6157u/4GB/14,Internal Procurement/Standard Vendor,mbizmarket.co.id,12734153.03,17923791.72,1,0.09,314176956.71,12734153.03,-0.2895,12017793.61,716359.42
PO-SYN-000370,2023,Direktorat Sistem Pengadaan Digital,Hardware / Laptop,0,"Lenovo Yoga 7i 2in1, Intel Core Ultra 7, 16Gb RAM, 1Tb NVMe, Win 11 Pro",CV. MALILI TEKNO,Direct/Official Channel,9959256.45,22409287.54,1,0.02,629368061.14,9959256.45,-0.5556,11453356.71,-1494100.26
PO-SYN-000371,2022,Kantor Kecamatan Malili,Pengadaan Laptop,0,HP240R G9 CORE 7 150U 16GB 512SSD WIN11HOME FHD FP,Global Tech Solutions,E-Katalog,11933733.18,7040404.41,5,0.01,0.0,59668665.9,0.695,11487573.04,446160.14
PO-SYN-000372,2023,Kantor Inspektorat Kabupaten Lombok Barat,Komputer/Laptop,0,"Lenovo Yoga 7i 2in1, Intel Core Ultra 7, 16Gb RAM, 1Tb NVMe, Win 11 Pro",Global Tech Solutions,E-Katalog,43361169.64,7833199.28,1,0.13,0.0,43361169.64,4.5356,37746840.25,5614329.39
PO-SYN-000373,2021,Dinas Kependudukan dan Pencatatan Sipil,Pengadaan Laptop,0,AXIOO Mybook Pro F3 (4H9) i3-6157u/4GB/14,CV. JUMPA KARYA ABADI,E-Katalog,3141000.0,32954242.07,1,0.11,89429690.41,3141000.0,-0.9047,2348445.93,792554.07
PO-SYN-000374,2024,Kantor Kecamatan Malili,Pengadaan Laptop,0,"Laptop Intel Ultra 7, 14 inch, 16GB RAM, 512GB SSD, Win 11 Pro",Global Komputer,Direct/Official Channel,11072965.78,29483466.42,3,0.09,597449629.35,33218897.34,-0.6244,11197561.17,-124595.39
PO-SYN-000375,2023,Kantor Kecamatan Malili,Belanja Modal Alat Kantor,0,"Asus X441MA-GA031T/Celeron N4020/4GB/1TB/14""/Win 10 Home",CV. MALILI TEKNO,E-Katalog,46854173.45,19691570.46,1,0.0,36769593.07,46854173.45,1.3794,44257045.19,2597128.26
PO-SYN-000376,2023,Direktorat Operasi,Komputer/Laptop,0,"Laptop Intel Ultra 7, 14 inch, 16GB RAM, 512GB SSD, Win 11 Pro",CV. MALILI TEKNO,E-Katalog,16013262.07,43361873.8,1,0.03,0.0,16013262.07,-0.6307,12008899.83,4004362.24
PO-SYN-000377,2022,Kantor Kecamatan Malili,Hardware / Laptop,0,"Laptop Intel Ultra 7, 14 inch, 16GB RAM, 512GB SSD, Win 11 Pro",CV. MALILI TEKNO,E-Katalog,33944734.66,10856124.85,1,0.05,198809184.01,33944734.66,2.1268,31270311.4,2674423.26
PO-SYN-000378,2021,Direktorat Sistem Pengadaan Digital,Hardware / Laptop,0,"Lenovo Yoga 7i 2in1, Intel Core Ultra 7, 16Gb RAM, 1Tb NVMe, Win 11 Pro",Internal Procurement/Standard Vendor,Katalog Elektronik,40111899.89,3141000.0,5,0.15,0.0,200559499.45,11.7704,42473667.44,-2361767.55
PO-SYN-000379,2022,Dinas Kependudukan dan Pencatatan Sipil,Laptop,0,AXIOO Mybook Pro F3 (4H9) i3-6157u/4GB/14,Global Komputer,Katalog Elektronik,9355828.91,16564042.56,4,0.0,0.0,37423315.64,-0.4352,8001619.34,1354209.57
PO-SYN-000380,2022,Kantor Kecamatan Malili,Laptop,0,"Lenovo Yoga 7i 2in1, Intel Core Ultra 7, 16Gb RAM, 1Tb NVMe, Win 11 Pro",CV. MALILI TEKNO,Katalog Elektronik,3141000.0,3141000.0,5,0.0,258247607.41,15705000.0,0.0,3155614.48,-14614.48
PO-SYN-000381,2025,Direktorat Sistem Pengadaan Digital,Belanja Modal Alat Kantor,0,AXIOO Mybook Pro F3 (4H9) i3-6157u/4GB/14,Internal Procurement/Standard Vendor,E-Katalog,3141000.0,6535250.58,6,0.0,0.0,18846000.0,-0.5194,3079855.94,61144.06
PO-SYN-000382,2025,Direktorat Operasi,Hardware / Laptop,0,"Laptop Intel Ultra 7, 14 inch, 16GB RAM, 512GB SSD, Win 11 Pro",CV. MALILI TEKNO,E-Katalog,32115293.92,13703409.77,1,0.18,535948497.05,32115293.92,1.3436,24812008.36,7303285.56
PO-SYN-000383,2023,Kantor Kecamatan Malili,Laptop,0,AXIOO Mybook Pro F3 (4H9) i3-6157u/4GB/14,CV. MALILI TEKNO,E-Katalog,19775965.26,4336120.52,1,0.08,194060734.31,19775965.26,3.5608,19108302.33,667662.93
PO-SYN-000384,2021,Rumah Sakit Mutiara Sukma,Electronics/Computers,0,"Laptop Intel Ultra 7, 14 inch, 16GB RAM, 512GB SSD, Win 11 Pro",Sinar Niaga Teknologi,mbizmarket.co.id,29765400.74,3141000.0,6,0.0,0.0,178592404.44,8.4764,24210711.93,5554688.81
PO-SYN-000385,2022,Kantor Kecamatan Malili,Laptop,0,"Laptop Intel Ultra 7, 14 inch, 16GB RAM, 512GB SSD, Win 11 Pro",CV. MALILI TEKNO,E-Katalog,53543851.77,60000000.0,4,0.01,224121821.23,214175407.08,-0.1076,50493735.82,3050115.95
PO-SYN-000386,2024,Kantor Kecamatan Malili,Laptop,0,AXIOO Mybook Pro F3 (4H9) i3-6157u/4GB/14,Sinar Niaga Teknologi,Direct Procurement,12599643.63,48141306.96,3,0.08,258147086.86,37798930.89,-0.7383,14508278.11,-1908634.48
PO-SYN-000387,2022,Kantor Kecamatan Malili,Komputer/Laptop,0,"Asus X441MA-GA031T/Celeron N4020/4GB/1TB/14""/Win 10 Home",Sinar Niaga Teknologi,Direct Procurement,33097211.6,7550030.02,1,0.0,199524462.37,33097211.6,3.3837,38777771.94,-5680560.34
PO-SYN-000388,2021,Kantor Kecamatan Malili,Belanja Modal Alat Kantor,1,"Asus X441MA-GA031T/Celeron N4020/4GB/1TB/14""/Win 10 Home",CV. JUMPA KARYA ABADI,Direct Procurement,26359582.47,46110132.98,2,0.1,0.0,52719164.94,-0.4283,29150665.7,-2791083.23
PO-SYN-000389,2024,Direktorat Operasi,Leptop,0,"Lenovo Yoga 7i 2in1, Intel Core Ultra 7, 16Gb RAM, 1Tb NVMe, Win 11 Pro",Sinar Niaga Teknologi,mbizmarket.co.id,30562383.32,32222406.72,1,0.02,0.0,30562383.32,-0.0515,23641700.8,6920682.52
PO-SYN-000390,2023,Kantor Kecamatan Malili,Komputer/Laptop,0,"Asus X441MA-GA031T/Celeron N4020/4GB/1TB/14""/Win 10 Home",Internal Procurement/Standard Vendor,mbizmarket.co.id,34006526.96,27613910.88,4,0.03,87562990.65,136026107.84,0.2315,31751620.26,2254906.7
PO-SYN-000391,2023,Direktorat Sistem Pengadaan Digital,Laptop,0,HP240R G9 CORE 7 150U 16GB 512SSD WIN11HOME FHD FP,Internal Procurement/Standard Vendor,Direct Procurement,30620550.03,25018856.47,4,0.0,0.0,122482200.12,0.2239,38661603.09,-8041053.06
PO-SYN-000392,2021,Dinas Kependudukan dan Pencatatan Sipil,Pengadaan Laptop,1,"Lenovo Yoga 7i 2in1, Intel Core Ultra 7, 16Gb RAM, 1Tb NVMe, Win 11 Pro",Global Komputer,E-Katalog,9803788.05,3418953.79,5,0.0,360159793.49,49018940.25,1.8675,7934635.45,1869152.6
PO-SYN-000393,2023,Kantor Inspektorat Kabupaten Lombok Barat,Komputer/Laptop,0,"Asus X441MA-GA031T/Celeron N4020/4GB/1TB/14""/Win 10 Home",Internal Procurement/Standard Vendor,mbizmarket.co.id,30350825.82,3141000.0,6,0.06,0.0,182104954.92,8.6628,27373558.07,2977267.75
PO-SYN-000394,2022,Kantor Kecamatan Malili,Leptop,0,AXIOO Mybook Pro F3 (4H9) i3-6157u/4GB/14,Sinar Niaga Teknologi,Direct/Official Channel,3141000.0,24811562.26,1,0.0,0.0,3141000.0,-0.8734,3637558.21,-496558.21
PO-SYN-000395,2022,Kantor Inspektorat Kabupaten Lombok Barat,Laptop,0,"Asus X441MA-GA031T/Celeron N4020/4GB/1TB/14""/Win 10 Home",Sinar Niaga Teknologi,Direct Procurement,7144815.75,43741675.42,1,0.0,0.0,7144815.75,-0.8367,7934177.01,-789361.26
PO-SYN-000396,2021,Rumah Sakit Mutiara Sukma,Pengadaan Laptop,0,"Asus X441MA-GA031T/Celeron N4020/4GB/1TB/14""/Win 10 Home",Internal Procurement/Standard Vendor,Direct/Official Channel,15512155.95,8710425.75,3,0.08,375037249.6,46536467.85,0.7809,15183772.98,328382.97
PO-SYN-000397,2025,Dinas Kependudukan dan Pencatatan Sipil,Belanja Modal Alat Kantor,0,HP240R G9 CORE 7 150U 16GB 512SSD WIN11HOME FHD FP,CV. JUMPA KARYA ABADI,E-Katalog,11908482.71,3141000.0,1,0.06,0.0,11908482.71,2.7913,8902168.79,3006313.92
PO-SYN-000398,2024,Dinas Kependudukan dan Pencatatan Sipil,Laptop,0,AXIOO Mybook Pro F3 (4H9) i3-6157u/4GB/14,Global Komputer,Direct Procurement,24344750.98,17117106.99,3,0.0,26081806.62,73034252.94,0.4222,22767992.57,1576758.41
PO-SYN-000399,2022,Dinas Kependudukan dan Pencatatan Sipil,Electronics/Computers,0,AXIOO Mybook Pro F3 (4H9) i3-6157u/4GB/14,CV. JUMPA KARYA ABADI,Katalog Elektronik,34003261.23,35354454.21,1,0.0,0.0,34003261.23,-0.0382,28088312.38,5914948.85
PO-SYN-000400,2021,Kantor Inspektorat Kabupaten Lombok Barat,Belanja Modal Alat Kantor,0,"Laptop Intel Ultra 7, 14 inch, 16GB RAM, 512GB SSD, Win 11 Pro",Internal Procurement/Standard Vendor,Katalog Elektronik,16792983.5,3141000.0,1,0.0,139397357.36,16792983.5,4.3464,15345826.25,1447157.25
PO-SYN-000401,2025,Dinas Kependudukan dan Pencatatan Sipil,Belanja Modal Alat Kantor,0,"Laptop Intel Ultra 7, 14 inch, 16GB RAM, 512GB SSD, Win 11 Pro",CV. JUMPA KARYA ABADI,mbizmarket.co.id,5510215.81,20910839.87,1,0.0,519003627.65,5510215.81,-0.7365,4936237.29,573978.52
PO-SYN-000402,2025,Dinas Kependudukan dan Pencatatan Sipil,Komputer/Laptop,0,AXIOO Mybook Pro F3 (4H9) i3-6157u/4GB/14,Global Tech Solutions,E-Katalog,3141000.0,31896499.11,5,0.0,297721980.47,15705000.0,-0.9015,2655702.39,485297.61
PO-SYN-000403,2022,Rumah Sakit Mutiara Sukma,Pengadaan Laptop,0,AXIOO Mybook Pro F3 (4H9) i3-6157u/4GB/14,Sinar Niaga Teknologi,E-Katalog,3141000.0,3141000.0,6,0.06,228515644.23,18846000.0,0.0,2399837.4,741162.6
PO-SYN-000404,2023,Kantor Kecamatan Malili,Hardware / Laptop,1,"Laptop Intel Ultra 7, 14 inch, 16GB RAM, 512GB SSD, Win 11 Pro",Global Tech Solutions,Direct Procurement,25173911.02,3141000.0,6,0.15,26343295.49,151043466.12,7.0146,28327203.37,-3153292.35
PO-SYN-000405,2025,Rumah Sakit Mutiara Sukma,Belanja Modal Alat Kantor,0,"Lenovo Yoga 7i 2in1, Intel Core Ultra 7, 16Gb RAM, 1Tb NVMe, Win 11 Pro",CV. MALILI TEKNO,Katalog Elektronik,3141000.0,26588383.31,4,0.02,376837833.38,12564000.0,-0.8819,2523189.05,617810.95
PO-SYN-000406,2024,Direktorat Sistem Pengadaan Digital,Pengadaan Laptop,1,"Laptop Intel Ultra 7, 14 inch, 16GB RAM, 512GB SSD, Win 11 Pro",Global Tech Solutions,Direct/Official Channel,28247994.47,3141000.0,2,0.01,144068202.58,56495988.94,7.9933,32284328.5,-4036334.03
PO-SYN-000407,2023,Direktorat Sistem Pengadaan Digital,Leptop,1,"Asus X441MA-GA031T/Celeron N4020/4GB/1TB/14""/Win 10 Home",Global Tech Solutions,mbizmarket.co.id,15943909.59,31834492.45,1,0.0,538714727.31,15943909.59,-0.4992,17468728.99,-1524819.4
PO-SYN-000408,2023,Direktorat Sistem Pengadaan Digital,Leptop,0,AXIOO Mybook Pro F3 (4H9) i3-6157u/4GB/14,Global Tech Solutions,E-Katalog,3141000.0,29540494.39,1,0.06,161911127.29,3141000.0,-0.8937,2975026.65,165973.35
PO-SYN-000409,2024,Kantor Kecamatan Malili,Laptop,0,"Asus X441MA-GA031T/Celeron N4020/4GB/1TB/14""/Win 10 Home",CV. MALILI TEKNO,E-Katalog,4413788.99,6316914.26,1,0.0,68341320.78,4413788.99,-0.3013,3842839.93,570949.06
PO-SYN-000410,2023,Dinas Kependudukan dan Pencatatan Sipil,Electronics/Computers,0,"Asus X441MA-GA031T/Celeron N4020/4GB/1TB/14""/Win 10 Home",Global Tech Solutions,Katalog Elektronik,30324006.34,42959593.19,1,0.05,215106521.81,30324006.34,-0.2941,26501566.28,3822440.06
PO-SYN-000411,2021,Direktorat Sistem Pengadaan Digital,Pengadaan Laptop,0,AXIOO Mybook Pro F3 (4H9) i3-6157u/4GB/14,CV. MALILI TEKNO,mbizmarket.co.id,19610464.38,30431826.54,4,0.0,310765332.76,78441857.52,-0.3556,20989362.08,-1378897.7
PO-SYN-000412,2025,Direktorat Sistem Pengadaan Digital,Hardware / Laptop,0,PC Unit ExpertCenter EG3408WVAK-BPC515X and Laptop OmniBook 5 Flip 14-FP0558TU,Global Tech Solutions,Direct Procurement,4775791.63,18574042.92,5,0.01,363536378.39,23878958.15,-0.7429,6391979.91,-1616188.28
PO-SYN-000413,2022,Direktorat Sistem Pengadaan Digital,Electronics/Computers,0,"Laptop Intel Ultra 7, 14 inch, 16GB RAM, 512GB SSD, Win 11 Pro",CV. MALILI TEKNO,mbizmarket.co.id,4374541.14,3141000.0,3,0.1,25961243.84,13123623.42,0.3927,4809003.16,-434462.02
PO-SYN-000414,2024,Direktorat Operasi,Komputer/Laptop,0,"Lenovo Yoga 7i 2in1, Intel Core Ultra 7, 16Gb RAM, 1Tb NVMe, Win 11 Pro",Global Komputer,E-Katalog,3141000.0,29594518.48,1,0.21,601611507.94,3141000.0,-0.8939,2224799.59,916200.41
PO-SYN-000415,2021,Direktorat Operasi,Belanja Modal Alat Kantor,0,HP240R G9 CORE 7 150U 16GB 512SSD WIN11HOME FHD FP,CV. JUMPA KARYA ABADI,Direct/Official Channel,8553726.57,32398836.69,1,0.02,92307538.89,8553726.57,-0.736,6919745.03,1633981.54
PO-SYN-000416,2024,Kantor Kecamatan Malili,Hardware / Laptop,0,"Laptop Intel Ultra 7, 14 inch, 16GB RAM, 512GB SSD, Win 11 Pro",CV. MALILI TEKNO,E-Katalog,18023257.15,6330598.19,1,0.18,0.0,18023257.15,1.847,16935984.37,1087272.78
PO-SYN-000417,2024,Kantor Kecamatan Malili,Komputer/Laptop,0,AXIOO Mybook Pro F3 (4H9) i3-6157u/4GB/14,Global Komputer,mbizmarket.co.id,13336827.86,13228568.43,5,0.06,233470285.59,66684139.3,0.0082,13501055.78,-164227.92
PO-SYN-000418,2022,Direktorat Sistem Pengadaan Digital,Hardware / Laptop,0,HP240R G9 CORE 7 150U 16GB 512SSD WIN11HOME FHD FP,CV. MALILI TEKNO,Direct Procurement,12411554.52,7634435.07,1,0.0,750000000.0,12411554.52,0.6257,15780450.18,-3368895.66
PO-SYN-000419,2025,Kantor Inspektorat Kabupaten Lombok Barat,Leptop,1,"Asus X441MA-GA031T/Celeron N4020/4GB/1TB/14""/Win 10 Home",Global Tech Solutions,Katalog Elektronik,3141000.0,3141000.0,4,0.09,227844442.02,12564000.0,0.0,2823938.78,317061.22
PO-SYN-000420,2025,Dinas Kependudukan dan Pencatatan Sipil,Electronics/Computers,0,AXIOO Mybook Pro F3 (4H9) i3-6157u/4GB/14,CV. MALILI TEKNO,mbizmarket.co.id,16050291.43,23452499.44,3,0.0,26237431.7,48150874.29,-0.3156,12901595.64,3148695.79
PO-SYN-000421,2023,Direktorat Sistem Pengadaan Digital,Pengadaan Laptop,1,"Lenovo Yoga 7i 2in1, Intel Core Ultra 7, 16Gb RAM, 1Tb NVMe, Win 11 Pro",Sinar Niaga Teknologi,E-Katalog,21364944.76,60000000.0,4,0.0,324395632.8,85459779.04,-0.6439,20970163.43,394781.33
PO-SYN-000422,2023,Direktorat Operasi,Leptop,0,HP240R G9 CORE 7 150U 16GB 512SSD WIN11HOME FHD FP,CV. MALILI TEKNO,Direct/Official Channel,25693568.62,28146368.19,9,0.0,208361195.34,231242117.58,-0.0871,21927341.52,3766227.1
PO-SYN-000423,2024,Dinas Kependudukan dan Pencatatan Sipil,Pengadaan Laptop,0,"Laptop Intel Ultra 7, 14 inch, 16GB RAM, 512GB SSD, Win 11 Pro",CV. MALILI TEKNO,mbizmarket.co.id,28087259.04,3141000.0,1,0.0,338380579.14,28087259.04,7.9421,24663946.84,3423312.2
PO-SYN-000424,2023,Dinas Kependudukan dan Pencatatan Sipil,Belanja Modal Alat Kantor,0,AXIOO Mybook Pro F3 (4H9) i3-6157u/4GB/14,Global Tech Solutions,Direct Procurement,3141000.0,18860016.25,1,0.0,29546937.91,3141000.0,-0.8335,3032386.22,108613.78
PO-SYN-000425,2024,Kantor Kecamatan Malili,Leptop,0,AXIOO Mybook Pro F3 (4H9) i3-6157u/4GB/14,Internal Procurement/Standard Vendor,Katalog Elektronik,61163198.27,25220543.5,1,0.0,350178108.66,61163198.27,1.4251,66330101.14,-5166902.87
PO-SYN-000426,2021,Dinas Kependudukan dan Pencatatan Sipil,Electronics/Computers,0,HP240R G9 CORE 7 150U 16GB 512SSD WIN11HOME FHD FP,CV. JUMPA KARYA ABADI,mbizmarket.co.id,3141000.0,3141000.0,8,0.07,0.0,25128000.0,0.0,2707562.07,433437.93
PO-SYN-000427,2023,Kantor Kecamatan Malili,Pengadaan Laptop,1,"Lenovo Yoga 7i 2in1, Intel Core Ultra 7, 16Gb RAM, 1Tb NVMe, Win 11 Pro",CV. MALILI TEKNO,E-Katalog,3141000.0,17992509.37,3,0.13,0.0,9423000.0,-0.8254,2848346.57,292653.43
PO-SYN-000428,2023,Direktorat Sistem Pengadaan Digital,Electronics/Computers,0,"Lenovo Yoga 7i 2in1, Intel Core Ultra 7, 16Gb RAM, 1Tb NVMe, Win 11 Pro",Global Komputer,E-Katalog,3141000.0,22232711.22,1,0.0,0.0,3141000.0,-0.8587,3108314.7,32685.3
PO-SYN-000429,2025,Direktorat Operasi,Hardware / Laptop,0,AXIOO Mybook Pro F3 (4H9) i3-6157u/4GB/14,Global Tech Solutions,Direct/Official Channel,33442086.89,13988071.38,3,0.0,8145745.94,100326260.67,1.3908,29851095.15,3590991.74
PO-SYN-000430,2022,Rumah Sakit Mutiara Sukma,Belanja Modal Alat Kantor,0,HP240R G9 CORE 7 150U 16GB 512SSD WIN11HOME FHD FP,CV. MALILI TEKNO,Direct Procurement,63000000.0,3141000.0,7,0.13,158393163.13,441000000.0,19.0573,64306102.44,-1306102.44
PO-SYN-000431,2021,Kantor Kecamatan Malili,Komputer/Laptop,1,PC Unit ExpertCenter EG3408WVAK-BPC515X and Laptop OmniBook 5 Flip 14-FP0558TU,Global Tech Solutions,Direct/Official Channel,24845300.89,24483569.56,2,0.16,369618423.27,49690601.78,0.0148,26403972.29,-1558671.4
PO-SYN-000432,2024,Kantor Kecamatan Malili,Pengadaan Laptop,0,AXIOO Mybook Pro F3 (4H9) i3-6157u/4GB/14,Internal Procurement/Standard Vendor,mbizmarket.co.id,3141000.0,14520433.72,1,0.02,406116332.75,3141000.0,-0.7837,2963512.87,177487.13
PO-SYN-000433,2023,Dinas Kependudukan dan Pencatatan Sipil,Leptop,0,PC Unit ExpertCenter EG3408WVAK-BPC515X and Laptop OmniBook 5 Flip 14-FP0558TU,CV. MALILI TEKNO,E-Katalog,17510898.69,18911984.34,5,0.0,0.0,87554493.45,-0.0741,13893440.38,3617458.31
PO-SYN-000434,2025,Direktorat Operasi,Laptop,0,AXIOO Mybook Pro F3 (4H9) i3-6157u/4GB/14,CV. MALILI TEKNO,E-Katalog,39480799.2,9659137.31,1,0.09,0.0,39480799.2,3.0874,27349576.17,12131223.03
PO-SYN-000435,2022,Kantor Inspektorat Kabupaten Lombok Barat,Komputer/Laptop,1,PC Unit ExpertCenter EG3408WVAK-BPC515X and Laptop OmniBook 5 Flip 14-FP0558TU,CV. MALILI TEKNO,Direct Procurement,7231747.81,14830955.74,1,0.0,317991476.14,7231747.81,-0.5124,8045485.9,-813738.09
PO-SYN-000436,2024,Direktorat Operasi,Electronics/Computers,0,HP240R G9 CORE 7 150U 16GB 512SSD WIN11HOME FHD FP,Global Komputer,E-Katalog,29784347.93,3141000.0,2,0.03,240766660.19,59568695.86,8.4824,22670540.65,7113807.28
PO-SYN-000437,2023,Direktorat Sistem Pengadaan Digital,Laptop,0,HP240R G9 CORE 7 150U 16GB 512SSD WIN11HOME FHD FP,Sinar Niaga Teknologi,Direct Procurement,5290389.14,19315342.58,4,0.18,268136331.56,21161556.56,-0.7261,6582114.39,-1291725.25
PO-SYN-000438,2025,Direktorat Sistem Pengadaan Digital,Pengadaan Laptop,1,AXIOO Mybook Pro F3 (4H9) i3-6157u/4GB/14,Global Tech Solutions,Direct Procurement,19749600.82,41667602.06,4,0.0,449077333.88,78998403.28,-0.526,24464013.01,-4714412.19
PO-SYN-000439,2023,Direktorat Operasi,Komputer/Laptop,0,HP240R G9 CORE 7 150U 16GB 512SSD WIN11HOME FHD FP,Internal Procurement/Standard Vendor,mbizmarket.co.id,10436483.13,9867934.85,3,0.08,136814738.27,31309449.39,0.0576,8347884.07,2088599.06
PO-SYN-000440,2024,Kantor Kecamatan Malili,Leptop,0,"Lenovo Yoga 7i 2in1, Intel Core Ultra 7, 16Gb RAM, 1Tb NVMe, Win 11 Pro",Global Komputer,mbizmarket.co.id,48316794.42,35965121.18,3,0.13,0.0,144950383.26,0.3434,47581540.74,735253.68
PO-SYN-000441,2023,Kantor Kecamatan Malili,Leptop,0,AXIOO Mybook Pro F3 (4H9) i3-6157u/4GB/14,CV. MALILI TEKNO,Direct/Official Channel,50249678.47,14266951.01,1,0.0,0.0,50249678.47,2.5221,52963604.7,-2713926.23
PO-SYN-000442,2022,Direktorat Sistem Pengadaan Digital,Komputer/Laptop,0,"Asus X441MA-GA031T/Celeron N4020/4GB/1TB/14""/Win 10 Home",CV. MALILI TEKNO,Direct Procurement,11718649.04,3141000.0,2,0.12,0.0,23437298.08,2.7309,15092055.28,-3373406.24
PO-SYN-000443,2025,Dinas Kependudukan dan Pencatatan Sipil,Belanja Modal Alat Kantor,0,AXIOO Mybook Pro F3 (4H9) i3-6157u/4GB/14,Global Komputer,Direct/Official Channel,27296765.55,35275899.49,1,0.12,0.0,27296765.55,-0.2262,27197095.25,99670.3
PO-SYN-000444,2022,Kantor Inspektorat Kabupaten Lombok Barat,Leptop,1,PC Unit ExpertCenter EG3408WVAK-BPC515X and Laptop OmniBook 5 Flip 14-FP0558TU,Sinar Niaga Teknologi,Direct Procurement,21305338.92,27244524.05,1,0.0,240361166.65,21305338.92,-0.218,21225751.45,79587.47
PO-SYN-000445,2022,Kantor Inspektorat Kabupaten Lombok Barat,Komputer/Laptop,0,HP240R G9 CORE 7 150U 16GB 512SSD WIN11HOME FHD FP,Sinar Niaga Teknologi,E-Katalog,26455625.27,3141000.0,5,0.0,228728896.64,132278126.35,7.4227,22847428.65,3608196.62
PO-SYN-000446,2025,Rumah Sakit Mutiara Sukma,Leptop,0,HP240R G9 CORE 7 150U 16GB 512SSD WIN11HOME FHD FP,CV. MALILI TEKNO,Direct/Official Channel,5951517.35,27728687.89,3,0.0,0.0,17854552.05,-0.7854,4899047.52,1052469.83
PO-SYN-000447,2021,Kantor Kecamatan Malili,Belanja Modal Alat Kantor,0,HP240R G9 CORE 7 150U 16GB 512SSD WIN11HOME FHD FP,Internal Procurement/Standard Vendor,Direct Procurement,24448372.31,3141000.0,3,0.0,261569462.06,73345116.93,6.7836,27154337.41,-2705965.1
PO-SYN-000448,2025,Kantor Kecamatan Malili,Komputer/Laptop,0,AXIOO Mybook Pro F3 (4H9) i3-6157u/4GB/14,Global Komputer,mbizmarket.co.id,12444442.97,30249912.45,4,0.06,207231196.81,49777771.88,-0.5886,11093425.49,1351017.48
PO-SYN-000449,2023,Dinas Kependudukan dan Pencatatan Sipil,Laptop,1,"Lenovo Yoga 7i 2in1, Intel Core Ultra 7, 16Gb RAM, 1Tb NVMe, Win 11 Pro",Internal Procurement/Standard Vendor,Direct Procurement,31645072.31,28240898.05,1,0.0,75557333.09,31645072.31,0.1205,30820740.0,824332.31
PO-SYN-000450,2022,Kantor Inspektorat Kabupaten Lombok Barat,Electronics/Computers,0,HP240R G9 CORE 7 150U 16GB 512SSD WIN11HOME FHD FP,CV. JUMPA KARYA ABADI,mbizmarket.co.id,24169262.29,42019386.58,6,0.0,246792888.41,145015573.74,-0.4248,23081325.32,1087936.97
PO-SYN-000451,2025,Kantor Inspektorat Kabupaten Lombok Barat,Komputer/Laptop,0,AXIOO Mybook Pro F3 (4H9) i3-6157u/4GB/14,CV. MALILI TEKNO,mbizmarket.co.id,25105196.21,36292165.87,9,0.14,150282157.63,225946765.89,-0.3082,23656069.47,1449126.74
PO-SYN-000452,2022,Kantor Kecamatan Malili,Hardware / Laptop,0,AXIOO Mybook Pro F3 (4H9) i3-6157u/4GB/14,Global Tech Solutions,mbizmarket.co.id,20828936.3,18337898.46,1,0.19,0.0,20828936.3,0.1358,21652758.55,-823822.25
PO-SYN-000453,2021,Direktorat Sistem Pengadaan Digital,Pengadaan Laptop,0,AXIOO Mybook Pro F3 (4H9) i3-6157u/4GB/14,Sinar Niaga Teknologi,E-Katalog,27103599.69,3141000.0,4,0.0,247683019.35,108414398.76,7.629,27125600.49,-22000.8
PO-SYN-000454,2025,Rumah Sakit Mutiara Sukma,Belanja Modal Alat Kantor,0,"Laptop Intel Ultra 7, 14 inch, 16GB RAM, 512GB SSD, Win 11 Pro",Global Tech Solutions,Direct/Official Channel,7797202.28,20014484.21,9,0.0,0.0,70174820.52,-0.6104,7643941.21,153261.07
PO-SYN-000455,2025,Direktorat Sistem Pengadaan Digital,Hardware / Laptop,1,HP240R G9 CORE 7 150U 16GB 512SSD WIN11HOME FHD FP,CV. MALILI TEKNO,E-Katalog,52959114.85,17997896.36,6,0.17,0.0,317754689.1,1.9425,49523982.41,3435132.44
PO-SYN-000456,2024,Rumah Sakit Mutiara Sukma,Electronics/Computers,1,AXIOO Mybook Pro F3 (4H9) i3-6157u/4GB/14,Global Tech Solutions,Direct Procurement,40025150.35,46287169.84,4,0.0,600199363.77,160100601.4,-0.1353,36555905.63,3469244.72
PO-SYN-000457,2021,Direktorat Sistem Pengadaan Digital,Pengadaan Laptop,0,PC Unit ExpertCenter EG3408WVAK-BPC515X and Laptop OmniBook 5 Flip 14-FP0558TU,CV. JUMPA KARYA ABADI,Direct/Official Channel,12343864.98,23695769.87,7,0.12,193146086.37,86407054.86,-0.4791,14706182.9,-2362317.92
PO-SYN-000458,2025,Kantor Inspektorat Kabupaten Lombok Barat,Pengadaan Laptop,0,PC Unit ExpertCenter EG3408WVAK-BPC515X and Laptop OmniBook 5 Flip 14-FP0558TU,Global Tech Solutions,Direct Procurement,19037034.99,27326772.77,1,0.0,148214351.05,19037034.99,-0.3034,18764166.82,272868.17
PO-SYN-000459,2023,Kantor Kecamatan Malili,Belanja Modal Alat Kantor,0,HP240R G9 CORE 7 150U 16GB 512SSD WIN11HOME FHD FP,CV. MALILI TEKNO,E-Katalog,25096619.63,14495353.69,8,0.19,0.0,200772957.04,0.7314,22490318.73,2606300.9
PO-SYN-000460,2022,Direktorat Sistem Pengadaan Digital,Belanja Modal Alat Kantor,0,"Asus X441MA-GA031T/Celeron N4020/4GB/1TB/14""/Win 10 Home",Sinar Niaga Teknologi,mbizmarket.co.id,16960738.63,10336251.35,3,0.0,0.0,50882215.89,0.6409,17923374.1,-962635.47
PO-SYN-000461,2021,Direktorat Sistem Pengadaan Digital,Belanja Modal Alat Kantor,0,"Asus X441MA-GA031T/Celeron N4020/4GB/1TB/14""/Win 10 Home",Global Komputer,Katalog Elektronik,29395603.8,4402581.19,5,0.0,151280671.37,146978019.0,5.6769,31893380.47,-2497776.67
PO-SYN-000462,2024,Direktorat Operasi,Komputer/Laptop,1,AXIOO Mybook Pro F3 (4H9) i3-6157u/4GB/14,CV. MALILI TEKNO,mbizmarket.co.id,17673711.75,25587024.38,1,0.01,32435729.59,17673711.75,-0.3093,13400469.57,4273242.18
PO-SYN-000463,2024,Dinas Kependudukan dan Pencatatan Sipil,Pengadaan Laptop,0,AXIOO Mybook Pro F3 (4H9) i3-6157u/4GB/14,CV. JUMPA KARYA ABADI,Direct Procurement,15143146.01,3141000.0,1,0.0,19407419.58,15143146.01,3.8211,14669237.36,473908.65
PO-SYN-000464,2021,Kantor Kecamatan Malili,Electronics/Computers,0,"Laptop Intel Ultra 7, 14 inch, 16GB RAM, 512GB SSD, Win 11 Pro",Internal Procurement/Standard Vendor,mbizmarket.co.id,17176095.32,26002628.06,5,0.0,0.0,85880476.6,-0.3394,15720642.67,1455452.65
PO-SYN-000465,2023,Rumah Sakit Mutiara Sukma,Hardware / Laptop,0,"Asus X441MA-GA031T/Celeron N4020/4GB/1TB/14""/Win 10 Home",Global Tech Solutions,Direct/Official Channel,9655917.67,12014410.4,1,0.0,0.0,9655917.67,-0.1963,8893158.8,762758.87
PO-SYN-000466,2022,Kantor Kecamatan Malili,Belanja Modal Alat Kantor,0,PC Unit ExpertCenter EG3408WVAK-BPC515X and Laptop OmniBook 5 Flip 14-FP0558TU,Sinar Niaga Teknologi,Direct Procurement,28785769.75,8556710.73,1,0.0,77594447.87,28785769.75,2.3641,31084965.52,-2299195.77
PO-SYN-000467,2025,Kantor Inspektorat Kabupaten Lombok Barat,Laptop,0,AXIOO Mybook Pro F3 (4H9) i3-6157u/4GB/14,Internal Procurement/Standard Vendor,Direct/Official Channel,28398629.81,3141000.0,1,0.06,133330425.68,28398629.81,8.0413,32784025.57,-4385395.76
PO-SYN-000468,2024,Dinas Kependudukan dan Pencatatan Sipil,Hardware / Laptop,0,"Lenovo Yoga 7i 2in1, Intel Core Ultra 7, 16Gb RAM, 1Tb NVMe, Win 11 Pro",CV. MALILI TEKNO,mbizmarket.co.id,24451023.35,3141000.0,2,0.0,64866403.96,48902046.7,6.7845,19673133.34,4777890.01
PO-SYN-000469,2021,Rumah Sakit Mutiara Sukma,Komputer/Laptop,0,"Asus X441MA-GA031T/Celeron N4020/4GB/1TB/14""/Win 10 Home",Global Tech Solutions,mbizmarket.co.id,34448559.9,8689343.58,2,0.0,535935988.72,68897119.8,2.9645,27229222.73,7219337.17
PO-SYN-000470,2021,Direktorat Operasi,Hardware / Laptop,0,PC Unit ExpertCenter EG3408WVAK-BPC515X and Laptop OmniBook 5 Flip 14-FP0558TU,Global Tech Solutions,E-Katalog,50660664.44,31634344.49,4,0.07,187691370.26,202642657.76,0.6014,33717327.24,16943337.2
PO-SYN-000471,2024,Direktorat Sistem Pengadaan Digital,Electronics/Computers,0,AXIOO Mybook Pro F3 (4H9) i3-6157u/4GB/14,Global Komputer,Direct/Official Channel,13338233.76,32156044.02,2,0.0,72166379.02,26676467.52,-0.5852,16854411.34,-3516177.58
PO-SYN-000472,2021,Kantor Inspektorat Kabupaten Lombok Barat,Pengadaan Laptop,1,"Laptop Intel Ultra 7, 14 inch, 16GB RAM, 512GB SSD, Win 11 Pro",Internal Procurement/Standard Vendor,mbizmarket.co.id,40308275.04,16892456.71,5,0.0,0.0,201541375.2,1.3862,34426995.99,5881279.05
PO-SYN-000473,2021,Direktorat Operasi,Laptop,0,"Lenovo Yoga 7i 2in1, Intel Core Ultra 7, 16Gb RAM, 1Tb NVMe, Win 11 Pro",CV. MALILI TEKNO,mbizmarket.co.id,45893930.17,13325603.39,2,0.0,578729580.84,91787860.34,2.444,39085435.15,6808495.02
PO-SYN-000474,2025,Dinas Kependudukan dan Pencatatan Sipil,Laptop,0,AXIOO Mybook Pro F3 (4H9) i3-6157u/4GB/14,CV. MALILI TEKNO,mbizmarket.co.id,57487657.03,15259675.71,3,0.0,468123725.25,172462971.09,2.7673,45446428.67,12041228.36
PO-SYN-000475,2023,Direktorat Operasi,Leptop,1,AXIOO Mybook Pro F3 (4H9) i3-6157u/4GB/14,Global Tech Solutions,Direct/Official Channel,22099644.58,3141000.0,1,0.0,0.0,22099644.58,6.0359,19243149.58,2856495.0
PO-SYN-000476,2024,Dinas Kependudukan dan Pencatatan Sipil,Leptop,0,"Laptop Intel Ultra 7, 14 inch, 16GB RAM, 512GB SSD, Win 11 Pro",Global Tech Solutions,mbizmarket.co.id,8576499.66,31957096.57,1,0.05,401073077.6,8576499.66,-0.7316,7015753.25,1560746.41
PO-SYN-000477,2022,Kantor Kecamatan Malili,Electronics/Computers,0,"Laptop Intel Ultra 7, 14 inch, 16GB RAM, 512GB SSD, Win 11 Pro",CV. JUMPA KARYA ABADI,E-Katalog,5577715.59,14056988.3,6,0.05,0.0,33466293.54,-0.6032,5158301.43,419414.16
PO-SYN-000478,2023,Kantor Kecamatan Malili,Electronics/Computers,0,AXIOO Mybook Pro F3 (4H9) i3-6157u/4GB/14,Global Tech Solutions,Katalog Elektronik,3141000.0,29400028.93,4,0.0,0.0,12564000.0,-0.8932,2947538.05,193461.95
PO-SYN-000479,2024,Kantor Inspektorat Kabupaten Lombok Barat,Hardware / Laptop,0,"Asus X441MA-GA031T/Celeron N4020/4GB/1TB/14""/Win 10 Home",Internal Procurement/Standard Vendor,mbizmarket.co.id,27721442.76,38614106.47,1,0.08,0.0,27721442.76,-0.2821,24098498.62,3622944.14
PO-SYN-000480,2025,Kantor Inspektorat Kabupaten Lombok Barat,Hardware / Laptop,0,"Lenovo Yoga 7i 2in1, Intel Core Ultra 7, 16Gb RAM, 1Tb NVMe, Win 11 Pro",Sinar Niaga Teknologi,mbizmarket.co.id,17718850.48,3141000.0,1,0.0,161385182.36,17718850.48,4.6411,15718343.73,2000506.75
PO-SYN-000481,2022,Kantor Kecamatan Malili,Pengadaan Laptop,0,"Laptop Intel Ultra 7, 14 inch, 16GB RAM, 512GB SSD, Win 11 Pro",CV. JUMPA KARYA ABADI,Direct Procurement,3141000.0,3141000.0,1,0.08,0.0,3141000.0,0.0,3453636.99,-312636.99
PO-SYN-000482,2025,Direktorat Sistem Pengadaan Digital,Hardware / Laptop,0,"Lenovo Yoga 7i 2in1, Intel Core Ultra 7, 16Gb RAM, 1Tb NVMe, Win 11 Pro",Sinar Niaga Teknologi,Direct/Official Channel,8965748.12,41295395.75,1,0.07,122306822.5,8965748.12,-0.7829,9327616.7,-361868.58
PO-SYN-000483,2023,Kantor Kecamatan Malili,Belanja Modal Alat Kantor,0,AXIOO Mybook Pro F3 (4H9) i3-6157u/4GB/14,Sinar Niaga Teknologi,E-Katalog,31846909.66,21559899.87,4,0.3,0.0,127387638.64,0.4771,31236273.45,610636.21
PO-SYN-000484,2025,Kantor Kecamatan Malili,Komputer/Laptop,1,PC Unit ExpertCenter EG3408WVAK-BPC515X and Laptop OmniBook 5 Flip 14-FP0558TU,Sinar Niaga Teknologi,Direct Procurement,13186851.81,22770209.02,2,0.0,0.0,26373703.62,-0.4209,15115974.11,-1929122.3
PO-SYN-000485,2025,Direktorat Sistem Pengadaan Digital,Belanja Modal Alat Kantor,0,PC Unit ExpertCenter EG3408WVAK-BPC515X and Laptop OmniBook 5 Flip 14-FP0558TU,Internal Procurement/Standard Vendor,mbizmarket.co.id,3141000.0,30564694.45,1,0.0,0.0,3141000.0,-0.8972,3421387.03,-280387.03
PO-SYN-000486,2025,Kantor Kecamatan Malili,Electronics/Computers,0,"Lenovo Yoga 7i 2in1, Intel Core Ultra 7, 16Gb RAM, 1Tb NVMe, Win 11 Pro",CV. JUMPA KARYA ABADI,Direct/Official Channel,8805119.61,23966928.35,1,0.11,263217398.98,8805119.61,-0.6326,10552552.64,-1747433.03
PO-SYN-000487,2023,Dinas Kependudukan dan Pencatatan Sipil,Belanja Modal Alat Kantor,1,"Lenovo Yoga 7i 2in1, Intel Core Ultra 7, 16Gb RAM, 1Tb NVMe, Win 11 Pro",CV. MALILI TEKNO,E-Katalog,15164538.16,29186264.04,3,0.16,0.0,45493614.48,-0.4804,12349523.68,2815014.48
PO-SYN-000488,2024,Direktorat Operasi,Electronics/Computers,0,AXIOO Mybook Pro F3 (4H9) i3-6157u/4GB/14,Internal Procurement/Standard Vendor,Direct Procurement,14826331.53,16855706.67,3,0.06,55641711.62,44478994.59,-0.1204,13784765.88,1041565.65
PO-SYN-000489,2022,Direktorat Sistem Pengadaan Digital,Leptop,0,HP240R G9 CORE 7 150U 16GB 512SSD WIN11HOME FHD FP,CV. JUMPA KARYA ABADI,Direct Procurement,46163127.48,34516542.89,5,0.0,0.0,230815637.4,0.3374,57893811.4,-11730683.92
PO-SYN-000490,2025,Kantor Kecamatan Malili,Leptop,0,HP240R G9 CORE 7 150U 16GB 512SSD WIN11HOME FHD FP,Sinar Niaga Teknologi,E-Katalog,33753113.13,42714351.32,1,0.0,0.0,33753113.13,-0.2098,29879608.17,3873504.96
PO-SYN-000491,2024,Kantor Inspektorat Kabupaten Lombok Barat,Belanja Modal Alat Kantor,0,AXIOO Mybook Pro F3 (4H9) i3-6157u/4GB/14,CV. JUMPA KARYA ABADI,mbizmarket.co.id,35883525.16,10086627.68,4,0.01,169635089.44,143534100.64,2.5575,30289203.47,5594321.69
PO-SYN-000492,2023,Direktorat Operasi,Leptop,0,"Asus X441MA-GA031T/Celeron N4020/4GB/1TB/14""/Win 10 Home",Global Komputer,E-Katalog,19774043.97,3141000.0,2,0.0,397975343.34,39548087.94,5.2955,15130560.74,4643483.23
PO-SYN-000493,2022,Kantor Kecamatan Malili,Hardware / Laptop,0,HP240R G9 CORE 7 150U 16GB 512SSD WIN11HOME FHD FP,Global Tech Solutions,E-Katalog,26516868.13,43527628.25,1,0.21,327085698.13,26516868.13,-0.3908,23660453.87,2856414.26
PO-SYN-000494,2025,Kantor Kecamatan Malili,Pengadaan Laptop,0,"Lenovo Yoga 7i 2in1, Intel Core Ultra 7, 16Gb RAM, 1Tb NVMe, Win 11 Pro",Internal Procurement/Standard Vendor,Katalog Elektronik,38341406.68,3141000.0,1,0.0,0.0,38341406.68,11.2068,35660080.27,2681326.41
PO-SYN-000495,2022,Kantor Inspektorat Kabupaten Lombok Barat,Laptop,0,"Lenovo Yoga 7i 2in1, Intel Core Ultra 7, 16Gb RAM, 1Tb NVMe, Win 11 Pro",CV. JUMPA KARYA ABADI,E-Katalog,39887426.5,13580321.5,4,0.0,0.0,159549706.0,1.9371,33853459.15,6033967.35
PO-SYN-000496,2023,Dinas Kependudukan dan Pencatatan Sipil,Komputer/Laptop,0,"Asus X441MA-GA031T/Celeron N4020/4GB/1TB/14""/Win 10 Home",CV. MALILI TEKNO,mbizmarket.co.id,3141000.0,16780902.05,1,0.24,321692954.14,3141000.0,-0.8128,2651013.37,489986.63
PO-SYN-000497,2024,Kantor Inspektorat Kabupaten Lombok Barat,Hardware / Laptop,0,AXIOO Mybook Pro F3 (4H9) i3-6157u/4GB/14,Sinar Niaga Teknologi,Direct/Official Channel,40605501.17,3695900.34,4,0.05,154091072.0,162422004.68,9.9866,43941284.93,-3335783.76
PO-SYN-000498,2022,Kantor Kecamatan Malili,Laptop,0,"Lenovo Yoga 7i 2in1, Intel Core Ultra 7, 16Gb RAM, 1Tb NVMe, Win 11 Pro",Global Tech Solutions,mbizmarket.co.id,31215599.0,22793676.74,1,0.0,53964019.2,31215599.0,0.3695,30281602.84,933996.16
PO-SYN-000499,2021,Direktorat Sistem Pengadaan Digital,Belanja Modal Alat Kantor,0,AXIOO Mybook Pro F3 (4H9) i3-6157u/4GB/14,Global Komputer,mbizmarket.co.id,3141000.0,58513734.86,7,0.09,104385171.31,21987000.0,-0.9463,3184890.46,-43890.46
PO-SYN-000500,2021,Kantor Kecamatan Malili,Belanja Modal Alat Kantor,0,"Lenovo Yoga 7i 2in1, Intel Core Ultra 7, 16Gb RAM, 1Tb NVMe, Win 11 Pro",CV. MALILI TEKNO,mbizmarket.co.id,3141000.0,19239374.14,3,0.0,172255075.42,9423000.0,-0.8367,3009315.51,131684.49
PO-SYN-000501,2022,Rumah Sakit Mutiara Sukma,Electronics/Computers,1,PC Unit ExpertCenter EG3408WVAK-BPC515X and Laptop OmniBook 5 Flip 14-FP0558TU,Internal Procurement/Standard Vendor,E-Katalog,3141000.0,3459179.76,1,0.23,229830078.73,3141000.0,-0.092,2202090.06,938909.94
PO-SYN-000502,2024,Dinas Kependudukan dan Pencatatan Sipil,Belanja Modal Alat Kantor,0,AXIOO Mybook Pro F3 (4H9) i3-6157u/4GB/14,CV. MALILI TEKNO,E-Katalog,26859174.9,3141000.0,6,0.0,61491171.67,161155049.4,7.5512,22485647.56,4373527.34
PO-SYN-000503,2024,Kantor Kecamatan Malili,Pengadaan Laptop,0,PC Unit ExpertCenter EG3408WVAK-BPC515X and Laptop OmniBook 5 Flip 14-FP0558TU,Global Tech Solutions,E-Katalog,3141000.0,3141000.0,1,0.14,0.0,3141000.0,0.0,2434567.97,706432.03
PO-SYN-000504,2024,Rumah Sakit Mutiara Sukma,Belanja Modal Alat Kantor,0,AXIOO Mybook Pro F3 (4H9) i3-6157u/4GB/14,Sinar Niaga Teknologi,E-Katalog,10293042.93,27219110.26,6,0.0,0.0,61758257.58,-0.6218,8178706.01,2114336.92
PO-SYN-000505,2023,Rumah Sakit Mutiara Sukma,Laptop,0,AXIOO Mybook Pro F3 (4H9) i3-6157u/4GB/14,CV. MALILI TEKNO,Direct Procurement,3141000.0,11398600.85,3,0.08,0.0,9423000.0,-0.7244,2952061.82,188938.18
PO-SYN-000506,2022,Rumah Sakit Mutiara Sukma,Belanja Modal Alat Kantor,0,"Lenovo Yoga 7i 2in1, Intel Core Ultra 7, 16Gb RAM, 1Tb NVMe, Win 11 Pro",Internal Procurement/Standard Vendor,Direct/Official Channel,3141000.0,6860258.82,4,0.0,101005744.65,12564000.0,-0.5421,2930930.06,210069.94
PO-SYN-000507,2025,Direktorat Sistem Pengadaan Digital,Leptop,0,HP240R G9 CORE 7 150U 16GB 512SSD WIN11HOME FHD FP,Sinar Niaga Teknologi,mbizmarket.co.id,12212858.59,20803877.53,1,0.01,243723845.0,12212858.59,-0.413,12614553.68,-401695.09
PO-SYN-000508,2024,Rumah Sakit Mutiara Sukma,Leptop,0,"Asus X441MA-GA031T/Celeron N4020/4GB/1TB/14""/Win 10 Home",Global Tech Solutions,Direct/Official Channel,7900161.11,21708300.37,5,0.0,385827285.27,39500805.55,-0.6361,7089454.46,810706.65
PO-SYN-000509,2022,Dinas Kependudukan dan Pencatatan Sipil,Electronics/Computers,0,AXIOO Mybook Pro F3 (4H9) i3-6157u/4GB/14,Global Komputer,mbizmarket.co.id,25788940.03,38080168.47,1,0.0,11026856.5,25788940.03,-0.3228,20802985.93,4985954.1
PO-SYN-000510,2021,Rumah Sakit Mutiara Sukma,Pengadaan Laptop,0,"Asus X441MA-GA031T/Celeron N4020/4GB/1TB/14""/Win 10 Home",Global Tech Solutions,Direct Procurement,48935096.87,3519969.42,1,0.05,0.0,48935096.87,12.9021,45004143.49,3930953.38
PO-SYN-000511,2021,Kantor Kecamatan Malili,Belanja Modal Alat Kantor,0,"Lenovo Yoga 7i 2in1, Intel Core Ultra 7, 16Gb RAM, 1Tb NVMe, Win 11 Pro",Global Komputer,Direct Procurement,23879252.63,12335122.6,2,0.0,0.0,47758505.26,0.9359,27361922.81,-3482670.18
PO-SYN-000512,2024,Kantor Kecamatan Malili,Komputer/Laptop,0,"Laptop Intel Ultra 7, 14 inch, 16GB RAM, 512GB SSD, Win 11 Pro",CV. MALILI TEKNO,E-Katalog,49288560.71,18245333.63,3,0.1,0.0,147865682.13,1.7014,48294135.23,994425.48
PO-SYN-000513,2025,Rumah Sakit Mutiara Sukma,Hardware / Laptop,1,AXIOO Mybook Pro F3 (4H9) i3-6157u/4GB/14,CV. MALILI TEKNO,E-Katalog,21844279.35,45392762.53,1,0.22,286427877.57,21844279.35,-0.5188,16864137.79,4980141.56
PO-SYN-000514,2024,Dinas Kependudukan dan Pencatatan Sipil,Belanja Modal Alat Kantor,0,AXIOO Mybook Pro F3 (4H9) i3-6157u/4GB/14,Sinar Niaga Teknologi,E-Katalog,22404540.95,13754059.47,6,0.04,0.0,134427245.7,0.6289,16607727.99,5796812.96
PO-SYN-000515,2025,Kantor Kecamatan Malili,Belanja Modal Alat Kantor,1,AXIOO Mybook Pro F3 (4H9) i3-6157u/4GB/14,Sinar Niaga Teknologi,E-Katalog,14982793.98,23151647.77,2,0.16,0.0,29965587.96,-0.3528,13625982.78,1356811.2
PO-SYN-000516,2022,Direktorat Sistem Pengadaan Digital,Hardware / Laptop,0,AXIOO Mybook Pro F3 (4H9) i3-6157u/4GB/14,CV. MALILI TEKNO,mbizmarket.co.id,3141000.0,30718365.24,2,0.07,0.0,6282000.0,-0.8977,3424978.8,-283978.8
PO-SYN-000517,2024,Rumah Sakit Mutiara Sukma,Leptop,1,"Laptop Intel Ultra 7, 14 inch, 16GB RAM, 512GB SSD, Win 11 Pro",Internal Procurement/Standard Vendor,E-Katalog,36681683.01,27754224.77,2,0.09,0.0,73363366.02,0.3217,28735672.8,7946010.21
PO-SYN-000518,2024,Kantor Kecamatan Malili,Laptop,0,"Asus X441MA-GA031T/Celeron N4020/4GB/1TB/14""/Win 10 Home",CV. MALILI TEKNO,mbizmarket.co.id,47424557.58,35949429.71,1,0.07,0.0,47424557.58,0.3192,47102330.65,322226.93
PO-SYN-000519,2022,Kantor Kecamatan Malili,Electronics/Computers,0,PC Unit ExpertCenter EG3408WVAK-BPC515X and Laptop OmniBook 5 Flip 14-FP0558TU,Global Tech Solutions,mbizmarket.co.id,26232853.14,3141000.0,1,0.0,7839432.66,26232853.14,7.3518,23797906.33,2434946.81
PO-SYN-000520,2023,Rumah Sakit Mutiara Sukma,Belanja Modal Alat Kantor,0,"Lenovo Yoga 7i 2in1, Intel Core Ultra 7, 16Gb RAM, 1Tb NVMe, Win 11 Pro",CV. MALILI TEKNO,E-Katalog,25143557.45,22166920.48,2,0.0,357252454.17,50287114.9,0.1343,20452359.97,4691197.48
PO-SYN-000521,2023,Direktorat Sistem Pengadaan Digital,Komputer/Laptop,0,"Laptop Intel Ultra 7, 14 inch, 16GB RAM, 512GB SSD, Win 11 Pro",CV. JUMPA KARYA ABADI,mbizmarket.co.id,9720284.77,7635609.79,4,0.0,49643301.25,38881139.08,0.273,10330223.67,-609938.9
PO-SYN-000522,2023,Rumah Sakit Mutiara Sukma,Electronics/Computers,0,AXIOO Mybook Pro F3 (4H9) i3-6157u/4GB/14,CV. JUMPA KARYA ABADI,Direct Procurement,3141000.0,40117003.93,3,0.0,62630891.54,9423000.0,-0.9217,2941450.94,199549.06
PO-SYN-000523,2022,Dinas Kependudukan dan Pencatatan Sipil,Laptop,0,"Asus X441MA-GA031T/Celeron N4020/4GB/1TB/14""/Win 10 Home",Internal Procurement/Standard Vendor,mbizmarket.co.id,3141000.0,43089017.28,3,0.08,332097683.45,9423000.0,-0.9271,2502425.56,638574.44
PO-SYN-000524,2025,Kantor Kecamatan Malili,Pengadaan Laptop,0,AXIOO Mybook Pro F3 (4H9) i3-6157u/4GB/14,Global Tech Solutions,Katalog Elektronik,26637083.11,13432479.75,5,0.0,60078025.52,133185415.55,0.983,25367672.38,1269410.73
PO-SYN-000525,2022,Kantor Kecamatan Malili,Belanja Modal Alat Kantor,0,HP240R G9 CORE 7 150U 16GB 512SSD WIN11HOME FHD FP,Internal Procurement/Standard Vendor,Direct Procurement,25908661.84,25844511.89,1,0.0,57082188.84,25908661.84,0.0025,27907621.33,-1998959.49
PO-SYN-000526,2022,Kantor Kecamatan Malili,Pengadaan Laptop,0,HP240R G9 CORE 7 150U 16GB 512SSD WIN11HOME FHD FP,Global Komputer,E-Katalog,33151004.0,11723564.24,1,0.0,0.0,33151004.0,1.8277,27492477.49,5658526.51
PO-SYN-000527,2021,Dinas Kependudukan dan Pencatatan Sipil,Pengadaan Laptop,0,AXIOO Mybook Pro F3 (4H9) i3-6157u/4GB/14,Sinar Niaga Teknologi,E-Katalog,3141000.0,19776582.62,7,0.06,0.0,21987000.0,-0.8412,2522284.59,618715.41
PO-SYN-000528,2022,Rumah Sakit Mutiara Sukma,Hardware / Laptop,0,"Asus X441MA-GA031T/Celeron N4020/4GB/1TB/14""/Win 10 Home",Global Tech Solutions,E-Katalog,10152844.3,6248613.62,1,0.0,0.0,10152844.3,0.6248,7687527.29,2465317.01
PO-SYN-000529,2025,Kantor Inspektorat Kabupaten Lombok Barat,Belanja Modal Alat Kantor,0,PC Unit ExpertCenter EG3408WVAK-BPC515X and Laptop OmniBook 5 Flip 14-FP0558TU,Sinar Niaga Teknologi,E-Katalog,16559909.26,10936801.57,1,0.09,0.0,16559909.26,0.5141,14405639.08,2154270.18
PO-SYN-000530,2021,Direktorat Sistem Pengadaan Digital,Laptop,0,HP240R G9 CORE 7 150U 16GB 512SSD WIN11HOME FHD FP,CV. MALILI TEKNO,Direct Procurement,3141000.0,5275504.54,1,0.0,338250022.21,3141000.0,-0.4046,3856521.69,-715521.69
PO-SYN-000531,2021,Dinas Kependudukan dan Pencatatan Sipil,Pengadaan Laptop,0,AXIOO Mybook Pro F3 (4H9) i3-6157u/4GB/14,Global Komputer,mbizmarket.co.id,35562728.83,26721100.48,1,0.0,0.0,35562728.83,0.3309,31843534.12,3719194.71
PO-SYN-000532,2025,Direktorat Operasi,Laptop,0,"Lenovo Yoga 7i 2in1, Intel Core Ultra 7, 16Gb RAM, 1Tb NVMe, Win 11 Pro",CV. MALILI TEKNO,Direct Procurement,3141000.0,32972756.19,5,0.22,0.0,15705000.0,-0.9047,2992229.03,148770.97
PO-SYN-000533,2022,Direktorat Operasi,Leptop,0,HP240R G9 CORE 7 150U 16GB 512SSD WIN11HOME FHD FP,CV. JUMPA KARYA ABADI,Direct/Official Channel,58598993.64,7543493.42,1,0.0,270260794.44,58598993.64,6.7682,47500840.41,11098153.23
PO-SYN-000534,2021,Direktorat Operasi,Pengadaan Laptop,0,"Asus X441MA-GA031T/Celeron N4020/4GB/1TB/14""/Win 10 Home",Sinar Niaga Teknologi,Direct Procurement,11686638.09,25293791.63,3,0.07,143286802.52,35059914.27,-0.538,11437633.46,249004.63
PO-SYN-000535,2021,Dinas Kependudukan dan Pencatatan Sipil,Leptop,1,AXIOO Mybook Pro F3 (4H9) i3-6157u/4GB/14,CV. MALILI TEKNO,Direct Procurement,3141000.0,6544833.02,1,0.12,318854257.38,3141000.0,-0.5201,3149377.12,-8377.12
PO-SYN-000536,2025,Direktorat Sistem Pengadaan Digital,Hardware / Laptop,0,PC Unit ExpertCenter EG3408WVAK-BPC515X and Laptop OmniBook 5 Flip 14-FP0558TU,Internal Procurement/Standard Vendor,Katalog Elektronik,39187632.83,3141000.0,8,0.19,276192357.69,313501062.64,11.4762,44480846.35,-5293213.52
PO-SYN-000537,2021,Kantor Inspektorat Kabupaten Lombok Barat,Leptop,0,"Laptop Intel Ultra 7, 14 inch, 16GB RAM, 512GB SSD, Win 11 Pro",CV. JUMPA KARYA ABADI,mbizmarket.co.id,3141000.0,9111535.04,1,0.1,0.0,3141000.0,-0.6553,2919248.68,221751.32
PO-SYN-000538,2023,Kantor Inspektorat Kabupaten Lombok Barat,Leptop,0,AXIOO Mybook Pro F3 (4H9) i3-6157u/4GB/14,CV. MALILI TEKNO,mbizmarket.co.id,42493849.65,29632952.92,3,0.0,0.0,127481548.95,0.434,40430157.55,2063692.1
PO-SYN-000539,2025,Direktorat Operasi,Leptop,0,"Laptop Intel Ultra 7, 14 inch, 16GB RAM, 512GB SSD, Win 11 Pro",CV. MALILI TEKNO,Direct/Official Channel,32043855.11,17279185.62,1,0.0,0.0,32043855.11,0.8545,31415481.25,628373.86
PO-SYN-000540,2024,Dinas Kependudukan dan Pencatatan Sipil,Hardware / Laptop,0,HP240R G9 CORE 7 150U 16GB 512SSD WIN11HOME FHD FP,Sinar Niaga Teknologi,mbizmarket.co.id,3141000.0,21123834.88,6,0.0,133557217.92,18846000.0,-0.8513,2760736.79,380263.21
PO-SYN-000541,2024,Direktorat Sistem Pengadaan Digital,Komputer/Laptop,1,HP240R G9 CORE 7 150U 16GB 512SSD WIN11HOME FHD FP,CV. JUMPA KARYA ABADI,Katalog Elektronik,18488798.77,60000000.0,1,0.14,40994615.26,18488798.77,-0.6919,20013157.25,-1524358.48
PO-SYN-000542,2024,Dinas Kependudukan dan Pencatatan Sipil,Belanja Modal Alat Kantor,0,"Lenovo Yoga 7i 2in1, Intel Core Ultra 7, 16Gb RAM, 1Tb NVMe, Win 11 Pro",Global Tech Solutions,E-Katalog,26068529.75,5599886.87,3,0.0,241919604.14,78205589.25,3.6552,20772111.49,5296418.26
PO-SYN-000543,2022,Kantor Kecamatan Malili,Komputer/Laptop,0,PC Unit ExpertCenter EG3408WVAK-BPC515X and Laptop OmniBook 5 Flip 14-FP0558TU,CV. MALILI TEKNO,Direct Procurement,29556998.64,35739239.77,4,0.04,0.0,118227994.56,-0.173,32144797.02,-2587798.38
PO-SYN-000544,2022,Kantor Inspektorat Kabupaten Lombok Barat,Komputer/Laptop,0,AXIOO Mybook Pro F3 (4H9) i3-6157u/4GB/14,CV. MALILI TEKNO,E-Katalog,39244920.86,42102986.89,2,0.03,0.0,78489841.72,-0.0679,34791481.68,4453439.18
PO-SYN-000545,2024,Kantor Kecamatan Malili,Pengadaan Laptop,1,AXIOO Mybook Pro F3 (4H9) i3-6157u/4GB/14,Sinar Niaga Teknologi,Direct/Official Channel,30029957.0,50597953.74,1,0.0,145657377.11,30029957.0,-0.4065,34009434.37,-3979477.37
PO-SYN-000546,2023,Kantor Kecamatan Malili,Hardware / Laptop,0,"Asus X441MA-GA031T/Celeron N4020/4GB/1TB/14""/Win 10 Home",CV. MALILI TEKNO,Direct Procurement,14455653.73,3247579.08,5,0.1,0.0,72278268.65,3.4512,17406619.95,-2950966.22
PO-SYN-000547,2021,Kantor Inspektorat Kabupaten Lombok Barat,Laptop,0,"Laptop Intel Ultra 7, 14 inch, 16GB RAM, 512GB SSD, Win 11 Pro",CV. JUMPA KARYA ABADI,E-Katalog,38952627.32,20195339.75,3,0.09,0.0,116857881.96,0.9288,32668594.07,6284033.25
PO-SYN-000548,2025,Kantor Kecamatan Malili,Electronics/Computers,0,"Laptop Intel Ultra 7, 14 inch, 16GB RAM, 512GB SSD, Win 11 Pro",Global Komputer,mbizmarket.co.id,3141000.0,32682647.64,1,0.19,263708.63,3141000.0,-0.9039,3000761.65,140238.35
PO-SYN-000549,2023,Kantor Kecamatan Malili,Komputer/Laptop,0,"Laptop Intel Ultra 7, 14 inch, 16GB RAM, 512GB SSD, Win 11 Pro",CV. MALILI TEKNO,E-Katalog,7171851.41,13089273.85,7,0.0,416350235.65,50202959.87,-0.4521,6585340.37,586511.04
PO-SYN-000550,2021,Kantor Kecamatan Malili,Hardware / Laptop,0,AXIOO Mybook Pro F3 (4H9) i3-6157u/4GB/14,Sinar Niaga Teknologi,Direct/Official Channel,3141000.0,3141000.0,8,0.0,0.0,25128000.0,0.0,3641801.12,-500801.12
PO-SYN-000551,2025,Rumah Sakit Mutiara Sukma,Laptop,0,AXIOO Mybook Pro F3 (4H9) i3-6157u/4GB/14,CV. MALILI TEKNO,Direct Procurement,24252215.51,3141000.0,3,0.0,370745231.44,72756646.53,6.7212,23961739.24,290476.27
PO-SYN-000552,2023,Kantor Kecamatan Malili,Pengadaan Laptop,0,PC Unit ExpertCenter EG3408WVAK-BPC515X and Laptop OmniBook 5 Flip 14-FP0558TU,Global Komputer,Katalog Elektronik,27671752.29,24020895.66,8,0.03,0.0,221374018.32,0.152,27782682.4,-110930.11
PO-SYN-000553,2022,Direktorat Sistem Pengadaan Digital,Electronics/Computers,0,"Laptop Intel Ultra 7, 14 inch, 16GB RAM, 512GB SSD, Win 11 Pro",Global Tech Solutions,mbizmarket.co.id,55141426.96,3141000.0,1,0.07,71777914.57,55141426.96,16.5554,53735978.15,1405448.81
PO-SYN-000554,2025,Direktorat Operasi,Pengadaan Laptop,0,"Asus X441MA-GA031T/Celeron N4020/4GB/1TB/14""/Win 10 Home",CV. JUMPA KARYA ABADI,mbizmarket.co.id,38098140.45,56971900.65,3,0.0,0.0,114294421.35,-0.3313,30393740.96,7704399.49
PO-SYN-000555,2025,Kantor Kecamatan Malili,Laptop,1,HP240R G9 CORE 7 150U 16GB 512SSD WIN11HOME FHD FP,Global Komputer,Direct Procurement,37780311.71,25930719.08,2,0.0,0.0,75560623.42,0.457,44383545.05,-6603233.34
PO-SYN-000556,2021,Dinas Kependudukan dan Pencatatan Sipil,Pengadaan Laptop,0,PC Unit ExpertCenter EG3408WVAK-BPC515X and Laptop OmniBook 5 Flip 14-FP0558TU,CV. MALILI TEKNO,mbizmarket.co.id,34419948.1,3141000.0,8,0.09,448099873.83,275359584.8,9.9583,26958513.95,7461434.15
PO-SYN-000557,2022,Dinas Kependudukan dan Pencatatan Sipil,Leptop,0,"Asus X441MA-GA031T/Celeron N4020/4GB/1TB/14""/Win 10 Home",CV. MALILI TEKNO,Direct/Official Channel,3141000.0,15429209.26,4,0.22,268543431.03,12564000.0,-0.7964,2959809.02,181190.98
PO-SYN-000558,2025,Kantor Inspektorat Kabupaten Lombok Barat,Leptop,0,PC Unit ExpertCenter EG3408WVAK-BPC515X and Laptop OmniBook 5 Flip 14-FP0558TU,CV. JUMPA KARYA ABADI,mbizmarket.co.id,3141000.0,38631269.81,1,0.2,12104959.42,3141000.0,-0.9187,3036410.6,104589.4
PO-SYN-000559,2024,Dinas Kependudukan dan Pencatatan Sipil,Belanja Modal Alat Kantor,0,PC Unit ExpertCenter EG3408WVAK-BPC515X and Laptop OmniBook 5 Flip 14-FP0558TU,CV. MALILI TEKNO,mbizmarket.co.id,30268842.61,15630676.53,1,0.0,196628701.23,30268842.61,0.9365,25510656.89,4758185.72
PO-SYN-000560,2021,Rumah Sakit Mutiara Sukma,Komputer/Laptop,0,AXIOO Mybook Pro F3 (4H9) i3-6157u/4GB/14,Global Komputer,mbizmarket.co.id,7771475.28,15148858.63,3,0.0,204357459.18,23314425.84,-0.487,5937270.74,1834204.54
PO-SYN-000561,2022,Kantor Kecamatan Malili,Hardware / Laptop,0,"Lenovo Yoga 7i 2in1, Intel Core Ultra 7, 16Gb RAM, 1Tb NVMe, Win 11 Pro",Global Tech Solutions,Direct/Official Channel,3141000.0,3141000.0,1,0.0,0.0,3141000.0,0.0,3782382.26,-641382.26
PO-SYN-000562,2023,Direktorat Sistem Pengadaan Digital,Pengadaan Laptop,0,"Lenovo Yoga 7i 2in1, Intel Core Ultra 7, 16Gb RAM, 1Tb NVMe, Win 11 Pro",CV. MALILI TEKNO,Direct Procurement,8972256.19,20926474.84,4,0.04,65683590.83,35889024.76,-0.5712,10097439.11,-1125182.92
PO-SYN-000563,2022,Direktorat Operasi,Electronics/Computers,0,"Asus X441MA-GA031T/Celeron N4020/4GB/1TB/14""/Win 10 Home",CV. JUMPA KARYA ABADI,E-Katalog,43914871.32,48342967.19,1,0.0,13289281.99,43914871.32,-0.0916,30785287.54,13129583.78
PO-SYN-000564,2025,Direktorat Operasi,Pengadaan Laptop,0,"Asus X441MA-GA031T/Celeron N4020/4GB/1TB/14""/Win 10 Home",CV. JUMPA KARYA ABADI,E-Katalog,27211450.32,5682063.24,9,0.15,140771302.25,244903052.88,3.789,21071569.93,6139880.39
PO-SYN-000565,2022,Direktorat Operasi,Leptop,0,AXIOO Mybook Pro F3 (4H9) i3-6157u/4GB/14,CV. MALILI TEKNO,mbizmarket.co.id,37816072.28,8446932.89,1,0.04,308818363.72,37816072.28,3.4769,29991621.81,7824450.47
PO-SYN-000566,2021,Direktorat Sistem Pengadaan Digital,Belanja Modal Alat Kantor,0,AXIOO Mybook Pro F3 (4H9) i3-6157u/4GB/14,Global Tech Solutions,Direct/Official Channel,3141000.0,4427673.54,2,0.02,596440302.24,6282000.0,-0.2906,3403935.32,-262935.32
PO-SYN-000567,2023,Dinas Kependudukan dan Pencatatan Sipil,Hardware / Laptop,0,PC Unit ExpertCenter EG3408WVAK-BPC515X and Laptop OmniBook 5 Flip 14-FP0558TU,Sinar Niaga Teknologi,mbizmarket.co.id,27204798.53,42991005.88,10,0.0,212969069.92,272047985.3,-0.3672,23490830.35,3713968.18
PO-SYN-000568,2024,Direktorat Sistem Pengadaan Digital,Electronics/Computers,0,"Laptop Intel Ultra 7, 14 inch, 16GB RAM, 512GB SSD, Win 11 Pro",CV. JUMPA KARYA ABADI,E-Katalog,21723248.66,16272579.82,4,0.0,262327210.5,86892994.64,0.335,20950730.69,772517.97
PO-SYN-000569,2024,Direktorat Sistem Pengadaan Digital,Belanja Modal Alat Kantor,0,HP240R G9 CORE 7 150U 16GB 512SSD WIN11HOME FHD FP,CV. MALILI TEKNO,Direct Procurement,14335326.65,52375495.18,1,0.0,601362425.71,14335326.65,-0.7263,16444702.8,-2109376.15
PO-SYN-000570,2025,Direktorat Operasi,Komputer/Laptop,0,AXIOO Mybook Pro F3 (4H9) i3-6157u/4GB/14,CV. MALILI TEKNO,Katalog Elektronik,8543860.6,15461916.4,5,0.05,0.0,42719303.0,-0.4474,6661270.63,1882589.97
PO-SYN-000571,2025,Direktorat Sistem Pengadaan Digital,Belanja Modal Alat Kantor,0,"Lenovo Yoga 7i 2in1, Intel Core Ultra 7, 16Gb RAM, 1Tb NVMe, Win 11 Pro",Sinar Niaga Teknologi,E-Katalog,7532084.86,16636420.23,4,0.07,0.0,30128339.44,-0.5473,7602701.29,-70616.43
PO-SYN-000572,2022,Dinas Kependudukan dan Pencatatan Sipil,Belanja Modal Alat Kantor,1,HP240R G9 CORE 7 150U 16GB 512SSD WIN11HOME FHD FP,CV. MALILI TEKNO,Direct/Official Channel,22732336.97,41231361.87,4,0.14,206526378.45,90929347.88,-0.4487,23143707.43,-411370.46
PO-SYN-000573,2025,Kantor Inspektorat Kabupaten Lombok Barat,Pengadaan Laptop,0,"Lenovo Yoga 7i 2in1, Intel Core Ultra 7, 16Gb RAM, 1Tb NVMe, Win 11 Pro",Global Tech Solutions,Direct Procurement,27499310.14,16288226.91,10,0.12,234281034.78,274993101.4,0.6883,26924978.05,574332.09
PO-SYN-000574,2024,Direktorat Operasi,Pengadaan Laptop,0,"Laptop Intel Ultra 7, 14 inch, 16GB RAM, 512GB SSD, Win 11 Pro",CV. MALILI TEKNO,mbizmarket.co.id,3141000.0,22860841.68,3,0.0,122235767.79,9423000.0,-0.8626,2670405.94,470594.06
PO-SYN-000575,2022,Direktorat Sistem Pengadaan Digital,Hardware / Laptop,0,HP240R G9 CORE 7 150U 16GB 512SSD WIN11HOME FHD FP,Internal Procurement/Standard Vendor,Direct/Official Channel,30559992.02,3141000.0,2,0.0,0.0,61119984.04,8.7294,34848242.58,-4288250.56
PO-SYN-000576,2023,Kantor Kecamatan Malili,Pengadaan Laptop,0,PC Unit ExpertCenter EG3408WVAK-BPC515X and Laptop OmniBook 5 Flip 14-FP0558TU,CV. MALILI TEKNO,Katalog Elektronik,9824855.94,3141000.0,2,0.0,0.0,19649711.88,2.1279,10637723.33,-812867.39
PO-SYN-000577,2021,Kantor Inspektorat Kabupaten Lombok Barat,Hardware / Laptop,1,AXIOO Mybook Pro F3 (4H9) i3-6157u/4GB/14,CV. JUMPA KARYA ABADI,E-Katalog,37513263.84,11604211.1,2,0.0,524769702.17,75026527.68,2.2327,34394361.59,3118902.25
PO-SYN-000578,2025,Kantor Kecamatan Malili,Pengadaan Laptop,0,AXIOO Mybook Pro F3 (4H9) i3-6157u/4GB/14,CV. JUMPA KARYA ABADI,Direct Procurement,21037620.72,35157279.66,3,0.0,0.0,63112862.16,-0.4016,23880868.57,-2843247.85
PO-SYN-000579,2024,Kantor Inspektorat Kabupaten Lombok Barat,Hardware / Laptop,0,"Laptop Intel Ultra 7, 14 inch, 16GB RAM, 512GB SSD, Win 11 Pro",Global Komputer,mbizmarket.co.id,10233140.45,14256731.41,2,0.02,99264402.24,20466280.9,-0.2822,8677672.31,1555468.14
PO-SYN-000580,2022,Dinas Kependudukan dan Pencatatan Sipil,Belanja Modal Alat Kantor,0,"Lenovo Yoga 7i 2in1, Intel Core Ultra 7, 16Gb RAM, 1Tb NVMe, Win 11 Pro",Global Tech Solutions,Katalog Elektronik,5593672.71,3141000.0,6,0.0,384407508.46,33562036.26,0.7809,5106911.74,486760.97
PO-SYN-000581,2022,Kantor Kecamatan Malili,Pengadaan Laptop,0,AXIOO Mybook Pro F3 (4H9) i3-6157u/4GB/14,CV. MALILI TEKNO,mbizmarket.co.id,12926425.86,3141000.0,1,0.02,0.0,12926425.86,3.1154,12159853.85,766572.01
PO-SYN-000582,2024,Direktorat Sistem Pengadaan Digital,Laptop,0,"Laptop Intel Ultra 7, 14 inch, 16GB RAM, 512GB SSD, Win 11 Pro",Global Komputer,Katalog Elektronik,45316029.19,29123544.04,1,0.0,1067040.79,45316029.19,0.556,46725294.08,-1409264.89
PO-SYN-000583,2025,Kantor Kecamatan Malili,Leptop,0,AXIOO Mybook Pro F3 (4H9) i3-6157u/4GB/14,CV. MALILI TEKNO,E-Katalog,27038817.21,8928664.21,4,0.23,296873638.55,108155268.84,2.0283,24356248.63,2682568.58
PO-SYN-000584,2024,Direktorat Sistem Pengadaan Digital,Hardware / Laptop,0,PC Unit ExpertCenter EG3408WVAK-BPC515X and Laptop OmniBook 5 Flip 14-FP0558TU,CV. MALILI TEKNO,mbizmarket.co.id,15030436.55,11934458.01,6,0.0,97442785.46,90182619.3,0.2594,15443337.6,-412901.05
PO-SYN-000585,2022,Dinas Kependudukan dan Pencatatan Sipil,Komputer/Laptop,0,"Asus X441MA-GA031T/Celeron N4020/4GB/1TB/14""/Win 10 Home",Sinar Niaga Teknologi,Katalog Elektronik,9398174.9,3141000.0,3,0.02,215250308.47,28194524.7,1.9921,7810049.77,1588125.13
PO-SYN-000586,2021,Kantor Inspektorat Kabupaten Lombok Barat,Komputer/Laptop,0,AXIOO Mybook Pro F3 (4H9) i3-6157u/4GB/14,CV. MALILI TEKNO,Direct/Official Channel,39847446.83,3183428.09,8,0.0,198299527.86,318779574.64,11.5171,41505522.1,-1658075.27
PO-SYN-000587,2022,Kantor Kecamatan Malili,Electronics/Computers,0,AXIOO Mybook Pro F3 (4H9) i3-6157u/4GB/14,Sinar Niaga Teknologi,mbizmarket.co.id,4205360.76,25076416.9,7,0.0,215898700.44,29437525.32,-0.8323,3554369.92,650990.84
PO-SYN-000588,2025,Kantor Kecamatan Malili,Pengadaan Laptop,1,"Laptop Intel Ultra 7, 14 inch, 16GB RAM, 512GB SSD, Win 11 Pro",Internal Procurement/Standard Vendor,mbizmarket.co.id,3141000.0,45347492.55,1,0.0,34486717.84,3141000.0,-0.9307,3346442.92,-205442.92
PO-SYN-000589,2022,Kantor Kecamatan Malili,Hardware / Laptop,0,PC Unit ExpertCenter EG3408WVAK-BPC515X and Laptop OmniBook 5 Flip 14-FP0558TU,Global Tech Solutions,Katalog Elektronik,3141000.0,3141000.0,7,0.22,58955163.24,21987000.0,0.0,2893197.45,247802.55
PO-SYN-000590,2025,Dinas Kependudukan dan Pencatatan Sipil,Laptop,0,"Lenovo Yoga 7i 2in1, Intel Core Ultra 7, 16Gb RAM, 1Tb NVMe, Win 11 Pro",Sinar Niaga Teknologi,mbizmarket.co.id,55314591.88,44763239.23,5,0.0,73040220.34,276572959.4,0.2357,46067762.63,9246829.25
PO-SYN-000591,2023,Dinas Kependudukan dan Pencatatan Sipil,Laptop,0,AXIOO Mybook Pro F3 (4H9) i3-6157u/4GB/14,Global Tech Solutions,mbizmarket.co.id,24116080.31,42349752.37,5,0.0,442119577.26,120580401.55,-0.4305,20563983.06,3552097.25
PO-SYN-000592,2021,Direktorat Operasi,Komputer/Laptop,0,"Asus X441MA-GA031T/Celeron N4020/4GB/1TB/14""/Win 10 Home",Global Komputer,Katalog Elektronik,30412630.48,42611213.19,1,0.02,0.0,30412630.48,-0.2863,22449935.96,7962694.52
PO-SYN-000593,2022,Kantor Kecamatan Malili,Komputer/Laptop,1,"Lenovo Yoga 7i 2in1, Intel Core Ultra 7, 16Gb RAM, 1Tb NVMe, Win 11 Pro",Internal Procurement/Standard Vendor,mbizmarket.co.id,24396402.79,60000000.0,1,0.03,251575672.85,24396402.79,-0.5934,23701430.75,694972.04
PO-SYN-000594,2023,Kantor Kecamatan Malili,Hardware / Laptop,0,AXIOO Mybook Pro F3 (4H9) i3-6157u/4GB/14,CV. MALILI TEKNO,Direct Procurement,16268173.03,3141000.0,3,0.0,0.0,48804519.09,4.1793,19441598.85,-3173425.82
PO-SYN-000595,2024,Direktorat Operasi,Laptop,0,HP240R G9 CORE 7 150U 16GB 512SSD WIN11HOME FHD FP,CV. MALILI TEKNO,Direct Procurement,35208561.55,18804943.65,3,0.14,143817511.42,105625684.65,0.8723,33851362.02,1357199.53
PO-SYN-000596,2024,Kantor Inspektorat Kabupaten Lombok Barat,Belanja Modal Alat Kantor,0,AXIOO Mybook Pro F3 (4H9) i3-6157u/4GB/14,CV. MALILI TEKNO,E-Katalog,13009475.89,40010689.62,3,0.05,0.0,39028427.67,-0.6748,11050673.35,1958802.54
PO-SYN-000597,2024,Direktorat Sistem Pengadaan Digital,Electronics/Computers,0,AXIOO Mybook Pro F3 (4H9) i3-6157u/4GB/14,Sinar Niaga Teknologi,Direct Procurement,3561981.86,7196194.4,1,0.0,635853594.71,3561981.86,-0.505,4547292.03,-985310.17
PO-SYN-000598,2024,Dinas Kependudukan dan Pencatatan Sipil,Laptop,0,AXIOO Mybook Pro F3 (4H9) i3-6157u/4GB/14,CV. MALILI TEKNO,mbizmarket.co.id,52212827.45,3141000.0,3,0.0,0.0,156638482.35,15.623,41823640.78,10389186.67
PO-SYN-000599,2021,Kantor Kecamatan Malili,Pengadaan Laptop,0,AXIOO Mybook Pro F3 (4H9) i3-6157u/4GB/14,CV. MALILI TEKNO,Katalog Elektronik,40179101.87,11268893.57,6,0.09,682163697.69,241074611.22,2.5655,36535042.18,3644059.69
PO-SYN-000600,2021,Kantor Kecamatan Malili,Laptop,0,"Lenovo Yoga 7i 2in1, Intel Core Ultra 7, 16Gb RAM, 1Tb NVMe, Win 11 Pro",CV. JUMPA KARYA ABADI,mbizmarket.co.id,40526427.39,37225323.75,1,0.13,172764746.74,40526427.39,0.0887,38686084.77,1840342.62
PO-SYN-000601,2022,Kantor Inspektorat Kabupaten Lombok Barat,Leptop,0,AXIOO Mybook Pro F3 (4H9) i3-6157u/4GB/14,Sinar Niaga Teknologi,Katalog Elektronik,3703735.63,5836232.46,9,0.03,288233630.06,33333620.67,-0.3654,3239487.0,464248.63
PO-SYN-000602,2025,Direktorat Sistem Pengadaan Digital,Hardware / Laptop,0,AXIOO Mybook Pro F3 (4H9) i3-6157u/4GB/14,CV. JUMPA KARYA ABADI,mbizmarket.co.id,4482951.35,36140808.81,1,0.0,94544238.56,4482951.35,-0.876,4619925.64,-136974.29
PO-SYN-000603,2023,Kantor Kecamatan Malili,Komputer/Laptop,0,PC Unit ExpertCenter EG3408WVAK-BPC515X and Laptop OmniBook 5 Flip 14-FP0558TU,Global Komputer,mbizmarket.co.id,15102152.54,24595638.22,5,0.11,0.0,75510762.7,-0.386,14375024.68,727127.86
PO-SYN-000604,2024,Rumah Sakit Mutiara Sukma,Belanja Modal Alat Kantor,0,"Lenovo Yoga 7i 2in1, Intel Core Ultra 7, 16Gb RAM, 1Tb NVMe, Win 11 Pro",CV. JUMPA KARYA ABADI,Direct Procurement,39386830.38,32988732.11,1,0.07,0.0,39386830.38,0.1939,37040709.27,2346121.11
PO-SYN-000605,2021,Kantor Inspektorat Kabupaten Lombok Barat,Hardware / Laptop,0,"Lenovo Yoga 7i 2in1, Intel Core Ultra 7, 16Gb RAM, 1Tb NVMe, Win 11 Pro",CV. MALILI TEKNO,Katalog Elektronik,51813334.75,3141000.0,1,0.11,0.0,51813334.75,15.4958,45691837.28,6121497.47
PO-SYN-000606,2022,Kantor Kecamatan Malili,Leptop,0,AXIOO Mybook Pro F3 (4H9) i3-6157u/4GB/14,Sinar Niaga Teknologi,Katalog Elektronik,28810722.86,7263444.48,2,0.11,194875739.64,57621445.72,2.9665,28667848.72,142874.14
PO-SYN-000607,2021,Dinas Kependudukan dan Pencatatan Sipil,Electronics/Computers,0,"Lenovo Yoga 7i 2in1, Intel Core Ultra 7, 16Gb RAM, 1Tb NVMe, Win 11 Pro",Global Komputer,Direct Procurement,12273433.84,24162232.0,2,0.08,0.0,24546867.68,-0.492,11924792.75,348641.09
PO-SYN-000608,2023,Kantor Kecamatan Malili,Electronics/Computers,0,"Lenovo Yoga 7i 2in1, Intel Core Ultra 7, 16Gb RAM, 1Tb NVMe, Win 11 Pro",CV. JUMPA KARYA ABADI,mbizmarket.co.id,3141000.0,17346688.6,1,0.0,152703603.79,3141000.0,-0.8189,3065119.95,75880.05
PO-SYN-000609,2021,Kantor Kecamatan Malili,Belanja Modal Alat Kantor,0,"Lenovo Yoga 7i 2in1, Intel Core Ultra 7, 16Gb RAM, 1Tb NVMe, Win 11 Pro",CV. JUMPA KARYA ABADI,E-Katalog,32106159.27,10681747.61,4,0.09,200889572.29,128424637.08,2.0057,27793748.43,4312410.84
PO-SYN-000610,2022,Direktorat Sistem Pengadaan Digital,Hardware / Laptop,0,AXIOO Mybook Pro F3 (4H9) i3-6157u/4GB/14,CV. JUMPA KARYA ABADI,E-Katalog,20908049.17,24062610.39,2,0.0,127286257.34,41816098.34,-0.1311,22254849.11,-1346799.94
PO-SYN-000611,2021,Kantor Kecamatan Malili,Leptop,0,PC Unit ExpertCenter EG3408WVAK-BPC515X and Laptop OmniBook 5 Flip 14-FP0558TU,CV. MALILI TEKNO,Direct Procurement,11903699.1,5685346.0,4,0.06,394542397.54,47614796.4,1.0938,12579664.5,-675965.4
PO-SYN-000612,2022,Kantor Inspektorat Kabupaten Lombok Barat,Belanja Modal Alat Kantor,1,"Asus X441MA-GA031T/Celeron N4020/4GB/1TB/14""/Win 10 Home",Global Komputer,mbizmarket.co.id,31195945.61,27869947.51,2,0.06,352268576.23,62391891.22,0.1193,29153922.42,2042023.19
PO-SYN-000613,2021,Rumah Sakit Mutiara Sukma,Leptop,0,HP240R G9 CORE 7 150U 16GB 512SSD WIN11HOME FHD FP,Internal Procurement/Standard Vendor,Direct Procurement,3141000.0,31735406.47,2,0.04,104685537.62,6282000.0,-0.901,2924848.75,216151.25
PO-SYN-000614,2022,Kantor Kecamatan Malili,Electronics/Computers,1,PC Unit ExpertCenter EG3408WVAK-BPC515X and Laptop OmniBook 5 Flip 14-FP0558TU,Global Tech Solutions,E-Katalog,39332822.87,16527105.44,1,0.0,131999692.9,39332822.87,1.3799,37698775.72,1634047.15
PO-SYN-000615,2021,Direktorat Sistem Pengadaan Digital,Electronics/Computers,1,"Asus X441MA-GA031T/Celeron N4020/4GB/1TB/14""/Win 10 Home",Sinar Niaga Teknologi,mbizmarket.co.id,28928332.89,3624907.87,10,0.06,415942547.41,289283328.9,6.9804,29422234.58,-493901.69
PO-SYN-000616,2022,Kantor Kecamatan Malili,Electronics/Computers,1,"Asus X441MA-GA031T/Celeron N4020/4GB/1TB/14""/Win 10 Home",Global Tech Solutions,mbizmarket.co.id,27695669.11,32060315.06,6,0.14,311552653.9,166174014.66,-0.1361,26320838.52,1374830.59
PO-SYN-000617,2024,Kantor Kecamatan Malili,Hardware / Laptop,0,PC Unit ExpertCenter EG3408WVAK-BPC515X and Laptop OmniBook 5 Flip 14-FP0558TU,Internal Procurement/Standard Vendor,mbizmarket.co.id,8161509.06,23532050.87,5,0.01,361515324.99,40807545.3,-0.6532,8452887.61,-291378.55
PO-SYN-000618,2021,Direktorat Sistem Pengadaan Digital,Electronics/Computers,0,HP240R G9 CORE 7 150U 16GB 512SSD WIN11HOME FHD FP,CV. JUMPA KARYA ABADI,Katalog Elektronik,3141000.0,3853981.9,2,0.06,0.0,6282000.0,-0.185,3494949.36,-353949.36
PO-SYN-000619,2022,Direktorat Operasi,Leptop,0,PC Unit ExpertCenter EG3408WVAK-BPC515X and Laptop OmniBook 5 Flip 14-FP0558TU,Internal Procurement/Standard Vendor,E-Katalog,25763785.4,18599436.4,1,0.0,158489695.72,25763785.4,0.3852,16952717.02,8811068.38
PO-SYN-000620,2025,Direktorat Sistem Pengadaan Digital,Electronics/Computers,0,HP240R G9 CORE 7 150U 16GB 512SSD WIN11HOME FHD FP,CV. MALILI TEKNO,mbizmarket.co.id,36167528.31,15274673.52,10,0.27,38755755.95,361675283.1,1.3678,36869125.3,-701596.99
PO-SYN-000621,2021,Kantor Kecamatan Malili,Komputer/Laptop,0,HP240R G9 CORE 7 150U 16GB 512SSD WIN11HOME FHD FP,Internal Procurement/Standard Vendor,E-Katalog,35866043.37,46592695.51,1,0.0,0.0,35866043.37,-0.2302,33329193.57,2536849.8
PO-SYN-000622,2025,Direktorat Sistem Pengadaan Digital,Hardware / Laptop,0,"Asus X441MA-GA031T/Celeron N4020/4GB/1TB/14""/Win 10 Home",Sinar Niaga Teknologi,mbizmarket.co.id,27050738.16,35935311.23,1,0.0,307880618.99,27050738.16,-0.2472,26574881.85,475856.31
PO-SYN-000623,2021,Kantor Kecamatan Malili,Komputer/Laptop,1,"Asus X441MA-GA031T/Celeron N4020/4GB/1TB/14""/Win 10 Home",CV. JUMPA KARYA ABADI,E-Katalog,3141000.0,20376505.68,5,0.02,0.0,15705000.0,-0.8459,2813596.17,327403.83
PO-SYN-000624,2022,Kantor Inspektorat Kabupaten Lombok Barat,Electronics/Computers,0,PC Unit ExpertCenter EG3408WVAK-BPC515X and Laptop OmniBook 5 Flip 14-FP0558TU,Global Tech Solutions,E-Katalog,11717329.26,3141000.0,1,0.08,169019281.29,11717329.26,2.7304,9894749.67,1822579.59
PO-SYN-000625,2023,Dinas Kependudukan dan Pencatatan Sipil,Hardware / Laptop,0,AXIOO Mybook Pro F3 (4H9) i3-6157u/4GB/14,CV. MALILI TEKNO,E-Katalog,3141000.0,14881806.14,1,0.05,455676301.01,3141000.0,-0.7889,2284304.35,856695.65
PO-SYN-000626,2024,Dinas Kependudukan dan Pencatatan Sipil,Laptop,0,"Lenovo Yoga 7i 2in1, Intel Core Ultra 7, 16Gb RAM, 1Tb NVMe, Win 11 Pro",CV. MALILI TEKNO,Direct Procurement,7910830.45,23473148.79,6,0.0,0.0,47464982.7,-0.663,6993283.59,917546.86
PO-SYN-000627,2021,Rumah Sakit Mutiara Sukma,Laptop,0,PC Unit ExpertCenter EG3408WVAK-BPC515X and Laptop OmniBook 5 Flip 14-FP0558TU,Sinar Niaga Teknologi,Direct/Official Channel,20096259.38,52294965.01,3,0.03,169123820.23,60288778.14,-0.6157,18332214.34,1764045.04
PO-SYN-000628,2021,Rumah Sakit Mutiara Sukma,Komputer/Laptop,0,"Laptop Intel Ultra 7, 14 inch, 16GB RAM, 512GB SSD, Win 11 Pro",Sinar Niaga Teknologi,mbizmarket.co.id,3896780.41,31787931.58,3,0.03,0.0,11690341.23,-0.8774,3334445.02,562335.39
PO-SYN-000629,2025,Kantor Kecamatan Malili,Pengadaan Laptop,0,AXIOO Mybook Pro F3 (4H9) i3-6157u/4GB/14,CV. JUMPA KARYA ABADI,E-Katalog,30017334.75,8632463.42,6,0.0,0.0,180104008.5,2.4773,26074866.69,3942468.06
PO-SYN-000630,2025,Direktorat Sistem Pengadaan Digital,Laptop,1,HP240R G9 CORE 7 150U 16GB 512SSD WIN11HOME FHD FP,Global Komputer,Katalog Elektronik,3141000.0,25869719.95,1,0.0,0.0,3141000.0,-0.8786,3259531.53,-118531.53
PO-SYN-000631,2021,Direktorat Sistem Pengadaan Digital,Hardware / Laptop,0,"Lenovo Yoga 7i 2in1, Intel Core Ultra 7, 16Gb RAM, 1Tb NVMe, Win 11 Pro",Global Tech Solutions,Katalog Elektronik,15610749.29,12438839.11,1,0.0,205963138.61,15610749.29,0.255,15821997.01,-211247.72
PO-SYN-000632,2024,Direktorat Sistem Pengadaan Digital,Electronics/Computers,0,AXIOO Mybook Pro F3 (4H9) i3-6157u/4GB/14,CV. MALILI TEKNO,mbizmarket.co.id,23859898.16,3141000.0,3,0.17,237497023.4,71579694.48,6.5963,23948524.08,-88625.92
PO-SYN-000633,2021,Dinas Kependudukan dan Pencatatan Sipil,Electronics/Computers,0,AXIOO Mybook Pro F3 (4H9) i3-6157u/4GB/14,CV. MALILI TEKNO,Direct/Official Channel,22814180.39,13886367.0,2,0.0,43186663.99,45628360.78,0.6429,21992971.62,821208.77
PO-SYN-000634,2021,Direktorat Operasi,Belanja Modal Alat Kantor,0,PC Unit ExpertCenter EG3408WVAK-BPC515X and Laptop OmniBook 5 Flip 14-FP0558TU,CV. JUMPA KARYA ABADI,E-Katalog,3141000.0,3141000.0,1,0.0,0.0,3141000.0,0.0,2331927.58,809072.42
PO-SYN-000635,2025,Rumah Sakit Mutiara Sukma,Leptop,0,AXIOO Mybook Pro F3 (4H9) i3-6157u/4GB/14,CV. MALILI TEKNO,mbizmarket.co.id,3141000.0,26577609.99,3,0.0,255312394.35,9423000.0,-0.8818,2625567.5,515432.5
PO-SYN-000636,2022,Rumah Sakit Mutiara Sukma,Belanja Modal Alat Kantor,0,"Lenovo Yoga 7i 2in1, Intel Core Ultra 7, 16Gb RAM, 1Tb NVMe, Win 11 Pro",CV. MALILI TEKNO,E-Katalog,3141000.0,25005708.89,1,0.04,0.0,3141000.0,-0.8744,2148098.25,992901.75
PO-SYN-000637,2022,Kantor Inspektorat Kabupaten Lombok Barat,Leptop,0,"Laptop Intel Ultra 7, 14 inch, 16GB RAM, 512GB SSD, Win 11 Pro",CV. MALILI TEKNO,mbizmarket.co.id,11501069.99,15853894.7,1,0.0,0.0,11501069.99,-0.2746,10437706.86,1063363.13
PO-SYN-000638,2023,Direktorat Operasi,Leptop,1,AXIOO Mybook Pro F3 (4H9) i3-6157u/4GB/14,CV. MALILI TEKNO,mbizmarket.co.id,17474314.98,21006412.22,1,0.15,0.0,17474314.98,-0.1681,14098559.19,3375755.79
PO-SYN-000639,2023,Kantor Kecamatan Malili,Belanja Modal Alat Kantor,0,PC Unit ExpertCenter EG3408WVAK-BPC515X and Laptop OmniBook 5 Flip 14-FP0558TU,Sinar Niaga Teknologi,mbizmarket.co.id,39159305.27,26027304.12,2,0.0,353985177.01,78318610.54,0.5045,35120888.87,4038416.4
PO-SYN-000640,2024,Dinas Kependudukan dan Pencatatan Sipil,Laptop,0,HP240R G9 CORE 7 150U 16GB 512SSD WIN11HOME FHD FP,CV. MALILI TEKNO,E-Katalog,3141000.0,11246547.64,6,0.07,0.0,18846000.0,-0.7207,2427807.98,713192.02
PO-SYN-000641,2021,Kantor Inspektorat Kabupaten Lombok Barat,Pengadaan Laptop,0,HP240R G9 CORE 7 150U 16GB 512SSD WIN11HOME FHD FP,Global Komputer,Direct Procurement,7408903.91,5993055.21,6,0.0,502259758.26,44453423.46,0.2362,8069531.25,-660627.34
PO-SYN-000642,2025,Direktorat Operasi,Leptop,1,HP240R G9 CORE 7 150U 16GB 512SSD WIN11HOME FHD FP,CV. MALILI TEKNO,E-Katalog,37550242.93,10146457.44,2,0.0,0.0,75100485.86,2.7008,28340032.37,9210210.56
PO-SYN-000643,2025,Kantor Kecamatan Malili,Electronics/Computers,0,"Lenovo Yoga 7i 2in1, Intel Core Ultra 7, 16Gb RAM, 1Tb NVMe, Win 11 Pro",CV. MALILI TEKNO,E-Katalog,41177441.95,3141000.0,1,0.01,0.0,41177441.95,12.1097,38280920.08,2896521.87
PO-SYN-000644,2021,Rumah Sakit Mutiara Sukma,Komputer/Laptop,0,PC Unit ExpertCenter EG3408WVAK-BPC515X and Laptop OmniBook 5 Flip 14-FP0558TU,Internal Procurement/Standard Vendor,E-Katalog,5470395.05,14648145.2,1,0.0,83910285.95,5470395.05,-0.6265,4065291.72,1405103.33
PO-SYN-000645,2024,Dinas Kependudukan dan Pencatatan Sipil,Pengadaan Laptop,1,"Lenovo Yoga 7i 2in1, Intel Core Ultra 7, 16Gb RAM, 1Tb NVMe, Win 11 Pro",CV. MALILI TEKNO,E-Katalog,11694789.87,5678876.14,3,0.2,121952143.2,35084369.61,1.0593,9639153.59,2055636.28
PO-SYN-000646,2025,Kantor Kecamatan Malili,Electronics/Computers,0,AXIOO Mybook Pro F3 (4H9) i3-6157u/4GB/14,CV. JUMPA KARYA ABADI,Direct/Official Channel,3141000.0,20590152.58,1,0.0,0.0,3141000.0,-0.8475,3651205.67,-510205.67
PO-SYN-000647,2023,Direktorat Operasi,Pengadaan Laptop,0,HP240R G9 CORE 7 150U 16GB 512SSD WIN11HOME FHD FP,Sinar Niaga Teknologi,mbizmarket.co.id,35060611.17,22024425.97,1,0.01,163846688.86,35060611.17,0.5919,27856650.54,7203960.63
PO-SYN-000648,2021,Direktorat Sistem Pengadaan Digital,Leptop,0,"Laptop Intel Ultra 7, 14 inch, 16GB RAM, 512GB SSD, Win 11 Pro",CV. MALILI TEKNO,E-Katalog,3141000.0,3141000.0,2,0.08,0.0,6282000.0,0.0,2985906.48,155093.52
PO-SYN-000649,2022,Direktorat Operasi,Komputer/Laptop,0,PC Unit ExpertCenter EG3408WVAK-BPC515X and Laptop OmniBook 5 Flip 14-FP0558TU,CV. JUMPA KARYA ABADI,E-Katalog,20796428.49,32230985.75,5,0.09,0.0,103982142.45,-0.3548,13856178.14,6940250.35
PO-SYN-000650,2024,Kantor Kecamatan Malili,Leptop,0,AXIOO Mybook Pro F3 (4H9) i3-6157u/4GB/14,Sinar Niaga Teknologi,Katalog Elektronik,11320143.15,34788817.86,7,0.1,196893856.31,79241002.05,-0.6746,11326710.29,-6567.14
PO-SYN-000651,2021,Direktorat Sistem Pengadaan Digital,Pengadaan Laptop,0,HP240R G9 CORE 7 150U 16GB 512SSD WIN11HOME FHD FP,Internal Procurement/Standard Vendor,Katalog Elektronik,8437741.64,15747365.69,8,0.0,503812668.77,67501933.12,-0.4642,8652404.72,-214663.08
PO-SYN-000652,2025,Kantor Kecamatan Malili,Leptop,0,"Laptop Intel Ultra 7, 14 inch, 16GB RAM, 512GB SSD, Win 11 Pro",Internal Procurement/Standard Vendor,Direct Procurement,41696577.71,3141000.0,4,0.0,0.0,166786310.84,12.2749,47535515.11,-5838937.4
PO-SYN-000653,2023,Direktorat Sistem Pengadaan Digital,Pengadaan Laptop,0,AXIOO Mybook Pro F3 (4H9) i3-6157u/4GB/14,Internal Procurement/Standard Vendor,mbizmarket.co.id,36111571.88,3719027.85,1,0.02,63096620.98,36111571.88,8.7099,38023487.97,-1911916.09
PO-SYN-000654,2025,Kantor Kecamatan Malili,Komputer/Laptop,1,"Lenovo Yoga 7i 2in1, Intel Core Ultra 7, 16Gb RAM, 1Tb NVMe, Win 11 Pro",Global Komputer,Direct Procurement,35053164.9,16936015.42,8,0.05,0.0,280425319.2,1.0697,36344615.5,-1291450.6
PO-SYN-000655,2021,Direktorat Operasi,Laptop,0,AXIOO Mybook Pro F3 (4H9) i3-6157u/4GB/14,CV. MALILI TEKNO,mbizmarket.co.id,13625011.64,12275786.27,5,0.08,0.0,68125058.2,0.1099,10823697.49,2801314.15
PO-SYN-000656,2021,Dinas Kependudukan dan Pencatatan Sipil,Belanja Modal Alat Kantor,0,AXIOO Mybook Pro F3 (4H9) i3-6157u/4GB/14,CV. JUMPA KARYA ABADI,mbizmarket.co.id,30138035.98,43645830.64,5,0.11,101291001.98,150690179.9,-0.3095,25794068.0,4343967.98
PO-SYN-000657,2023,Rumah Sakit Mutiara Sukma,Hardware / Laptop,0,"Lenovo Yoga 7i 2in1, Intel Core Ultra 7, 16Gb RAM, 1Tb NVMe, Win 11 Pro",CV. JUMPA KARYA ABADI,Direct Procurement,40354466.46,3141000.0,1,0.0,183899881.97,40354466.46,11.8476,40190779.57,163686.89
PO-SYN-000658,2021,Direktorat Operasi,Electronics/Computers,0,PC Unit ExpertCenter EG3408WVAK-BPC515X and Laptop OmniBook 5 Flip 14-FP0558TU,Global Komputer,Direct/Official Channel,7715567.32,3141000.0,1,0.12,224930714.23,7715567.32,1.4564,7052224.45,663342.87
PO-SYN-000659,2025,Kantor Inspektorat Kabupaten Lombok Barat,Electronics/Computers,0,"Asus X441MA-GA031T/Celeron N4020/4GB/1TB/14""/Win 10 Home",CV. MALILI TEKNO,E-Katalog,13318614.71,3141000.0,4,0.0,651213369.28,53274458.84,3.2402,11471391.79,1847222.92
PO-SYN-000660,2025,Rumah Sakit Mutiara Sukma,Laptop,1,AXIOO Mybook Pro F3 (4H9) i3-6157u/4GB/14,CV. MALILI TEKNO,Direct Procurement,8004150.13,7648761.89,2,0.0,374890956.4,16008300.26,0.0465,7579747.35,424402.78
PO-SYN-000661,2021,Direktorat Sistem Pengadaan Digital,Laptop,0,"Asus X441MA-GA031T/Celeron N4020/4GB/1TB/14""/Win 10 Home",CV. MALILI TEKNO,Direct/Official Channel,5335323.33,49743602.05,3,0.11,0.0,16005969.99,-0.8927,6325259.44,-989936.11
PO-SYN-000662,2022,Dinas Kependudukan dan Pencatatan Sipil,Leptop,0,HP240R G9 CORE 7 150U 16GB 512SSD WIN11HOME FHD FP,CV. MALILI TEKNO,Direct Procurement,23767127.15,3141000.0,9,0.16,0.0,213904144.35,6.5667,22020325.48,1746801.67
PO-SYN-000663,2023,Dinas Kependudukan dan Pencatatan Sipil,Pengadaan Laptop,0,"Lenovo Yoga 7i 2in1, Intel Core Ultra 7, 16Gb RAM, 1Tb NVMe, Win 11 Pro",Global Komputer,Direct/Official Channel,24411456.56,19394459.18,4,0.05,216803888.23,97645826.24,0.2587,24970899.26,-559442.7
PO-SYN-000664,2022,Kantor Kecamatan Malili,Komputer/Laptop,0,PC Unit ExpertCenter EG3408WVAK-BPC515X and Laptop OmniBook 5 Flip 14-FP0558TU,Internal Procurement/Standard Vendor,E-Katalog,28309813.39,3141000.0,7,0.2,750000000.0,198168693.73,8.013,24126638.42,4183174.97
PO-SYN-000665,2022,Kantor Inspektorat Kabupaten Lombok Barat,Pengadaan Laptop,0,"Asus X441MA-GA031T/Celeron N4020/4GB/1TB/14""/Win 10 Home",Global Komputer,E-Katalog,22561109.72,3141000.0,4,0.0,583728879.41,90244438.88,6.1828,18161326.28,4399783.44
PO-SYN-000666,2023,Kantor Kecamatan Malili,Hardware / Laptop,0,HP240R G9 CORE 7 150U 16GB 512SSD WIN11HOME FHD FP,CV. JUMPA KARYA ABADI,Katalog Elektronik,3141000.0,10006396.91,1,0.11,0.0,3141000.0,-0.6861,3088665.06,52334.94
PO-SYN-000667,2021,Rumah Sakit Mutiara Sukma,Hardware / Laptop,0,AXIOO Mybook Pro F3 (4H9) i3-6157u/4GB/14,Sinar Niaga Teknologi,mbizmarket.co.id,3141000.0,12546496.47,8,0.07,0.0,25128000.0,-0.7497,2519337.39,621662.61
PO-SYN-000668,2025,Rumah Sakit Mutiara Sukma,Hardware / Laptop,0,AXIOO Mybook Pro F3 (4H9) i3-6157u/4GB/14,Sinar Niaga Teknologi,Direct/Official Channel,18586328.57,25888025.68,1,0.09,0.0,18586328.57,-0.282,16429957.86,2156370.71
PO-SYN-000669,2021,Kantor Kecamatan Malili,Hardware / Laptop,0,"Asus X441MA-GA031T/Celeron N4020/4GB/1TB/14""/Win 10 Home",Global Tech Solutions,E-Katalog,9636987.76,28591847.94,2,0.0,0.0,19273975.52,-0.6629,8788251.88,848735.88
PO-SYN-000670,2023,Dinas Kependudukan dan Pencatatan Sipil,Komputer/Laptop,1,PC Unit ExpertCenter EG3408WVAK-BPC515X and Laptop OmniBook 5 Flip 14-FP0558TU,CV. JUMPA KARYA ABADI,mbizmarket.co.id,16870239.98,8191576.41,1,0.1,0.0,16870239.98,1.0595,14101255.33,2768984.65
PO-SYN-000671,2024,Direktorat Sistem Pengadaan Digital,Electronics/Computers,0,"Lenovo Yoga 7i 2in1, Intel Core Ultra 7, 16Gb RAM, 1Tb NVMe, Win 11 Pro",Global Komputer,Direct Procurement,56624282.66,3141000.0,1,0.11,0.0,56624282.66,17.0275,66697525.75,-10073243.09
PO-SYN-000672,2021,Kantor Kecamatan Malili,Komputer/Laptop,1,PC Unit ExpertCenter EG3408WVAK-BPC515X and Laptop OmniBook 5 Flip 14-FP0558TU,Global Komputer,E-Katalog,4459911.51,13564408.81,8,0.11,308970442.74,35679292.08,-0.6712,3741953.03,717958.48
PO-SYN-000673,2022,Direktorat Operasi,Hardware / Laptop,0,"Asus X441MA-GA031T/Celeron N4020/4GB/1TB/14""/Win 10 Home",Sinar Niaga Teknologi,mbizmarket.co.id,3141000.0,3141000.0,1,0.13,219575629.6,3141000.0,0.0,2446500.59,694499.41
PO-SYN-000674,2021,Direktorat Sistem Pengadaan Digital,Laptop,0,AXIOO Mybook Pro F3 (4H9) i3-6157u/4GB/14,Global Komputer,E-Katalog,17873670.89,6344769.28,3,0.11,0.0,53621012.67,1.8171,17386627.56,487043.33
PO-SYN-000675,2021,Direktorat Operasi,Electronics/Computers,0,AXIOO Mybook Pro F3 (4H9) i3-6157u/4GB/14,Internal Procurement/Standard Vendor,E-Katalog,34749845.08,10951383.33,5,0.3,58719151.24,173749225.4,2.1731,26098088.79,8651756.29
PO-SYN-000676,2023,Rumah Sakit Mutiara Sukma,Belanja Modal Alat Kantor,0,PC Unit ExpertCenter EG3408WVAK-BPC515X and Laptop OmniBook 5 Flip 14-FP0558TU,Internal Procurement/Standard Vendor,E-Katalog,5221747.08,20985382.38,4,0.05,0.0,20886988.32,-0.7512,3963275.91,1258471.17
PO-SYN-000677,2024,Kantor Kecamatan Malili,Electronics/Computers,0,"Asus X441MA-GA031T/Celeron N4020/4GB/1TB/14""/Win 10 Home",Global Komputer,Direct Procurement,44114054.64,25484301.32,6,0.0,279889102.06,264684327.84,0.731,50442590.0,-6328535.36
PO-SYN-000678,2024,Direktorat Operasi,Leptop,1,"Lenovo Yoga 7i 2in1, Intel Core Ultra 7, 16Gb RAM, 1Tb NVMe, Win 11 Pro",Sinar Niaga Teknologi,Katalog Elektronik,3141000.0,23295036.29,1,0.0,134752809.51,3141000.0,-0.8652,2553232.49,587767.51
PO-SYN-000679,2024,Direktorat Operasi,Belanja Modal Alat Kantor,0,"Laptop Intel Ultra 7, 14 inch, 16GB RAM, 512GB SSD, Win 11 Pro",Global Tech Solutions,Direct/Official Channel,3141000.0,35669706.88,4,0.0,0.0,12564000.0,-0.9119,2790412.23,350587.77
PO-SYN-000680,2023,Kantor Inspektorat Kabupaten Lombok Barat,Pengadaan Laptop,0,"Asus X441MA-GA031T/Celeron N4020/4GB/1TB/14""/Win 10 Home",Global Komputer,E-Katalog,10385227.33,19839375.68,1,0.0,0.0,10385227.33,-0.4765,8563876.53,1821350.8
PO-SYN-000681,2023,Kantor Inspektorat Kabupaten Lombok Barat,Hardware / Laptop,0,"Lenovo Yoga 7i 2in1, Intel Core Ultra 7, 16Gb RAM, 1Tb NVMe, Win 11 Pro",CV. MALILI TEKNO,mbizmarket.co.id,29468632.33,6188052.98,8,0.0,425205419.81,235749058.64,3.7622,26092737.18,3375895.15
PO-SYN-000682,2025,Direktorat Operasi,Electronics/Computers,0,"Laptop Intel Ultra 7, 14 inch, 16GB RAM, 512GB SSD, Win 11 Pro",CV. MALILI TEKNO,E-Katalog,33462127.48,19278425.89,6,0.0,0.0,200772764.88,0.7357,26396808.0,7065319.48
PO-SYN-000683,2024,Kantor Kecamatan Malili,Electronics/Computers,0,"Asus X441MA-GA031T/Celeron N4020/4GB/1TB/14""/Win 10 Home",Global Tech Solutions,mbizmarket.co.id,16261940.49,21663578.97,6,0.0,239911361.26,97571642.94,-0.2493,15238934.8,1023005.69
PO-SYN-000684,2024,Dinas Kependudukan dan Pencatatan Sipil,Laptop,0,HP240R G9 CORE 7 150U 16GB 512SSD WIN11HOME FHD FP,CV. JUMPA KARYA ABADI,Katalog Elektronik,15931593.46,19151854.65,1,0.0,435537226.83,15931593.46,-0.1681,14205061.13,1726532.33
PO-SYN-000685,2022,Rumah Sakit Mutiara Sukma,Leptop,0,"Lenovo Yoga 7i 2in1, Intel Core Ultra 7, 16Gb RAM, 1Tb NVMe, Win 11 Pro",Global Komputer,mbizmarket.co.id,17160621.89,22026423.79,1,0.17,33861495.31,17160621.89,-0.2209,13945527.75,3215094.14
PO-SYN-000686,2023,Rumah Sakit Mutiara Sukma,Komputer/Laptop,0,"Laptop Intel Ultra 7, 14 inch, 16GB RAM, 512GB SSD, Win 11 Pro",Sinar Niaga Teknologi,mbizmarket.co.id,38525416.79,4855936.04,7,0.0,507660899.47,269677917.53,6.9337,30372109.14,8153307.65
PO-SYN-000687,2025,Direktorat Operasi,Hardware / Laptop,0,"Lenovo Yoga 7i 2in1, Intel Core Ultra 7, 16Gb RAM, 1Tb NVMe, Win 11 Pro",CV. MALILI TEKNO,Direct/Official Channel,13977844.02,3141000.0,1,0.0,0.0,13977844.02,3.4501,12422433.64,1555410.38
PO-SYN-000688,2023,Direktorat Sistem Pengadaan Digital,Komputer/Laptop,0,AXIOO Mybook Pro F3 (4H9) i3-6157u/4GB/14,Global Komputer,mbizmarket.co.id,35198058.2,21428775.01,3,0.0,0.0,105594174.6,0.6426,39316879.87,-4118821.67
PO-SYN-000689,2022,Direktorat Sistem Pengadaan Digital,Komputer/Laptop,0,"Asus X441MA-GA031T/Celeron N4020/4GB/1TB/14""/Win 10 Home",Sinar Niaga Teknologi,mbizmarket.co.id,5272231.43,45802489.8,2,0.03,362859882.14,10544462.86,-0.8849,5746849.73,-474618.3
PO-SYN-000690,2022,Direktorat Operasi,Hardware / Laptop,0,HP240R G9 CORE 7 150U 16GB 512SSD WIN11HOME FHD FP,CV. MALILI TEKNO,mbizmarket.co.id,16309102.34,11403273.69,2,0.06,316499518.92,32618204.68,0.4302,12848020.52,3461081.82
PO-SYN-000691,2023,Direktorat Sistem Pengadaan Digital,Belanja Modal Alat Kantor,0,AXIOO Mybook Pro F3 (4H9) i3-6157u/4GB/14,Sinar Niaga Teknologi,E-Katalog,29207470.0,45502176.9,4,0.06,0.0,116829880.0,-0.3581,24310203.57,4897266.43
PO-SYN-000692,2025,Direktorat Operasi,Laptop,1,AXIOO Mybook Pro F3 (4H9) i3-6157u/4GB/14,CV. MALILI TEKNO,Direct Procurement,25132898.64,16340235.24,1,0.05,70095305.58,25132898.64,0.5381,24422749.47,710149.17
PO-SYN-000693,2025,Dinas Kependudukan dan Pencatatan Sipil,Hardware / Laptop,0,PC Unit ExpertCenter EG3408WVAK-BPC515X and Laptop OmniBook 5 Flip 14-FP0558TU,Global Komputer,E-Katalog,19789977.71,5368246.71,6,0.01,222058596.26,118739866.26,2.6865,15166668.39,4623309.32
PO-SYN-000694,2022,Direktorat Sistem Pengadaan Digital,Hardware / Laptop,0,"Laptop Intel Ultra 7, 14 inch, 16GB RAM, 512GB SSD, Win 11 Pro",CV. JUMPA KARYA ABADI,E-Katalog,6781329.53,19351899.22,2,0.08,16179878.14,13562659.06,-0.6496,5902429.84,878899.69
PO-SYN-000695,2023,Direktorat Sistem Pengadaan Digital,Hardware / Laptop,0,"Lenovo Yoga 7i 2in1, Intel Core Ultra 7, 16Gb RAM, 1Tb NVMe, Win 11 Pro",Sinar Niaga Teknologi,mbizmarket.co.id,10618021.05,31292223.65,1,0.0,341114587.37,10618021.05,-0.6607,10494472.88,123548.17
PO-SYN-000696,2022,Kantor Kecamatan Malili,Komputer/Laptop,0,HP240R G9 CORE 7 150U 16GB 512SSD WIN11HOME FHD FP,Global Komputer,E-Katalog,3141000.0,15232991.76,1,0.0,40327483.44,3141000.0,-0.7938,2905895.59,235104.41
PO-SYN-000697,2022,Direktorat Sistem Pengadaan Digital,Electronics/Computers,1,AXIOO Mybook Pro F3 (4H9) i3-6157u/4GB/14,Global Komputer,mbizmarket.co.id,18103669.85,23100869.47,8,0.0,157800842.3,144829358.8,-0.2163,18081116.14,22553.71
PO-SYN-000698,2025,Kantor Kecamatan Malili,Leptop,0,HP240R G9 CORE 7 150U 16GB 512SSD WIN11HOME FHD FP,CV. MALILI TEKNO,mbizmarket.co.id,3307358.42,8094264.54,1,0.07,693927687.95,3307358.42,-0.5914,3079156.48,228201.94
PO-SYN-000699,2024,Direktorat Sistem Pengadaan Digital,Belanja Modal Alat Kantor,0,HP240R G9 CORE 7 150U 16GB 512SSD WIN11HOME FHD FP,Sinar Niaga Teknologi,Direct/Official Channel,10903467.98,16873628.75,4,0.06,418196351.92,43613871.92,-0.3538,11155754.75,-252286.77
PO-SYN-000700,2022,Kantor Kecamatan Malili,Pengadaan Laptop,0,AXIOO Mybook Pro F3 (4H9) i3-6157u/4GB/14,CV. JUMPA KARYA ABADI,mbizmarket.co.id,3141000.0,9592243.18,6,0.0,0.0,18846000.0,-0.6725,3119474.8,21525.2
PO-SYN-000701,2023,Direktorat Operasi,Electronics/Computers,0,AXIOO Mybook Pro F3 (4H9) i3-6157u/4GB/14,Global Tech Solutions,mbizmarket.co.id,22574812.56,3141000.0,1,0.0,114352711.39,22574812.56,6.1871,17223472.2,5351340.36
PO-SYN-000702,2023,Direktorat Operasi,Electronics/Computers,0,AXIOO Mybook Pro F3 (4H9) i3-6157u/4GB/14,Internal Procurement/Standard Vendor,Direct Procurement,27001073.59,3141000.0,1,0.0,19365754.66,27001073.59,7.5963,24169381.6,2831691.99
PO-SYN-000703,2023,Kantor Kecamatan Malili,Electronics/Computers,0,"Lenovo Yoga 7i 2in1, Intel Core Ultra 7, 16Gb RAM, 1Tb NVMe, Win 11 Pro",Internal Procurement/Standard Vendor,mbizmarket.co.id,32370774.11,3141000.0,3,0.09,566434281.68,97112322.33,9.3059,30503379.61,1867394.5
PO-SYN-000704,2021,Kantor Kecamatan Malili,Laptop,0,AXIOO Mybook Pro F3 (4H9) i3-6157u/4GB/14,CV. MALILI TEKNO,E-Katalog,24003081.09,3141000.0,1,0.12,84294683.84,24003081.09,6.6419,22950949.06,1052132.03
PO-SYN-000705,2021,Direktorat Operasi,Laptop,0,AXIOO Mybook Pro F3 (4H9) i3-6157u/4GB/14,Global Tech Solutions,Direct/Official Channel,3141000.0,26683404.19,8,0.07,157343319.29,25128000.0,-0.8823,2811979.42,329020.58
PO-SYN-000706,2025,Rumah Sakit Mutiara Sukma,Pengadaan Laptop,1,HP240R G9 CORE 7 150U 16GB 512SSD WIN11HOME FHD FP,CV. MALILI TEKNO,E-Katalog,3141000.0,40744106.07,1,0.08,0.0,3141000.0,-0.9229,2220497.94,920502.06
PO-SYN-000707,2022,Dinas Kependudukan dan Pencatatan Sipil,Leptop,1,AXIOO Mybook Pro F3 (4H9) i3-6157u/4GB/14,Global Komputer,mbizmarket.co.id,43634876.27,12092128.55,7,0.02,0.0,305444133.89,2.6085,38268266.84,5366609.43
PO-SYN-000708,2023,Kantor Inspektorat Kabupaten Lombok Barat,Belanja Modal Alat Kantor,0,"Lenovo Yoga 7i 2in1, Intel Core Ultra 7, 16Gb RAM, 1Tb NVMe, Win 11 Pro",Internal Procurement/Standard Vendor,mbizmarket.co.id,7840750.25,29691605.67,3,0.0,128271437.08,23522250.75,-0.7359,7792286.53,48463.72
PO-SYN-000709,2021,Dinas Kependudukan dan Pencatatan Sipil,Leptop,0,PC Unit ExpertCenter EG3408WVAK-BPC515X and Laptop OmniBook 5 Flip 14-FP0558TU,CV. MALILI TEKNO,E-Katalog,26982028.09,16967940.87,6,0.05,139984275.05,161892168.54,0.5902,20027939.06,6954089.03
PO-SYN-000710,2021,Kantor Inspektorat Kabupaten Lombok Barat,Pengadaan Laptop,0,"Asus X441MA-GA031T/Celeron N4020/4GB/1TB/14""/Win 10 Home",Internal Procurement/Standard Vendor,Direct Procurement,22401422.35,35357719.76,1,0.18,61990905.81,22401422.35,-0.3664,22388704.06,12718.29
PO-SYN-000711,2024,Kantor Inspektorat Kabupaten Lombok Barat,Leptop,0,"Asus X441MA-GA031T/Celeron N4020/4GB/1TB/14""/Win 10 Home",Global Komputer,mbizmarket.co.id,35902289.72,13110215.7,5,0.0,70244846.85,179511448.6,1.7385,32943350.74,2958938.98
PO-SYN-000712,2024,Kantor Kecamatan Malili,Komputer/Laptop,0,AXIOO Mybook Pro F3 (4H9) i3-6157u/4GB/14,CV. MALILI TEKNO,mbizmarket.co.id,23409837.5,3141000.0,1,0.13,51523128.28,23409837.5,6.453,22011949.6,1397887.9
PO-SYN-000713,2022,Direktorat Operasi,Pengadaan Laptop,0,AXIOO Mybook Pro F3 (4H9) i3-6157u/4GB/14,CV. MALILI TEKNO,E-Katalog,3141000.0,3141000.0,1,0.02,0.0,3141000.0,0.0,2201672.72,939327.28
PO-SYN-000714,2023,Rumah Sakit Mutiara Sukma,Leptop,0,PC Unit ExpertCenter EG3408WVAK-BPC515X and Laptop OmniBook 5 Flip 14-FP0558TU,Global Komputer,Katalog Elektronik,17063687.81,24059755.66,9,0.0,385906764.27,153573190.29,-0.2908,14618509.07,2445178.74
PO-SYN-000715,2022,Kantor Inspektorat Kabupaten Lombok Barat,Hardware / Laptop,0,PC Unit ExpertCenter EG3408WVAK-BPC515X and Laptop OmniBook 5 Flip 14-FP0558TU,Global Tech Solutions,E-Katalog,4496388.98,21355290.73,1,0.05,476459664.03,4496388.98,-0.7894,3879371.12,617017.86
PO-SYN-000716,2023,Direktorat Sistem Pengadaan Digital,Laptop,0,AXIOO Mybook Pro F3 (4H9) i3-6157u/4GB/14,Global Komputer,Direct Procurement,27258165.57,10695481.54,1,0.01,398134218.92,27258165.57,1.5486,30135134.42,-2876968.85
PO-SYN-000717,2022,Direktorat Sistem Pengadaan Digital,Pengadaan Laptop,1,PC Unit ExpertCenter EG3408WVAK-BPC515X and Laptop OmniBook 5 Flip 14-FP0558TU,Global Komputer,Katalog Elektronik,3141000.0,20060250.65,1,0.0,0.0,3141000.0,-0.8434,3050093.92,90906.08
PO-SYN-000718,2022,Direktorat Operasi,Pengadaan Laptop,0,"Laptop Intel Ultra 7, 14 inch, 16GB RAM, 512GB SSD, Win 11 Pro",CV. MALILI TEKNO,mbizmarket.co.id,3141000.0,29771344.15,1,0.0,0.0,3141000.0,-0.8945,2564439.94,576560.06
PO-SYN-000719,2025,Dinas Kependudukan dan Pencatatan Sipil,Electronics/Computers,0,HP240R G9 CORE 7 150U 16GB 512SSD WIN11HOME FHD FP,Internal Procurement/Standard Vendor,E-Katalog,14787010.42,10118837.03,3,0.0,213817303.03,44361031.26,0.4613,11832192.34,2954818.08
PO-SYN-000720,2021,Kantor Inspektorat Kabupaten Lombok Barat,Laptop,0,AXIOO Mybook Pro F3 (4H9) i3-6157u/4GB/14,CV. JUMPA KARYA ABADI,Direct/Official Channel,11032802.4,34861045.09,1,0.15,125733858.58,11032802.4,-0.6835,11036156.15,-3353.75
PO-SYN-000721,2021,Dinas Kependudukan dan Pencatatan Sipil,Belanja Modal Alat Kantor,0,PC Unit ExpertCenter EG3408WVAK-BPC515X and Laptop OmniBook 5 Flip 14-FP0558TU,Sinar Niaga Teknologi,mbizmarket.co.id,17916565.03,16130915.19,6,0.0,0.0,107499390.18,0.1107,15821504.82,2095060.21
PO-SYN-000722,2025,Kantor Inspektorat Kabupaten Lombok Barat,Hardware / Laptop,0,PC Unit ExpertCenter EG3408WVAK-BPC515X and Laptop OmniBook 5 Flip 14-FP0558TU,Internal Procurement/Standard Vendor,Direct/Official Channel,7741009.72,33087766.01,8,0.0,262144120.55,61928077.76,-0.766,7421577.49,319432.23
PO-SYN-000723,2023,Rumah Sakit Mutiara Sukma,Pengadaan Laptop,0,PC Unit ExpertCenter EG3408WVAK-BPC515X and Laptop OmniBook 5 Flip 14-FP0558TU,Sinar Niaga Teknologi,mbizmarket.co.id,31608740.79,21291151.89,4,0.0,0.0,126434963.16,0.4846,26031335.58,5577405.21
PO-SYN-000724,2024,Kantor Inspektorat Kabupaten Lombok Barat,Pengadaan Laptop,0,HP240R G9 CORE 7 150U 16GB 512SSD WIN11HOME FHD FP,Global Komputer,mbizmarket.co.id,3141000.0,12596086.91,5,0.05,590174861.26,15705000.0,-0.7506,2956884.81,184115.19
PO-SYN-000725,2025,Kantor Inspektorat Kabupaten Lombok Barat,Hardware / Laptop,0,"Asus X441MA-GA031T/Celeron N4020/4GB/1TB/14""/Win 10 Home",Sinar Niaga Teknologi,Direct/Official Channel,6709360.47,18395279.58,2,0.0,0.0,13418720.94,-0.6353,6634874.66,74485.81
PO-SYN-000726,2024,Rumah Sakit Mutiara Sukma,Leptop,0,"Asus X441MA-GA031T/Celeron N4020/4GB/1TB/14""/Win 10 Home",Sinar Niaga Teknologi,Direct/Official Channel,3141000.0,18734822.62,2,0.0,190388038.97,6282000.0,-0.8323,2969489.55,171510.45
PO-SYN-000727,2023,Direktorat Sistem Pengadaan Digital,Belanja Modal Alat Kantor,1,AXIOO Mybook Pro F3 (4H9) i3-6157u/4GB/14,CV. MALILI TEKNO,mbizmarket.co.id,22280984.13,12483057.55,4,0.1,165323383.68,89123936.52,0.7849,21893125.75,387858.38
PO-SYN-000728,2021,Rumah Sakit Mutiara Sukma,Electronics/Computers,0,AXIOO Mybook Pro F3 (4H9) i3-6157u/4GB/14,Global Tech Solutions,Direct Procurement,23157132.12,38050449.79,1,0.25,0.0,23157132.12,-0.3914,21761969.15,1395162.97
PO-SYN-000729,2025,Direktorat Operasi,Laptop,0,AXIOO Mybook Pro F3 (4H9) i3-6157u/4GB/14,CV. JUMPA KARYA ABADI,mbizmarket.co.id,6380807.62,21692390.57,1,0.0,0.0,6380807.62,-0.7059,5059631.76,1321175.86
PO-SYN-000730,2025,Kantor Inspektorat Kabupaten Lombok Barat,Laptop,0,AXIOO Mybook Pro F3 (4H9) i3-6157u/4GB/14,CV. JUMPA KARYA ABADI,E-Katalog,35845996.02,28805186.39,1,0.24,162184484.86,35845996.02,0.2444,28852615.66,6993380.36
PO-SYN-000731,2022,Kantor Inspektorat Kabupaten Lombok Barat,Leptop,0,"Asus X441MA-GA031T/Celeron N4020/4GB/1TB/14""/Win 10 Home",CV. MALILI TEKNO,mbizmarket.co.id,21045295.6,20900222.06,1,0.05,0.0,21045295.6,0.0069,18464716.72,2580578.88
PO-SYN-000732,2021,Direktorat Sistem Pengadaan Digital,Laptop,0,AXIOO Mybook Pro F3 (4H9) i3-6157u/4GB/14,Global Tech Solutions,mbizmarket.co.id,6136989.03,3141000.0,3,0.09,219041524.17,18410967.09,0.9538,6547322.91,-410333.88
PO-SYN-000733,2025,Direktorat Operasi,Belanja Modal Alat Kantor,0,"Asus X441MA-GA031T/Celeron N4020/4GB/1TB/14""/Win 10 Home",Internal Procurement/Standard Vendor,Direct/Official Channel,24000988.32,8972263.07,5,0.0,0.0,120004941.6,1.675,20442250.67,3558737.65
PO-SYN-000734,2022,Kantor Kecamatan Malili,Hardware / Laptop,1,PC Unit ExpertCenter EG3408WVAK-BPC515X and Laptop OmniBook 5 Flip 14-FP0558TU,CV. JUMPA KARYA ABADI,E-Katalog,37359239.82,33798741.08,4,0.14,0.0,149436959.28,0.1053,34321847.76,3037392.06
PO-SYN-000735,2024,Direktorat Operasi,Komputer/Laptop,0,"Lenovo Yoga 7i 2in1, Intel Core Ultra 7, 16Gb RAM, 1Tb NVMe, Win 11 Pro",CV. MALILI TEKNO,E-Katalog,16055237.81,32185053.67,2,0.0,225779572.49,32110475.62,-0.5012,12343426.16,3711811.65
PO-SYN-000736,2023,Dinas Kependudukan dan Pencatatan Sipil,Electronics/Computers,0,PC Unit ExpertCenter EG3408WVAK-BPC515X and Laptop OmniBook 5 Flip 14-FP0558TU,Global Komputer,Direct Procurement,6453994.55,16908076.6,1,0.0,137634793.11,6453994.55,-0.6183,6521100.87,-67106.32
PO-SYN-000737,2025,Kantor Inspektorat Kabupaten Lombok Barat,Laptop,0,AXIOO Mybook Pro F3 (4H9) i3-6157u/4GB/14,Sinar Niaga Teknologi,E-Katalog,22900225.71,3141000.0,1,0.0,440360211.97,22900225.71,6.2907,18135684.47,4764541.24
PO-SYN-000738,2024,Kantor Kecamatan Malili,Belanja Modal Alat Kantor,0,AXIOO Mybook Pro F3 (4H9) i3-6157u/4GB/14,Global Tech Solutions,E-Katalog,40458733.74,33850583.08,1,0.0,176447771.91,40458733.74,0.1952,34990324.29,5468409.45
PO-SYN-000739,2025,Kantor Kecamatan Malili,Pengadaan Laptop,0,"Asus X441MA-GA031T/Celeron N4020/4GB/1TB/14""/Win 10 Home",Internal Procurement/Standard Vendor,Direct/Official Channel,20079405.26,9811827.65,1,0.0,144424543.86,20079405.26,1.0464,21409709.87,-1330304.61
PO-SYN-000740,2025,Direktorat Sistem Pengadaan Digital,Laptop,0,PC Unit ExpertCenter EG3408WVAK-BPC515X and Laptop OmniBook 5 Flip 14-FP0558TU,Global Komputer,E-Katalog,8491281.88,29644073.65,6,0.0,0.0,50947691.28,-0.7136,8341482.5,149799.38
PO-SYN-000741,2021,Kantor Kecamatan Malili,Leptop,0,"Laptop Intel Ultra 7, 14 inch, 16GB RAM, 512GB SSD, Win 11 Pro",Sinar Niaga Teknologi,Direct Procurement,3141000.0,21690408.83,4,0.1,0.0,12564000.0,-0.8552,3407301.31,-266301.31
PO-SYN-000742,2023,Kantor Inspektorat Kabupaten Lombok Barat,Electronics/Computers,0,"Laptop Intel Ultra 7, 14 inch, 16GB RAM, 512GB SSD, Win 11 Pro",Global Tech Solutions,Direct Procurement,3141000.0,19616376.93,4,0.19,0.0,12564000.0,-0.8399,3203307.24,-62307.24
PO-SYN-000743,2021,Direktorat Operasi,Leptop,0,"Lenovo Yoga 7i 2in1, Intel Core Ultra 7, 16Gb RAM, 1Tb NVMe, Win 11 Pro",Global Tech Solutions,E-Katalog,38589791.62,22925813.18,6,0.06,0.0,231538749.72,0.6832,26528466.62,12061325.0
PO-SYN-000744,2024,Rumah Sakit Mutiara Sukma,Pengadaan Laptop,0,AXIOO Mybook Pro F3 (4H9) i3-6157u/4GB/14,Internal Procurement/Standard Vendor,E-Katalog,3141000.0,29075164.8,6,0.22,304020602.15,18846000.0,-0.892,2496848.59,644151.41
PO-SYN-000745,2024,Dinas Kependudukan dan Pencatatan Sipil,Leptop,0,HP240R G9 CORE 7 150U 16GB 512SSD WIN11HOME FHD FP,CV. MALILI TEKNO,mbizmarket.co.id,8015321.02,3141000.0,5,0.07,113552442.94,40076605.1,1.5518,6859710.37,1155610.65
PO-SYN-000746,2023,Dinas Kependudukan dan Pencatatan Sipil,Leptop,0,"Asus X441MA-GA031T/Celeron N4020/4GB/1TB/14""/Win 10 Home",CV. MALILI TEKNO,mbizmarket.co.id,23980577.02,39536763.66,7,0.09,304719015.62,167864039.14,-0.3935,20650707.09,3329869.93
PO-SYN-000747,2021,Kantor Kecamatan Malili,Hardware / Laptop,1,HP240R G9 CORE 7 150U 16GB 512SSD WIN11HOME FHD FP,CV. MALILI TEKNO,Direct Procurement,10116087.84,30665404.49,1,0.14,0.0,10116087.84,-0.6701,11571054.29,-1454966.45
PO-SYN-000748,2023,Dinas Kependudukan dan Pencatatan Sipil,Electronics/Computers,0,"Laptop Intel Ultra 7, 14 inch, 16GB RAM, 512GB SSD, Win 11 Pro",CV. MALILI TEKNO,E-Katalog,3328671.81,27246842.0,2,0.0,194656586.71,6657343.62,-0.8778,2537898.02,790773.79
PO-SYN-000749,2022,Kantor Inspektorat Kabupaten Lombok Barat,Hardware / Laptop,0,"Asus X441MA-GA031T/Celeron N4020/4GB/1TB/14""/Win 10 Home",CV. MALILI TEKNO,Direct Procurement,33843260.94,17958019.86,4,0.0,0.0,135373043.76,0.8846,34583504.94,-740244.0
PO-SYN-000750,2025,Kantor Kecamatan Malili,Leptop,0,PC Unit ExpertCenter EG3408WVAK-BPC515X and Laptop OmniBook 5 Flip 14-FP0558TU,Global Tech Solutions,mbizmarket.co.id,33411177.48,46158669.16,1,0.14,0.0,33411177.48,-0.2762,30334594.4,3076583.08
PO-SYN-000751,2022,Rumah Sakit Mutiara Sukma,Leptop,0,"Laptop Intel Ultra 7, 14 inch, 16GB RAM, 512GB SSD, Win 11 Pro",CV. JUMPA KARYA ABADI,Direct/Official Channel,3141000.0,3141000.0,1,0.07,30310547.52,3141000.0,0.0,2921259.08,219740.92
PO-SYN-000752,2025,Direktorat Sistem Pengadaan Digital,Belanja Modal Alat Kantor,1,"Lenovo Yoga 7i 2in1, Intel Core Ultra 7, 16Gb RAM, 1Tb NVMe, Win 11 Pro",CV. MALILI TEKNO,Direct/Official Channel,30472851.66,22404892.07,5,0.02,0.0,152364258.3,0.3601,37359388.5,-6886536.84
PO-SYN-000753,2021,Direktorat Operasi,Belanja Modal Alat Kantor,0,PC Unit ExpertCenter EG3408WVAK-BPC515X and Laptop OmniBook 5 Flip 14-FP0558TU,Sinar Niaga Teknologi,mbizmarket.co.id,7854541.03,3141000.0,2,0.0,0.0,15709082.06,1.5006,6292781.3,1561759.73
PO-SYN-000754,2022,Dinas Kependudukan dan Pencatatan Sipil,Leptop,0,"Asus X441MA-GA031T/Celeron N4020/4GB/1TB/14""/Win 10 Home",Global Tech Solutions,Direct Procurement,24425246.28,3141000.0,1,0.14,214256012.51,24425246.28,6.7763,26434940.78,-2009694.5
PO-SYN-000755,2021,Kantor Kecamatan Malili,Belanja Modal Alat Kantor,1,HP240R G9 CORE 7 150U 16GB 512SSD WIN11HOME FHD FP,CV. JUMPA KARYA ABADI,E-Katalog,39128143.4,37189185.59,1,0.11,71984535.03,39128143.4,0.0521,34357782.29,4770361.11
PO-SYN-000756,2024,Direktorat Operasi,Komputer/Laptop,0,"Laptop Intel Ultra 7, 14 inch, 16GB RAM, 512GB SSD, Win 11 Pro",Global Tech Solutions,Katalog Elektronik,21237744.8,33839509.97,4,0.0,277962486.79,84950979.2,-0.3724,16468468.46,4769276.34
PO-SYN-000757,2023,Direktorat Operasi,Komputer/Laptop,0,AXIOO Mybook Pro F3 (4H9) i3-6157u/4GB/14,CV. MALILI TEKNO,mbizmarket.co.id,22098010.5,12831653.11,2,0.11,0.0,44196021.0,0.7221,19097518.91,3000491.59
PO-SYN-000758,2021,Dinas Kependudukan dan Pencatatan Sipil,Belanja Modal Alat Kantor,0,PC Unit ExpertCenter EG3408WVAK-BPC515X and Laptop OmniBook 5 Flip 14-FP0558TU,Internal Procurement/Standard Vendor,mbizmarket.co.id,3141000.0,7879568.79,4,0.09,59720365.4,12564000.0,-0.6014,2629502.21,511497.79
PO-SYN-000759,2025,Kantor Kecamatan Malili,Hardware / Laptop,0,"Lenovo Yoga 7i 2in1, Intel Core Ultra 7, 16Gb RAM, 1Tb NVMe, Win 11 Pro",CV. MALILI TEKNO,Direct/Official Channel,25524858.96,14047820.81,7,0.12,311715079.78,178674012.72,0.817,26649454.17,-1124595.21
PO-SYN-000760,2022,Dinas Kependudukan dan Pencatatan Sipil,Electronics/Computers,0,"Laptop Intel Ultra 7, 14 inch, 16GB RAM, 512GB SSD, Win 11 Pro",Global Komputer,mbizmarket.co.id,16864564.44,12880180.28,1,0.07,0.0,16864564.44,0.3093,14622864.03,2241700.41
PO-SYN-000761,2021,Kantor Inspektorat Kabupaten Lombok Barat,Hardware / Laptop,0,"Lenovo Yoga 7i 2in1, Intel Core Ultra 7, 16Gb RAM, 1Tb NVMe, Win 11 Pro",Global Tech Solutions,mbizmarket.co.id,3141000.0,46859684.93,1,0.05,290752621.35,3141000.0,-0.933,2732465.16,408534.84
PO-SYN-000762,2021,Direktorat Operasi,Leptop,0,AXIOO Mybook Pro F3 (4H9) i3-6157u/4GB/14,Sinar Niaga Teknologi,mbizmarket.co.id,33336338.96,3141000.0,7,0.03,0.0,233354372.72,9.6133,25863452.29,7472886.67
PO-SYN-000763,2023,Kantor Inspektorat Kabupaten Lombok Barat,Pengadaan Laptop,0,HP240R G9 CORE 7 150U 16GB 512SSD WIN11HOME FHD FP,CV. JUMPA KARYA ABADI,Katalog Elektronik,32566547.66,8101875.82,1,0.01,0.0,32566547.66,3.0196,32356871.54,209676.12
PO-SYN-000764,2022,Kantor Inspektorat Kabupaten Lombok Barat,Leptop,0,"Laptop Intel Ultra 7, 14 inch, 16GB RAM, 512GB SSD, Win 11 Pro",CV. MALILI TEKNO,E-Katalog,8256102.85,31928204.82,3,0.0,84192566.68,24768308.55,-0.7414,7184827.46,1071275.39
PO-SYN-000765,2024,Direktorat Sistem Pengadaan Digital,Belanja Modal Alat Kantor,0,"Laptop Intel Ultra 7, 14 inch, 16GB RAM, 512GB SSD, Win 11 Pro",CV. MALILI TEKNO,mbizmarket.co.id,14940095.44,38010611.62,6,0.13,0.0,89640572.64,-0.6069,14484628.73,455466.71
PO-SYN-000766,2023,Direktorat Sistem Pengadaan Digital,Electronics/Computers,0,"Laptop Intel Ultra 7, 14 inch, 16GB RAM, 512GB SSD, Win 11 Pro",Sinar Niaga Teknologi,Katalog Elektronik,7421905.51,21237595.09,4,0.0,83633716.75,29687622.04,-0.6505,7796416.85,-374511.34
PO-SYN-000767,2021,Kantor Inspektorat Kabupaten Lombok Barat,Belanja Modal Alat Kantor,0,HP240R G9 CORE 7 150U 16GB 512SSD WIN11HOME FHD FP,CV. MALILI TEKNO,Katalog Elektronik,13361904.75,39662232.16,4,0.17,29820481.5,53447619.0,-0.6631,12738607.61,623297.14
PO-SYN-000768,2023,Dinas Kependudukan dan Pencatatan Sipil,Electronics/Computers,0,AXIOO Mybook Pro F3 (4H9) i3-6157u/4GB/14,Sinar Niaga Teknologi,Direct/Official Channel,47169762.72,40005805.32,1,0.0,0.0,47169762.72,0.1791,46095400.91,1074361.81
PO-SYN-000769,2022,Direktorat Sistem Pengadaan Digital,Komputer/Laptop,1,PC Unit ExpertCenter EG3408WVAK-BPC515X and Laptop OmniBook 5 Flip 14-FP0558TU,CV. MALILI TEKNO,mbizmarket.co.id,30400040.71,3820802.23,3,0.0,459064700.97,91200122.13,6.9565,30357244.16,42796.55
PO-SYN-000770,2025,Kantor Inspektorat Kabupaten Lombok Barat,Electronics/Computers,0,AXIOO Mybook Pro F3 (4H9) i3-6157u/4GB/14,Internal Procurement/Standard Vendor,mbizmarket.co.id,19255324.27,12725657.48,6,0.0,81433743.06,115531945.62,0.5131,17151618.88,2103705.39
PO-SYN-000771,2021,Kantor Kecamatan Malili,Pengadaan Laptop,0,HP240R G9 CORE 7 150U 16GB 512SSD WIN11HOME FHD FP,CV. JUMPA KARYA ABADI,Direct Procurement,10249249.41,46980592.89,1,0.11,177970814.16,10249249.41,-0.7818,12287244.07,-2037994.66
PO-SYN-000772,2024,Kantor Kecamatan Malili,Belanja Modal Alat Kantor,0,AXIOO Mybook Pro F3 (4H9) i3-6157u/4GB/14,Global Tech Solutions,mbizmarket.co.id,6474430.29,5603038.28,6,0.07,0.0,38846581.74,0.1555,6082950.16,391480.13
PO-SYN-000773,2022,Dinas Kependudukan dan Pencatatan Sipil,Electronics/Computers,0,"Lenovo Yoga 7i 2in1, Intel Core Ultra 7, 16Gb RAM, 1Tb NVMe, Win 11 Pro",CV. MALILI TEKNO,E-Katalog,25097668.47,32031639.4,1,0.0,221200706.71,25097668.47,-0.2165,18502440.59,6595227.88
PO-SYN-000774,2024,Kantor Kecamatan Malili,Leptop,0,HP240R G9 CORE 7 150U 16GB 512SSD WIN11HOME FHD FP,CV. MALILI TEKNO,Direct/Official Channel,3141000.0,3141000.0,5,0.04,27310150.27,15705000.0,0.0,3685168.84,-544168.84
PO-SYN-000775,2025,Direktorat Operasi,Leptop,0,"Asus X441MA-GA031T/Celeron N4020/4GB/1TB/14""/Win 10 Home",Internal Procurement/Standard Vendor,mbizmarket.co.id,29533392.21,45131008.35,1,0.02,0.0,29533392.21,-0.3456,22994178.47,6539213.74
PO-SYN-000776,2023,Kantor Kecamatan Malili,Komputer/Laptop,0,AXIOO Mybook Pro F3 (4H9) i3-6157u/4GB/14,Internal Procurement/Standard Vendor,mbizmarket.co.id,13873251.54,28478894.19,3,0.09,267860230.85,41619754.62,-0.5129,14838943.12,-965691.58
PO-SYN-000777,2023,Kantor Kecamatan Malili,Belanja Modal Alat Kantor,1,HP240R G9 CORE 7 150U 16GB 512SSD WIN11HOME FHD FP,Internal Procurement/Standard Vendor,mbizmarket.co.id,12694582.45,3141000.0,3,0.0,469425083.11,38083747.35,3.0416,12083946.89,610635.56
PO-SYN-000778,2023,Kantor Inspektorat Kabupaten Lombok Barat,Komputer/Laptop,0,HP240R G9 CORE 7 150U 16GB 512SSD WIN11HOME FHD FP,Sinar Niaga Teknologi,E-Katalog,8270566.0,10005522.31,5,0.01,0.0,41352830.0,-0.1734,7502621.49,767944.51
PO-SYN-000779,2023,Kantor Inspektorat Kabupaten Lombok Barat,Komputer/Laptop,0,"Asus X441MA-GA031T/Celeron N4020/4GB/1TB/14""/Win 10 Home",Global Komputer,mbizmarket.co.id,3141000.0,18534136.49,5,0.0,210077344.36,15705000.0,-0.8305,2664331.68,476668.32
PO-SYN-000780,2025,Direktorat Sistem Pengadaan Digital,Laptop,0,"Asus X441MA-GA031T/Celeron N4020/4GB/1TB/14""/Win 10 Home",Internal Procurement/Standard Vendor,E-Katalog,32811603.09,3141000.0,5,0.14,308766686.07,164058015.45,9.4462,31841521.18,970081.91
PO-SYN-000781,2021,Kantor Kecamatan Malili,Electronics/Computers,0,"Laptop Intel Ultra 7, 14 inch, 16GB RAM, 512GB SSD, Win 11 Pro",Sinar Niaga Teknologi,Direct Procurement,14179314.91,8237081.93,7,0.0,0.0,99255204.37,0.7214,16522149.24,-2342834.33
PO-SYN-000782,2021,Kantor Kecamatan Malili,Komputer/Laptop,1,"Lenovo Yoga 7i 2in1, Intel Core Ultra 7, 16Gb RAM, 1Tb NVMe, Win 11 Pro",Internal Procurement/Standard Vendor,Katalog Elektronik,4195113.19,3141000.0,1,0.0,64318743.45,4195113.19,0.3356,4169422.44,25690.75
PO-SYN-000783,2024,Direktorat Sistem Pengadaan Digital,Pengadaan Laptop,1,HP240R G9 CORE 7 150U 16GB 512SSD WIN11HOME FHD FP,CV. MALILI TEKNO,mbizmarket.co.id,35083420.93,26801112.79,2,0.01,217817894.28,70166841.86,0.309,38242928.94,-3159508.01
PO-SYN-000784,2022,Kantor Kecamatan Malili,Belanja Modal Alat Kantor,0,HP240R G9 CORE 7 150U 16GB 512SSD WIN11HOME FHD FP,CV. MALILI TEKNO,Direct/Official Channel,20500623.4,10042284.11,1,0.0,258236518.69,20500623.4,1.0414,23140261.13,-2639637.73
PO-SYN-000785,2023,Kantor Kecamatan Malili,Belanja Modal Alat Kantor,0,"Asus X441MA-GA031T/Celeron N4020/4GB/1TB/14""/Win 10 Home",Sinar Niaga Teknologi,Direct/Official Channel,28473501.48,15770935.85,7,0.0,333060681.36,199314510.36,0.8054,31176491.8,-2702990.32
PO-SYN-000786,2022,Direktorat Sistem Pengadaan Digital,Komputer/Laptop,1,"Asus X441MA-GA031T/Celeron N4020/4GB/1TB/14""/Win 10 Home",CV. MALILI TEKNO,mbizmarket.co.id,7514473.42,27905420.11,4,0.07,106777880.95,30057893.68,-0.7307,7686598.16,-172124.74
PO-SYN-000787,2021,Direktorat Operasi,Laptop,0,AXIOO Mybook Pro F3 (4H9) i3-6157u/4GB/14,CV. JUMPA KARYA ABADI,Direct Procurement,60485409.93,37861598.63,5,0.04,346494865.63,302427049.65,0.5975,57079958.26,3405451.67
PO-SYN-000788,2024,Kantor Inspektorat Kabupaten Lombok Barat,Pengadaan Laptop,0,PC Unit ExpertCenter EG3408WVAK-BPC515X and Laptop OmniBook 5 Flip 14-FP0558TU,Global Tech Solutions,Direct/Official Channel,18731059.92,12828048.09,2,0.0,140260428.16,37462119.84,0.4602,18591990.11,139069.81
PO-SYN-000789,2023,Rumah Sakit Mutiara Sukma,Leptop,0,AXIOO Mybook Pro F3 (4H9) i3-6157u/4GB/14,Global Tech Solutions,Direct/Official Channel,46420351.78,18261190.79,1,0.02,0.0,46420351.78,1.542,43371973.73,3048378.05
PO-SYN-000790,2021,Kantor Kecamatan Malili,Belanja Modal Alat Kantor,0,AXIOO Mybook Pro F3 (4H9) i3-6157u/4GB/14,Internal Procurement/Standard Vendor,Direct/Official Channel,23410726.74,34051985.86,1,0.03,0.0,23410726.74,-0.3125,26583678.71,-3172951.97
PO-SYN-000791,2023,Dinas Kependudukan dan Pencatatan Sipil,Hardware / Laptop,0,"Asus X441MA-GA031T/Celeron N4020/4GB/1TB/14""/Win 10 Home",Global Tech Solutions,E-Katalog,27439573.91,26277954.58,2,0.07,501109756.42,54879147.82,0.0442,21236333.48,6203240.43
PO-SYN-000792,2023,Direktorat Operasi,Belanja Modal Alat Kantor,0,PC Unit ExpertCenter EG3408WVAK-BPC515X and Laptop OmniBook 5 Flip 14-FP0558TU,Sinar Niaga Teknologi,Katalog Elektronik,20718589.43,3141000.0,1,0.04,371550990.06,20718589.43,5.5962,16382285.75,4336303.68
PO-SYN-000793,2024,Kantor Kecamatan Malili,Laptop,0,"Laptop Intel Ultra 7, 14 inch, 16GB RAM, 512GB SSD, Win 11 Pro",Sinar Niaga Teknologi,Direct Procurement,14097728.47,11089606.77,1,0.06,0.0,14097728.47,0.2713,16916404.83,-2818676.36
PO-SYN-000794,2022,Dinas Kependudukan dan Pencatatan Sipil,Pengadaan Laptop,0,AXIOO Mybook Pro F3 (4H9) i3-6157u/4GB/14,Internal Procurement/Standard Vendor,Direct/Official Channel,6505660.52,30082207.55,1,0.1,259705802.28,6505660.52,-0.7837,6324888.3,180772.22
PO-SYN-000795,2024,Rumah Sakit Mutiara Sukma,Hardware / Laptop,1,AXIOO Mybook Pro F3 (4H9) i3-6157u/4GB/14,Internal Procurement/Standard Vendor,Direct/Official Channel,3141000.0,22134524.05,1,0.0,352257085.75,3141000.0,-0.8581,2981075.9,159924.1
PO-SYN-000796,2021,Direktorat Sistem Pengadaan Digital,Laptop,1,PC Unit ExpertCenter EG3408WVAK-BPC515X and Laptop OmniBook 5 Flip 14-FP0558TU,Sinar Niaga Teknologi,mbizmarket.co.id,18536235.22,3141000.0,4,0.03,0.0,74144940.88,4.9014,19740187.87,-1203952.65
PO-SYN-000797,2021,Kantor Inspektorat Kabupaten Lombok Barat,Electronics/Computers,0,AXIOO Mybook Pro F3 (4H9) i3-6157u/4GB/14,Global Tech Solutions,E-Katalog,17839510.58,38167734.6,1,0.0,157991197.25,17839510.58,-0.5326,15156904.27,2682606.31
PO-SYN-000798,2021,Direktorat Sistem Pengadaan Digital,Belanja Modal Alat Kantor,0,PC Unit ExpertCenter EG3408WVAK-BPC515X and Laptop OmniBook 5 Flip 14-FP0558TU,CV. MALILI TEKNO,mbizmarket.co.id,3141000.0,3141000.0,10,0.0,274985066.49,31410000.0,0.0,3114320.78,26679.22
PO-SYN-000799,2021,Rumah Sakit Mutiara Sukma,Electronics/Computers,0,"Asus X441MA-GA031T/Celeron N4020/4GB/1TB/14""/Win 10 Home",CV. JUMPA KARYA ABADI,Direct Procurement,3141000.0,15071009.12,2,0.0,56052910.52,6282000.0,-0.7916,2985926.71,155073.29
PO-SYN-000800,2021,Direktorat Sistem Pengadaan Digital,Leptop,0,AXIOO Mybook Pro F3 (4H9) i3-6157u/4GB/14,Internal Procurement/Standard Vendor,Direct/Official Channel,15614346.58,3141000.0,4,0.0,0.0,62457386.32,3.9711,18853360.79,-3239014.21
PO-SYN-000801,2021,Dinas Kependudukan dan Pencatatan Sipil,Pengadaan Laptop,0,PC Unit ExpertCenter EG3408WVAK-BPC515X and Laptop OmniBook 5 Flip 14-FP0558TU,CV. MALILI TEKNO,E-Katalog,27230093.83,16970000.13,1,0.0,17707175.09,27230093.83,0.6046,19673033.56,7557060.27
PO-SYN-000802,2023,Direktorat Sistem Pengadaan Digital,Laptop,0,"Lenovo Yoga 7i 2in1, Intel Core Ultra 7, 16Gb RAM, 1Tb NVMe, Win 11 Pro",CV. JUMPA KARYA ABADI,mbizmarket.co.id,5204573.25,28911594.32,7,0.0,281594814.59,36432012.75,-0.82,4823424.19,381149.06
PO-SYN-000803,2021,Direktorat Sistem Pengadaan Digital,Electronics/Computers,0,PC Unit ExpertCenter EG3408WVAK-BPC515X and Laptop OmniBook 5 Flip 14-FP0558TU,Sinar Niaga Teknologi,E-Katalog,29924507.64,4408762.0,3,0.0,427599411.36,89773522.92,5.7875,27425488.13,2499019.51
PO-SYN-000804,2021,Kantor Inspektorat Kabupaten Lombok Barat,Hardware / Laptop,0,"Lenovo Yoga 7i 2in1, Intel Core Ultra 7, 16Gb RAM, 1Tb NVMe, Win 11 Pro",CV. MALILI TEKNO,Katalog Elektronik,29361607.23,13232820.36,2,0.01,0.0,58723214.46,1.2188,26719774.48,2641832.75
PO-SYN-000805,2025,Direktorat Operasi,Leptop,0,"Asus X441MA-GA031T/Celeron N4020/4GB/1TB/14""/Win 10 Home",Sinar Niaga Teknologi,Direct/Official Channel,17160469.08,21994737.56,3,0.11,324837617.49,51481407.24,-0.2198,14549649.66,2610819.42
PO-SYN-000806,2021,Direktorat Sistem Pengadaan Digital,Pengadaan Laptop,1,AXIOO Mybook Pro F3 (4H9) i3-6157u/4GB/14,CV. JUMPA KARYA ABADI,Katalog Elektronik,33624530.65,3141000.0,4,0.09,0.0,134498122.6,9.705,35207147.04,-1582616.39
PO-SYN-000807,2022,Rumah Sakit Mutiara Sukma,Belanja Modal Alat Kantor,0,PC Unit ExpertCenter EG3408WVAK-BPC515X and Laptop OmniBook 5 Flip 14-FP0558TU,Global Komputer,mbizmarket.co.id,9986584.6,5168997.85,7,0.0,0.0,69906092.2,0.932,8052932.86,1933651.74
PO-SYN-000808,2025,Kantor Kecamatan Malili,Pengadaan Laptop,1,PC Unit ExpertCenter EG3408WVAK-BPC515X and Laptop OmniBook 5 Flip 14-FP0558TU,CV. MALILI TEKNO,E-Katalog,30386539.4,15552385.17,6,0.08,0.0,182319236.4,0.9538,26711438.9,3675100.5
PO-SYN-000809,2021,Kantor Kecamatan Malili,Electronics/Computers,0,HP240R G9 CORE 7 150U 16GB 512SSD WIN11HOME FHD FP,CV. MALILI TEKNO,Direct/Official Channel,8336574.01,26001272.5,1,0.3,223220938.62,8336574.01,-0.6794,9213760.73,-877186.72
PO-SYN-000810,2024,Dinas Kependudukan dan Pencatatan Sipil,Leptop,0,PC Unit ExpertCenter EG3408WVAK-BPC515X and Laptop OmniBook 5 Flip 14-FP0558TU,Global Komputer,mbizmarket.co.id,39153589.18,57369210.22,5,0.13,119570916.73,195767945.9,-0.3175,32639318.34,6514270.84
PO-SYN-000811,2022,Kantor Kecamatan Malili,Belanja Modal Alat Kantor,0,HP240R G9 CORE 7 150U 16GB 512SSD WIN11HOME FHD FP,Sinar Niaga Teknologi,mbizmarket.co.id,9857559.53,4035845.48,1,0.0,66090596.06,9857559.53,1.4425,8716428.4,1141131.13
PO-SYN-000812,2023,Kantor Inspektorat Kabupaten Lombok Barat,Electronics/Computers,0,PC Unit ExpertCenter EG3408WVAK-BPC515X and Laptop OmniBook 5 Flip 14-FP0558TU,CV. MALILI TEKNO,mbizmarket.co.id,21642552.73,17324428.3,3,0.0,750000000.0,64927658.19,0.2493,20698567.98,943984.75
PO-SYN-000813,2021,Rumah Sakit Mutiara Sukma,Komputer/Laptop,1,AXIOO Mybook Pro F3 (4H9) i3-6157u/4GB/14,CV. MALILI TEKNO,Direct/Official Channel,3141000.0,21853870.54,1,0.0,0.0,3141000.0,-0.8563,2928829.24,212170.76
PO-SYN-000814,2023,Dinas Kependudukan dan Pencatatan Sipil,Pengadaan Laptop,0,HP240R G9 CORE 7 150U 16GB 512SSD WIN11HOME FHD FP,CV. MALILI TEKNO,E-Katalog,6223583.42,34220013.38,6,0.17,0.0,37341500.52,-0.8181,5002414.2,1221169.22
PO-SYN-000815,2023,Kantor Kecamatan Malili,Leptop,1,PC Unit ExpertCenter EG3408WVAK-BPC515X and Laptop OmniBook 5 Flip 14-FP0558TU,CV. JUMPA KARYA ABADI,Direct Procurement,29447300.44,9957359.67,1,0.2,144634680.26,29447300.44,1.9573,34264031.24,-4816730.8
PO-SYN-000816,2024,Dinas Kependudukan dan Pencatatan Sipil,Komputer/Laptop,0,AXIOO Mybook Pro F3 (4H9) i3-6157u/4GB/14,CV. MALILI TEKNO,Direct Procurement,3736604.25,3141000.0,1,0.02,0.0,3736604.25,0.1896,3662103.95,74500.3
PO-SYN-000817,2024,Kantor Kecamatan Malili,Komputer/Laptop,1,PC Unit ExpertCenter EG3408WVAK-BPC515X and Laptop OmniBook 5 Flip 14-FP0558TU,Internal Procurement/Standard Vendor,mbizmarket.co.id,3141000.0,3141000.0,5,0.09,0.0,15705000.0,0.0,2878522.65,262477.35
PO-SYN-000818,2021,Kantor Kecamatan Malili,Hardware / Laptop,0,"Asus X441MA-GA031T/Celeron N4020/4GB/1TB/14""/Win 10 Home",Global Tech Solutions,Direct Procurement,3141000.0,11655234.52,4,0.13,0.0,12564000.0,-0.7305,3337851.03,-196851.03
PO-SYN-000819,2025,Kantor Kecamatan Malili,Pengadaan Laptop,1,"Laptop Intel Ultra 7, 14 inch, 16GB RAM, 512GB SSD, Win 11 Pro",CV. JUMPA KARYA ABADI,mbizmarket.co.id,23002338.6,4079205.53,1,0.17,299880695.71,23002338.6,4.6389,22385831.62,616506.98
PO-SYN-000820,2023,Direktorat Sistem Pengadaan Digital,Belanja Modal Alat Kantor,0,AXIOO Mybook Pro F3 (4H9) i3-6157u/4GB/14,CV. MALILI TEKNO,mbizmarket.co.id,3141000.0,21492598.32,6,0.0,435547893.2,18846000.0,-0.8539,3427116.3,-286116.3
PO-SYN-000821,2022,Kantor Inspektorat Kabupaten Lombok Barat,Pengadaan Laptop,0,"Asus X441MA-GA031T/Celeron N4020/4GB/1TB/14""/Win 10 Home",CV. JUMPA KARYA ABADI,E-Katalog,47676478.95,23071627.4,4,0.18,201567943.47,190705915.8,1.0665,38924528.09,8751950.86
PO-SYN-000822,2021,Dinas Kependudukan dan Pencatatan Sipil,Electronics/Computers,0,PC Unit ExpertCenter EG3408WVAK-BPC515X and Laptop OmniBook 5 Flip 14-FP0558TU,CV. MALILI TEKNO,mbizmarket.co.id,10339284.49,21949555.74,1,0.01,369638588.13,10339284.49,-0.529,7729429.69,2609854.8
PO-SYN-000823,2025,Kantor Kecamatan Malili,Electronics/Computers,0,AXIOO Mybook Pro F3 (4H9) i3-6157u/4GB/14,Global Tech Solutions,Direct/Official Channel,45391805.73,36820386.76,1,0.09,86549255.9,45391805.73,0.2328,52859826.71,-7468020.98
PO-SYN-000824,2023,Direktorat Sistem Pengadaan Digital,Laptop,0,AXIOO Mybook Pro F3 (4H9) i3-6157u/4GB/14,Global Tech Solutions,E-Katalog,35638048.04,3141000.0,4,0.01,107180261.69,142552192.16,10.3461,32911669.69,2726378.35
PO-SYN-000825,2024,Kantor Kecamatan Malili,Electronics/Computers,1,"Asus X441MA-GA031T/Celeron N4020/4GB/1TB/14""/Win 10 Home",Sinar Niaga Teknologi,mbizmarket.co.id,49168432.6,35435427.39,1,0.0,0.0,49168432.6,0.3876,48507041.71,661390.89
PO-SYN-000826,2024,Direktorat Operasi,Komputer/Laptop,0,"Laptop Intel Ultra 7, 14 inch, 16GB RAM, 512GB SSD, Win 11 Pro",Global Tech Solutions,E-Katalog,22513804.98,39020484.92,5,0.13,170359609.11,112569024.9,-0.423,15430493.33,7083311.65
PO-SYN-000827,2021,Kantor Kecamatan Malili,Hardware / Laptop,0,AXIOO Mybook Pro F3 (4H9) i3-6157u/4GB/14,CV. JUMPA KARYA ABADI,mbizmarket.co.id,14808633.41,35772410.1,2,0.08,3207947.74,29617266.82,-0.586,13562538.18,1246095.23
PO-SYN-000828,2024,Kantor Kecamatan Malili,Hardware / Laptop,0,AXIOO Mybook Pro F3 (4H9) i3-6157u/4GB/14,CV. JUMPA KARYA ABADI,Katalog Elektronik,16087591.86,23135637.49,1,0.0,0.0,16087591.86,-0.3046,16681104.37,-593512.51
PO-SYN-000829,2022,Dinas Kependudukan dan Pencatatan Sipil,Leptop,0,"Laptop Intel Ultra 7, 14 inch, 16GB RAM, 512GB SSD, Win 11 Pro",Internal Procurement/Standard Vendor,E-Katalog,13062972.17,42379266.36,7,0.02,0.0,91440805.19,-0.6918,9186382.31,3876589.86
PO-SYN-000830,2024,Kantor Inspektorat Kabupaten Lombok Barat,Komputer/Laptop,1,PC Unit ExpertCenter EG3408WVAK-BPC515X and Laptop OmniBook 5 Flip 14-FP0558TU,CV. JUMPA KARYA ABADI,Direct Procurement,3141000.0,3141000.0,7,0.04,186605829.48,21987000.0,0.0,2920326.41,220673.59
PO-SYN-000831,2025,Kantor Inspektorat Kabupaten Lombok Barat,Belanja Modal Alat Kantor,0,"Asus X441MA-GA031T/Celeron N4020/4GB/1TB/14""/Win 10 Home",CV. JUMPA KARYA ABADI,Katalog Elektronik,3141000.0,32861405.52,3,0.01,231976223.82,9423000.0,-0.9044,3094354.61,46645.39
PO-SYN-000832,2021,Kantor Inspektorat Kabupaten Lombok Barat,Electronics/Computers,0,PC Unit ExpertCenter EG3408WVAK-BPC515X and Laptop OmniBook 5 Flip 14-FP0558TU,Global Komputer,Direct Procurement,14360646.75,19102906.1,3,0.28,0.0,43081940.25,-0.2482,15532243.89,-1171597.14
PO-SYN-000833,2024,Rumah Sakit Mutiara Sukma,Laptop,0,PC Unit ExpertCenter EG3408WVAK-BPC515X and Laptop OmniBook 5 Flip 14-FP0558TU,CV. MALILI TEKNO,E-Katalog,16238579.45,27472015.32,1,0.02,269923839.39,16238579.45,-0.4089,14097854.29,2140725.16
PO-SYN-000834,2025,Direktorat Sistem Pengadaan Digital,Electronics/Computers,0,"Laptop Intel Ultra 7, 14 inch, 16GB RAM, 512GB SSD, Win 11 Pro",Global Tech Solutions,Direct/Official Channel,32550938.08,3666461.85,1,0.0,0.0,32550938.08,7.878,37276853.77,-4725915.69
PO-SYN-000835,2024,Dinas Kependudukan dan Pencatatan Sipil,Leptop,0,PC Unit ExpertCenter EG3408WVAK-BPC515X and Laptop OmniBook 5 Flip 14-FP0558TU,CV. MALILI TEKNO,Direct/Official Channel,31221555.54,3141000.0,6,0.08,0.0,187329333.24,8.94,29571140.68,1650414.86
PO-SYN-000836,2024,Dinas Kependudukan dan Pencatatan Sipil,Laptop,0,"Laptop Intel Ultra 7, 14 inch, 16GB RAM, 512GB SSD, Win 11 Pro",Global Tech Solutions,Direct Procurement,46520254.8,30278130.9,2,0.0,105568950.68,93040509.6,0.5364,44447979.48,2072275.32
PO-SYN-000837,2023,Kantor Kecamatan Malili,Pengadaan Laptop,0,PC Unit ExpertCenter EG3408WVAK-BPC515X and Laptop OmniBook 5 Flip 14-FP0558TU,CV. MALILI TEKNO,mbizmarket.co.id,3141000.0,52296679.05,3,0.07,70741533.41,9423000.0,-0.9399,2921384.16,219615.84
PO-SYN-000838,2022,Rumah Sakit Mutiara Sukma,Leptop,0,AXIOO Mybook Pro F3 (4H9) i3-6157u/4GB/14,CV. MALILI TEKNO,mbizmarket.co.id,14981402.35,3141000.0,10,0.0,0.0,149814023.5,3.7696,11770151.91,3211250.44
PO-SYN-000839,2023,Direktorat Sistem Pengadaan Digital,Laptop,0,AXIOO Mybook Pro F3 (4H9) i3-6157u/4GB/14,Global Komputer,E-Katalog,41036255.48,18179837.59,1,0.16,274995850.09,41036255.48,1.2572,40387611.08,648644.4
PO-SYN-000840,2022,Kantor Inspektorat Kabupaten Lombok Barat,Hardware / Laptop,0,AXIOO Mybook Pro F3 (4H9) i3-6157u/4GB/14,CV. MALILI TEKNO,mbizmarket.co.id,30919382.2,58222402.57,9,0.0,506170333.03,278274439.8,-0.4689,28218290.93,2701091.27
PO-SYN-000841,2024,Rumah Sakit Mutiara Sukma,Leptop,0,"Lenovo Yoga 7i 2in1, Intel Core Ultra 7, 16Gb RAM, 1Tb NVMe, Win 11 Pro",Internal Procurement/Standard Vendor,E-Katalog,27090018.86,3141000.0,2,0.0,300124945.53,54180037.72,7.6246,21441070.49,5648948.37
PO-SYN-000842,2024,Direktorat Operasi,Pengadaan Laptop,0,AXIOO Mybook Pro F3 (4H9) i3-6157u/4GB/14,Internal Procurement/Standard Vendor,mbizmarket.co.id,3141000.0,17564963.44,6,0.01,274494350.93,18846000.0,-0.8212,2517338.1,623661.9
PO-SYN-000843,2023,Rumah Sakit Mutiara Sukma,Komputer/Laptop,0,PC Unit ExpertCenter EG3408WVAK-BPC515X and Laptop OmniBook 5 Flip 14-FP0558TU,CV. MALILI TEKNO,mbizmarket.co.id,24307142.03,13370664.22,1,0.0,269390990.87,24307142.03,0.8179,19545767.32,4761374.71
PO-SYN-000844,2025,Rumah Sakit Mutiara Sukma,Komputer/Laptop,0,"Asus X441MA-GA031T/Celeron N4020/4GB/1TB/14""/Win 10 Home",CV. MALILI TEKNO,E-Katalog,15819474.72,10803490.04,1,0.14,0.0,15819474.72,0.4643,11087388.57,4732086.15
PO-SYN-000845,2025,Direktorat Operasi,Pengadaan Laptop,0,"Laptop Intel Ultra 7, 14 inch, 16GB RAM, 512GB SSD, Win 11 Pro",CV. MALILI TEKNO,E-Katalog,31412860.59,14488531.85,3,0.2,80411002.66,94238581.77,1.1681,23471466.97,7941393.62
PO-SYN-000846,2025,Kantor Inspektorat Kabupaten Lombok Barat,Komputer/Laptop,0,"Asus X441MA-GA031T/Celeron N4020/4GB/1TB/14""/Win 10 Home",Global Tech Solutions,mbizmarket.co.id,3141000.0,14239633.61,4,0.0,137734592.05,12564000.0,-0.7794,2826892.52,314107.48
PO-SYN-000847,2022,Kantor Kecamatan Malili,Laptop,1,AXIOO Mybook Pro F3 (4H9) i3-6157u/4GB/14,CV. MALILI TEKNO,Direct/Official Channel,18997666.13,35386583.86,4,0.18,0.0,75990664.52,-0.4631,20983131.62,-1985465.49
PO-SYN-000848,2021,Kantor Inspektorat Kabupaten Lombok Barat,Electronics/Computers,0,"Laptop Intel Ultra 7, 14 inch, 16GB RAM, 512GB SSD, Win 11 Pro",Sinar Niaga Teknologi,E-Katalog,19760916.44,3141000.0,5,0.27,81331285.03,98804582.2,5.2913,16965995.95,2794920.49
PO-SYN-000849,2024,Kantor Inspektorat Kabupaten Lombok Barat,Laptop,0,AXIOO Mybook Pro F3 (4H9) i3-6157u/4GB/14,Internal Procurement/Standard Vendor,Katalog Elektronik,19761830.12,5929190.48,1,0.0,0.0,19761830.12,2.333,19529818.89,232011.23
PO-SYN-000850,2024,Dinas Kependudukan dan Pencatatan Sipil,Leptop,0,AXIOO Mybook Pro F3 (4H9) i3-6157u/4GB/14,Internal Procurement/Standard Vendor,Direct/Official Channel,16233144.96,12115397.74,5,0.0,0.0,81165724.8,0.3399,15537318.57,695826.39
PO-SYN-000851,2024,Direktorat Sistem Pengadaan Digital,Electronics/Computers,0,"Laptop Intel Ultra 7, 14 inch, 16GB RAM, 512GB SSD, Win 11 Pro",Sinar Niaga Teknologi,mbizmarket.co.id,36452674.81,26376889.79,3,0.04,189358361.21,109358024.43,0.382,37735104.23,-1282429.42
PO-SYN-000852,2025,Kantor Kecamatan Malili,Leptop,0,AXIOO Mybook Pro F3 (4H9) i3-6157u/4GB/14,Global Tech Solutions,mbizmarket.co.id,3141000.0,18711027.01,1,0.04,0.0,3141000.0,-0.8321,3417938.83,-276938.83
PO-SYN-000853,2022,Direktorat Operasi,Hardware / Laptop,0,AXIOO Mybook Pro F3 (4H9) i3-6157u/4GB/14,Sinar Niaga Teknologi,mbizmarket.co.id,17562672.5,3141000.0,2,0.08,518980806.47,35125345.0,4.5914,13424951.27,4137721.23
PO-SYN-000854,2023,Kantor Kecamatan Malili,Hardware / Laptop,0,AXIOO Mybook Pro F3 (4H9) i3-6157u/4GB/14,Internal Procurement/Standard Vendor,E-Katalog,3141000.0,31679525.55,1,0.0,19034402.95,3141000.0,-0.9009,2826320.59,314679.41
PO-SYN-000855,2025,Kantor Kecamatan Malili,Electronics/Computers,0,AXIOO Mybook Pro F3 (4H9) i3-6157u/4GB/14,Global Komputer,mbizmarket.co.id,30449727.02,6433125.13,2,0.03,124466322.91,60899454.04,3.7333,29545195.24,904531.78
PO-SYN-000856,2023,Direktorat Sistem Pengadaan Digital,Pengadaan Laptop,0,"Laptop Intel Ultra 7, 14 inch, 16GB RAM, 512GB SSD, Win 11 Pro",CV. MALILI TEKNO,mbizmarket.co.id,25974821.09,32133860.05,4,0.08,0.0,103899284.36,-0.1917,26687083.93,-712262.84
PO-SYN-000857,2024,Kantor Kecamatan Malili,Electronics/Computers,0,"Laptop Intel Ultra 7, 14 inch, 16GB RAM, 512GB SSD, Win 11 Pro",Sinar Niaga Teknologi,mbizmarket.co.id,26743770.98,30200621.56,1,0.0,0.0,26743770.98,-0.1145,26515609.02,228161.96
PO-SYN-000858,2024,Kantor Kecamatan Malili,Belanja Modal Alat Kantor,0,PC Unit ExpertCenter EG3408WVAK-BPC515X and Laptop OmniBook 5 Flip 14-FP0558TU,Global Komputer,Direct Procurement,36543037.12,11079934.33,5,0.04,53555762.53,182715185.6,2.2981,40774456.86,-4231419.74
PO-SYN-000859,2022,Rumah Sakit Mutiara Sukma,Electronics/Computers,0,"Lenovo Yoga 7i 2in1, Intel Core Ultra 7, 16Gb RAM, 1Tb NVMe, Win 11 Pro",Sinar Niaga Teknologi,mbizmarket.co.id,31465175.14,23413771.72,10,0.0,219874716.02,314651751.4,0.3439,24608233.09,6856942.05
PO-SYN-000860,2022,Dinas Kependudukan dan Pencatatan Sipil,Electronics/Computers,0,"Lenovo Yoga 7i 2in1, Intel Core Ultra 7, 16Gb RAM, 1Tb NVMe, Win 11 Pro",CV. MALILI TEKNO,E-Katalog,3141000.0,17752867.67,3,0.3,38057548.0,9423000.0,-0.8231,2326715.01,814284.99
PO-SYN-000861,2023,Direktorat Operasi,Komputer/Laptop,0,PC Unit ExpertCenter EG3408WVAK-BPC515X and Laptop OmniBook 5 Flip 14-FP0558TU,Sinar Niaga Teknologi,mbizmarket.co.id,23093673.39,3141000.0,2,0.03,291462305.67,46187346.78,6.3523,19074395.73,4019277.66
PO-SYN-000862,2024,Rumah Sakit Mutiara Sukma,Laptop,0,AXIOO Mybook Pro F3 (4H9) i3-6157u/4GB/14,CV. MALILI TEKNO,E-Katalog,9366615.2,15401536.03,1,0.0,165968376.62,9366615.2,-0.3918,6588516.85,2778098.35
PO-SYN-000863,2022,Kantor Kecamatan Malili,Electronics/Computers,0,"Asus X441MA-GA031T/Celeron N4020/4GB/1TB/14""/Win 10 Home",Internal Procurement/Standard Vendor,E-Katalog,10938792.36,3141000.0,4,0.22,0.0,43755169.44,2.4826,8962145.18,1976647.18
PO-SYN-000864,2023,Kantor Kecamatan Malili,Electronics/Computers,0,"Asus X441MA-GA031T/Celeron N4020/4GB/1TB/14""/Win 10 Home",CV. JUMPA KARYA ABADI,Direct Procurement,16060320.51,18199839.86,3,0.0,33787261.07,48180961.53,-0.1176,18444219.61,-2383899.1
PO-SYN-000865,2023,Direktorat Sistem Pengadaan Digital,Belanja Modal Alat Kantor,0,AXIOO Mybook Pro F3 (4H9) i3-6157u/4GB/14,Sinar Niaga Teknologi,Direct/Official Channel,36658813.94,3141000.0,1,0.05,0.0,36658813.94,10.6711,46380442.1,-9721628.16
PO-SYN-000866,2025,Kantor Kecamatan Malili,Komputer/Laptop,0,AXIOO Mybook Pro F3 (4H9) i3-6157u/4GB/14,CV. JUMPA KARYA ABADI,mbizmarket.co.id,7036168.68,17240938.11,4,0.0,0.0,28144674.72,-0.5919,6648310.26,387858.42
PO-SYN-000867,2022,Kantor Kecamatan Malili,Electronics/Computers,0,AXIOO Mybook Pro F3 (4H9) i3-6157u/4GB/14,Sinar Niaga Teknologi,mbizmarket.co.id,36464545.57,12267235.79,1,0.13,94175.45,36464545.57,1.9725,34311003.07,2153542.5
PO-SYN-000868,2025,Direktorat Sistem Pengadaan Digital,Electronics/Computers,0,"Lenovo Yoga 7i 2in1, Intel Core Ultra 7, 16Gb RAM, 1Tb NVMe, Win 11 Pro",CV. MALILI TEKNO,mbizmarket.co.id,20909686.13,30904085.29,10,0.12,386025582.91,209096861.3,-0.3234,20887115.88,22570.25
PO-SYN-000869,2022,Dinas Kependudukan dan Pencatatan Sipil,Pengadaan Laptop,1,AXIOO Mybook Pro F3 (4H9) i3-6157u/4GB/14,Global Komputer,Direct/Official Channel,3141000.0,18984479.58,3,0.0,40349212.51,9423000.0,-0.8345,3055985.74,85014.26
PO-SYN-000870,2022,Kantor Kecamatan Malili,Laptop,0,"Asus X441MA-GA031T/Celeron N4020/4GB/1TB/14""/Win 10 Home",Global Komputer,Direct Procurement,24638274.83,26420683.73,3,0.0,0.0,73914824.49,-0.0675,26119237.66,-1480962.83
PO-SYN-000871,2023,Direktorat Sistem Pengadaan Digital,Leptop,1,"Lenovo Yoga 7i 2in1, Intel Core Ultra 7, 16Gb RAM, 1Tb NVMe, Win 11 Pro",Global Tech Solutions,mbizmarket.co.id,49816055.94,18162025.37,2,0.0,750000000.0,99632111.88,1.7429,48313983.1,1502072.84
PO-SYN-000872,2023,Rumah Sakit Mutiara Sukma,Leptop,0,AXIOO Mybook Pro F3 (4H9) i3-6157u/4GB/14,Internal Procurement/Standard Vendor,E-Katalog,10687417.42,24932438.13,4,0.13,553737733.91,42749669.68,-0.5713,8232038.92,2455378.5
PO-SYN-000873,2022,Dinas Kependudukan dan Pencatatan Sipil,Laptop,0,AXIOO Mybook Pro F3 (4H9) i3-6157u/4GB/14,CV. MALILI TEKNO,E-Katalog,3141000.0,13612446.3,3,0.25,0.0,9423000.0,-0.7693,2614351.89,526648.11
PO-SYN-000874,2023,Kantor Inspektorat Kabupaten Lombok Barat,Komputer/Laptop,0,"Laptop Intel Ultra 7, 14 inch, 16GB RAM, 512GB SSD, Win 11 Pro",Sinar Niaga Teknologi,E-Katalog,21448075.47,32032755.17,2,0.0,280140899.98,42896150.94,-0.3304,18548706.19,2899369.28
PO-SYN-000875,2023,Direktorat Sistem Pengadaan Digital,Hardware / Laptop,1,"Laptop Intel Ultra 7, 14 inch, 16GB RAM, 512GB SSD, Win 11 Pro",Global Komputer,mbizmarket.co.id,35450216.67,17711855.19,1,0.0,297876192.11,35450216.67,1.0015,37101083.53,-1650866.86
PO-SYN-000876,2025,Direktorat Operasi,Pengadaan Laptop,0,"Laptop Intel Ultra 7, 14 inch, 16GB RAM, 512GB SSD, Win 11 Pro",CV. JUMPA KARYA ABADI,E-Katalog,3141000.0,8873863.74,1,0.0,0.0,3141000.0,-0.646,2182327.1,958672.9
PO-SYN-000877,2023,Direktorat Operasi,Hardware / Laptop,0,HP240R G9 CORE 7 150U 16GB 512SSD WIN11HOME FHD FP,Sinar Niaga Teknologi,Katalog Elektronik,10976759.06,5506650.89,1,0.24,410026508.62,10976759.06,0.9934,8449577.99,2527181.07
PO-SYN-000878,2023,Direktorat Operasi,Komputer/Laptop,0,"Laptop Intel Ultra 7, 14 inch, 16GB RAM, 512GB SSD, Win 11 Pro",CV. JUMPA KARYA ABADI,E-Katalog,23083256.39,24959834.55,6,0.0,368488952.17,138499538.34,-0.0752,16536044.17,6547212.22
PO-SYN-000879,2021,Rumah Sakit Mutiara Sukma,Electronics/Computers,0,"Asus X441MA-GA031T/Celeron N4020/4GB/1TB/14""/Win 10 Home",Internal Procurement/Standard Vendor,mbizmarket.co.id,3141000.0,30119780.46,7,0.3,0.0,21987000.0,-0.8957,2611452.44,529547.56
PO-SYN-000880,2025,Direktorat Sistem Pengadaan Digital,Hardware / Laptop,0,AXIOO Mybook Pro F3 (4H9) i3-6157u/4GB/14,Sinar Niaga Teknologi,Direct Procurement,11024092.06,31116231.47,1,0.0,0.0,11024092.06,-0.6457,13247293.46,-2223201.4
PO-SYN-000881,2021,Kantor Inspektorat Kabupaten Lombok Barat,Leptop,0,AXIOO Mybook Pro F3 (4H9) i3-6157u/4GB/14,Sinar Niaga Teknologi,E-Katalog,6935919.62,29024730.07,6,0.09,504850589.94,41615517.72,-0.761,5929022.21,1006897.41
PO-SYN-000882,2025,Kantor Kecamatan Malili,Komputer/Laptop,0,"Laptop Intel Ultra 7, 14 inch, 16GB RAM, 512GB SSD, Win 11 Pro",CV. MALILI TEKNO,E-Katalog,3141000.0,40875406.32,1,0.12,493185919.58,3141000.0,-0.9232,2900958.11,240041.89
PO-SYN-000883,2024,Kantor Inspektorat Kabupaten Lombok Barat,Belanja Modal Alat Kantor,0,AXIOO Mybook Pro F3 (4H9) i3-6157u/4GB/14,Internal Procurement/Standard Vendor,Katalog Elektronik,3141000.0,3141000.0,7,0.01,106336472.85,21987000.0,0.0,2968929.76,172070.24
PO-SYN-000884,2025,Rumah Sakit Mutiara Sukma,Belanja Modal Alat Kantor,1,AXIOO Mybook Pro F3 (4H9) i3-6157u/4GB/14,Global Tech Solutions,E-Katalog,30576261.06,22626701.53,2,0.0,307850748.83,61152522.12,0.3513,23605977.3,6970283.76
PO-SYN-000885,2021,Kantor Kecamatan Malili,Belanja Modal Alat Kantor,1,AXIOO Mybook Pro F3 (4H9) i3-6157u/4GB/14,CV. MALILI TEKNO,mbizmarket.co.id,13719748.06,36142954.15,2,0.0,0.0,27439496.12,-0.6204,12599106.66,1120641.4
PO-SYN-000886,2022,Kantor Kecamatan Malili,Electronics/Computers,0,AXIOO Mybook Pro F3 (4H9) i3-6157u/4GB/14,Global Komputer,Direct/Official Channel,13452659.05,38693923.57,1,0.05,0.0,13452659.05,-0.6523,14566223.28,-1113564.23
PO-SYN-000887,2025,Kantor Kecamatan Malili,Electronics/Computers,0,AXIOO Mybook Pro F3 (4H9) i3-6157u/4GB/14,CV. JUMPA KARYA ABADI,mbizmarket.co.id,3141000.0,14225015.88,2,0.09,143543394.75,6282000.0,-0.7792,2851131.71,289868.29
PO-SYN-000888,2021,Kantor Kecamatan Malili,Electronics/Computers,1,PC Unit ExpertCenter EG3408WVAK-BPC515X and Laptop OmniBook 5 Flip 14-FP0558TU,CV. JUMPA KARYA ABADI,mbizmarket.co.id,37432458.28,21474199.02,3,0.03,0.0,112297374.84,0.7431,36537316.64,895141.64
PO-SYN-000889,2023,Rumah Sakit Mutiara Sukma,Belanja Modal Alat Kantor,0,PC Unit ExpertCenter EG3408WVAK-BPC515X and Laptop OmniBook 5 Flip 14-FP0558TU,Internal Procurement/Standard Vendor,mbizmarket.co.id,26674495.62,3141000.0,1,0.0,152058783.68,26674495.62,7.4924,22707092.68,3967402.94
PO-SYN-000890,2023,Direktorat Sistem Pengadaan Digital,Belanja Modal Alat Kantor,0,AXIOO Mybook Pro F3 (4H9) i3-6157u/4GB/14,Internal Procurement/Standard Vendor,Katalog Elektronik,4626343.73,9557184.0,1,0.0,0.0,4626343.73,-0.5159,5007505.5,-381161.77
PO-SYN-000891,2024,Kantor Inspektorat Kabupaten Lombok Barat,Pengadaan Laptop,0,"Asus X441MA-GA031T/Celeron N4020/4GB/1TB/14""/Win 10 Home",CV. JUMPA KARYA ABADI,Katalog Elektronik,3141000.0,25133968.31,1,0.0,427025.88,3141000.0,-0.875,3099941.24,41058.76
PO-SYN-000892,2021,Kantor Inspektorat Kabupaten Lombok Barat,Electronics/Computers,0,"Laptop Intel Ultra 7, 14 inch, 16GB RAM, 512GB SSD, Win 11 Pro",Global Komputer,mbizmarket.co.id,13410372.28,3141000.0,1,0.03,244644180.02,13410372.28,3.2695,12234222.63,1176149.65
PO-SYN-000893,2025,Rumah Sakit Mutiara Sukma,Komputer/Laptop,0,"Laptop Intel Ultra 7, 14 inch, 16GB RAM, 512GB SSD, Win 11 Pro",Global Komputer,mbizmarket.co.id,21229874.7,37491484.07,1,0.12,0.0,21229874.7,-0.4337,16283013.58,4946861.12
PO-SYN-000894,2021,Dinas Kependudukan dan Pencatatan Sipil,Laptop,0,HP240R G9 CORE 7 150U 16GB 512SSD WIN11HOME FHD FP,CV. MALILI TEKNO,mbizmarket.co.id,3141000.0,13311264.26,2,0.04,101756351.56,6282000.0,-0.764,2514768.25,626231.75
PO-SYN-000895,2023,Direktorat Sistem Pengadaan Digital,Belanja Modal Alat Kantor,0,AXIOO Mybook Pro F3 (4H9) i3-6157u/4GB/14,CV. JUMPA KARYA ABADI,Direct Procurement,14905105.06,3141000.0,7,0.0,0.0,104335735.42,3.7453,19257920.58,-4352815.52
PO-SYN-000896,2024,Kantor Kecamatan Malili,Electronics/Computers,0,"Asus X441MA-GA031T/Celeron N4020/4GB/1TB/14""/Win 10 Home",Internal Procurement/Standard Vendor,E-Katalog,3141000.0,3141000.0,1,0.02,197486963.44,3141000.0,0.0,2941088.49,199911.51
PO-SYN-000897,2022,Direktorat Operasi,Electronics/Computers,0,AXIOO Mybook Pro F3 (4H9) i3-6157u/4GB/14,CV. MALILI TEKNO,mbizmarket.co.id,63000000.0,3141000.0,4,0.0,0.0,252000000.0,19.0573,48082136.38,14917863.62
PO-SYN-000898,2025,Dinas Kependudukan dan Pencatatan Sipil,Electronics/Computers,1,HP240R G9 CORE 7 150U 16GB 512SSD WIN11HOME FHD FP,CV. MALILI TEKNO,mbizmarket.co.id,3141000.0,46278934.62,5,0.03,435522432.88,15705000.0,-0.9321,2437637.18,703362.82
PO-SYN-000899,2023,Rumah Sakit Mutiara Sukma,Laptop,0,"Laptop Intel Ultra 7, 14 inch, 16GB RAM, 512GB SSD, Win 11 Pro",Internal Procurement/Standard Vendor,E-Katalog,3141000.0,3141000.0,1,0.05,112365145.74,3141000.0,0.0,2377273.53,763726.47
PO-SYN-000900,2021,Rumah Sakit Mutiara Sukma,Laptop,0,"Asus X441MA-GA031T/Celeron N4020/4GB/1TB/14""/Win 10 Home",Global Tech Solutions,E-Katalog,3141000.0,31449312.52,3,0.11,0.0,9423000.0,-0.9001,2396404.29,744595.71
PO-SYN-000901,2021,Dinas Kependudukan dan Pencatatan Sipil,Hardware / Laptop,0,AXIOO Mybook Pro F3 (4H9) i3-6157u/4GB/14,CV. MALILI TEKNO,Katalog Elektronik,3141000.0,11250493.47,4,0.04,0.0,12564000.0,-0.7208,2682617.62,458382.38
PO-SYN-000902,2022,Kantor Inspektorat Kabupaten Lombok Barat,Electronics/Computers,0,"Laptop Intel Ultra 7, 14 inch, 16GB RAM, 512GB SSD, Win 11 Pro",Internal Procurement/Standard Vendor,Direct/Official Channel,3141000.0,37289707.52,2,0.15,0.0,6282000.0,-0.9158,3112070.97,28929.03
PO-SYN-000903,2022,Direktorat Operasi,Laptop,0,HP240R G9 CORE 7 150U 16GB 512SSD WIN11HOME FHD FP,Internal Procurement/Standard Vendor,E-Katalog,4759870.91,32677907.63,1,0.1,0.0,4759870.91,-0.8543,3159478.55,1600392.36
PO-SYN-000904,2022,Kantor Kecamatan Malili,Komputer/Laptop,0,AXIOO Mybook Pro F3 (4H9) i3-6157u/4GB/14,Global Komputer,mbizmarket.co.id,8186821.05,3141000.0,3,0.0,325476208.93,24560463.15,1.6064,7868961.9,317859.15
PO-SYN-000905,2025,Kantor Inspektorat Kabupaten Lombok Barat,Electronics/Computers,0,PC Unit ExpertCenter EG3408WVAK-BPC515X and Laptop OmniBook 5 Flip 14-FP0558TU,Sinar Niaga Teknologi,mbizmarket.co.id,15128619.07,28971523.91,6,0.03,0.0,90771714.42,-0.4778,12345809.99,2782809.08
PO-SYN-000906,2021,Dinas Kependudukan dan Pencatatan Sipil,Belanja Modal Alat Kantor,1,AXIOO Mybook Pro F3 (4H9) i3-6157u/4GB/14,Global Tech Solutions,Direct Procurement,6141043.6,7550718.86,3,0.0,263845310.12,18423130.8,-0.1867,5837011.71,304031.89
PO-SYN-000907,2023,Dinas Kependudukan dan Pencatatan Sipil,Hardware / Laptop,0,AXIOO Mybook Pro F3 (4H9) i3-6157u/4GB/14,Internal Procurement/Standard Vendor,E-Katalog,17259581.01,37857069.13,4,0.02,0.0,69038324.04,-0.5441,13121844.31,4137736.7
PO-SYN-000908,2023,Direktorat Sistem Pengadaan Digital,Belanja Modal Alat Kantor,1,HP240R G9 CORE 7 150U 16GB 512SSD WIN11HOME FHD FP,CV. JUMPA KARYA ABADI,Direct Procurement,3232171.74,8832923.7,5,0.01,0.0,16160858.7,-0.6341,4210749.05,-978577.31
PO-SYN-000909,2023,Direktorat Sistem Pengadaan Digital,Electronics/Computers,0,AXIOO Mybook Pro F3 (4H9) i3-6157u/4GB/14,Global Tech Solutions,Direct/Official Channel,23923654.22,3141000.0,1,0.04,527066008.82,23923654.22,6.6166,26313355.96,-2389701.74
PO-SYN-000910,2025,Direktorat Sistem Pengadaan Digital,Leptop,0,HP240R G9 CORE 7 150U 16GB 512SSD WIN11HOME FHD FP,CV. JUMPA KARYA ABADI,Direct/Official Channel,35520634.65,41482978.98,1,0.0,0.0,35520634.65,-0.1437,40939577.46,-5418942.81
PO-SYN-000911,2021,Dinas Kependudukan dan Pencatatan Sipil,Hardware / Laptop,0,"Lenovo Yoga 7i 2in1, Intel Core Ultra 7, 16Gb RAM, 1Tb NVMe, Win 11 Pro",CV. MALILI TEKNO,mbizmarket.co.id,17621082.19,29034752.34,6,0.0,0.0,105726493.14,-0.3931,14778304.99,2842777.2
PO-SYN-000912,2024,Dinas Kependudukan dan Pencatatan Sipil,Komputer/Laptop,0,"Lenovo Yoga 7i 2in1, Intel Core Ultra 7, 16Gb RAM, 1Tb NVMe, Win 11 Pro",CV. MALILI TEKNO,mbizmarket.co.id,23456511.26,22132328.27,1,0.04,478094353.07,23456511.26,0.0598,20069112.82,3387398.44
PO-SYN-000913,2023,Kantor Inspektorat Kabupaten Lombok Barat,Pengadaan Laptop,0,HP240R G9 CORE 7 150U 16GB 512SSD WIN11HOME FHD FP,CV. MALILI TEKNO,Katalog Elektronik,11668089.08,9519562.35,2,0.2,38276352.35,23336178.16,0.2257,10615218.09,1052870.99
PO-SYN-000914,2024,Direktorat Sistem Pengadaan Digital,Belanja Modal Alat Kantor,1,AXIOO Mybook Pro F3 (4H9) i3-6157u/4GB/14,Global Tech Solutions,E-Katalog,9742343.24,36426820.39,9,0.08,107164813.52,87681089.16,-0.7326,9354153.91,388189.33
PO-SYN-000915,2023,Kantor Kecamatan Malili,Komputer/Laptop,1,"Laptop Intel Ultra 7, 14 inch, 16GB RAM, 512GB SSD, Win 11 Pro",Internal Procurement/Standard Vendor,Katalog Elektronik,3141000.0,30473359.74,3,0.07,0.0,9423000.0,-0.8969,3024987.94,116012.06
PO-SYN-000916,2021,Kantor Kecamatan Malili,Belanja Modal Alat Kantor,0,AXIOO Mybook Pro F3 (4H9) i3-6157u/4GB/14,Global Tech Solutions,mbizmarket.co.id,11002461.72,35125182.05,1,0.25,197287809.02,11002461.72,-0.6868,9946040.25,1056421.47
PO-SYN-000917,2021,Kantor Kecamatan Malili,Laptop,0,"Asus X441MA-GA031T/Celeron N4020/4GB/1TB/14""/Win 10 Home",CV. MALILI TEKNO,E-Katalog,15995635.76,6970858.68,1,0.2,267783182.32,15995635.76,1.2946,14828475.28,1167160.48
PO-SYN-000918,2022,Rumah Sakit Mutiara Sukma,Laptop,0,"Laptop Intel Ultra 7, 14 inch, 16GB RAM, 512GB SSD, Win 11 Pro",Global Tech Solutions,Direct Procurement,21191579.99,3141000.0,1,0.12,0.0,21191579.99,5.7468,17365709.74,3825870.25
PO-SYN-000919,2022,Dinas Kependudukan dan Pencatatan Sipil,Pengadaan Laptop,1,AXIOO Mybook Pro F3 (4H9) i3-6157u/4GB/14,Global Tech Solutions,mbizmarket.co.id,14253465.79,15550551.71,3,0.11,250815229.64,42760397.37,-0.0834,12121522.44,2131943.35
PO-SYN-000920,2023,Direktorat Operasi,Pengadaan Laptop,0,"Laptop Intel Ultra 7, 14 inch, 16GB RAM, 512GB SSD, Win 11 Pro",Global Komputer,Direct Procurement,39400415.07,3141000.0,4,0.09,0.0,157601660.28,11.5439,33519940.2,5880474.87
PO-SYN-000921,2023,Direktorat Sistem Pengadaan Digital,Belanja Modal Alat Kantor,0,"Lenovo Yoga 7i 2in1, Intel Core Ultra 7, 16Gb RAM, 1Tb NVMe, Win 11 Pro",CV. MALILI TEKNO,mbizmarket.co.id,5082368.79,6804851.46,5,0.0,0.0,25411843.95,-0.2531,5049363.52,33005.27
PO-SYN-000922,2025,Kantor Kecamatan Malili,Hardware / Laptop,0,"Laptop Intel Ultra 7, 14 inch, 16GB RAM, 512GB SSD, Win 11 Pro",Internal Procurement/Standard Vendor,Direct Procurement,38041125.19,18155177.5,2,0.02,420258431.37,76082250.38,1.0953,41292473.97,-3251348.78
PO-SYN-000923,2022,Direktorat Operasi,Laptop,0,AXIOO Mybook Pro F3 (4H9) i3-6157u/4GB/14,CV. MALILI TEKNO,Direct/Official Channel,41521161.44,21477450.72,2,0.29,0.0,83042322.88,0.9332,36498837.45,5022323.99
PO-SYN-000924,2024,Dinas Kependudukan dan Pencatatan Sipil,Belanja Modal Alat Kantor,1,AXIOO Mybook Pro F3 (4H9) i3-6157u/4GB/14,CV. JUMPA KARYA ABADI,Direct/Official Channel,3141000.0,33961503.24,8,0.2,402623830.34,25128000.0,-0.9075,2966559.5,174440.5
PO-SYN-000925,2021,Dinas Kependudukan dan Pencatatan Sipil,Leptop,1,PC Unit ExpertCenter EG3408WVAK-BPC515X and Laptop OmniBook 5 Flip 14-FP0558TU,CV. MALILI TEKNO,Direct/Official Channel,11811752.19,3141000.0,9,0.08,0.0,106305769.71,2.7605,12015265.3,-203513.11
PO-SYN-000926,2025,Kantor Kecamatan Malili,Leptop,0,"Asus X441MA-GA031T/Celeron N4020/4GB/1TB/14""/Win 10 Home",CV. JUMPA KARYA ABADI,E-Katalog,3141000.0,24777393.12,2,0.1,69274617.91,6282000.0,-0.8732,2630439.55,510560.45
PO-SYN-000927,2021,Kantor Kecamatan Malili,Leptop,0,AXIOO Mybook Pro F3 (4H9) i3-6157u/4GB/14,Global Tech Solutions,mbizmarket.co.id,19603766.92,35583532.15,2,0.11,0.0,39207533.84,-0.4491,18903980.41,699786.51
PO-SYN-000928,2023,Kantor Kecamatan Malili,Electronics/Computers,0,"Laptop Intel Ultra 7, 14 inch, 16GB RAM, 512GB SSD, Win 11 Pro",Global Tech Solutions,E-Katalog,7228830.06,30504150.26,3,0.1,367350702.04,21686490.18,-0.763,6753061.09,475768.97
PO-SYN-000929,2022,Kantor Inspektorat Kabupaten Lombok Barat,Electronics/Computers,0,HP240R G9 CORE 7 150U 16GB 512SSD WIN11HOME FHD FP,Global Tech Solutions,mbizmarket.co.id,23095577.43,3141000.0,2,0.0,0.0,46191154.86,6.3529,20294437.11,2801140.32
PO-SYN-000930,2021,Direktorat Sistem Pengadaan Digital,Leptop,0,"Lenovo Yoga 7i 2in1, Intel Core Ultra 7, 16Gb RAM, 1Tb NVMe, Win 11 Pro",Global Tech Solutions,Direct Procurement,3141000.0,3141000.0,1,0.05,0.0,3141000.0,0.0,3762542.01,-621542.01
PO-SYN-000931,2023,Kantor Kecamatan Malili,Komputer/Laptop,0,"Asus X441MA-GA031T/Celeron N4020/4GB/1TB/14""/Win 10 Home",CV. MALILI TEKNO,Direct Procurement,51857550.35,35149302.81,8,0.07,388011366.51,414860402.8,0.4754,56363485.2,-4505934.85
PO-SYN-000932,2025,Rumah Sakit Mutiara Sukma,Laptop,1,"Asus X441MA-GA031T/Celeron N4020/4GB/1TB/14""/Win 10 Home",Internal Procurement/Standard Vendor,Direct/Official Channel,6878312.58,3141000.0,6,0.19,0.0,41269875.48,1.1898,6198302.0,680010.58
PO-SYN-000933,2021,Direktorat Sistem Pengadaan Digital,Electronics/Computers,0,"Lenovo Yoga 7i 2in1, Intel Core Ultra 7, 16Gb RAM, 1Tb NVMe, Win 11 Pro",Internal Procurement/Standard Vendor,Direct/Official Channel,4942372.81,24374107.89,6,0.0,191741003.07,29654236.86,-0.7972,5675303.3,-732930.49
PO-SYN-000934,2022,Dinas Kependudukan dan Pencatatan Sipil,Laptop,0,AXIOO Mybook Pro F3 (4H9) i3-6157u/4GB/14,Global Komputer,mbizmarket.co.id,20272249.15,25658585.36,2,0.02,30360395.04,40544498.3,-0.2099,17845574.62,2426674.53
PO-SYN-000935,2022,Kantor Inspektorat Kabupaten Lombok Barat,Komputer/Laptop,0,AXIOO Mybook Pro F3 (4H9) i3-6157u/4GB/14,Global Komputer,Direct Procurement,25669979.08,21647175.04,1,0.0,318406495.44,25669979.08,0.1858,26897709.44,-1227730.36
PO-SYN-000936,2024,Kantor Inspektorat Kabupaten Lombok Barat,Hardware / Laptop,0,"Lenovo Yoga 7i 2in1, Intel Core Ultra 7, 16Gb RAM, 1Tb NVMe, Win 11 Pro",CV. MALILI TEKNO,mbizmarket.co.id,29925925.78,47658418.37,6,0.04,0.0,179555554.68,-0.3721,23376682.89,6549242.89
PO-SYN-000937,2024,Rumah Sakit Mutiara Sukma,Hardware / Laptop,0,"Lenovo Yoga 7i 2in1, Intel Core Ultra 7, 16Gb RAM, 1Tb NVMe, Win 11 Pro",Global Tech Solutions,E-Katalog,15291436.65,12450343.09,4,0.01,2784182.35,61165746.6,0.2282,10465532.73,4825903.92
PO-SYN-000938,2022,Direktorat Operasi,Electronics/Computers,0,PC Unit ExpertCenter EG3408WVAK-BPC515X and Laptop OmniBook 5 Flip 14-FP0558TU,Global Tech Solutions,Direct/Official Channel,3141000.0,25955676.47,8,0.02,170607040.04,25128000.0,-0.879,2944637.14,196362.86
PO-SYN-000939,2021,Direktorat Operasi,Leptop,1,"Laptop Intel Ultra 7, 14 inch, 16GB RAM, 512GB SSD, Win 11 Pro",CV. JUMPA KARYA ABADI,E-Katalog,3934261.85,24107597.92,1,0.12,124933674.41,3934261.85,-0.8368,2940995.43,993266.42
PO-SYN-000940,2025,Kantor Kecamatan Malili,Belanja Modal Alat Kantor,0,AXIOO Mybook Pro F3 (4H9) i3-6157u/4GB/14,CV. MALILI TEKNO,mbizmarket.co.id,4434418.43,29831991.23,9,0.0,0.0,39909765.87,-0.8514,4331331.4,103087.03
PO-SYN-000941,2023,Rumah Sakit Mutiara Sukma,Hardware / Laptop,0,"Laptop Intel Ultra 7, 14 inch, 16GB RAM, 512GB SSD, Win 11 Pro",CV. JUMPA KARYA ABADI,mbizmarket.co.id,32168600.35,8520985.97,1,0.17,282635044.26,32168600.35,2.7752,23590075.67,8578524.68
PO-SYN-000942,2024,Direktorat Operasi,Hardware / Laptop,0,"Asus X441MA-GA031T/Celeron N4020/4GB/1TB/14""/Win 10 Home",Global Tech Solutions,Direct/Official Channel,7528295.8,44321398.38,7,0.13,40137451.0,52698070.6,-0.8301,6764776.36,763519.44
PO-SYN-000943,2025,Kantor Kecamatan Malili,Komputer/Laptop,1,"Laptop Intel Ultra 7, 14 inch, 16GB RAM, 512GB SSD, Win 11 Pro",CV. MALILI TEKNO,E-Katalog,15953574.82,36919078.68,1,0.0,347301980.39,15953574.82,-0.5679,14373477.11,1580097.71
PO-SYN-000944,2023,Direktorat Operasi,Electronics/Computers,0,HP240R G9 CORE 7 150U 16GB 512SSD WIN11HOME FHD FP,CV. JUMPA KARYA ABADI,E-Katalog,42634044.03,6637086.89,2,0.0,87640539.35,85268088.06,5.4236,29080358.63,13553685.4
PO-SYN-000945,2025,Rumah Sakit Mutiara Sukma,Hardware / Laptop,0,"Asus X441MA-GA031T/Celeron N4020/4GB/1TB/14""/Win 10 Home",Internal Procurement/Standard Vendor,E-Katalog,9648308.03,3141000.0,5,0.1,0.0,48241540.15,2.0717,7731637.36,1916670.67
PO-SYN-000946,2021,Direktorat Operasi,Laptop,0,"Laptop Intel Ultra 7, 14 inch, 16GB RAM, 512GB SSD, Win 11 Pro",CV. MALILI TEKNO,Direct Procurement,62412887.84,18709801.51,1,0.3,0.0,62412887.84,2.3358,57469678.05,4943209.79
PO-SYN-000947,2022,Direktorat Sistem Pengadaan Digital,Belanja Modal Alat Kantor,1,"Asus X441MA-GA031T/Celeron N4020/4GB/1TB/14""/Win 10 Home",Global Tech Solutions,E-Katalog,21442912.28,40568693.4,4,0.0,0.0,85771649.12,-0.4714,20199477.22,1243435.06
PO-SYN-000948,2021,Kantor Kecamatan Malili,Laptop,0,AXIOO Mybook Pro F3 (4H9) i3-6157u/4GB/14,Global Komputer,E-Katalog,3141000.0,18740406.24,1,0.0,410700977.57,3141000.0,-0.8324,2765620.47,375379.53
PO-SYN-000949,2024,Kantor Kecamatan Malili,Hardware / Laptop,0,"Laptop Intel Ultra 7, 14 inch, 16GB RAM, 512GB SSD, Win 11 Pro",CV. MALILI TEKNO,E-Katalog,3141000.0,15104645.47,3,0.0,171600362.98,9423000.0,-0.7921,2687698.12,453301.88
PO-SYN-000950,2024,Direktorat Sistem Pengadaan Digital,Pengadaan Laptop,0,AXIOO Mybook Pro F3 (4H9) i3-6157u/4GB/14,Global Komputer,mbizmarket.co.id,48512496.29,26751688.94,1,0.0,58557356.15,48512496.29,0.8134,51241243.97,-2728747.68
PO-SYN-000951,2025,Kantor Inspektorat Kabupaten Lombok Barat,Hardware / Laptop,0,"Asus X441MA-GA031T/Celeron N4020/4GB/1TB/14""/Win 10 Home",CV. MALILI TEKNO,mbizmarket.co.id,17817215.57,14281876.84,3,0.0,0.0,53451646.71,0.2475,14291099.64,3526115.93
PO-SYN-000952,2024,Dinas Kependudukan dan Pencatatan Sipil,Laptop,0,AXIOO Mybook Pro F3 (4H9) i3-6157u/4GB/14,CV. MALILI TEKNO,mbizmarket.co.id,35479723.08,22963180.28,1,0.23,108263507.44,35479723.08,0.5451,28244279.63,7235443.45
PO-SYN-000953,2025,Rumah Sakit Mutiara Sukma,Pengadaan Laptop,1,HP240R G9 CORE 7 150U 16GB 512SSD WIN11HOME FHD FP,CV. JUMPA KARYA ABADI,mbizmarket.co.id,33411795.12,24633133.09,4,0.0,202371019.4,133647180.48,0.3564,26489562.01,6922233.11
PO-SYN-000954,2022,Kantor Kecamatan Malili,Belanja Modal Alat Kantor,0,"Laptop Intel Ultra 7, 14 inch, 16GB RAM, 512GB SSD, Win 11 Pro",Global Tech Solutions,Direct Procurement,28094838.72,3141000.0,1,0.21,0.0,28094838.72,7.9446,30726314.33,-2631475.61
PO-SYN-000955,2023,Direktorat Operasi,Belanja Modal Alat Kantor,0,AXIOO Mybook Pro F3 (4H9) i3-6157u/4GB/14,CV. MALILI TEKNO,E-Katalog,10349563.21,3141000.0,1,0.0,120909313.2,10349563.21,2.295,7602887.39,2746675.82
PO-SYN-000956,2025,Direktorat Sistem Pengadaan Digital,Belanja Modal Alat Kantor,0,PC Unit ExpertCenter EG3408WVAK-BPC515X and Laptop OmniBook 5 Flip 14-FP0558TU,CV. JUMPA KARYA ABADI,mbizmarket.co.id,15706941.86,18659904.79,6,0.01,0.0,94241651.16,-0.1583,15870953.06,-164011.2
PO-SYN-000957,2022,Kantor Kecamatan Malili,Komputer/Laptop,0,"Asus X441MA-GA031T/Celeron N4020/4GB/1TB/14""/Win 10 Home",Sinar Niaga Teknologi,E-Katalog,28508557.71,41693980.19,1,0.04,173337574.18,28508557.71,-0.3162,24464517.92,4044039.79
PO-SYN-000958,2022,Kantor Inspektorat Kabupaten Lombok Barat,Electronics/Computers,0,HP240R G9 CORE 7 150U 16GB 512SSD WIN11HOME FHD FP,Sinar Niaga Teknologi,mbizmarket.co.id,18628756.88,3141000.0,1,0.07,0.0,18628756.88,4.9308,16850487.92,1778268.96
PO-SYN-000959,2025,Kantor Inspektorat Kabupaten Lombok Barat,Laptop,0,"Laptop Intel Ultra 7, 14 inch, 16GB RAM, 512GB SSD, Win 11 Pro",Sinar Niaga Teknologi,mbizmarket.co.id,17951540.36,3141000.0,2,0.0,445867498.79,35903080.72,4.7152,14985447.48,2966092.88
PO-SYN-000960,2024,Kantor Kecamatan Malili,Hardware / Laptop,0,"Laptop Intel Ultra 7, 14 inch, 16GB RAM, 512GB SSD, Win 11 Pro",CV. MALILI TEKNO,E-Katalog,14807100.18,3141000.0,4,0.0,0.0,59228400.72,3.7141,13940583.58,866516.6
PO-SYN-000961,2024,Direktorat Operasi,Leptop,0,"Laptop Intel Ultra 7, 14 inch, 16GB RAM, 512GB SSD, Win 11 Pro",CV. JUMPA KARYA ABADI,Katalog Elektronik,18788080.78,26628591.39,1,0.0,113491234.02,18788080.78,-0.2944,14808747.15,3979333.63
PO-SYN-000962,2023,Direktorat Sistem Pengadaan Digital,Leptop,0,AXIOO Mybook Pro F3 (4H9) i3-6157u/4GB/14,CV. JUMPA KARYA ABADI,mbizmarket.co.id,29340897.24,16591202.86,3,0.0,574664823.29,88022691.72,0.7685,29823007.62,-482110.38
PO-SYN-000963,2022,Kantor Kecamatan Malili,Komputer/Laptop,0,PC Unit ExpertCenter EG3408WVAK-BPC515X and Laptop OmniBook 5 Flip 14-FP0558TU,CV. MALILI TEKNO,Direct/Official Channel,30598605.8,3867930.93,3,0.0,202778051.67,91795817.4,6.9108,32970885.81,-2372280.01
PO-SYN-000964,2024,Kantor Kecamatan Malili,Electronics/Computers,1,PC Unit ExpertCenter EG3408WVAK-BPC515X and Laptop OmniBook 5 Flip 14-FP0558TU,Internal Procurement/Standard Vendor,E-Katalog,18783836.92,29679578.98,1,0.0,204138984.28,18783836.92,-0.3671,18740442.03,43394.89
PO-SYN-000965,2024,Kantor Kecamatan Malili,Leptop,0,"Laptop Intel Ultra 7, 14 inch, 16GB RAM, 512GB SSD, Win 11 Pro",Global Tech Solutions,mbizmarket.co.id,15827073.94,27881961.97,2,0.23,0.0,31654147.88,-0.4324,15354469.11,472604.83
PO-SYN-000966,2021,Direktorat Operasi,Pengadaan Laptop,0,PC Unit ExpertCenter EG3408WVAK-BPC515X and Laptop OmniBook 5 Flip 14-FP0558TU,CV. MALILI TEKNO,E-Katalog,3141000.0,3141000.0,3,0.04,11987858.62,9423000.0,0.0,2301197.99,839802.01
PO-SYN-000967,2022,Kantor Inspektorat Kabupaten Lombok Barat,Laptop,0,PC Unit ExpertCenter EG3408WVAK-BPC515X and Laptop OmniBook 5 Flip 14-FP0558TU,Global Komputer,Katalog Elektronik,63000000.0,13591750.53,4,0.0,162172221.55,252000000.0,3.6352,56688574.98,6311425.02
PO-SYN-000968,2022,Dinas Kependudukan dan Pencatatan Sipil,Belanja Modal Alat Kantor,0,PC Unit ExpertCenter EG3408WVAK-BPC515X and Laptop OmniBook 5 Flip 14-FP0558TU,CV. MALILI TEKNO,Direct Procurement,11011413.94,48539859.03,6,0.04,0.0,66068483.64,-0.7731,10602289.38,409124.56
PO-SYN-000969,2024,Direktorat Sistem Pengadaan Digital,Electronics/Computers,0,HP240R G9 CORE 7 150U 16GB 512SSD WIN11HOME FHD FP,CV. MALILI TEKNO,E-Katalog,63000000.0,14054682.49,6,0.18,142425691.63,378000000.0,3.4825,57837279.31,5162720.69
PO-SYN-000970,2021,Kantor Kecamatan Malili,Komputer/Laptop,1,AXIOO Mybook Pro F3 (4H9) i3-6157u/4GB/14,CV. JUMPA KARYA ABADI,Direct Procurement,3141000.0,29447202.97,1,0.05,0.0,3141000.0,-0.8933,3495167.31,-354167.31
PO-SYN-000971,2021,Direktorat Operasi,Komputer/Laptop,0,AXIOO Mybook Pro F3 (4H9) i3-6157u/4GB/14,Global Tech Solutions,Katalog Elektronik,18863884.89,22454975.08,1,0.15,0.0,18863884.89,-0.1599,13844365.03,5019519.86
PO-SYN-000972,2022,Rumah Sakit Mutiara Sukma,Komputer/Laptop,0,"Laptop Intel Ultra 7, 14 inch, 16GB RAM, 512GB SSD, Win 11 Pro",Global Tech Solutions,mbizmarket.co.id,16340727.7,18514101.1,3,0.17,24515902.18,49022183.1,-0.1174,13048560.02,3292167.68
PO-SYN-000973,2022,Direktorat Sistem Pengadaan Digital,Hardware / Laptop,0,PC Unit ExpertCenter EG3408WVAK-BPC515X and Laptop OmniBook 5 Flip 14-FP0558TU,Sinar Niaga Teknologi,Direct/Official Channel,3141000.0,31742057.92,3,0.0,0.0,9423000.0,-0.901,3921529.22,-780529.22
PO-SYN-000974,2021,Direktorat Operasi,Belanja Modal Alat Kantor,0,AXIOO Mybook Pro F3 (4H9) i3-6157u/4GB/14,CV. JUMPA KARYA ABADI,Katalog Elektronik,3141000.0,7987079.18,4,0.0,0.0,12564000.0,-0.6067,2248665.74,892334.26
PO-SYN-000975,2024,Kantor Inspektorat Kabupaten Lombok Barat,Laptop,1,"Laptop Intel Ultra 7, 14 inch, 16GB RAM, 512GB SSD, Win 11 Pro",Global Komputer,mbizmarket.co.id,31012407.41,8762602.95,10,0.0,0.0,310124074.1,2.5392,26986058.36,4026349.05
PO-SYN-000976,2021,Rumah Sakit Mutiara Sukma,Laptop,0,AXIOO Mybook Pro F3 (4H9) i3-6157u/4GB/14,CV. MALILI TEKNO,E-Katalog,22565575.49,10024238.86,4,0.0,0.0,90262301.96,1.2511,15428039.82,7137535.67
PO-SYN-000977,2025,Dinas Kependudukan dan Pencatatan Sipil,Leptop,0,HP240R G9 CORE 7 150U 16GB 512SSD WIN11HOME FHD FP,Internal Procurement/Standard Vendor,E-Katalog,3141000.0,9218867.81,1,0.0,407661405.49,3141000.0,-0.6593,2617490.43,523509.57
PO-SYN-000978,2022,Kantor Inspektorat Kabupaten Lombok Barat,Pengadaan Laptop,0,PC Unit ExpertCenter EG3408WVAK-BPC515X and Laptop OmniBook 5 Flip 14-FP0558TU,Sinar Niaga Teknologi,Direct/Official Channel,12349782.89,3141000.0,1,0.0,0.0,12349782.89,2.9318,12126634.68,223148.21
PO-SYN-000979,2024,Direktorat Sistem Pengadaan Digital,Belanja Modal Alat Kantor,0,PC Unit ExpertCenter EG3408WVAK-BPC515X and Laptop OmniBook 5 Flip 14-FP0558TU,Global Tech Solutions,Katalog Elektronik,6717058.37,11431901.48,1,0.05,179036458.69,6717058.37,-0.4124,6681910.32,35148.05
PO-SYN-000980,2023,Rumah Sakit Mutiara Sukma,Komputer/Laptop,0,HP240R G9 CORE 7 150U 16GB 512SSD WIN11HOME FHD FP,Global Tech Solutions,mbizmarket.co.id,40735574.76,3141000.0,1,0.07,0.0,40735574.76,11.969,33250000.67,7485574.09
PO-SYN-000981,2025,Dinas Kependudukan dan Pencatatan Sipil,Electronics/Computers,0,"Asus X441MA-GA031T/Celeron N4020/4GB/1TB/14""/Win 10 Home",Global Tech Solutions,Direct Procurement,3141000.0,41364686.51,5,0.0,0.0,15705000.0,-0.9241,3337410.71,-196410.71
PO-SYN-000982,2022,Kantor Kecamatan Malili,Leptop,0,"Asus X441MA-GA031T/Celeron N4020/4GB/1TB/14""/Win 10 Home",CV. MALILI TEKNO,Direct Procurement,5233717.11,3900014.44,1,0.0,26775963.43,5233717.11,0.342,6113271.02,-879553.91
PO-SYN-000983,2025,Kantor Kecamatan Malili,Belanja Modal Alat Kantor,0,PC Unit ExpertCenter EG3408WVAK-BPC515X and Laptop OmniBook 5 Flip 14-FP0558TU,Sinar Niaga Teknologi,E-Katalog,3141000.0,3141000.0,4,0.13,0.0,12564000.0,0.0,2989564.55,151435.45
PO-SYN-000984,2024,Kantor Kecamatan Malili,Komputer/Laptop,1,AXIOO Mybook Pro F3 (4H9) i3-6157u/4GB/14,CV. MALILI TEKNO,Direct/Official Channel,18931457.57,36306045.58,2,0.0,46388786.6,37862915.14,-0.4786,21869752.25,-2938294.68
PO-SYN-000985,2023,Kantor Inspektorat Kabupaten Lombok Barat,Leptop,0,"Laptop Intel Ultra 7, 14 inch, 16GB RAM, 512GB SSD, Win 11 Pro",Global Komputer,mbizmarket.co.id,3141000.0,11407952.65,2,0.0,518458752.92,6282000.0,-0.7247,2685951.91,455048.09
PO-SYN-000986,2023,Direktorat Operasi,Leptop,0,"Asus X441MA-GA031T/Celeron N4020/4GB/1TB/14""/Win 10 Home",CV. MALILI TEKNO,mbizmarket.co.id,27207382.64,16476911.57,6,0.07,24910623.59,163244295.84,0.6512,20471604.73,6735777.91
PO-SYN-000987,2023,Rumah Sakit Mutiara Sukma,Laptop,1,"Asus X441MA-GA031T/Celeron N4020/4GB/1TB/14""/Win 10 Home",Sinar Niaga Teknologi,Katalog Elektronik,32370896.45,3141000.0,4,0.0,409959951.5,129483585.8,9.3059,26658810.87,5712085.58
PO-SYN-000988,2022,Direktorat Sistem Pengadaan Digital,Leptop,1,AXIOO Mybook Pro F3 (4H9) i3-6157u/4GB/14,CV. MALILI TEKNO,Direct/Official Channel,29653574.8,19315229.13,1,0.0,259820946.17,29653574.8,0.5352,34816436.19,-5162861.39
PO-SYN-000989,2024,Kantor Kecamatan Malili,Hardware / Laptop,1,AXIOO Mybook Pro F3 (4H9) i3-6157u/4GB/14,Internal Procurement/Standard Vendor,mbizmarket.co.id,39143375.62,24721069.75,1,0.0,112380372.76,39143375.62,0.5834,33422672.02,5720703.6
PO-SYN-000990,2023,Direktorat Operasi,Hardware / Laptop,1,AXIOO Mybook Pro F3 (4H9) i3-6157u/4GB/14,Internal Procurement/Standard Vendor,mbizmarket.co.id,47848098.98,25368388.96,6,0.0,407961573.34,287088593.88,0.8861,41890713.76,5957385.22
PO-SYN-000991,2025,Dinas Kependudukan dan Pencatatan Sipil,Hardware / Laptop,0,PC Unit ExpertCenter EG3408WVAK-BPC515X and Laptop OmniBook 5 Flip 14-FP0558TU,Global Komputer,E-Katalog,3141000.0,30915048.63,2,0.0,213345655.87,6282000.0,-0.8984,2568856.2,572143.8
PO-SYN-000992,2024,Direktorat Sistem Pengadaan Digital,Belanja Modal Alat Kantor,0,AXIOO Mybook Pro F3 (4H9) i3-6157u/4GB/14,Global Tech Solutions,E-Katalog,7642170.67,37553014.16,1,0.0,121100379.58,7642170.67,-0.7965,7333490.04,308680.63
PO-SYN-000993,2024,Dinas Kependudukan dan Pencatatan Sipil,Laptop,0,"Asus X441MA-GA031T/Celeron N4020/4GB/1TB/14""/Win 10 Home",Global Tech Solutions,mbizmarket.co.id,5601497.31,31557664.53,4,0.12,53853335.78,22405989.24,-0.8225,4844504.56,756992.75
PO-SYN-000994,2023,Kantor Inspektorat Kabupaten Lombok Barat,Hardware / Laptop,0,"Laptop Intel Ultra 7, 14 inch, 16GB RAM, 512GB SSD, Win 11 Pro",Sinar Niaga Teknologi,Direct Procurement,10390413.74,52492542.7,1,0.25,94767037.81,10390413.74,-0.8021,10119503.31,270910.43
PO-SYN-000995,2022,Kantor Kecamatan Malili,Laptop,1,PC Unit ExpertCenter EG3408WVAK-BPC515X and Laptop OmniBook 5 Flip 14-FP0558TU,Global Tech Solutions,mbizmarket.co.id,42450422.66,20054086.61,5,0.16,173233522.41,212252113.3,1.1168,39775144.5,2675278.16
PO-SYN-000996,2024,Kantor Inspektorat Kabupaten Lombok Barat,Laptop,0,"Laptop Intel Ultra 7, 14 inch, 16GB RAM, 512GB SSD, Win 11 Pro",Sinar Niaga Teknologi,Direct Procurement,35514848.46,17948426.19,5,0.0,201461216.6,177574242.3,0.9787,35957461.87,-442613.41
PO-SYN-000997,2022,Kantor Inspektorat Kabupaten Lombok Barat,Belanja Modal Alat Kantor,0,"Laptop Intel Ultra 7, 14 inch, 16GB RAM, 512GB SSD, Win 11 Pro",CV. JUMPA KARYA ABADI,Katalog Elektronik,47492235.54,28419562.09,3,0.08,0.0,142476706.62,0.6711,46759832.61,732402.93
PO-SYN-000998,2021,Rumah Sakit Mutiara Sukma,Electronics/Computers,1,"Asus X441MA-GA031T/Celeron N4020/4GB/1TB/14""/Win 10 Home",Global Tech Solutions,E-Katalog,53467895.5,24546738.34,8,0.0,0.0,427743164.0,1.1782,40249565.72,13218329.78
PO-SYN-000999,2023,Dinas Kependudukan dan Pencatatan Sipil,Laptop,0,HP240R G9 CORE 7 150U 16GB 512SSD WIN11HOME FHD FP,Internal Procurement/Standard Vendor,E-Katalog,25956000.49,11306633.44,4,0.06,0.0,103824001.96,1.2956,20907256.75,5048743.74
PO-SYN-001000,2023,Direktorat Operasi,Leptop,0,"Laptop Intel Ultra 7, 14 inch, 16GB RAM, 512GB SSD, Win 11 Pro",Sinar Niaga Teknologi,Katalog Elektronik,33531831.63,20820796.51,6,0.0,206890172.18,201190989.78,0.6105,25286368.92,8245462.71
